cod_ibge6,ano,leitos_uti,leitos_complementares
110002,2014,17.0,51.0
110004,2014,27.0,27.0
110005,2014,0.0,2.0
110009,2014,0.0,1.0
110012,2014,10.0,12.0
110013,2014,0.0,1.0
110015,2014,0.0,2.0
110020,2014,205.0,285.0
110028,2014,0.0,9.0
110030,2014,10.0,19.0
110045,2014,0.0,1.0
110149,2014,0.0,1.0
120020,2014,11.0,28.0
120040,2014,63.0,121.0
130006,2014,0.0,1.0
130014,2014,0.0,2.0
130020,2014,0.0,1.0
130030,2014,0.0,2.0
130060,2014,0.0,4.0
130080,2014,0.0,2.0
130083,2014,0.0,1.0
130120,2014,0.0,3.0
130160,2014,0.0,10.0
130165,2014,0.0,1.0
130170,2014,0.0,2.0
130200,2014,0.0,2.0
130250,2014,0.0,2.0
130260,2014,478.0,728.0
130280,2014,0.0,1.0
130340,2014,0.0,17.0
130353,2014,0.0,2.0
130356,2014,0.0,2.0
130370,2014,0.0,1.0
130380,2014,0.0,1.0
130400,2014,0.0,1.0
130406,2014,0.0,3.0
130420,2014,0.0,9.0
130426,2014,0.0,1.0
140005,2014,0.0,1.0
140010,2014,37.0,87.0
140028,2014,0.0,1.0
140030,2014,0.0,2.0
140040,2014,0.0,1.0
140047,2014,0.0,2.0
140060,2014,0.0,1.0
150010,2014,0.0,16.0
150013,2014,0.0,4.0
150040,2014,0.0,4.0
150060,2014,20.0,38.0
150070,2014,0.0,1.0
150080,2014,70.0,103.0
150120,2014,0.0,1.0
150125,2014,0.0,1.0
150140,2014,667.0,902.0
150145,2014,0.0,1.0
150170,2014,30.0,50.0
150172,2014,0.0,1.0
150175,2014,0.0,1.0
150178,2014,0.0,1.0
150180,2014,17.0,20.0
150210,2014,0.0,5.0
150215,2014,0.0,1.0
150220,2014,10.0,17.0
150230,2014,0.0,2.0
150240,2014,10.0,41.0
150270,2014,0.0,5.0
150280,2014,0.0,1.0
150290,2014,0.0,1.0
150293,2014,0.0,2.0
150310,2014,0.0,1.0
150320,2014,0.0,2.0
150330,2014,0.0,2.0
150360,2014,0.0,7.0
150380,2014,0.0,2.0
150400,2014,0.0,1.0
150420,2014,38.0,61.0
150430,2014,0.0,3.0
150440,2014,0.0,1.0
150442,2014,7.0,20.0
150450,2014,0.0,1.0
150460,2014,0.0,1.0
150470,2014,0.0,2.0
150480,2014,0.0,1.0
150503,2014,0.0,1.0
150506,2014,0.0,2.0
150510,2014,0.0,1.0
150520,2014,0.0,1.0
150548,2014,0.0,4.0
150549,2014,0.0,1.0
150550,2014,20.0,25.0
150553,2014,0.0,11.0
150565,2014,0.0,2.0
150580,2014,0.0,1.0
150590,2014,0.0,1.0
150613,2014,29.0,51.0
150616,2014,0.0,2.0
150618,2014,0.0,2.0
150619,2014,0.0,2.0
150620,2014,0.0,4.0
150630,2014,0.0,1.0
150680,2014,28.0,56.0
150720,2014,0.0,1.0
150730,2014,0.0,2.0
150747,2014,0.0,1.0
150750,2014,0.0,1.0
150760,2014,0.0,2.0
150780,2014,0.0,1.0
150790,2014,0.0,1.0
150795,2014,0.0,13.0
150800,2014,0.0,1.0
150803,2014,0.0,1.0
150810,2014,24.0,64.0
150812,2014,0.0,3.0
150830,2014,0.0,2.0
160020,2014,0.0,5.0
160030,2014,50.0,74.0
160060,2014,0.0,2.0
170200,2014,0.0,1.0
170210,2014,56.0,123.0
170230,2014,0.0,1.0
170240,2014,0.0,6.0
170255,2014,0.0,22.0
170930,2014,0.0,7.0
170950,2014,24.0,40.0
171050,2014,0.0,1.0
171320,2014,0.0,2.0
171610,2014,0.0,2.0
171620,2014,0.0,1.0
171650,2014,0.0,1.0
172090,2014,0.0,1.0
172100,2014,110.0,140.0
210005,2014,0.0,3.0
210043,2014,0.0,2.0
210047,2014,0.0,3.0
210083,2014,0.0,1.0
210100,2014,0.0,2.0
210120,2014,0.0,13.0
210160,2014,0.0,17.0
210170,2014,0.0,8.0
210177,2014,0.0,1.0
210197,2014,0.0,1.0
210232,2014,0.0,2.0
210280,2014,0.0,1.0
210290,2014,0.0,1.0
210300,2014,27.0,45.0
210320,2014,0.0,4.0
210330,2014,0.0,7.0
210340,2014,0.0,5.0
210350,2014,5.0,5.0
210360,2014,30.0,32.0
210375,2014,0.0,1.0
210405,2014,0.0,3.0
210410,2014,0.0,1.0
210480,2014,0.0,3.0
210530,2014,147.0,174.0
210540,2014,0.0,4.0
210550,2014,0.0,2.0
210565,2014,0.0,1.0
210610,2014,0.0,2.0
210630,2014,0.0,1.0
210663,2014,0.0,6.0
210690,2014,0.0,8.0
210700,2014,0.0,2.0
210710,2014,0.0,1.0
210730,2014,0.0,1.0
210735,2014,0.0,4.0
210760,2014,0.0,1.0
210805,2014,0.0,1.0
210845,2014,0.0,2.0
210850,2014,0.0,1.0
210860,2014,0.0,13.0
210900,2014,0.0,2.0
210910,2014,12.0,13.0
210980,2014,0.0,3.0
210990,2014,0.0,32.0
211000,2014,0.0,4.0
211003,2014,0.0,2.0
211023,2014,0.0,1.0
211050,2014,0.0,1.0
211060,2014,0.0,2.0
211105,2014,0.0,1.0
211120,2014,10.0,15.0
211130,2014,364.0,506.0
211190,2014,0.0,1.0
211210,2014,0.0,3.0
211220,2014,0.0,6.0
211230,2014,0.0,1.0
211250,2014,0.0,1.0
220030,2014,0.0,1.0
220040,2014,0.0,1.0
220120,2014,0.0,11.0
220190,2014,0.0,8.0
220390,2014,10.0,10.0
220620,2014,0.0,2.0
220770,2014,53.0,65.0
220780,2014,0.0,3.0
220790,2014,0.0,1.0
220800,2014,68.0,98.0
220840,2014,0.0,1.0
221000,2014,0.0,1.0
221050,2014,0.0,1.0
221060,2014,0.0,7.0
221100,2014,210.0,308.0
221110,2014,0.0,1.0
230110,2014,0.0,7.0
230160,2014,0.0,2.0
230190,2014,43.0,57.0
230210,2014,0.0,3.0
230250,2014,8.0,12.0
230330,2014,0.0,2.0
230370,2014,0.0,7.0
230410,2014,2.0,12.0
230420,2014,15.0,22.0
230440,2014,755.0,1225.0
230500,2014,0.0,2.0
230530,2014,0.0,1.0
230540,2014,0.0,2.0
230550,2014,0.0,1.0
230580,2014,0.0,1.0
230600,2014,0.0,2.0
230680,2014,0.0,1.0
230730,2014,55.0,85.0
230750,2014,0.0,2.0
230765,2014,0.0,21.0
230770,2014,0.0,5.0
230780,2014,0.0,1.0
230945,2014,0.0,5.0
230960,2014,0.0,13.0
231020,2014,0.0,1.0
231030,2014,0.0,1.0
231060,2014,0.0,1.0
231126,2014,0.0,2.0
231130,2014,10.0,28.0
231135,2014,0.0,1.0
231140,2014,40.0,61.0
231180,2014,0.0,7.0
231190,2014,0.0,1.0
231220,2014,0.0,3.0
231230,2014,0.0,4.0
231290,2014,124.0,191.0
231340,2014,0.0,19.0
231380,2014,0.0,2.0
240020,2014,0.0,2.0
240030,2014,0.0,1.0
240050,2014,0.0,5.0
240170,2014,0.0,2.0
240200,2014,5.0,7.0
240260,2014,0.0,2.0
240310,2014,4.0,4.0
240325,2014,20.0,25.0
240520,2014,0.0,1.0
240610,2014,0.0,1.0
240650,2014,0.0,2.0
240800,2014,95.0,126.0
240810,2014,410.0,488.0
240940,2014,6.0,7.0
241140,2014,0.0,1.0
241280,2014,0.0,1.0
241335,2014,0.0,1.0
250040,2014,0.0,1.0
250240,2014,0.0,1.0
250370,2014,7.0,17.0
250400,2014,159.0,277.0
250440,2014,0.0,1.0
250480,2014,0.0,1.0
250560,2014,0.0,1.0
250570,2014,0.0,1.0
250600,2014,0.0,3.0
250630,2014,6.0,9.0
250750,2014,257.0,395.0
250840,2014,0.0,2.0
250920,2014,2.0,3.0
250970,2014,0.0,1.0
251080,2014,22.0,35.0
251120,2014,0.0,5.0
251130,2014,10.0,10.0
251210,2014,6.0,6.0
251230,2014,0.0,1.0
251270,2014,4.0,4.0
251370,2014,10.0,11.0
251430,2014,0.0,1.0
251620,2014,16.0,19.0
251650,2014,0.0,2.0
260010,2014,4.0,4.0
260120,2014,13.0,22.0
260160,2014,0.0,4.0
260190,2014,10.0,10.0
260200,2014,0.0,1.0
260210,2014,0.0,2.0
260260,2014,0.0,1.0
260290,2014,30.0,34.0
260345,2014,0.0,10.0
260400,2014,0.0,3.0
260410,2014,98.0,144.0
260510,2014,0.0,3.0
260550,2014,0.0,4.0
260570,2014,0.0,4.0
260600,2014,26.0,29.0
260630,2014,0.0,1.0
260790,2014,89.0,89.0
260890,2014,20.0,30.0
260950,2014,0.0,1.0
260960,2014,82.0,232.0
260990,2014,10.0,10.0
261000,2014,30.0,37.0
261060,2014,0.0,2.0
261070,2014,75.0,81.0
261080,2014,0.0,1.0
261100,2014,0.0,2.0
261110,2014,85.0,147.0
261160,2014,1070.0,1508.0
261170,2014,0.0,1.0
261190,2014,0.0,1.0
261220,2014,11.0,22.0
261245,2014,0.0,1.0
261247,2014,0.0,1.0
261370,2014,10.0,21.0
261390,2014,17.0,22.0
261640,2014,10.0,20.0
270030,2014,79.0,99.0
270130,2014,0.0,1.0
270230,2014,28.0,29.0
270240,2014,0.0,2.0
270400,2014,0.0,1.0
270430,2014,338.0,493.0
270440,2014,0.0,2.0
270630,2014,18.0,21.0
270650,2014,0.0,1.0
270670,2014,0.0,11.0
270770,2014,0.0,8.0
270800,2014,10.0,32.0
270850,2014,0.0,2.0
270860,2014,14.0,33.0
280020,2014,0.0,1.0
280030,2014,353.0,492.0
280067,2014,0.0,1.0
280130,2014,0.0,2.0
280210,2014,0.0,4.0
280290,2014,0.0,31.0
280340,2014,0.0,1.0
280350,2014,10.0,15.0
280450,2014,0.0,2.0
280540,2014,0.0,1.0
280570,2014,0.0,3.0
280590,2014,0.0,1.0
290070,2014,23.0,47.0
290160,2014,0.0,2.0
290270,2014,0.0,3.0
290290,2014,0.0,1.0
290300,2014,0.0,4.0
290320,2014,25.0,77.0
290327,2014,0.0,1.0
290340,2014,0.0,1.0
290390,2014,0.0,1.0
290420,2014,0.0,1.0
290490,2014,0.0,1.0
290510,2014,0.0,2.0
290550,2014,0.0,1.0
290570,2014,8.0,59.0
290590,2014,0.0,1.0
290600,2014,0.0,10.0
290650,2014,20.0,21.0
290690,2014,2.0,2.0
290750,2014,0.0,1.0
290810,2014,0.0,1.0
290840,2014,0.0,1.0
290850,2014,0.0,16.0
290870,2014,0.0,1.0
290910,2014,0.0,1.0
290930,2014,0.0,1.0
290970,2014,0.0,1.0
290980,2014,10.0,11.0
291040,2014,0.0,1.0
291070,2014,0.0,2.0
291072,2014,19.0,20.0
291080,2014,111.0,184.0
291110,2014,0.0,2.0
291170,2014,20.0,24.0
291190,2014,0.0,11.0
291200,2014,0.0,1.0
291210,2014,0.0,3.0
291320,2014,0.0,2.0
291340,2014,0.0,1.0
291360,2014,35.0,50.0
291390,2014,0.0,4.0
291400,2014,0.0,4.0
291440,2014,0.0,2.0
291460,2014,26.0,31.0
291465,2014,0.0,1.0
291470,2014,0.0,3.0
291480,2014,63.0,102.0
291490,2014,0.0,1.0
291530,2014,0.0,1.0
291560,2014,0.0,2.0
291570,2014,0.0,1.0
291600,2014,0.0,2.0
291640,2014,9.0,10.0
291720,2014,0.0,4.0
291735,2014,0.0,1.0
291750,2014,0.0,8.0
291760,2014,0.0,3.0
291800,2014,26.0,34.0
291840,2014,40.0,40.0
291845,2014,0.0,1.0
291880,2014,0.0,1.0
291920,2014,43.0,46.0
291980,2014,0.0,2.0
291992,2014,0.0,1.0
292010,2014,0.0,1.0
292020,2014,0.0,1.0
292100,2014,0.0,2.0
292110,2014,0.0,1.0
292120,2014,0.0,1.0
292130,2014,0.0,2.0
292170,2014,0.0,2.0
292210,2014,0.0,2.0
292250,2014,0.0,1.0
292300,2014,0.0,3.0
292310,2014,0.0,2.0
292360,2014,0.0,1.0
292370,2014,0.0,1.0
292400,2014,0.0,15.0
292450,2014,0.0,1.0
292520,2014,0.0,2.0
292530,2014,5.0,27.0
292630,2014,0.0,6.0
292640,2014,0.0,1.0
292660,2014,7.0,13.0
292690,2014,0.0,1.0
292740,2014,1066.0,1402.0
292790,2014,0.0,5.0
292800,2014,0.0,1.0
292810,2014,0.0,3.0
292820,2014,0.0,1.0
292860,2014,0.0,4.0
292870,2014,50.0,57.0
292880,2014,0.0,2.0
292890,2014,0.0,1.0
292900,2014,9.0,10.0
292930,2014,0.0,2.0
292960,2014,0.0,1.0
293010,2014,0.0,5.0
293015,2014,0.0,1.0
293070,2014,0.0,4.0
293075,2014,0.0,1.0
293135,2014,32.0,47.0
293150,2014,0.0,1.0
293230,2014,0.0,2.0
293260,2014,0.0,2.0
293320,2014,0.0,2.0
293325,2014,0.0,1.0
293330,2014,73.0,125.0
293345,2014,0.0,2.0
293360,2014,0.0,2.0
310030,2014,0.0,3.0
310150,2014,5.0,8.0
310160,2014,36.0,53.0
310170,2014,0.0,3.0
310210,2014,0.0,2.0
310340,2014,0.0,11.0
310350,2014,31.0,35.0
310400,2014,19.0,19.0
310420,2014,0.0,1.0
310490,2014,10.0,10.0
310540,2014,0.0,2.0
310560,2014,40.0,47.0
310590,2014,0.0,1.0
310620,2014,1406.0,1633.0
310630,2014,0.0,1.0
310640,2014,0.0,1.0
310670,2014,59.0,152.0
310750,2014,0.0,1.0
310840,2014,0.0,1.0
310860,2014,10.0,19.0
310900,2014,0.0,5.0
310930,2014,0.0,1.0
310990,2014,0.0,1.0
311000,2014,0.0,10.0
311070,2014,0.0,2.0
311120,2014,11.0,11.0
311150,2014,0.0,1.0
311230,2014,0.0,4.0
311270,2014,0.0,1.0
311320,2014,0.0,2.0
311330,2014,30.0,30.0
311340,2014,16.0,23.0
311530,2014,10.0,18.0
311550,2014,0.0,2.0
311630,2014,0.0,2.0
311787,2014,11.0,12.0
311830,2014,10.0,10.0
311860,2014,61.0,89.0
311940,2014,18.0,18.0
312090,2014,20.0,20.0
312120,2014,0.0,1.0
312160,2014,30.0,39.0
312200,2014,0.0,6.0
312230,2014,38.0,42.0
312320,2014,0.0,2.0
312390,2014,0.0,1.0
312410,2014,0.0,1.0
312510,2014,10.0,12.0
312560,2014,0.0,1.0
312610,2014,36.0,36.0
312770,2014,58.0,154.0
312800,2014,0.0,2.0
312860,2014,0.0,1.0
312870,2014,8.0,8.0
312940,2014,0.0,1.0
312980,2014,0.0,9.0
313130,2014,50.0,53.0
313170,2014,16.0,25.0
313190,2014,0.0,1.0
313210,2014,0.0,1.0
313240,2014,38.0,38.0
313250,2014,0.0,3.0
313270,2014,0.0,2.0
313330,2014,0.0,2.0
313380,2014,10.0,10.0
313420,2014,15.0,16.0
313440,2014,0.0,2.0
313510,2014,20.0,23.0
313540,2014,0.0,1.0
313580,2014,0.0,2.0
313620,2014,10.0,12.0
313630,2014,0.0,2.0
313650,2014,0.0,2.0
313670,2014,254.0,259.0
313710,2014,0.0,1.0
313720,2014,10.0,10.0
313760,2014,0.0,1.0
313770,2014,0.0,1.0
313790,2014,0.0,1.0
313800,2014,0.0,1.0
313820,2014,40.0,42.0
313840,2014,8.0,10.0
313940,2014,11.0,11.0
313950,2014,15.0,16.0
313960,2014,0.0,1.0
314000,2014,0.0,4.0
314110,2014,0.0,5.0
314180,2014,0.0,1.0
314220,2014,0.0,2.0
314270,2014,0.0,1.0
314310,2014,0.0,4.0
314330,2014,93.0,94.0
314390,2014,69.0,76.0
314400,2014,0.0,1.0
314470,2014,0.0,2.0
314480,2014,124.0,130.0
314500,2014,0.0,1.0
314560,2014,10.0,12.0
314590,2014,4.0,4.0
314610,2014,10.0,16.0
314700,2014,8.0,20.0
314710,2014,6.0,6.0
314790,2014,61.0,61.0
314800,2014,102.0,108.0
314810,2014,38.0,39.0
314870,2014,0.0,1.0
315030,2014,0.0,2.0
315080,2014,0.0,2.0
315110,2014,0.0,2.0
315120,2014,20.0,20.0
315150,2014,10.0,10.0
315180,2014,69.0,86.0
315200,2014,0.0,1.0
315210,2014,36.0,36.0
315250,2014,52.0,53.0
315280,2014,0.0,1.0
315420,2014,0.0,2.0
315520,2014,0.0,2.0
315550,2014,0.0,1.0
315680,2014,0.0,1.0
315780,2014,0.0,7.0
315790,2014,0.0,1.0
315960,2014,10.0,16.0
315990,2014,9.0,9.0
316070,2014,6.0,6.0
316100,2014,0.0,1.0
316200,2014,0.0,1.0
316220,2014,0.0,4.0
316250,2014,26.0,36.0
316270,2014,0.0,1.0
316290,2014,0.0,2.0
316370,2014,22.0,22.0
316470,2014,37.0,45.0
316530,2014,0.0,1.0
316720,2014,37.0,39.0
316800,2014,10.0,10.0
316860,2014,31.0,31.0
316870,2014,8.0,8.0
316920,2014,0.0,2.0
316930,2014,18.0,18.0
316935,2014,0.0,1.0
316940,2014,10.0,10.0
316970,2014,0.0,3.0
316990,2014,34.0,40.0
317010,2014,120.0,137.0
317020,2014,203.0,242.0
317040,2014,0.0,4.0
317070,2014,44.0,66.0
317120,2014,0.0,1.0
317130,2014,24.0,28.0
317170,2014,0.0,1.0
317200,2014,17.0,20.0
320020,2014,0.0,2.0
320060,2014,8.0,8.0
320090,2014,0.0,1.0
320120,2014,105.0,108.0
320130,2014,63.0,67.0
320150,2014,75.0,85.0
320170,2014,0.0,1.0
320230,2014,10.0,10.0
320245,2014,0.0,3.0
320260,2014,0.0,2.0
320270,2014,0.0,6.0
320290,2014,0.0,1.0
320320,2014,29.0,53.0
320340,2014,0.0,1.0
320390,2014,0.0,1.0
320435,2014,0.0,2.0
320460,2014,10.0,14.0
320470,2014,0.0,1.0
320480,2014,7.0,8.0
320490,2014,10.0,13.0
320500,2014,181.0,251.0
320506,2014,0.0,1.0
320520,2014,139.0,168.0
320530,2014,255.0,309.0
330010,2014,31.0,59.0
330020,2014,24.0,37.0
330023,2014,0.0,6.0
330025,2014,14.0,15.0
330030,2014,14.0,16.0
330040,2014,57.0,65.0
330045,2014,1.0,8.0
330050,2014,0.0,2.0
330060,2014,5.0,7.0
330070,2014,59.0,86.0
330080,2014,0.0,6.0
330090,2014,4.0,6.0
330100,2014,248.0,348.0
330120,2014,0.0,4.0
330130,2014,0.0,10.0
330170,2014,342.0,403.0
330190,2014,17.0,21.0
330200,2014,20.0,33.0
330210,2014,4.0,9.0
330220,2014,75.0,80.0
330240,2014,87.0,104.0
330250,2014,0.0,4.0
330270,2014,0.0,7.0
330280,2014,0.0,1.0
330285,2014,0.0,10.0
330290,2014,0.0,3.0
330300,2014,9.0,12.0
330320,2014,59.0,83.0
330330,2014,438.0,523.0
330340,2014,44.0,63.0
330350,2014,134.0,159.0
330370,2014,7.0,11.0
330380,2014,0.0,2.0
330390,2014,102.0,113.0
330400,2014,0.0,3.0
330410,2014,0.0,4.0
330411,2014,6.0,7.0
330414,2014,0.0,3.0
330415,2014,6.0,8.0
330420,2014,72.0,100.0
330430,2014,7.0,10.0
330440,2014,0.0,1.0
330452,2014,16.0,16.0
330455,2014,3784.0,4917.0
330460,2014,0.0,3.0
330470,2014,9.0,12.0
330480,2014,7.0,9.0
330490,2014,192.0,230.0
330500,2014,0.0,1.0
330510,2014,52.0,115.0
330515,2014,0.0,1.0
330520,2014,0.0,1.0
330530,2014,0.0,4.0
330550,2014,25.0,30.0
330580,2014,25.0,25.0
330590,2014,0.0,3.0
330600,2014,10.0,10.0
330610,2014,6.0,9.0
330615,2014,0.0,2.0
330620,2014,40.0,63.0
330630,2014,179.0,211.0
350010,2014,5.0,5.0
350160,2014,54.0,57.0
350170,2014,10.0,10.0
350190,2014,8.0,9.0
350210,2014,10.0,10.0
350270,2014,0.0,3.0
350280,2014,61.0,81.0
350320,2014,62.0,63.0
350330,2014,40.0,48.0
350390,2014,20.0,21.0
350400,2014,40.0,49.0
350410,2014,26.0,27.0
350450,2014,10.0,15.0
350520,2014,0.0,9.0
350550,2014,54.0,60.0
350570,2014,59.0,92.0
350590,2014,8.0,8.0
350600,2014,237.0,300.0
350610,2014,6.0,9.0
350650,2014,12.0,13.0
350750,2014,61.0,85.0
350760,2014,42.0,46.0
350790,2014,0.0,1.0
350850,2014,6.0,7.0
350900,2014,25.0,37.0
350920,2014,0.0,1.0
350950,2014,511.0,577.0
350960,2014,0.0,2.0
351020,2014,0.0,4.0
351040,2014,7.0,10.0
351050,2014,16.0,17.0
351060,2014,44.0,91.0
351110,2014,68.0,68.0
351140,2014,0.0,3.0
351150,2014,0.0,6.0
351280,2014,7.0,7.0
351300,2014,35.0,50.0
351340,2014,10.0,10.0
351350,2014,21.0,25.0
351380,2014,75.0,134.0
351440,2014,10.0,10.0
351540,2014,0.0,3.0
351550,2014,18.0,18.0
351570,2014,27.0,61.0
351620,2014,80.0,92.0
351630,2014,29.0,60.0
351640,2014,38.0,84.0
351670,2014,0.0,1.0
351840,2014,46.0,49.0
351860,2014,0.0,4.0
351870,2014,43.0,50.0
351880,2014,235.0,289.0
351907,2014,0.0,3.0
351960,2014,8.0,8.0
352040,2014,0.0,4.0
352044,2014,5.0,9.0
352050,2014,58.0,61.0
352180,2014,0.0,1.0
352210,2014,20.0,20.0
352220,2014,36.0,66.0
352230,2014,11.0,15.0
352240,2014,20.0,31.0
352250,2014,37.0,69.0
352260,2014,11.0,21.0
352270,2014,4.0,4.0
352280,2014,0.0,3.0
352310,2014,20.0,20.0
352320,2014,0.0,4.0
352340,2014,20.0,25.0
352390,2014,55.0,73.0
352400,2014,0.0,2.0
352410,2014,10.0,12.0
352430,2014,12.0,14.0
352440,2014,88.0,95.0
352480,2014,24.0,26.0
352520,2014,0.0,3.0
352530,2014,53.0,54.0
352550,2014,0.0,3.0
352590,2014,142.0,170.0
352610,2014,0.0,1.0
352640,2014,0.0,2.0
352670,2014,8.0,8.0
352680,2014,5.0,5.0
352690,2014,71.0,88.0
352710,2014,28.0,28.0
352720,2014,20.0,20.0
352850,2014,0.0,1.0
352900,2014,100.0,120.0
352930,2014,20.0,28.0
352940,2014,92.0,126.0
353010,2014,0.0,4.0
353030,2014,0.0,2.0
353050,2014,10.0,10.0
353060,2014,117.0,145.0
353070,2014,22.0,32.0
353080,2014,24.0,29.0
353130,2014,13.0,16.0
353350,2014,6.0,6.0
353390,2014,7.0,7.0
353440,2014,141.0,157.0
353460,2014,0.0,1.0
353470,2014,34.0,41.0
353550,2014,10.0,10.0
353620,2014,16.0,34.0
353650,2014,4.0,4.0
353700,2014,0.0,2.0
353730,2014,8.0,11.0
353740,2014,0.0,4.0
353760,2014,0.0,9.0
353800,2014,20.0,37.0
353870,2014,110.0,132.0
353930,2014,10.0,10.0
354100,2014,40.0,52.0
354140,2014,91.0,103.0
354150,2014,4.0,4.0
354160,2014,8.0,8.0
354220,2014,5.0,9.0
354240,2014,0.0,2.0
354330,2014,11.0,12.0
354340,2014,296.0,392.0
354390,2014,51.0,73.0
354400,2014,0.0,2.0
354425,2014,0.0,2.0
354520,2014,16.0,17.0
354580,2014,10.0,11.0
354640,2014,13.0,20.0
354660,2014,6.0,6.0
354680,2014,7.0,7.0
354730,2014,0.0,1.0
354780,2014,286.0,404.0
354850,2014,265.0,282.0
354870,2014,246.0,400.0
354880,2014,81.0,95.0
354890,2014,51.0,65.0
354910,2014,20.0,20.0
354940,2014,8.0,8.0
354970,2014,7.0,7.0
354980,2014,301.0,370.0
354990,2014,206.0,248.0
355010,2014,0.0,2.0
355030,2014,4673.0,6122.0
355060,2014,9.0,9.0
355070,2014,8.0,8.0
355100,2014,23.0,42.0
355170,2014,29.0,38.0
355210,2014,0.0,3.0
355220,2014,173.0,175.0
355240,2014,36.0,72.0
355250,2014,30.0,41.0
355280,2014,40.0,54.0
355300,2014,0.0,1.0
355370,2014,8.0,12.0
355380,2014,0.0,1.0
355400,2014,14.0,16.0
355410,2014,81.0,81.0
355450,2014,0.0,1.0
355500,2014,18.0,18.0
355540,2014,0.0,7.0
355620,2014,46.0,48.0
355700,2014,12.0,12.0
355710,2014,30.0,30.0
410090,2014,0.0,1.0
410100,2014,0.0,1.0
410120,2014,0.0,1.0
410140,2014,28.0,28.0
410150,2014,59.0,59.0
410160,2014,0.0,1.0
410170,2014,0.0,1.0
410180,2014,17.0,21.0
410240,2014,12.0,23.0
410250,2014,0.0,1.0
410305,2014,0.0,1.0
410330,2014,0.0,1.0
410370,2014,16.0,24.0
410400,2014,73.0,75.0
410420,2014,374.0,374.0
410430,2014,33.0,36.0
410445,2014,0.0,2.0
410450,2014,0.0,1.0
410460,2014,0.0,1.0
410470,2014,0.0,1.0
410480,2014,152.0,173.0
410490,2014,9.0,13.0
410550,2014,18.0,19.0
410560,2014,0.0,1.0
410630,2014,0.0,1.0
410640,2014,30.0,30.0
410650,2014,0.0,3.0
410680,2014,0.0,2.0
410690,2014,700.0,877.0
410720,2014,0.0,2.0
410725,2014,0.0,1.0
410760,2014,0.0,1.0
410765,2014,0.0,2.0
410830,2014,55.0,66.0
410840,2014,63.0,69.0
410850,2014,0.0,1.0
410860,2014,0.0,5.0
410940,2014,38.0,48.0
410975,2014,0.0,1.0
411050,2014,0.0,2.0
411070,2014,22.0,22.0
411110,2014,0.0,4.0
411125,2014,0.0,3.0
411150,2014,42.0,47.0
411160,2014,0.0,1.0
411180,2014,16.0,17.0
411210,2014,0.0,1.0
411240,2014,0.0,1.0
411295,2014,0.0,1.0
411320,2014,0.0,2.0
411330,2014,10.0,10.0
411350,2014,0.0,2.0
411370,2014,209.0,281.0
411440,2014,0.0,2.0
411450,2014,0.0,1.0
411460,2014,0.0,5.0
411520,2014,140.0,159.0
411535,2014,0.0,1.0
411540,2014,0.0,3.0
411580,2014,17.0,23.0
411695,2014,0.0,1.0
411710,2014,0.0,1.0
411720,2014,0.0,1.0
411722,2014,0.0,2.0
411725,2014,0.0,2.0
411727,2014,0.0,2.0
411740,2014,0.0,2.0
411750,2014,0.0,4.0
411760,2014,10.0,10.0
411770,2014,0.0,2.0
411790,2014,0.0,1.0
411820,2014,25.0,32.0
411830,2014,0.0,1.0
411840,2014,21.0,26.0
411850,2014,46.0,47.0
411910,2014,0.0,2.0
411915,2014,0.0,1.0
411930,2014,0.0,4.0
411950,2014,0.0,3.0
411980,2014,0.0,1.0
411990,2014,85.0,119.0
412035,2014,0.0,2.0
412060,2014,0.0,10.0
412090,2014,0.0,1.0
412100,2014,0.0,2.0
412140,2014,0.0,1.0
412200,2014,0.0,1.0
412240,2014,10.0,11.0
412260,2014,0.0,1.0
412265,2014,0.0,1.0
412300,2014,0.0,3.0
412330,2014,0.0,1.0
412410,2014,18.0,19.0
412440,2014,0.0,1.0
412480,2014,0.0,2.0
412520,2014,0.0,2.0
412530,2014,0.0,1.0
412535,2014,0.0,2.0
412550,2014,32.0,42.0
412580,2014,0.0,1.0
412625,2014,27.0,27.0
412670,2014,0.0,1.0
412710,2014,10.0,10.0
412720,2014,0.0,1.0
412730,2014,0.0,1.0
412770,2014,46.0,47.0
412780,2014,0.0,1.0
412810,2014,59.0,68.0
412820,2014,27.0,27.0
412860,2014,0.0,1.0
420020,2014,0.0,1.0
420040,2014,0.0,1.0
420070,2014,0.0,1.0
420080,2014,0.0,1.0
420110,2014,0.0,1.0
420127,2014,0.0,1.0
420140,2014,10.0,10.0
420200,2014,47.0,53.0
420230,2014,18.0,18.0
420240,2014,81.0,109.0
420280,2014,0.0,2.0
420290,2014,18.0,18.0
420300,2014,10.0,10.0
420310,2014,0.0,1.0
420320,2014,0.0,2.0
420350,2014,0.0,2.0
420360,2014,0.0,1.0
420380,2014,10.0,12.0
420390,2014,0.0,1.0
420400,2014,0.0,1.0
420410,2014,0.0,2.0
420420,2014,33.0,33.0
420430,2014,22.0,32.0
420460,2014,46.0,46.0
420470,2014,0.0,1.0
420480,2014,18.0,34.0
420490,2014,0.0,1.0
420500,2014,0.0,2.0
420530,2014,0.0,2.0
420540,2014,186.0,274.0
420580,2014,0.0,1.0
420690,2014,0.0,5.0
420730,2014,0.0,1.0
420750,2014,0.0,5.0
420760,2014,0.0,2.0
420765,2014,0.0,1.0
420770,2014,0.0,1.0
420780,2014,0.0,1.0
420790,2014,0.0,1.0
420800,2014,0.0,4.0
420820,2014,50.0,72.0
420840,2014,0.0,2.0
420850,2014,10.0,10.0
420880,2014,0.0,1.0
420890,2014,27.0,51.0
420900,2014,16.0,16.0
420910,2014,128.0,165.0
420930,2014,37.0,39.0
420940,2014,0.0,2.0
420960,2014,0.0,1.0
420985,2014,0.0,1.0
421000,2014,0.0,2.0
421010,2014,20.0,22.0
421030,2014,0.0,1.0
421050,2014,10.0,12.0
421090,2014,0.0,2.0
421100,2014,0.0,1.0
421105,2014,0.0,1.0
421120,2014,0.0,2.0
421140,2014,0.0,1.0
421190,2014,0.0,2.0
421200,2014,0.0,1.0
421210,2014,0.0,1.0
421260,2014,0.0,1.0
421290,2014,0.0,1.0
421320,2014,0.0,2.0
421340,2014,0.0,1.0
421360,2014,8.0,8.0
421450,2014,0.0,2.0
421480,2014,45.0,69.0
421500,2014,0.0,4.0
421530,2014,0.0,1.0
421550,2014,0.0,1.0
421570,2014,0.0,2.0
421580,2014,10.0,10.0
421600,2014,0.0,1.0
421625,2014,0.0,1.0
421650,2014,0.0,3.0
421660,2014,73.0,90.0
421670,2014,0.0,1.0
421690,2014,0.0,2.0
421720,2014,10.0,12.0
421730,2014,0.0,1.0
421750,2014,0.0,2.0
421770,2014,0.0,1.0
421780,2014,0.0,2.0
421790,2014,0.0,1.0
421820,2014,0.0,1.0
421830,2014,0.0,1.0
421860,2014,0.0,2.0
421870,2014,48.0,50.0
421875,2014,0.0,1.0
421890,2014,0.0,1.0
421910,2014,0.0,1.0
421920,2014,0.0,1.0
421930,2014,8.0,17.0
421950,2014,23.0,23.0
421960,2014,0.0,1.0
421970,2014,0.0,2.0
430010,2014,0.0,1.0
430020,2014,0.0,1.0
430040,2014,18.0,18.0
430060,2014,10.0,22.0
430160,2014,46.0,46.0
430190,2014,0.0,1.0
430210,2014,38.0,38.0
430230,2014,0.0,1.0
430245,2014,0.0,1.0
430260,2014,0.0,2.0
430270,2014,0.0,2.0
430290,2014,0.0,1.0
430300,2014,19.0,24.0
430310,2014,10.0,30.0
430330,2014,0.0,1.0
430360,2014,0.0,1.0
430380,2014,0.0,1.0
430400,2014,0.0,1.0
430440,2014,0.0,2.0
430450,2014,20.0,20.0
430460,2014,100.0,128.0
430463,2014,10.0,10.0
430470,2014,7.0,7.0
430510,2014,167.0,182.0
430530,2014,0.0,2.0
430535,2014,0.0,14.0
430540,2014,0.0,1.0
430570,2014,0.0,1.0
430580,2014,0.0,2.0
430590,2014,0.0,1.0
430610,2014,14.0,15.0
430620,2014,0.0,1.0
430640,2014,0.0,1.0
430660,2014,5.0,5.0
430692,2014,0.0,1.0
430700,2014,35.0,35.0
430750,2014,0.0,1.0
430770,2014,17.0,17.0
430780,2014,22.0,22.0
430790,2014,10.0,26.0
430850,2014,0.0,14.0
430860,2014,0.0,2.0
430910,2014,10.0,10.0
430920,2014,10.0,10.0
430960,2014,0.0,4.0
430990,2014,0.0,1.0
431020,2014,50.0,61.0
431050,2014,0.0,2.0
431060,2014,0.0,4.0
431100,2014,0.0,1.0
431110,2014,0.0,1.0
431130,2014,0.0,1.0
431140,2014,31.0,31.0
431170,2014,0.0,1.0
431220,2014,0.0,1.0
431240,2014,24.0,25.0
431275,2014,0.0,1.0
431290,2014,0.0,1.0
431320,2014,0.0,1.0
431340,2014,79.0,106.0
431350,2014,0.0,2.0
431360,2014,0.0,1.0
431400,2014,0.0,1.0
431402,2014,0.0,1.0
431410,2014,121.0,136.0
431430,2014,0.0,1.0
431440,2014,101.0,130.0
431450,2014,0.0,1.0
431460,2014,0.0,4.0
431470,2014,0.0,1.0
431490,2014,880.0,1133.0
431510,2014,0.0,1.0
431515,2014,0.0,1.0
431560,2014,40.0,63.0
431610,2014,0.0,2.0
431620,2014,0.0,1.0
431630,2014,0.0,2.0
431640,2014,8.0,8.0
431660,2014,0.0,5.0
431680,2014,29.0,44.0
431690,2014,106.0,121.0
431700,2014,0.0,1.0
431710,2014,20.0,27.0
431720,2014,29.0,29.0
431730,2014,0.0,2.0
431740,2014,10.0,10.0
431750,2014,27.0,35.0
431800,2014,7.0,7.0
431820,2014,0.0,1.0
431830,2014,10.0,10.0
431840,2014,0.0,1.0
431870,2014,21.0,39.0
431890,2014,0.0,2.0
431915,2014,0.0,1.0
431990,2014,7.0,9.0
432000,2014,20.0,43.0
432010,2014,0.0,1.0
432020,2014,0.0,1.0
432050,2014,0.0,1.0
432067,2014,0.0,2.0
432070,2014,0.0,1.0
432090,2014,0.0,2.0
432100,2014,0.0,1.0
432110,2014,0.0,1.0
432120,2014,10.0,10.0
432130,2014,0.0,1.0
432140,2014,0.0,16.0
432150,2014,5.0,9.0
432160,2014,29.0,48.0
432180,2014,6.0,7.0
432190,2014,10.0,10.0
432195,2014,0.0,1.0
432230,2014,0.0,3.0
432240,2014,38.0,57.0
432250,2014,10.0,10.0
432253,2014,0.0,1.0
432260,2014,10.0,10.0
432270,2014,0.0,1.0
432280,2014,0.0,1.0
432290,2014,0.0,2.0
432300,2014,8.0,8.0
500100,2014,0.0,2.0
500110,2014,10.0,24.0
500124,2014,0.0,1.0
500200,2014,0.0,1.0
500210,2014,0.0,1.0
500270,2014,241.0,306.0
500280,2014,0.0,1.0
500295,2014,0.0,2.0
500320,2014,10.0,10.0
500370,2014,85.0,110.0
500380,2014,0.0,1.0
500450,2014,0.0,1.0
500460,2014,0.0,1.0
500470,2014,0.0,1.0
500525,2014,0.0,1.0
500540,2014,0.0,2.0
500560,2014,0.0,1.0
500570,2014,0.0,3.0
500600,2014,0.0,2.0
500620,2014,0.0,2.0
500625,2014,0.0,1.0
500630,2014,0.0,3.0
500690,2014,0.0,1.0
500730,2014,0.0,2.0
500755,2014,0.0,3.0
500790,2014,0.0,5.0
500830,2014,10.0,11.0
510060,2014,0.0,1.0
510160,2014,0.0,1.0
510170,2014,0.0,10.0
510180,2014,10.0,12.0
510250,2014,35.0,39.0
510263,2014,0.0,1.0
510267,2014,0.0,1.0
510268,2014,0.0,1.0
510300,2014,0.0,1.0
510320,2014,18.0,18.0
510335,2014,0.0,2.0
510340,2014,367.0,413.0
510410,2014,0.0,1.0
510420,2014,0.0,1.0
510460,2014,0.0,1.0
510500,2014,0.0,1.0
510510,2014,3.0,8.0
510515,2014,0.0,4.0
510517,2014,0.0,1.0
510525,2014,0.0,2.0
510558,2014,0.0,1.0
510560,2014,0.0,1.0
510590,2014,0.0,2.0
510622,2014,0.0,4.0
510623,2014,0.0,2.0
510627,2014,0.0,1.0
510642,2014,0.0,2.0
510650,2014,0.0,2.0
510675,2014,0.0,3.0
510680,2014,0.0,2.0
510700,2014,0.0,2.0
510704,2014,22.0,29.0
510710,2014,0.0,1.0
510760,2014,41.0,52.0
510770,2014,0.0,1.0
510780,2014,0.0,1.0
510787,2014,0.0,3.0
510790,2014,20.0,23.0
510792,2014,16.0,16.0
510794,2014,0.0,1.0
510795,2014,24.0,36.0
510800,2014,0.0,1.0
510805,2014,0.0,1.0
510810,2014,0.0,2.0
510840,2014,30.0,31.0
520110,2014,97.0,132.0
520140,2014,85.0,88.0
520150,2014,0.0,1.0
520320,2014,0.0,1.0
520350,2014,0.0,1.0
520390,2014,0.0,2.0
520450,2014,0.0,4.0
520500,2014,0.0,1.0
520510,2014,18.0,23.0
520540,2014,10.0,11.0
520545,2014,0.0,1.0
520551,2014,0.0,1.0
520620,2014,0.0,1.0
520800,2014,0.0,1.0
520850,2014,0.0,1.0
520860,2014,12.0,14.0
520870,2014,837.0,1001.0
520890,2014,10.0,13.0
520910,2014,0.0,32.0
520970,2014,0.0,1.0
520995,2014,0.0,1.0
521000,2014,27.0,36.0
521040,2014,0.0,2.0
521060,2014,0.0,1.0
521090,2014,0.0,7.0
521150,2014,10.0,26.0
521170,2014,0.0,1.0
521180,2014,0.0,3.0
521190,2014,6.0,6.0
521220,2014,0.0,3.0
521250,2014,22.0,24.0
521308,2014,0.0,1.0
521380,2014,0.0,8.0
521400,2014,0.0,1.0
521450,2014,25.0,26.0
521460,2014,0.0,3.0
521560,2014,0.0,2.0
521640,2014,0.0,1.0
521680,2014,0.0,2.0
521720,2014,0.0,2.0
521730,2014,0.0,1.0
521740,2014,0.0,2.0
521760,2014,0.0,4.0
521770,2014,0.0,1.0
521800,2014,0.0,2.0
521860,2014,0.0,1.0
521880,2014,27.0,30.0
521930,2014,20.0,25.0
521975,2014,0.0,1.0
522010,2014,9.0,9.0
522020,2014,0.0,1.0
522040,2014,0.0,3.0
522045,2014,10.0,11.0
522060,2014,0.0,4.0
522160,2014,12.0,14.0
530010,2014,1112.0,1386.0
110002,2015,17.0,51.0
110004,2015,27.0,27.0
110005,2015,0.0,2.0
110009,2015,0.0,1.0
110012,2015,10.0,12.0
110013,2015,0.0,1.0
110015,2015,1.0,3.0
110020,2015,205.0,289.0
110028,2015,0.0,4.0
110030,2015,10.0,19.0
110045,2015,0.0,1.0
110149,2015,0.0,1.0
120020,2015,10.0,28.0
120040,2015,63.0,116.0
130006,2015,0.0,1.0
130014,2015,0.0,2.0
130020,2015,0.0,1.0
130030,2015,0.0,2.0
130060,2015,0.0,4.0
130080,2015,0.0,2.0
130083,2015,0.0,3.0
130120,2015,0.0,3.0
130160,2015,0.0,2.0
130165,2015,0.0,1.0
130170,2015,0.0,2.0
130200,2015,0.0,2.0
130250,2015,0.0,2.0
130260,2015,463.0,718.0
130280,2015,0.0,1.0
130340,2015,0.0,17.0
130350,2015,0.0,1.0
130353,2015,0.0,2.0
130356,2015,0.0,2.0
130370,2015,0.0,1.0
130380,2015,0.0,1.0
130400,2015,0.0,1.0
130406,2015,0.0,8.0
130420,2015,0.0,9.0
130426,2015,0.0,1.0
140005,2015,0.0,1.0
140010,2015,48.0,87.0
140015,2015,0.0,1.0
140028,2015,0.0,1.0
140030,2015,0.0,1.0
140040,2015,0.0,1.0
140047,2015,0.0,1.0
140050,2015,0.0,1.0
140060,2015,0.0,1.0
150010,2015,0.0,16.0
150013,2015,0.0,4.0
150040,2015,0.0,4.0
150060,2015,25.0,46.0
150070,2015,0.0,1.0
150080,2015,80.0,111.0
150085,2015,0.0,1.0
150110,2015,0.0,1.0
150120,2015,0.0,1.0
150125,2015,0.0,1.0
150140,2015,635.0,878.0
150145,2015,0.0,1.0
150150,2015,0.0,3.0
150170,2015,30.0,50.0
150172,2015,0.0,1.0
150175,2015,0.0,1.0
150178,2015,0.0,1.0
150180,2015,17.0,20.0
150210,2015,0.0,4.0
150215,2015,0.0,1.0
150220,2015,10.0,11.0
150230,2015,0.0,2.0
150240,2015,10.0,41.0
150270,2015,0.0,15.0
150280,2015,0.0,1.0
150290,2015,0.0,1.0
150293,2015,0.0,2.0
150310,2015,0.0,1.0
150320,2015,0.0,2.0
150330,2015,0.0,2.0
150340,2015,0.0,1.0
150360,2015,0.0,17.0
150380,2015,0.0,2.0
150400,2015,0.0,1.0
150420,2015,47.0,63.0
150430,2015,0.0,3.0
150440,2015,0.0,1.0
150442,2015,7.0,20.0
150450,2015,0.0,1.0
150460,2015,0.0,1.0
150470,2015,0.0,2.0
150480,2015,0.0,1.0
150503,2015,0.0,1.0
150506,2015,0.0,2.0
150510,2015,0.0,1.0
150520,2015,0.0,1.0
150548,2015,0.0,4.0
150549,2015,0.0,1.0
150550,2015,18.0,25.0
150553,2015,0.0,12.0
150565,2015,0.0,2.0
150580,2015,0.0,1.0
150590,2015,0.0,1.0
150613,2015,29.0,51.0
150616,2015,0.0,1.0
150618,2015,0.0,2.0
150619,2015,0.0,2.0
150620,2015,0.0,4.0
150630,2015,0.0,1.0
150680,2015,28.0,56.0
150720,2015,0.0,1.0
150730,2015,0.0,2.0
150747,2015,0.0,1.0
150750,2015,0.0,1.0
150760,2015,0.0,2.0
150780,2015,0.0,1.0
150790,2015,0.0,1.0
150795,2015,0.0,13.0
150800,2015,0.0,1.0
150803,2015,0.0,1.0
150810,2015,28.0,48.0
150812,2015,0.0,3.0
150830,2015,0.0,2.0
160020,2015,0.0,5.0
160030,2015,50.0,74.0
160060,2015,0.0,2.0
170070,2015,0.0,1.0
170200,2015,0.0,1.0
170210,2015,56.0,101.0
170230,2015,0.0,1.0
170240,2015,0.0,6.0
170255,2015,0.0,22.0
170930,2015,0.0,7.0
170950,2015,24.0,40.0
171050,2015,0.0,1.0
171320,2015,0.0,2.0
171610,2015,0.0,2.0
171620,2015,0.0,1.0
171650,2015,0.0,1.0
172090,2015,0.0,1.0
172100,2015,110.0,140.0
210005,2015,0.0,3.0
210043,2015,0.0,2.0
210047,2015,0.0,3.0
210083,2015,0.0,1.0
210100,2015,0.0,2.0
210120,2015,0.0,12.0
210160,2015,0.0,17.0
210170,2015,0.0,8.0
210177,2015,0.0,1.0
210197,2015,0.0,1.0
210232,2015,0.0,2.0
210280,2015,0.0,1.0
210290,2015,0.0,1.0
210300,2015,37.0,57.0
210320,2015,0.0,4.0
210330,2015,0.0,11.0
210340,2015,0.0,5.0
210350,2015,5.0,5.0
210360,2015,30.0,32.0
210375,2015,0.0,1.0
210405,2015,0.0,3.0
210410,2015,0.0,1.0
210480,2015,0.0,3.0
210530,2015,147.0,182.0
210540,2015,0.0,4.0
210550,2015,0.0,2.0
210565,2015,0.0,1.0
210610,2015,0.0,2.0
210630,2015,0.0,1.0
210663,2015,0.0,6.0
210690,2015,0.0,8.0
210700,2015,0.0,2.0
210710,2015,0.0,1.0
210730,2015,0.0,1.0
210735,2015,0.0,4.0
210760,2015,0.0,1.0
210805,2015,0.0,1.0
210845,2015,0.0,8.0
210850,2015,0.0,1.0
210860,2015,10.0,31.0
210900,2015,0.0,2.0
210910,2015,12.0,13.0
210927,2015,0.0,1.0
210980,2015,0.0,3.0
210990,2015,0.0,32.0
211000,2015,0.0,4.0
211003,2015,0.0,2.0
211023,2015,0.0,1.0
211050,2015,0.0,1.0
211060,2015,0.0,2.0
211105,2015,0.0,1.0
211120,2015,10.0,15.0
211130,2015,381.0,500.0
211190,2015,0.0,1.0
211210,2015,0.0,9.0
211220,2015,0.0,6.0
211230,2015,0.0,1.0
211250,2015,0.0,1.0
220030,2015,0.0,1.0
220040,2015,0.0,1.0
220120,2015,0.0,11.0
220190,2015,0.0,2.0
220390,2015,10.0,10.0
220430,2015,0.0,1.0
220620,2015,0.0,2.0
220770,2015,53.0,65.0
220780,2015,0.0,3.0
220790,2015,0.0,1.0
220800,2015,57.0,87.0
220840,2015,0.0,1.0
221000,2015,0.0,1.0
221050,2015,0.0,1.0
221060,2015,0.0,7.0
221100,2015,203.0,301.0
221110,2015,0.0,1.0
230110,2015,0.0,7.0
230160,2015,0.0,2.0
230190,2015,43.0,58.0
230210,2015,0.0,3.0
230250,2015,8.0,12.0
230330,2015,0.0,2.0
230370,2015,0.0,7.0
230410,2015,2.0,10.0
230420,2015,15.0,21.0
230440,2015,709.0,1155.0
230500,2015,0.0,2.0
230530,2015,0.0,1.0
230540,2015,0.0,2.0
230550,2015,0.0,1.0
230580,2015,0.0,1.0
230600,2015,0.0,2.0
230680,2015,0.0,1.0
230730,2015,70.0,100.0
230750,2015,0.0,2.0
230765,2015,0.0,21.0
230770,2015,0.0,5.0
230780,2015,0.0,1.0
230810,2015,0.0,2.0
230945,2015,0.0,5.0
230960,2015,0.0,13.0
231020,2015,0.0,1.0
231030,2015,0.0,2.0
231060,2015,0.0,1.0
231126,2015,0.0,2.0
231130,2015,10.0,20.0
231135,2015,0.0,1.0
231140,2015,40.0,61.0
231180,2015,0.0,7.0
231190,2015,0.0,1.0
231220,2015,0.0,3.0
231230,2015,0.0,4.0
231290,2015,138.0,190.0
231340,2015,0.0,19.0
231380,2015,0.0,2.0
240020,2015,0.0,2.0
240030,2015,0.0,1.0
240170,2015,0.0,2.0
240200,2015,5.0,10.0
240260,2015,0.0,2.0
240310,2015,4.0,4.0
240325,2015,20.0,26.0
240520,2015,0.0,1.0
240610,2015,0.0,1.0
240650,2015,0.0,2.0
240800,2015,102.0,131.0
240810,2015,433.0,531.0
240940,2015,6.0,7.0
241140,2015,0.0,1.0
241280,2015,0.0,1.0
241335,2015,0.0,1.0
250040,2015,0.0,1.0
250240,2015,0.0,1.0
250370,2015,7.0,17.0
250400,2015,159.0,235.0
250440,2015,0.0,1.0
250480,2015,0.0,1.0
250570,2015,0.0,1.0
250600,2015,0.0,3.0
250630,2015,6.0,9.0
250750,2015,267.0,403.0
250840,2015,0.0,2.0
250890,2015,0.0,2.0
250920,2015,2.0,3.0
250970,2015,0.0,2.0
251080,2015,23.0,36.0
251120,2015,0.0,5.0
251130,2015,10.0,10.0
251210,2015,6.0,6.0
251230,2015,0.0,1.0
251370,2015,10.0,11.0
251430,2015,0.0,1.0
251620,2015,16.0,19.0
251650,2015,0.0,2.0
260120,2015,13.0,14.0
260160,2015,0.0,4.0
260190,2015,21.0,21.0
260200,2015,0.0,1.0
260210,2015,0.0,2.0
260260,2015,0.0,1.0
260290,2015,33.0,37.0
260345,2015,0.0,10.0
260400,2015,0.0,3.0
260410,2015,97.0,143.0
260510,2015,0.0,3.0
260550,2015,0.0,4.0
260570,2015,0.0,4.0
260600,2015,26.0,32.0
260630,2015,0.0,1.0
260790,2015,89.0,89.0
260890,2015,20.0,30.0
260950,2015,0.0,1.0
260960,2015,82.0,232.0
260990,2015,10.0,10.0
261000,2015,30.0,37.0
261060,2015,0.0,2.0
261070,2015,75.0,81.0
261080,2015,0.0,1.0
261100,2015,0.0,2.0
261110,2015,73.0,108.0
261160,2015,1109.0,1392.0
261170,2015,0.0,1.0
261190,2015,0.0,1.0
261220,2015,11.0,22.0
261245,2015,0.0,1.0
261247,2015,0.0,1.0
261370,2015,10.0,21.0
261390,2015,17.0,22.0
261640,2015,10.0,20.0
270030,2015,79.0,101.0
270130,2015,0.0,1.0
270230,2015,56.0,58.0
270240,2015,0.0,2.0
270400,2015,0.0,1.0
270430,2015,310.0,454.0
270440,2015,0.0,2.0
270630,2015,18.0,21.0
270670,2015,0.0,11.0
270770,2015,0.0,8.0
270800,2015,10.0,32.0
270850,2015,0.0,2.0
270860,2015,14.0,33.0
280020,2015,0.0,1.0
280030,2015,353.0,473.0
280130,2015,0.0,2.0
280210,2015,0.0,4.0
280290,2015,0.0,31.0
280340,2015,0.0,1.0
280350,2015,10.0,15.0
280450,2015,0.0,2.0
280540,2015,0.0,1.0
280570,2015,0.0,3.0
280590,2015,0.0,1.0
290070,2015,23.0,47.0
290160,2015,0.0,2.0
290270,2015,0.0,3.0
290290,2015,0.0,1.0
290300,2015,0.0,4.0
290320,2015,25.0,77.0
290327,2015,0.0,1.0
290340,2015,0.0,1.0
290390,2015,0.0,1.0
290420,2015,0.0,1.0
290490,2015,0.0,1.0
290510,2015,0.0,2.0
290520,2015,0.0,1.0
290550,2015,0.0,1.0
290570,2015,8.0,25.0
290590,2015,0.0,1.0
290600,2015,0.0,10.0
290650,2015,20.0,21.0
290690,2015,2.0,2.0
290750,2015,10.0,13.0
290810,2015,0.0,1.0
290840,2015,0.0,2.0
290850,2015,0.0,16.0
290870,2015,0.0,1.0
290910,2015,0.0,1.0
290930,2015,0.0,1.0
290970,2015,0.0,1.0
290980,2015,10.0,11.0
291040,2015,0.0,1.0
291070,2015,0.0,2.0
291072,2015,19.0,20.0
291080,2015,111.0,188.0
291110,2015,0.0,2.0
291170,2015,20.0,24.0
291190,2015,0.0,11.0
291200,2015,0.0,1.0
291210,2015,0.0,3.0
291320,2015,0.0,2.0
291340,2015,0.0,1.0
291360,2015,35.0,50.0
291390,2015,0.0,4.0
291400,2015,0.0,4.0
291440,2015,0.0,2.0
291460,2015,26.0,31.0
291465,2015,0.0,1.0
291470,2015,0.0,2.0
291480,2015,63.0,93.0
291490,2015,0.0,1.0
291530,2015,0.0,1.0
291560,2015,0.0,2.0
291570,2015,0.0,1.0
291600,2015,0.0,2.0
291640,2015,9.0,10.0
291720,2015,0.0,4.0
291735,2015,0.0,1.0
291750,2015,0.0,8.0
291760,2015,0.0,3.0
291800,2015,24.0,34.0
291840,2015,40.0,40.0
291845,2015,0.0,1.0
291880,2015,0.0,1.0
291920,2015,43.0,46.0
291980,2015,0.0,2.0
291992,2015,0.0,1.0
292010,2015,0.0,1.0
292020,2015,0.0,1.0
292100,2015,0.0,2.0
292110,2015,0.0,1.0
292120,2015,0.0,1.0
292130,2015,0.0,2.0
292170,2015,0.0,2.0
292210,2015,0.0,2.0
292300,2015,0.0,3.0
292310,2015,0.0,2.0
292360,2015,0.0,1.0
292370,2015,0.0,1.0
292400,2015,0.0,8.0
292450,2015,0.0,1.0
292520,2015,0.0,2.0
292530,2015,5.0,23.0
292630,2015,0.0,6.0
292640,2015,0.0,1.0
292660,2015,7.0,13.0
292690,2015,0.0,1.0
292740,2015,1016.0,1331.0
292790,2015,0.0,5.0
292800,2015,0.0,1.0
292810,2015,0.0,3.0
292820,2015,0.0,1.0
292860,2015,0.0,4.0
292870,2015,50.0,63.0
292880,2015,0.0,2.0
292890,2015,0.0,1.0
292900,2015,9.0,10.0
292930,2015,0.0,2.0
292960,2015,0.0,2.0
293010,2015,0.0,3.0
293015,2015,0.0,1.0
293070,2015,0.0,4.0
293075,2015,0.0,1.0
293135,2015,42.0,57.0
293150,2015,0.0,1.0
293230,2015,0.0,2.0
293260,2015,0.0,2.0
293320,2015,0.0,2.0
293325,2015,0.0,1.0
293330,2015,73.0,125.0
293345,2015,0.0,2.0
293360,2015,0.0,2.0
310030,2015,0.0,3.0
310150,2015,5.0,8.0
310160,2015,56.0,73.0
310170,2015,0.0,3.0
310210,2015,0.0,2.0
310280,2015,0.0,2.0
310340,2015,0.0,11.0
310350,2015,31.0,32.0
310400,2015,19.0,19.0
310420,2015,0.0,1.0
310490,2015,10.0,10.0
310540,2015,0.0,1.0
310560,2015,40.0,47.0
310590,2015,0.0,1.0
310620,2015,1426.0,1655.0
310630,2015,0.0,1.0
310640,2015,0.0,1.0
310670,2015,59.0,136.0
310750,2015,0.0,1.0
310840,2015,0.0,1.0
310860,2015,10.0,19.0
310900,2015,0.0,5.0
310990,2015,0.0,1.0
311000,2015,0.0,10.0
311070,2015,0.0,2.0
311120,2015,11.0,11.0
311150,2015,0.0,1.0
311230,2015,0.0,4.0
311270,2015,0.0,1.0
311320,2015,0.0,2.0
311330,2015,27.0,27.0
311340,2015,16.0,27.0
311530,2015,10.0,18.0
311550,2015,0.0,2.0
311630,2015,0.0,2.0
311830,2015,10.0,11.0
311860,2015,61.0,89.0
311940,2015,28.0,31.0
312090,2015,20.0,20.0
312120,2015,0.0,1.0
312160,2015,30.0,39.0
312200,2015,0.0,6.0
312230,2015,57.0,61.0
312320,2015,0.0,2.0
312390,2015,0.0,1.0
312410,2015,0.0,1.0
312510,2015,10.0,12.0
312560,2015,0.0,1.0
312610,2015,36.0,36.0
312770,2015,68.0,102.0
312800,2015,0.0,2.0
312860,2015,0.0,1.0
312870,2015,9.0,9.0
312940,2015,0.0,1.0
312980,2015,0.0,9.0
313130,2015,50.0,53.0
313170,2015,16.0,25.0
313190,2015,0.0,1.0
313210,2015,0.0,1.0
313240,2015,36.0,36.0
313250,2015,0.0,3.0
313270,2015,0.0,2.0
313330,2015,0.0,2.0
313380,2015,10.0,10.0
313420,2015,15.0,16.0
313440,2015,0.0,2.0
313510,2015,20.0,26.0
313540,2015,0.0,1.0
313580,2015,0.0,2.0
313620,2015,10.0,12.0
313630,2015,0.0,2.0
313650,2015,0.0,2.0
313670,2015,254.0,259.0
313710,2015,0.0,1.0
313720,2015,10.0,10.0
313760,2015,0.0,1.0
313770,2015,0.0,1.0
313790,2015,0.0,1.0
313800,2015,0.0,1.0
313820,2015,40.0,42.0
313840,2015,8.0,10.0
313940,2015,11.0,11.0
313950,2015,15.0,16.0
313960,2015,0.0,1.0
314000,2015,0.0,4.0
314110,2015,0.0,5.0
314180,2015,0.0,1.0
314220,2015,0.0,2.0
314270,2015,0.0,1.0
314310,2015,0.0,4.0
314330,2015,143.0,150.0
314390,2015,77.0,84.0
314400,2015,0.0,1.0
314470,2015,0.0,2.0
314480,2015,124.0,130.0
314500,2015,0.0,1.0
314560,2015,10.0,12.0
314590,2015,4.0,4.0
314610,2015,10.0,16.0
314700,2015,8.0,20.0
314710,2015,6.0,6.0
314790,2015,62.0,62.0
314800,2015,102.0,108.0
314810,2015,38.0,43.0
314870,2015,0.0,1.0
315030,2015,0.0,2.0
315080,2015,0.0,2.0
315110,2015,0.0,2.0
315120,2015,20.0,35.0
315150,2015,10.0,10.0
315180,2015,67.0,77.0
315200,2015,0.0,1.0
315210,2015,36.0,36.0
315250,2015,62.0,63.0
315280,2015,0.0,1.0
315420,2015,0.0,2.0
315520,2015,0.0,2.0
315550,2015,0.0,1.0
315680,2015,0.0,1.0
315780,2015,0.0,7.0
315790,2015,0.0,1.0
315990,2015,9.0,9.0
316070,2015,6.0,6.0
316100,2015,0.0,1.0
316200,2015,0.0,1.0
316220,2015,0.0,4.0
316250,2015,26.0,36.0
316270,2015,0.0,1.0
316370,2015,22.0,22.0
316470,2015,37.0,45.0
316530,2015,0.0,1.0
316720,2015,37.0,39.0
316800,2015,10.0,10.0
316860,2015,31.0,31.0
316870,2015,8.0,8.0
316920,2015,0.0,2.0
316930,2015,18.0,18.0
316935,2015,0.0,1.0
316940,2015,10.0,10.0
316970,2015,0.0,3.0
316990,2015,34.0,40.0
317010,2015,101.0,118.0
317020,2015,210.0,248.0
317040,2015,0.0,4.0
317070,2015,54.0,76.0
317120,2015,0.0,1.0
317130,2015,24.0,28.0
317170,2015,0.0,1.0
317200,2015,16.0,22.0
320020,2015,0.0,2.0
320060,2015,8.0,8.0
320090,2015,0.0,1.0
320120,2015,111.0,114.0
320130,2015,63.0,67.0
320150,2015,80.0,89.0
320170,2015,0.0,1.0
320230,2015,18.0,18.0
320240,2015,10.0,10.0
320245,2015,0.0,3.0
320260,2015,0.0,2.0
320270,2015,0.0,6.0
320290,2015,0.0,1.0
320320,2015,39.0,62.0
320340,2015,0.0,1.0
320390,2015,0.0,1.0
320435,2015,0.0,2.0
320460,2015,10.0,14.0
320470,2015,0.0,1.0
320480,2015,7.0,8.0
320490,2015,10.0,13.0
320500,2015,177.0,245.0
320506,2015,0.0,1.0
320520,2015,132.0,164.0
320530,2015,305.0,359.0
330010,2015,36.0,62.0
330020,2015,24.0,37.0
330023,2015,0.0,6.0
330025,2015,0.0,1.0
330030,2015,14.0,16.0
330040,2015,69.0,73.0
330045,2015,1.0,8.0
330050,2015,0.0,2.0
330060,2015,5.0,7.0
330070,2015,66.0,94.0
330080,2015,0.0,6.0
330090,2015,4.0,6.0
330100,2015,271.0,371.0
330120,2015,0.0,4.0
330130,2015,0.0,10.0
330170,2015,358.0,415.0
330190,2015,18.0,22.0
330200,2015,20.0,33.0
330210,2015,4.0,9.0
330220,2015,82.0,87.0
330227,2015,0.0,1.0
330240,2015,112.0,128.0
330250,2015,0.0,4.0
330270,2015,0.0,5.0
330280,2015,0.0,1.0
330285,2015,0.0,10.0
330290,2015,0.0,3.0
330300,2015,9.0,11.0
330320,2015,71.0,95.0
330330,2015,434.0,530.0
330340,2015,40.0,66.0
330350,2015,178.0,203.0
330370,2015,7.0,11.0
330380,2015,0.0,2.0
330390,2015,109.0,119.0
330395,2015,0.0,1.0
330400,2015,0.0,4.0
330410,2015,0.0,4.0
330411,2015,6.0,7.0
330414,2015,0.0,3.0
330415,2015,6.0,8.0
330420,2015,66.0,94.0
330430,2015,7.0,10.0
330440,2015,0.0,1.0
330452,2015,16.0,16.0
330455,2015,3449.0,4305.0
330460,2015,0.0,3.0
330470,2015,9.0,12.0
330480,2015,7.0,11.0
330490,2015,192.0,224.0
330500,2015,0.0,1.0
330510,2015,52.0,112.0
330515,2015,0.0,1.0
330520,2015,0.0,1.0
330530,2015,0.0,4.0
330550,2015,25.0,30.0
330580,2015,30.0,30.0
330590,2015,0.0,3.0
330600,2015,10.0,10.0
330610,2015,10.0,13.0
330615,2015,0.0,2.0
330620,2015,40.0,59.0
330630,2015,128.0,157.0
350010,2015,5.0,5.0
350160,2015,60.0,60.0
350170,2015,10.0,10.0
350190,2015,8.0,9.0
350210,2015,10.0,10.0
350250,2015,9.0,9.0
350280,2015,55.0,75.0
350320,2015,64.0,77.0
350330,2015,41.0,48.0
350390,2015,20.0,21.0
350400,2015,40.0,50.0
350410,2015,26.0,27.0
350450,2015,10.0,15.0
350520,2015,0.0,9.0
350550,2015,54.0,60.0
350570,2015,59.0,92.0
350590,2015,8.0,8.0
350600,2015,229.0,301.0
350610,2015,6.0,9.0
350650,2015,12.0,13.0
350750,2015,68.0,96.0
350760,2015,42.0,53.0
350790,2015,0.0,1.0
350850,2015,5.0,6.0
350900,2015,26.0,39.0
350920,2015,0.0,1.0
350950,2015,519.0,586.0
350960,2015,0.0,2.0
351020,2015,0.0,4.0
351040,2015,5.0,5.0
351050,2015,16.0,18.0
351060,2015,45.0,65.0
351110,2015,60.0,60.0
351140,2015,0.0,5.0
351150,2015,0.0,6.0
351280,2015,7.0,7.0
351300,2015,35.0,50.0
351340,2015,10.0,10.0
351350,2015,21.0,25.0
351380,2015,75.0,134.0
351440,2015,10.0,10.0
351550,2015,18.0,18.0
351570,2015,27.0,61.0
351620,2015,86.0,98.0
351630,2015,29.0,60.0
351640,2015,38.0,60.0
351670,2015,0.0,1.0
351840,2015,46.0,48.0
351870,2015,58.0,63.0
351880,2015,235.0,273.0
351907,2015,6.0,10.0
351960,2015,8.0,8.0
352040,2015,0.0,4.0
352044,2015,5.0,9.0
352050,2015,58.0,61.0
352180,2015,0.0,1.0
352210,2015,18.0,18.0
352220,2015,36.0,71.0
352230,2015,13.0,18.0
352240,2015,20.0,31.0
352250,2015,30.0,62.0
352260,2015,11.0,16.0
352270,2015,4.0,4.0
352280,2015,0.0,3.0
352310,2015,20.0,20.0
352320,2015,0.0,4.0
352340,2015,20.0,25.0
352390,2015,55.0,73.0
352400,2015,0.0,2.0
352410,2015,10.0,12.0
352430,2015,12.0,14.0
352440,2015,97.0,114.0
352480,2015,25.0,27.0
352520,2015,0.0,3.0
352530,2015,64.0,65.0
352550,2015,0.0,3.0
352590,2015,140.0,173.0
352610,2015,0.0,1.0
352640,2015,0.0,2.0
352670,2015,10.0,10.0
352680,2015,5.0,5.0
352690,2015,83.0,100.0
352710,2015,28.0,28.0
352720,2015,25.0,25.0
352850,2015,0.0,1.0
352900,2015,98.0,110.0
352930,2015,28.0,36.0
352940,2015,81.0,101.0
353010,2015,0.0,4.0
353030,2015,0.0,2.0
353050,2015,10.0,10.0
353060,2015,122.0,158.0
353070,2015,24.0,34.0
353080,2015,24.0,31.0
353130,2015,13.0,16.0
353350,2015,6.0,6.0
353390,2015,7.0,7.0
353440,2015,141.0,158.0
353460,2015,0.0,1.0
353470,2015,32.0,38.0
353550,2015,10.0,10.0
353620,2015,16.0,27.0
353650,2015,6.0,6.0
353700,2015,0.0,2.0
353730,2015,8.0,11.0
353740,2015,0.0,4.0
353800,2015,30.0,40.0
353870,2015,110.0,132.0
353930,2015,10.0,10.0
354100,2015,40.0,40.0
354140,2015,91.0,103.0
354150,2015,8.0,8.0
354160,2015,8.0,8.0
354220,2015,5.0,9.0
354240,2015,0.0,2.0
354330,2015,11.0,12.0
354340,2015,289.0,384.0
354390,2015,51.0,73.0
354400,2015,0.0,2.0
354425,2015,0.0,2.0
354520,2015,16.0,17.0
354580,2015,10.0,11.0
354640,2015,13.0,20.0
354660,2015,6.0,6.0
354680,2015,7.0,7.0
354730,2015,0.0,1.0
354780,2015,280.0,354.0
354850,2015,271.0,284.0
354870,2015,252.0,408.0
354880,2015,67.0,81.0
354890,2015,51.0,65.0
354910,2015,20.0,20.0
354940,2015,8.0,8.0
354970,2015,7.0,7.0
354980,2015,339.0,413.0
354990,2015,197.0,239.0
355010,2015,0.0,2.0
355030,2015,4861.0,6457.0
355060,2015,11.0,12.0
355070,2015,8.0,8.0
355100,2015,23.0,36.0
355170,2015,29.0,38.0
355210,2015,0.0,3.0
355220,2015,183.0,185.0
355240,2015,48.0,69.0
355250,2015,30.0,41.0
355280,2015,30.0,45.0
355300,2015,0.0,1.0
355370,2015,8.0,12.0
355380,2015,0.0,1.0
355400,2015,14.0,16.0
355410,2015,85.0,85.0
355450,2015,0.0,1.0
355500,2015,18.0,18.0
355540,2015,0.0,7.0
355620,2015,46.0,48.0
355700,2015,12.0,12.0
355710,2015,30.0,30.0
410090,2015,0.0,1.0
410100,2015,0.0,1.0
410120,2015,0.0,1.0
410140,2015,28.0,28.0
410150,2015,79.0,79.0
410160,2015,0.0,1.0
410170,2015,0.0,1.0
410180,2015,18.0,25.0
410240,2015,12.0,23.0
410250,2015,0.0,1.0
410305,2015,0.0,1.0
410330,2015,0.0,1.0
410370,2015,16.0,22.0
410400,2015,87.0,89.0
410420,2015,366.0,366.0
410430,2015,33.0,41.0
410445,2015,0.0,2.0
410450,2015,0.0,1.0
410460,2015,0.0,1.0
410480,2015,152.0,174.0
410490,2015,9.0,9.0
410550,2015,18.0,19.0
410560,2015,0.0,1.0
410630,2015,0.0,1.0
410640,2015,30.0,30.0
410650,2015,0.0,3.0
410680,2015,0.0,2.0
410690,2015,708.0,888.0
410720,2015,0.0,2.0
410725,2015,0.0,1.0
410760,2015,0.0,1.0
410765,2015,0.0,2.0
410830,2015,60.0,71.0
410840,2015,58.0,64.0
410850,2015,0.0,1.0
410860,2015,0.0,5.0
410940,2015,40.0,50.0
410975,2015,0.0,1.0
411050,2015,0.0,2.0
411070,2015,22.0,22.0
411110,2015,0.0,4.0
411125,2015,0.0,3.0
411150,2015,42.0,47.0
411160,2015,0.0,1.0
411180,2015,16.0,17.0
411210,2015,0.0,1.0
411240,2015,0.0,1.0
411295,2015,0.0,1.0
411320,2015,0.0,2.0
411350,2015,0.0,2.0
411370,2015,234.0,312.0
411420,2015,0.0,3.0
411440,2015,0.0,2.0
411450,2015,0.0,1.0
411460,2015,0.0,5.0
411520,2015,160.0,179.0
411535,2015,0.0,1.0
411540,2015,0.0,1.0
411580,2015,17.0,21.0
411695,2015,0.0,1.0
411710,2015,0.0,1.0
411720,2015,0.0,1.0
411722,2015,0.0,2.0
411725,2015,0.0,1.0
411727,2015,0.0,2.0
411740,2015,0.0,2.0
411750,2015,0.0,4.0
411760,2015,10.0,10.0
411770,2015,0.0,2.0
411790,2015,0.0,1.0
411820,2015,25.0,32.0
411830,2015,0.0,1.0
411840,2015,22.0,27.0
411850,2015,46.0,47.0
411910,2015,0.0,2.0
411915,2015,0.0,1.0
411930,2015,0.0,4.0
411980,2015,0.0,1.0
411990,2015,79.0,113.0
412035,2015,0.0,2.0
412060,2015,0.0,10.0
412090,2015,0.0,1.0
412100,2015,0.0,2.0
412140,2015,0.0,1.0
412200,2015,0.0,1.0
412240,2015,10.0,11.0
412260,2015,0.0,1.0
412265,2015,0.0,1.0
412300,2015,0.0,1.0
412330,2015,0.0,1.0
412410,2015,18.0,19.0
412440,2015,0.0,1.0
412480,2015,0.0,2.0
412520,2015,0.0,2.0
412530,2015,0.0,1.0
412535,2015,0.0,2.0
412550,2015,32.0,42.0
412580,2015,0.0,1.0
412625,2015,27.0,27.0
412670,2015,0.0,1.0
412710,2015,10.0,10.0
412720,2015,0.0,1.0
412730,2015,0.0,1.0
412740,2015,0.0,1.0
412770,2015,47.0,48.0
412780,2015,0.0,1.0
412810,2015,61.0,70.0
412820,2015,27.0,27.0
412860,2015,0.0,1.0
420020,2015,0.0,1.0
420040,2015,0.0,1.0
420070,2015,0.0,1.0
420110,2015,0.0,1.0
420127,2015,0.0,1.0
420140,2015,10.0,10.0
420200,2015,47.0,53.0
420230,2015,24.0,28.0
420240,2015,81.0,109.0
420290,2015,29.0,29.0
420300,2015,10.0,10.0
420310,2015,0.0,1.0
420320,2015,0.0,2.0
420350,2015,0.0,2.0
420360,2015,0.0,1.0
420380,2015,10.0,12.0
420410,2015,0.0,2.0
420420,2015,32.0,33.0
420430,2015,22.0,32.0
420460,2015,46.0,46.0
420470,2015,0.0,1.0
420480,2015,18.0,34.0
420490,2015,0.0,1.0
420500,2015,0.0,2.0
420530,2015,0.0,2.0
420540,2015,192.0,266.0
420580,2015,0.0,1.0
420690,2015,0.0,5.0
420730,2015,0.0,1.0
420750,2015,0.0,5.0
420760,2015,0.0,2.0
420765,2015,0.0,1.0
420770,2015,0.0,1.0
420780,2015,0.0,1.0
420790,2015,0.0,1.0
420800,2015,0.0,4.0
420820,2015,49.0,61.0
420840,2015,0.0,2.0
420850,2015,10.0,10.0
420880,2015,0.0,1.0
420890,2015,37.0,61.0
420900,2015,16.0,16.0
420910,2015,121.0,158.0
420930,2015,38.0,47.0
420940,2015,0.0,2.0
420960,2015,0.0,1.0
420985,2015,0.0,1.0
421000,2015,0.0,2.0
421010,2015,20.0,22.0
421030,2015,0.0,1.0
421050,2015,10.0,12.0
421090,2015,0.0,2.0
421100,2015,0.0,1.0
421105,2015,0.0,1.0
421120,2015,0.0,2.0
421140,2015,0.0,1.0
421190,2015,0.0,2.0
421200,2015,0.0,1.0
421210,2015,0.0,1.0
421260,2015,0.0,1.0
421290,2015,0.0,1.0
421320,2015,0.0,2.0
421340,2015,0.0,1.0
421360,2015,8.0,8.0
421450,2015,0.0,2.0
421480,2015,45.0,59.0
421500,2015,0.0,4.0
421530,2015,0.0,1.0
421550,2015,0.0,2.0
421570,2015,0.0,1.0
421580,2015,10.0,10.0
421600,2015,0.0,1.0
421625,2015,0.0,1.0
421650,2015,0.0,3.0
421660,2015,72.0,88.0
421670,2015,0.0,1.0
421690,2015,0.0,2.0
421720,2015,10.0,12.0
421730,2015,0.0,1.0
421750,2015,0.0,2.0
421770,2015,0.0,1.0
421780,2015,0.0,2.0
421790,2015,0.0,1.0
421830,2015,0.0,1.0
421860,2015,0.0,2.0
421870,2015,48.0,50.0
421875,2015,0.0,1.0
421890,2015,0.0,1.0
421910,2015,0.0,1.0
421920,2015,0.0,1.0
421930,2015,8.0,17.0
421950,2015,23.0,23.0
421960,2015,0.0,1.0
421970,2015,0.0,2.0
430010,2015,0.0,1.0
430020,2015,0.0,1.0
430040,2015,18.0,18.0
430060,2015,10.0,22.0
430160,2015,46.0,46.0
430210,2015,39.0,39.0
430230,2015,0.0,1.0
430245,2015,0.0,1.0
430260,2015,0.0,1.0
430270,2015,0.0,2.0
430290,2015,0.0,1.0
430300,2015,19.0,24.0
430310,2015,10.0,30.0
430330,2015,0.0,1.0
430360,2015,0.0,1.0
430380,2015,0.0,1.0
430390,2015,10.0,10.0
430400,2015,0.0,1.0
430440,2015,0.0,2.0
430450,2015,10.0,10.0
430460,2015,87.0,127.0
430463,2015,10.0,10.0
430470,2015,7.0,7.0
430510,2015,164.0,179.0
430530,2015,0.0,2.0
430535,2015,0.0,14.0
430540,2015,0.0,1.0
430570,2015,0.0,1.0
430580,2015,0.0,2.0
430590,2015,0.0,2.0
430610,2015,14.0,15.0
430620,2015,0.0,1.0
430640,2015,0.0,1.0
430660,2015,5.0,5.0
430692,2015,0.0,1.0
430700,2015,35.0,35.0
430750,2015,0.0,1.0
430770,2015,17.0,17.0
430780,2015,20.0,20.0
430790,2015,10.0,26.0
430850,2015,0.0,14.0
430860,2015,0.0,2.0
430910,2015,10.0,10.0
430920,2015,10.0,10.0
430960,2015,0.0,6.0
430990,2015,0.0,1.0
431020,2015,66.0,73.0
431050,2015,0.0,2.0
431060,2015,0.0,4.0
431100,2015,0.0,1.0
431110,2015,0.0,1.0
431130,2015,0.0,1.0
431140,2015,31.0,38.0
431170,2015,0.0,1.0
431205,2015,0.0,1.0
431220,2015,0.0,1.0
431240,2015,24.0,25.0
431275,2015,0.0,1.0
431290,2015,0.0,1.0
431320,2015,0.0,1.0
431340,2015,81.0,98.0
431350,2015,0.0,1.0
431360,2015,0.0,1.0
431370,2015,0.0,2.0
431400,2015,0.0,1.0
431402,2015,0.0,1.0
431410,2015,121.0,136.0
431430,2015,0.0,1.0
431440,2015,108.0,140.0
431450,2015,0.0,1.0
431460,2015,0.0,4.0
431470,2015,0.0,1.0
431490,2015,900.0,1172.0
431510,2015,0.0,1.0
431515,2015,0.0,1.0
431560,2015,42.0,65.0
431610,2015,0.0,2.0
431620,2015,0.0,1.0
431630,2015,0.0,2.0
431640,2015,8.0,8.0
431660,2015,0.0,5.0
431680,2015,29.0,44.0
431690,2015,110.0,125.0
431700,2015,0.0,1.0
431710,2015,20.0,27.0
431720,2015,29.0,29.0
431730,2015,0.0,2.0
431740,2015,10.0,10.0
431750,2015,27.0,35.0
431800,2015,7.0,7.0
431820,2015,0.0,1.0
431830,2015,10.0,10.0
431840,2015,0.0,1.0
431870,2015,21.0,39.0
431890,2015,0.0,2.0
431915,2015,0.0,1.0
431990,2015,7.0,9.0
432000,2015,10.0,37.0
432010,2015,0.0,1.0
432020,2015,0.0,1.0
432050,2015,0.0,1.0
432067,2015,0.0,2.0
432070,2015,0.0,1.0
432090,2015,0.0,2.0
432110,2015,0.0,1.0
432120,2015,10.0,10.0
432130,2015,0.0,1.0
432140,2015,10.0,25.0
432150,2015,5.0,9.0
432160,2015,19.0,38.0
432180,2015,6.0,7.0
432190,2015,10.0,10.0
432195,2015,0.0,1.0
432230,2015,0.0,3.0
432240,2015,30.0,49.0
432250,2015,10.0,10.0
432253,2015,0.0,1.0
432260,2015,10.0,10.0
432270,2015,0.0,1.0
432280,2015,0.0,1.0
432290,2015,0.0,2.0
432300,2015,8.0,8.0
500100,2015,0.0,1.0
500110,2015,10.0,24.0
500124,2015,0.0,1.0
500200,2015,0.0,1.0
500210,2015,0.0,1.0
500270,2015,248.0,313.0
500280,2015,0.0,1.0
500295,2015,0.0,2.0
500320,2015,10.0,10.0
500325,2015,0.0,3.0
500370,2015,85.0,110.0
500380,2015,0.0,1.0
500450,2015,0.0,1.0
500460,2015,0.0,1.0
500470,2015,0.0,1.0
500525,2015,0.0,1.0
500540,2015,0.0,2.0
500560,2015,0.0,1.0
500600,2015,0.0,2.0
500620,2015,0.0,3.0
500625,2015,0.0,1.0
500630,2015,0.0,3.0
500690,2015,0.0,1.0
500730,2015,0.0,2.0
500755,2015,0.0,3.0
500790,2015,0.0,5.0
500830,2015,10.0,11.0
510025,2015,0.0,8.0
510060,2015,0.0,1.0
510160,2015,0.0,1.0
510170,2015,0.0,10.0
510180,2015,10.0,12.0
510250,2015,35.0,35.0
510263,2015,0.0,1.0
510267,2015,0.0,1.0
510268,2015,0.0,1.0
510300,2015,0.0,1.0
510320,2015,18.0,18.0
510335,2015,0.0,2.0
510340,2015,392.0,434.0
510410,2015,0.0,1.0
510420,2015,0.0,1.0
510460,2015,0.0,1.0
510500,2015,0.0,1.0
510510,2015,3.0,8.0
510515,2015,10.0,14.0
510517,2015,0.0,1.0
510525,2015,0.0,2.0
510558,2015,0.0,1.0
510560,2015,0.0,1.0
510590,2015,0.0,2.0
510622,2015,0.0,3.0
510623,2015,0.0,2.0
510627,2015,0.0,1.0
510642,2015,0.0,3.0
510650,2015,0.0,2.0
510675,2015,0.0,3.0
510680,2015,0.0,2.0
510700,2015,0.0,2.0
510704,2015,22.0,29.0
510710,2015,0.0,1.0
510760,2015,41.0,48.0
510770,2015,0.0,1.0
510780,2015,0.0,1.0
510787,2015,0.0,3.0
510790,2015,39.0,50.0
510792,2015,16.0,16.0
510794,2015,0.0,1.0
510795,2015,52.0,65.0
510800,2015,0.0,1.0
510805,2015,0.0,1.0
510810,2015,0.0,1.0
510840,2015,30.0,34.0
520110,2015,107.0,142.0
520140,2015,85.0,88.0
520150,2015,0.0,1.0
520320,2015,0.0,1.0
520350,2015,0.0,1.0
520390,2015,0.0,2.0
520450,2015,0.0,4.0
520500,2015,0.0,1.0
520510,2015,18.0,23.0
520540,2015,10.0,11.0
520545,2015,0.0,1.0
520551,2015,0.0,1.0
520620,2015,0.0,1.0
520850,2015,0.0,1.0
520860,2015,12.0,14.0
520870,2015,897.0,1066.0
520890,2015,10.0,13.0
520910,2015,0.0,32.0
520970,2015,0.0,1.0
520995,2015,0.0,1.0
521000,2015,22.0,31.0
521040,2015,0.0,2.0
521060,2015,0.0,1.0
521090,2015,0.0,7.0
521150,2015,10.0,16.0
521170,2015,0.0,1.0
521180,2015,0.0,3.0
521190,2015,6.0,7.0
521220,2015,0.0,3.0
521250,2015,5.0,7.0
521308,2015,0.0,1.0
521380,2015,0.0,8.0
521400,2015,0.0,1.0
521450,2015,25.0,26.0
521460,2015,0.0,3.0
521560,2015,0.0,2.0
521640,2015,0.0,1.0
521680,2015,0.0,2.0
521720,2015,0.0,2.0
521730,2015,0.0,1.0
521740,2015,0.0,2.0
521760,2015,0.0,4.0
521770,2015,0.0,1.0
521800,2015,0.0,2.0
521860,2015,0.0,1.0
521880,2015,27.0,31.0
521930,2015,20.0,25.0
521975,2015,0.0,1.0
522010,2015,9.0,9.0
522020,2015,0.0,1.0
522040,2015,0.0,2.0
522045,2015,10.0,11.0
522060,2015,0.0,4.0
522160,2015,0.0,2.0
530010,2015,1071.0,1421.0
110002,2016,26.0,45.0
110004,2016,27.0,27.0
110005,2016,0.0,2.0
110009,2016,0.0,1.0
110012,2016,10.0,12.0
110013,2016,0.0,1.0
110015,2016,1.0,3.0
110020,2016,197.0,263.0
110028,2016,0.0,4.0
110030,2016,10.0,19.0
110045,2016,0.0,1.0
110149,2016,0.0,1.0
120020,2016,10.0,26.0
120040,2016,63.0,117.0
130006,2016,0.0,1.0
130014,2016,0.0,2.0
130020,2016,0.0,1.0
130030,2016,0.0,2.0
130060,2016,0.0,4.0
130080,2016,0.0,2.0
130083,2016,0.0,3.0
130120,2016,0.0,3.0
130160,2016,0.0,2.0
130165,2016,0.0,1.0
130170,2016,0.0,2.0
130200,2016,0.0,2.0
130230,2016,0.0,2.0
130260,2016,519.0,764.0
130280,2016,0.0,1.0
130340,2016,0.0,17.0
130350,2016,0.0,1.0
130353,2016,0.0,2.0
130356,2016,0.0,2.0
130370,2016,0.0,1.0
130380,2016,0.0,1.0
130400,2016,0.0,1.0
130406,2016,0.0,8.0
130420,2016,0.0,9.0
130426,2016,0.0,1.0
140005,2016,0.0,1.0
140010,2016,48.0,87.0
140015,2016,0.0,1.0
140028,2016,0.0,1.0
140030,2016,0.0,1.0
140040,2016,0.0,1.0
140047,2016,0.0,1.0
140050,2016,0.0,1.0
140060,2016,0.0,1.0
150010,2016,0.0,16.0
150013,2016,0.0,4.0
150040,2016,0.0,4.0
150060,2016,20.0,38.0
150070,2016,0.0,1.0
150080,2016,70.0,99.0
150085,2016,0.0,1.0
150110,2016,0.0,1.0
150120,2016,0.0,1.0
150125,2016,0.0,1.0
150140,2016,726.0,919.0
150145,2016,0.0,1.0
150150,2016,0.0,3.0
150170,2016,30.0,53.0
150175,2016,0.0,1.0
150178,2016,0.0,1.0
150180,2016,17.0,20.0
150210,2016,0.0,4.0
150215,2016,0.0,1.0
150220,2016,10.0,11.0
150230,2016,0.0,2.0
150240,2016,10.0,27.0
150270,2016,0.0,15.0
150280,2016,0.0,1.0
150290,2016,0.0,1.0
150293,2016,0.0,2.0
150310,2016,0.0,1.0
150320,2016,0.0,2.0
150330,2016,0.0,2.0
150340,2016,0.0,1.0
150360,2016,0.0,17.0
150380,2016,0.0,2.0
150400,2016,0.0,1.0
150420,2016,38.0,54.0
150430,2016,0.0,3.0
150440,2016,0.0,1.0
150442,2016,7.0,20.0
150450,2016,0.0,1.0
150460,2016,0.0,1.0
150470,2016,0.0,2.0
150480,2016,0.0,1.0
150503,2016,0.0,1.0
150506,2016,0.0,2.0
150510,2016,0.0,1.0
150520,2016,0.0,1.0
150543,2016,0.0,1.0
150548,2016,0.0,4.0
150549,2016,0.0,1.0
150550,2016,20.0,25.0
150553,2016,0.0,22.0
150565,2016,0.0,2.0
150580,2016,0.0,1.0
150590,2016,0.0,1.0
150613,2016,26.0,47.0
150616,2016,0.0,1.0
150618,2016,0.0,2.0
150619,2016,0.0,2.0
150620,2016,0.0,2.0
150630,2016,0.0,1.0
150680,2016,47.0,75.0
150720,2016,0.0,1.0
150730,2016,0.0,2.0
150747,2016,0.0,1.0
150750,2016,0.0,1.0
150760,2016,0.0,2.0
150780,2016,0.0,1.0
150790,2016,0.0,1.0
150795,2016,0.0,13.0
150800,2016,0.0,1.0
150803,2016,0.0,1.0
150810,2016,28.0,48.0
150812,2016,0.0,3.0
150830,2016,0.0,2.0
150835,2016,0.0,1.0
160020,2016,0.0,5.0
160030,2016,48.0,77.0
160060,2016,0.0,2.0
170070,2016,0.0,1.0
170200,2016,0.0,1.0
170210,2016,56.0,101.0
170230,2016,0.0,1.0
170240,2016,0.0,5.0
170255,2016,0.0,22.0
170930,2016,0.0,7.0
170950,2016,24.0,34.0
171050,2016,0.0,1.0
171320,2016,0.0,2.0
171610,2016,0.0,7.0
171620,2016,0.0,1.0
171650,2016,0.0,1.0
172090,2016,0.0,1.0
172100,2016,123.0,153.0
210005,2016,0.0,3.0
210043,2016,0.0,16.0
210047,2016,0.0,3.0
210083,2016,0.0,1.0
210100,2016,0.0,2.0
210120,2016,10.0,22.0
210160,2016,0.0,17.0
210170,2016,0.0,8.0
210177,2016,0.0,1.0
210197,2016,0.0,1.0
210232,2016,0.0,2.0
210280,2016,0.0,1.0
210290,2016,0.0,1.0
210300,2016,37.0,57.0
210320,2016,0.0,4.0
210330,2016,0.0,6.0
210340,2016,0.0,5.0
210350,2016,5.0,5.0
210360,2016,30.0,32.0
210375,2016,0.0,1.0
210405,2016,0.0,3.0
210410,2016,0.0,1.0
210480,2016,0.0,2.0
210530,2016,157.0,194.0
210540,2016,0.0,4.0
210550,2016,0.0,2.0
210565,2016,0.0,1.0
210610,2016,0.0,2.0
210630,2016,0.0,1.0
210663,2016,0.0,6.0
210690,2016,0.0,8.0
210700,2016,0.0,2.0
210710,2016,0.0,1.0
210730,2016,0.0,1.0
210735,2016,0.0,4.0
210760,2016,0.0,1.0
210805,2016,0.0,1.0
210845,2016,0.0,8.0
210850,2016,0.0,1.0
210860,2016,10.0,31.0
210900,2016,0.0,2.0
210910,2016,12.0,13.0
210927,2016,0.0,1.0
210980,2016,0.0,2.0
210990,2016,10.0,44.0
211000,2016,0.0,4.0
211003,2016,0.0,2.0
211023,2016,0.0,1.0
211050,2016,0.0,1.0
211060,2016,0.0,2.0
211105,2016,0.0,1.0
211120,2016,10.0,15.0
211130,2016,427.0,553.0
211190,2016,0.0,1.0
211210,2016,0.0,9.0
211220,2016,0.0,6.0
211230,2016,0.0,1.0
211250,2016,0.0,1.0
220030,2016,0.0,1.0
220040,2016,0.0,1.0
220120,2016,0.0,11.0
220190,2016,0.0,2.0
220390,2016,10.0,10.0
220430,2016,0.0,1.0
220620,2016,0.0,2.0
220700,2016,0.0,2.0
220770,2016,53.0,65.0
220780,2016,0.0,3.0
220790,2016,0.0,1.0
220800,2016,57.0,87.0
220840,2016,10.0,11.0
221000,2016,0.0,1.0
221050,2016,0.0,1.0
221060,2016,0.0,7.0
221100,2016,205.0,300.0
221110,2016,0.0,1.0
230110,2016,0.0,7.0
230130,2016,0.0,2.0
230160,2016,0.0,2.0
230190,2016,43.0,58.0
230210,2016,0.0,3.0
230250,2016,8.0,17.0
230330,2016,0.0,2.0
230370,2016,0.0,7.0
230410,2016,2.0,10.0
230420,2016,15.0,21.0
230440,2016,775.0,1224.0
230500,2016,0.0,2.0
230530,2016,0.0,1.0
230550,2016,0.0,1.0
230580,2016,0.0,1.0
230600,2016,0.0,2.0
230680,2016,0.0,1.0
230730,2016,70.0,100.0
230750,2016,0.0,2.0
230765,2016,10.0,30.0
230780,2016,0.0,1.0
230810,2016,0.0,2.0
230945,2016,0.0,5.0
230960,2016,0.0,13.0
231020,2016,0.0,1.0
231030,2016,0.0,2.0
231060,2016,0.0,1.0
231126,2016,0.0,2.0
231130,2016,10.0,20.0
231135,2016,0.0,1.0
231140,2016,40.0,61.0
231180,2016,0.0,7.0
231190,2016,0.0,1.0
231220,2016,0.0,3.0
231230,2016,0.0,4.0
231290,2016,138.0,190.0
231310,2016,0.0,1.0
231330,2016,0.0,5.0
231340,2016,0.0,19.0
231380,2016,0.0,2.0
240020,2016,0.0,2.0
240030,2016,0.0,1.0
240170,2016,0.0,2.0
240200,2016,5.0,10.0
240260,2016,0.0,2.0
240310,2016,4.0,4.0
240325,2016,20.0,26.0
240520,2016,0.0,1.0
240610,2016,0.0,1.0
240650,2016,0.0,2.0
240800,2016,92.0,123.0
240810,2016,431.0,516.0
240940,2016,6.0,7.0
241120,2016,10.0,10.0
241140,2016,0.0,1.0
241280,2016,0.0,1.0
241335,2016,0.0,1.0
250040,2016,0.0,1.0
250240,2016,0.0,1.0
250370,2016,7.0,14.0
250400,2016,159.0,235.0
250440,2016,0.0,1.0
250480,2016,0.0,1.0
250570,2016,0.0,1.0
250600,2016,0.0,2.0
250630,2016,6.0,9.0
250750,2016,308.0,438.0
250840,2016,0.0,2.0
250890,2016,9.0,10.0
250920,2016,2.0,3.0
250970,2016,0.0,2.0
251080,2016,23.0,36.0
251120,2016,0.0,5.0
251130,2016,10.0,10.0
251210,2016,6.0,6.0
251230,2016,0.0,1.0
251370,2016,10.0,11.0
251392,2016,0.0,2.0
251430,2016,0.0,1.0
251620,2016,16.0,19.0
251650,2016,0.0,2.0
260120,2016,13.0,16.0
260160,2016,0.0,4.0
260190,2016,21.0,21.0
260200,2016,0.0,1.0
260260,2016,0.0,1.0
260290,2016,35.0,39.0
260345,2016,0.0,10.0
260400,2016,0.0,3.0
260410,2016,94.0,140.0
260510,2016,0.0,3.0
260550,2016,0.0,4.0
260570,2016,0.0,4.0
260600,2016,26.0,32.0
260630,2016,0.0,1.0
260790,2016,99.0,99.0
260890,2016,20.0,30.0
260950,2016,0.0,1.0
260960,2016,82.0,232.0
260990,2016,10.0,10.0
261000,2016,50.0,65.0
261060,2016,0.0,2.0
261070,2016,75.0,81.0
261080,2016,0.0,1.0
261100,2016,0.0,2.0
261110,2016,73.0,108.0
261160,2016,1134.0,1457.0
261170,2016,0.0,1.0
261220,2016,11.0,17.0
261245,2016,0.0,1.0
261247,2016,0.0,1.0
261255,2016,0.0,1.0
261370,2016,10.0,21.0
261390,2016,17.0,22.0
261640,2016,10.0,20.0
270030,2016,96.0,118.0
270130,2016,0.0,1.0
270230,2016,65.0,67.0
270240,2016,0.0,2.0
270400,2016,0.0,1.0
270430,2016,308.0,457.0
270440,2016,0.0,2.0
270630,2016,18.0,21.0
270670,2016,0.0,11.0
270770,2016,0.0,8.0
270800,2016,10.0,32.0
270850,2016,0.0,2.0
270860,2016,15.0,28.0
280020,2016,0.0,1.0
280030,2016,350.0,473.0
280130,2016,0.0,2.0
280210,2016,0.0,3.0
280290,2016,0.0,31.0
280340,2016,0.0,1.0
280350,2016,10.0,15.0
280450,2016,0.0,2.0
280540,2016,0.0,1.0
280570,2016,0.0,3.0
280590,2016,0.0,1.0
290070,2016,23.0,47.0
290160,2016,0.0,2.0
290270,2016,0.0,3.0
290290,2016,0.0,1.0
290300,2016,0.0,4.0
290320,2016,25.0,77.0
290327,2016,0.0,1.0
290340,2016,0.0,1.0
290390,2016,0.0,1.0
290420,2016,0.0,1.0
290490,2016,0.0,1.0
290510,2016,0.0,2.0
290520,2016,0.0,1.0
290550,2016,0.0,1.0
290570,2016,8.0,25.0
290590,2016,0.0,1.0
290600,2016,0.0,10.0
290650,2016,20.0,21.0
290690,2016,2.0,2.0
290750,2016,10.0,13.0
290810,2016,0.0,1.0
290840,2016,0.0,2.0
290850,2016,0.0,16.0
290870,2016,0.0,1.0
290910,2016,0.0,1.0
290930,2016,0.0,1.0
290970,2016,0.0,1.0
290980,2016,10.0,11.0
291040,2016,0.0,1.0
291070,2016,0.0,1.0
291072,2016,19.0,30.0
291080,2016,111.0,188.0
291110,2016,0.0,2.0
291170,2016,20.0,24.0
291190,2016,0.0,11.0
291200,2016,0.0,1.0
291210,2016,0.0,3.0
291320,2016,0.0,2.0
291340,2016,0.0,1.0
291360,2016,30.0,36.0
291390,2016,0.0,12.0
291400,2016,0.0,4.0
291440,2016,0.0,2.0
291460,2016,26.0,31.0
291465,2016,0.0,1.0
291470,2016,0.0,3.0
291480,2016,63.0,93.0
291490,2016,0.0,1.0
291530,2016,0.0,1.0
291560,2016,0.0,2.0
291570,2016,0.0,1.0
291600,2016,0.0,2.0
291640,2016,9.0,10.0
291720,2016,0.0,4.0
291735,2016,0.0,1.0
291750,2016,0.0,8.0
291760,2016,0.0,3.0
291800,2016,31.0,41.0
291840,2016,39.0,39.0
291845,2016,0.0,1.0
291880,2016,0.0,1.0
291920,2016,43.0,46.0
291980,2016,0.0,2.0
291992,2016,0.0,2.0
292010,2016,0.0,1.0
292020,2016,0.0,1.0
292100,2016,0.0,2.0
292110,2016,0.0,1.0
292120,2016,0.0,1.0
292130,2016,0.0,2.0
292170,2016,0.0,2.0
292210,2016,0.0,2.0
292300,2016,0.0,3.0
292310,2016,0.0,2.0
292360,2016,0.0,1.0
292370,2016,0.0,1.0
292400,2016,0.0,8.0
292450,2016,0.0,1.0
292520,2016,0.0,2.0
292530,2016,5.0,23.0
292630,2016,0.0,6.0
292640,2016,0.0,1.0
292660,2016,7.0,13.0
292690,2016,0.0,1.0
292740,2016,1119.0,1412.0
292790,2016,0.0,5.0
292800,2016,0.0,1.0
292810,2016,0.0,2.0
292820,2016,0.0,1.0
292870,2016,50.0,63.0
292880,2016,0.0,2.0
292890,2016,0.0,1.0
292900,2016,9.0,10.0
292930,2016,0.0,2.0
292960,2016,0.0,1.0
293010,2016,0.0,3.0
293015,2016,0.0,1.0
293070,2016,0.0,4.0
293075,2016,0.0,1.0
293135,2016,42.0,57.0
293150,2016,0.0,1.0
293230,2016,0.0,2.0
293260,2016,0.0,2.0
293320,2016,0.0,1.0
293325,2016,0.0,1.0
293330,2016,76.0,128.0
293345,2016,0.0,2.0
293360,2016,0.0,2.0
310030,2016,0.0,3.0
310150,2016,5.0,8.0
310160,2016,56.0,79.0
310170,2016,0.0,3.0
310210,2016,0.0,2.0
310280,2016,0.0,2.0
310340,2016,0.0,11.0
310350,2016,31.0,40.0
310400,2016,19.0,19.0
310490,2016,10.0,10.0
310540,2016,0.0,1.0
310560,2016,40.0,47.0
310590,2016,0.0,1.0
310620,2016,1443.0,1689.0
310640,2016,0.0,1.0
310670,2016,76.0,143.0
310750,2016,0.0,1.0
310840,2016,0.0,1.0
310860,2016,10.0,19.0
310900,2016,0.0,5.0
310990,2016,0.0,1.0
311000,2016,0.0,10.0
311070,2016,0.0,2.0
311120,2016,11.0,11.0
311150,2016,0.0,1.0
311270,2016,0.0,1.0
311320,2016,0.0,2.0
311330,2016,27.0,27.0
311340,2016,16.0,27.0
311530,2016,10.0,18.0
311550,2016,0.0,2.0
311630,2016,0.0,2.0
311830,2016,10.0,11.0
311860,2016,61.0,83.0
311940,2016,28.0,31.0
312090,2016,20.0,20.0
312120,2016,0.0,1.0
312160,2016,30.0,35.0
312200,2016,0.0,6.0
312230,2016,60.0,64.0
312320,2016,0.0,2.0
312390,2016,0.0,1.0
312410,2016,0.0,1.0
312510,2016,10.0,12.0
312560,2016,0.0,1.0
312610,2016,36.0,36.0
312770,2016,78.0,112.0
312800,2016,0.0,2.0
312860,2016,0.0,1.0
312870,2016,9.0,9.0
312940,2016,0.0,1.0
312980,2016,10.0,19.0
313130,2016,50.0,73.0
313170,2016,26.0,34.0
313190,2016,0.0,1.0
313210,2016,0.0,1.0
313240,2016,36.0,36.0
313250,2016,0.0,3.0
313270,2016,0.0,2.0
313330,2016,0.0,2.0
313380,2016,10.0,10.0
313420,2016,15.0,16.0
313440,2016,0.0,3.0
313510,2016,20.0,26.0
313540,2016,0.0,1.0
313580,2016,0.0,2.0
313620,2016,10.0,12.0
313630,2016,0.0,2.0
313650,2016,0.0,2.0
313670,2016,254.0,259.0
313710,2016,0.0,1.0
313720,2016,10.0,10.0
313770,2016,0.0,1.0
313790,2016,0.0,1.0
313800,2016,0.0,1.0
313820,2016,40.0,42.0
313840,2016,8.0,10.0
313940,2016,11.0,11.0
313950,2016,10.0,11.0
313960,2016,0.0,1.0
314000,2016,0.0,4.0
314110,2016,0.0,5.0
314180,2016,0.0,1.0
314220,2016,0.0,2.0
314270,2016,0.0,1.0
314310,2016,0.0,4.0
314330,2016,113.0,114.0
314390,2016,68.0,76.0
314400,2016,0.0,1.0
314470,2016,0.0,2.0
314480,2016,124.0,130.0
314500,2016,0.0,1.0
314560,2016,10.0,10.0
314590,2016,4.0,4.0
314610,2016,10.0,14.0
314700,2016,8.0,13.0
314710,2016,6.0,6.0
314790,2016,68.0,68.0
314800,2016,102.0,105.0
314810,2016,35.0,40.0
314870,2016,0.0,1.0
315030,2016,0.0,2.0
315080,2016,0.0,2.0
315110,2016,0.0,2.0
315120,2016,20.0,35.0
315150,2016,10.0,10.0
315180,2016,67.0,77.0
315200,2016,0.0,1.0
315210,2016,36.0,36.0
315250,2016,48.0,49.0
315280,2016,0.0,1.0
315420,2016,0.0,2.0
315520,2016,0.0,2.0
315550,2016,0.0,1.0
315680,2016,0.0,1.0
315780,2016,0.0,7.0
315790,2016,0.0,1.0
315990,2016,9.0,9.0
316070,2016,6.0,6.0
316100,2016,0.0,1.0
316200,2016,0.0,1.0
316220,2016,0.0,4.0
316250,2016,26.0,36.0
316270,2016,0.0,1.0
316370,2016,22.0,22.0
316470,2016,37.0,45.0
316530,2016,0.0,1.0
316720,2016,36.0,38.0
316800,2016,10.0,10.0
316860,2016,36.0,36.0
316870,2016,8.0,8.0
316920,2016,0.0,2.0
316930,2016,18.0,18.0
316935,2016,0.0,1.0
316940,2016,10.0,10.0
316970,2016,0.0,3.0
316990,2016,37.0,43.0
317010,2016,101.0,118.0
317020,2016,230.0,271.0
317040,2016,0.0,4.0
317070,2016,54.0,76.0
317120,2016,0.0,1.0
317130,2016,24.0,26.0
317170,2016,0.0,1.0
317200,2016,11.0,14.0
320020,2016,0.0,1.0
320060,2016,10.0,10.0
320090,2016,10.0,11.0
320120,2016,111.0,114.0
320130,2016,95.0,97.0
320150,2016,88.0,97.0
320170,2016,0.0,1.0
320230,2016,18.0,18.0
320240,2016,10.0,10.0
320245,2016,0.0,3.0
320260,2016,0.0,2.0
320270,2016,0.0,6.0
320290,2016,0.0,1.0
320310,2016,0.0,1.0
320316,2016,0.0,1.0
320320,2016,39.0,62.0
320340,2016,0.0,1.0
320390,2016,0.0,1.0
320435,2016,0.0,2.0
320460,2016,10.0,14.0
320480,2016,7.0,8.0
320490,2016,58.0,62.0
320500,2016,206.0,239.0
320506,2016,0.0,1.0
320520,2016,135.0,159.0
320530,2016,292.0,348.0
330010,2016,32.0,59.0
330020,2016,24.0,37.0
330023,2016,0.0,6.0
330025,2016,0.0,1.0
330030,2016,14.0,16.0
330040,2016,69.0,73.0
330045,2016,1.0,8.0
330050,2016,0.0,2.0
330060,2016,10.0,12.0
330070,2016,82.0,113.0
330080,2016,0.0,6.0
330090,2016,4.0,6.0
330100,2016,279.0,371.0
330120,2016,0.0,4.0
330130,2016,0.0,9.0
330170,2016,329.0,396.0
330190,2016,18.0,22.0
330200,2016,10.0,23.0
330210,2016,4.0,9.0
330220,2016,102.0,107.0
330240,2016,112.0,127.0
330250,2016,0.0,4.0
330270,2016,0.0,5.0
330280,2016,0.0,1.0
330285,2016,0.0,10.0
330290,2016,0.0,3.0
330300,2016,9.0,11.0
330320,2016,73.0,97.0
330330,2016,420.0,507.0
330340,2016,48.0,68.0
330350,2016,256.0,282.0
330370,2016,7.0,11.0
330380,2016,0.0,2.0
330390,2016,120.0,135.0
330395,2016,0.0,1.0
330400,2016,0.0,4.0
330410,2016,0.0,4.0
330411,2016,6.0,7.0
330414,2016,0.0,3.0
330415,2016,6.0,8.0
330420,2016,66.0,94.0
330430,2016,7.0,10.0
330440,2016,0.0,1.0
330452,2016,16.0,16.0
330455,2016,3345.0,4272.0
330460,2016,0.0,3.0
330470,2016,9.0,11.0
330480,2016,7.0,11.0
330490,2016,213.0,245.0
330500,2016,0.0,1.0
330510,2016,52.0,112.0
330515,2016,0.0,1.0
330520,2016,0.0,1.0
330530,2016,0.0,4.0
330550,2016,25.0,31.0
330580,2016,30.0,36.0
330590,2016,0.0,3.0
330600,2016,10.0,10.0
330610,2016,10.0,13.0
330615,2016,0.0,2.0
330620,2016,54.0,73.0
330630,2016,144.0,179.0
350010,2016,5.0,5.0
350160,2016,62.0,62.0
350170,2016,10.0,10.0
350190,2016,8.0,9.0
350210,2016,10.0,10.0
350250,2016,9.0,9.0
350280,2016,51.0,71.0
350320,2016,67.0,79.0
350330,2016,37.0,45.0
350390,2016,18.0,23.0
350400,2016,41.0,51.0
350410,2016,27.0,27.0
350450,2016,10.0,15.0
350520,2016,0.0,9.0
350550,2016,54.0,60.0
350570,2016,59.0,90.0
350590,2016,8.0,8.0
350600,2016,151.0,178.0
350610,2016,6.0,9.0
350650,2016,12.0,13.0
350750,2016,68.0,96.0
350760,2016,55.0,77.0
350790,2016,0.0,1.0
350850,2016,5.0,6.0
350900,2016,26.0,39.0
350920,2016,0.0,1.0
350950,2016,541.0,608.0
350960,2016,0.0,2.0
351020,2016,0.0,4.0
351040,2016,10.0,10.0
351050,2016,16.0,18.0
351060,2016,45.0,65.0
351110,2016,60.0,60.0
351140,2016,0.0,5.0
351150,2016,0.0,7.0
351280,2016,7.0,7.0
351300,2016,35.0,50.0
351340,2016,10.0,10.0
351350,2016,21.0,25.0
351380,2016,75.0,156.0
351440,2016,10.0,10.0
351550,2016,10.0,10.0
351570,2016,37.0,71.0
351620,2016,73.0,96.0
351630,2016,29.0,57.0
351640,2016,21.0,32.0
351670,2016,0.0,1.0
351840,2016,48.0,50.0
351870,2016,60.0,73.0
351880,2016,266.0,321.0
351907,2016,6.0,10.0
351960,2016,8.0,8.0
352040,2016,0.0,4.0
352044,2016,5.0,9.0
352050,2016,58.0,61.0
352180,2016,0.0,1.0
352210,2016,18.0,18.0
352220,2016,36.0,58.0
352230,2016,13.0,18.0
352240,2016,20.0,22.0
352250,2016,37.0,70.0
352260,2016,11.0,16.0
352270,2016,4.0,4.0
352280,2016,0.0,3.0
352310,2016,20.0,20.0
352320,2016,0.0,4.0
352340,2016,20.0,25.0
352360,2016,0.0,1.0
352390,2016,34.0,43.0
352400,2016,0.0,2.0
352410,2016,10.0,12.0
352430,2016,12.0,14.0
352440,2016,99.0,116.0
352480,2016,25.0,27.0
352520,2016,0.0,1.0
352530,2016,64.0,65.0
352550,2016,0.0,3.0
352590,2016,140.0,173.0
352610,2016,0.0,1.0
352640,2016,0.0,2.0
352670,2016,10.0,10.0
352680,2016,5.0,5.0
352690,2016,92.0,109.0
352710,2016,28.0,29.0
352720,2016,20.0,20.0
352730,2016,5.0,5.0
352850,2016,0.0,1.0
352900,2016,98.0,110.0
352930,2016,28.0,36.0
352940,2016,81.0,101.0
353010,2016,0.0,4.0
353030,2016,0.0,2.0
353050,2016,10.0,10.0
353060,2016,96.0,123.0
353070,2016,29.0,39.0
353080,2016,24.0,31.0
353130,2016,13.0,16.0
353350,2016,6.0,6.0
353390,2016,7.0,7.0
353440,2016,144.0,162.0
353460,2016,0.0,1.0
353470,2016,32.0,39.0
353550,2016,10.0,10.0
353620,2016,16.0,27.0
353650,2016,6.0,6.0
353700,2016,0.0,2.0
353730,2016,8.0,11.0
353740,2016,0.0,6.0
353800,2016,30.0,40.0
353870,2016,122.0,144.0
353930,2016,10.0,10.0
354100,2016,40.0,40.0
354140,2016,94.0,119.0
354150,2016,10.0,10.0
354160,2016,8.0,8.0
354220,2016,5.0,9.0
354240,2016,0.0,2.0
354330,2016,11.0,12.0
354340,2016,280.0,343.0
354390,2016,54.0,70.0
354400,2016,0.0,1.0
354425,2016,0.0,2.0
354520,2016,16.0,17.0
354580,2016,9.0,10.0
354640,2016,13.0,20.0
354660,2016,7.0,7.0
354680,2016,7.0,7.0
354730,2016,0.0,1.0
354780,2016,312.0,398.0
354850,2016,281.0,302.0
354870,2016,249.0,330.0
354880,2016,67.0,81.0
354890,2016,60.0,74.0
354910,2016,20.0,20.0
354940,2016,8.0,8.0
354970,2016,7.0,7.0
354980,2016,325.0,405.0
354990,2016,241.0,287.0
355010,2016,0.0,2.0
355030,2016,4813.0,6331.0
355060,2016,11.0,12.0
355070,2016,8.0,8.0
355100,2016,23.0,36.0
355170,2016,29.0,38.0
355210,2016,0.0,3.0
355220,2016,189.0,229.0
355240,2016,36.0,49.0
355250,2016,39.0,51.0
355280,2016,33.0,65.0
355300,2016,0.0,1.0
355370,2016,8.0,12.0
355380,2016,0.0,1.0
355400,2016,14.0,16.0
355410,2016,84.0,84.0
355450,2016,0.0,1.0
355500,2016,18.0,18.0
355540,2016,0.0,7.0
355620,2016,46.0,48.0
355700,2016,12.0,12.0
355710,2016,28.0,28.0
410090,2016,0.0,1.0
410100,2016,0.0,1.0
410120,2016,0.0,1.0
410140,2016,28.0,28.0
410150,2016,79.0,79.0
410160,2016,0.0,1.0
410170,2016,0.0,1.0
410180,2016,18.0,25.0
410240,2016,12.0,23.0
410250,2016,0.0,1.0
410305,2016,0.0,1.0
410330,2016,0.0,1.0
410370,2016,16.0,22.0
410400,2016,87.0,89.0
410420,2016,366.0,366.0
410430,2016,33.0,41.0
410445,2016,0.0,2.0
410450,2016,0.0,1.0
410460,2016,0.0,1.0
410480,2016,154.0,176.0
410490,2016,9.0,9.0
410550,2016,18.0,19.0
410560,2016,0.0,1.0
410630,2016,0.0,1.0
410640,2016,34.0,34.0
410650,2016,0.0,3.0
410680,2016,0.0,2.0
410690,2016,695.0,857.0
410720,2016,0.0,2.0
410725,2016,0.0,1.0
410730,2016,0.0,1.0
410765,2016,0.0,2.0
410790,2016,0.0,1.0
410830,2016,73.0,84.0
410840,2016,58.0,64.0
410850,2016,0.0,1.0
410860,2016,0.0,5.0
410940,2016,40.0,50.0
410975,2016,0.0,1.0
411050,2016,0.0,2.0
411070,2016,22.0,22.0
411110,2016,0.0,4.0
411125,2016,0.0,3.0
411150,2016,42.0,47.0
411160,2016,0.0,1.0
411180,2016,16.0,17.0
411210,2016,0.0,1.0
411240,2016,0.0,1.0
411295,2016,0.0,1.0
411320,2016,0.0,2.0
411330,2016,0.0,6.0
411350,2016,0.0,2.0
411370,2016,236.0,318.0
411420,2016,0.0,3.0
411440,2016,0.0,2.0
411450,2016,0.0,1.0
411460,2016,0.0,5.0
411520,2016,160.0,179.0
411535,2016,0.0,1.0
411540,2016,0.0,1.0
411580,2016,17.0,21.0
411695,2016,0.0,1.0
411710,2016,0.0,1.0
411720,2016,0.0,1.0
411722,2016,0.0,1.0
411725,2016,0.0,1.0
411727,2016,0.0,2.0
411740,2016,0.0,2.0
411750,2016,0.0,4.0
411760,2016,10.0,10.0
411770,2016,0.0,2.0
411790,2016,0.0,1.0
411820,2016,25.0,32.0
411830,2016,0.0,1.0
411840,2016,22.0,27.0
411850,2016,46.0,47.0
411910,2016,0.0,2.0
411915,2016,0.0,1.0
411930,2016,0.0,4.0
411980,2016,0.0,1.0
411990,2016,91.0,121.0
412035,2016,0.0,3.0
412060,2016,0.0,10.0
412090,2016,0.0,1.0
412100,2016,0.0,2.0
412140,2016,0.0,1.0
412200,2016,0.0,1.0
412240,2016,0.0,1.0
412260,2016,0.0,1.0
412265,2016,0.0,1.0
412300,2016,0.0,1.0
412410,2016,20.0,22.0
412440,2016,0.0,1.0
412510,2016,0.0,6.0
412520,2016,0.0,2.0
412530,2016,0.0,1.0
412550,2016,42.0,52.0
412580,2016,0.0,1.0
412625,2016,27.0,27.0
412670,2016,0.0,1.0
412710,2016,12.0,12.0
412720,2016,0.0,1.0
412730,2016,0.0,1.0
412740,2016,0.0,1.0
412770,2016,45.0,46.0
412780,2016,0.0,1.0
412810,2016,81.0,90.0
412820,2016,27.0,27.0
412860,2016,0.0,1.0
420020,2016,0.0,1.0
420040,2016,0.0,1.0
420070,2016,0.0,1.0
420110,2016,0.0,1.0
420127,2016,0.0,1.0
420140,2016,10.0,10.0
420200,2016,47.0,57.0
420230,2016,24.0,24.0
420240,2016,93.0,115.0
420290,2016,10.0,10.0
420300,2016,10.0,10.0
420310,2016,0.0,1.0
420320,2016,0.0,2.0
420350,2016,0.0,2.0
420360,2016,0.0,1.0
420380,2016,10.0,12.0
420410,2016,0.0,2.0
420420,2016,38.0,38.0
420430,2016,22.0,32.0
420460,2016,46.0,46.0
420470,2016,0.0,1.0
420480,2016,18.0,34.0
420490,2016,0.0,1.0
420500,2016,0.0,2.0
420530,2016,0.0,2.0
420540,2016,211.0,277.0
420580,2016,0.0,1.0
420690,2016,0.0,5.0
420730,2016,0.0,1.0
420750,2016,0.0,4.0
420760,2016,0.0,2.0
420765,2016,0.0,1.0
420770,2016,0.0,1.0
420780,2016,0.0,1.0
420790,2016,0.0,1.0
420800,2016,0.0,4.0
420820,2016,49.0,67.0
420840,2016,0.0,2.0
420850,2016,10.0,10.0
420880,2016,0.0,1.0
420890,2016,37.0,55.0
420900,2016,16.0,16.0
420910,2016,121.0,170.0
420930,2016,38.0,47.0
420940,2016,0.0,2.0
420960,2016,0.0,1.0
420985,2016,0.0,1.0
421000,2016,0.0,2.0
421010,2016,20.0,22.0
421030,2016,0.0,1.0
421050,2016,10.0,12.0
421090,2016,0.0,2.0
421100,2016,0.0,1.0
421105,2016,0.0,1.0
421120,2016,0.0,2.0
421140,2016,0.0,1.0
421190,2016,0.0,2.0
421200,2016,0.0,1.0
421210,2016,0.0,1.0
421260,2016,0.0,1.0
421290,2016,0.0,1.0
421340,2016,0.0,1.0
421360,2016,8.0,8.0
421450,2016,0.0,2.0
421480,2016,26.0,40.0
421500,2016,0.0,4.0
421530,2016,0.0,1.0
421550,2016,0.0,2.0
421570,2016,0.0,1.0
421580,2016,10.0,10.0
421600,2016,0.0,1.0
421625,2016,0.0,1.0
421650,2016,0.0,3.0
421660,2016,72.0,88.0
421670,2016,0.0,1.0
421690,2016,0.0,2.0
421720,2016,10.0,12.0
421730,2016,0.0,1.0
421750,2016,0.0,2.0
421770,2016,0.0,1.0
421780,2016,0.0,1.0
421790,2016,0.0,1.0
421830,2016,0.0,1.0
421860,2016,0.0,2.0
421870,2016,53.0,55.0
421875,2016,0.0,1.0
421890,2016,0.0,1.0
421910,2016,0.0,1.0
421920,2016,0.0,1.0
421930,2016,8.0,17.0
421950,2016,23.0,23.0
421960,2016,0.0,1.0
421970,2016,0.0,2.0
430010,2016,0.0,1.0
430020,2016,0.0,1.0
430040,2016,18.0,18.0
430060,2016,10.0,22.0
430160,2016,46.0,46.0
430210,2016,39.0,39.0
430230,2016,0.0,1.0
430245,2016,0.0,1.0
430260,2016,0.0,1.0
430270,2016,0.0,2.0
430300,2016,19.0,24.0
430310,2016,10.0,30.0
430330,2016,0.0,1.0
430360,2016,0.0,1.0
430380,2016,0.0,1.0
430390,2016,10.0,10.0
430400,2016,0.0,1.0
430440,2016,0.0,2.0
430450,2016,10.0,10.0
430460,2016,87.0,127.0
430463,2016,10.0,10.0
430470,2016,7.0,7.0
430510,2016,168.0,183.0
430530,2016,0.0,2.0
430540,2016,0.0,1.0
430570,2016,0.0,1.0
430580,2016,0.0,2.0
430590,2016,0.0,2.0
430610,2016,14.0,15.0
430620,2016,0.0,1.0
430640,2016,0.0,2.0
430660,2016,5.0,5.0
430692,2016,0.0,1.0
430700,2016,40.0,40.0
430750,2016,0.0,1.0
430770,2016,18.0,33.0
430780,2016,20.0,20.0
430790,2016,10.0,26.0
430800,2016,10.0,10.0
430850,2016,0.0,14.0
430860,2016,0.0,2.0
430910,2016,10.0,10.0
430920,2016,10.0,10.0
430960,2016,0.0,6.0
431020,2016,66.0,75.0
431050,2016,0.0,2.0
431060,2016,0.0,4.0
431100,2016,0.0,1.0
431110,2016,0.0,1.0
431130,2016,0.0,1.0
431140,2016,31.0,38.0
431170,2016,0.0,1.0
431205,2016,0.0,1.0
431220,2016,0.0,1.0
431240,2016,24.0,25.0
431250,2016,0.0,1.0
431275,2016,0.0,1.0
431290,2016,0.0,1.0
431320,2016,0.0,1.0
431340,2016,91.0,108.0
431350,2016,0.0,4.0
431360,2016,0.0,1.0
431370,2016,0.0,2.0
431390,2016,0.0,3.0
431400,2016,0.0,1.0
431402,2016,0.0,1.0
431410,2016,121.0,136.0
431430,2016,0.0,1.0
431440,2016,101.0,133.0
431450,2016,0.0,1.0
431460,2016,0.0,4.0
431470,2016,0.0,1.0
431490,2016,935.0,1211.0
431510,2016,0.0,1.0
431515,2016,0.0,1.0
431560,2016,42.0,65.0
431610,2016,0.0,2.0
431620,2016,0.0,1.0
431630,2016,0.0,2.0
431640,2016,8.0,8.0
431660,2016,0.0,5.0
431680,2016,29.0,44.0
431690,2016,100.0,115.0
431700,2016,0.0,1.0
431710,2016,20.0,22.0
431720,2016,29.0,29.0
431730,2016,0.0,2.0
431740,2016,10.0,10.0
431750,2016,27.0,35.0
431800,2016,7.0,7.0
431820,2016,0.0,1.0
431830,2016,10.0,10.0
431840,2016,0.0,1.0
431870,2016,21.0,33.0
431890,2016,0.0,2.0
431915,2016,0.0,1.0
431990,2016,17.0,19.0
432000,2016,10.0,37.0
432010,2016,0.0,1.0
432020,2016,0.0,1.0
432050,2016,0.0,1.0
432067,2016,0.0,2.0
432070,2016,0.0,1.0
432090,2016,0.0,2.0
432110,2016,0.0,1.0
432120,2016,10.0,10.0
432130,2016,0.0,1.0
432140,2016,10.0,25.0
432150,2016,5.0,7.0
432160,2016,19.0,38.0
432180,2016,6.0,7.0
432190,2016,10.0,10.0
432195,2016,0.0,1.0
432230,2016,0.0,3.0
432240,2016,30.0,51.0
432250,2016,10.0,10.0
432253,2016,0.0,1.0
432260,2016,10.0,10.0
432270,2016,0.0,1.0
432280,2016,0.0,1.0
432290,2016,0.0,2.0
432300,2016,8.0,8.0
500100,2016,0.0,1.0
500110,2016,10.0,24.0
500124,2016,0.0,1.0
500200,2016,0.0,1.0
500210,2016,0.0,1.0
500270,2016,325.0,399.0
500280,2016,0.0,1.0
500295,2016,0.0,2.0
500320,2016,10.0,10.0
500325,2016,0.0,3.0
500348,2016,0.0,1.0
500370,2016,95.0,116.0
500380,2016,0.0,1.0
500450,2016,0.0,1.0
500460,2016,0.0,1.0
500470,2016,0.0,1.0
500525,2016,0.0,1.0
500540,2016,0.0,2.0
500560,2016,0.0,1.0
500600,2016,0.0,2.0
500620,2016,10.0,14.0
500630,2016,0.0,3.0
500690,2016,0.0,1.0
500730,2016,0.0,2.0
500755,2016,0.0,3.0
500790,2016,0.0,5.0
500830,2016,24.0,31.0
510025,2016,0.0,8.0
510060,2016,0.0,1.0
510160,2016,0.0,1.0
510170,2016,0.0,7.0
510180,2016,10.0,15.0
510250,2016,35.0,35.0
510263,2016,0.0,1.0
510267,2016,0.0,1.0
510268,2016,0.0,1.0
510300,2016,0.0,1.0
510320,2016,18.0,18.0
510335,2016,0.0,2.0
510337,2016,0.0,1.0
510340,2016,398.0,445.0
510410,2016,0.0,1.0
510420,2016,0.0,1.0
510460,2016,0.0,1.0
510500,2016,0.0,1.0
510510,2016,3.0,5.0
510515,2016,10.0,15.0
510517,2016,0.0,1.0
510525,2016,20.0,22.0
510558,2016,0.0,1.0
510560,2016,0.0,1.0
510590,2016,0.0,2.0
510622,2016,0.0,3.0
510623,2016,0.0,2.0
510627,2016,0.0,1.0
510629,2016,0.0,1.0
510642,2016,0.0,3.0
510650,2016,0.0,2.0
510675,2016,0.0,3.0
510680,2016,0.0,2.0
510700,2016,0.0,2.0
510704,2016,22.0,29.0
510710,2016,0.0,1.0
510760,2016,59.0,79.0
510770,2016,0.0,1.0
510780,2016,0.0,1.0
510787,2016,0.0,3.0
510790,2016,39.0,50.0
510792,2016,50.0,52.0
510794,2016,0.0,1.0
510795,2016,54.0,67.0
510800,2016,0.0,1.0
510805,2016,0.0,1.0
510810,2016,0.0,1.0
510840,2016,43.0,51.0
520110,2016,110.0,145.0
520140,2016,89.0,92.0
520150,2016,0.0,1.0
520320,2016,0.0,1.0
520350,2016,0.0,1.0
520390,2016,0.0,2.0
520450,2016,20.0,24.0
520500,2016,0.0,1.0
520510,2016,28.0,33.0
520540,2016,20.0,21.0
520545,2016,0.0,1.0
520551,2016,0.0,1.0
520620,2016,0.0,1.0
520850,2016,0.0,1.0
520860,2016,22.0,25.0
520870,2016,916.0,1080.0
520890,2016,10.0,12.0
520910,2016,0.0,32.0
520970,2016,0.0,1.0
520995,2016,0.0,1.0
521000,2016,11.0,20.0
521040,2016,0.0,2.0
521090,2016,0.0,7.0
521150,2016,10.0,25.0
521170,2016,0.0,1.0
521180,2016,0.0,3.0
521190,2016,6.0,7.0
521220,2016,0.0,3.0
521250,2016,5.0,5.0
521308,2016,0.0,1.0
521380,2016,0.0,5.0
521400,2016,0.0,1.0
521450,2016,25.0,26.0
521460,2016,0.0,3.0
521560,2016,0.0,2.0
521640,2016,0.0,1.0
521680,2016,0.0,2.0
521720,2016,0.0,2.0
521730,2016,0.0,4.0
521740,2016,0.0,2.0
521760,2016,0.0,4.0
521770,2016,0.0,1.0
521800,2016,0.0,2.0
521850,2016,11.0,11.0
521860,2016,0.0,1.0
521880,2016,39.0,42.0
521930,2016,20.0,25.0
521975,2016,0.0,1.0
522010,2016,9.0,9.0
522020,2016,0.0,1.0
522040,2016,0.0,2.0
522045,2016,10.0,11.0
522060,2016,0.0,4.0
522160,2016,0.0,2.0
530010,2016,991.0,1205.0
110001,2017,0.0,2.0
110002,2017,19.0,26.0
110004,2017,27.0,27.0
110005,2017,0.0,2.0
110009,2017,0.0,1.0
110011,2017,0.0,1.0
110012,2017,10.0,12.0
110013,2017,0.0,1.0
110015,2017,1.0,3.0
110020,2017,219.0,285.0
110028,2017,0.0,4.0
110030,2017,10.0,19.0
110045,2017,0.0,1.0
110149,2017,0.0,1.0
120020,2017,10.0,26.0
120040,2017,63.0,111.0
130006,2017,0.0,1.0
130014,2017,0.0,2.0
130020,2017,0.0,1.0
130030,2017,0.0,2.0
130060,2017,0.0,4.0
130080,2017,0.0,2.0
130083,2017,0.0,3.0
130120,2017,0.0,3.0
130160,2017,0.0,2.0
130165,2017,0.0,1.0
130170,2017,0.0,2.0
130200,2017,0.0,2.0
130230,2017,0.0,2.0
130250,2017,0.0,9.0
130260,2017,501.0,738.0
130280,2017,0.0,1.0
130340,2017,0.0,10.0
130350,2017,0.0,1.0
130353,2017,0.0,2.0
130356,2017,0.0,2.0
130370,2017,0.0,1.0
130380,2017,0.0,1.0
130400,2017,0.0,1.0
130406,2017,0.0,13.0
130420,2017,0.0,9.0
130426,2017,0.0,1.0
140010,2017,48.0,87.0
140015,2017,0.0,1.0
140028,2017,0.0,1.0
140030,2017,0.0,1.0
140040,2017,0.0,1.0
140045,2017,0.0,1.0
140047,2017,0.0,1.0
140050,2017,0.0,1.0
140060,2017,0.0,1.0
150010,2017,0.0,16.0
150013,2017,0.0,4.0
150040,2017,0.0,4.0
150060,2017,19.0,39.0
150070,2017,0.0,1.0
150080,2017,70.0,93.0
150085,2017,0.0,1.0
150110,2017,0.0,1.0
150120,2017,0.0,1.0
150125,2017,0.0,1.0
150130,2017,0.0,1.0
150140,2017,652.0,852.0
150145,2017,0.0,1.0
150170,2017,30.0,53.0
150175,2017,0.0,1.0
150178,2017,0.0,1.0
150180,2017,17.0,20.0
150210,2017,0.0,4.0
150215,2017,0.0,1.0
150220,2017,10.0,12.0
150230,2017,0.0,2.0
150240,2017,10.0,27.0
150270,2017,0.0,15.0
150280,2017,0.0,1.0
150290,2017,0.0,1.0
150293,2017,0.0,2.0
150310,2017,0.0,1.0
150320,2017,0.0,2.0
150330,2017,0.0,2.0
150340,2017,0.0,1.0
150360,2017,0.0,17.0
150380,2017,0.0,4.0
150400,2017,0.0,1.0
150420,2017,42.0,60.0
150430,2017,0.0,3.0
150440,2017,0.0,1.0
150442,2017,7.0,20.0
150450,2017,0.0,1.0
150460,2017,0.0,1.0
150470,2017,0.0,2.0
150480,2017,0.0,1.0
150503,2017,0.0,1.0
150506,2017,0.0,2.0
150510,2017,0.0,1.0
150520,2017,0.0,1.0
150543,2017,0.0,1.0
150548,2017,0.0,4.0
150549,2017,0.0,1.0
150550,2017,20.0,36.0
150553,2017,0.0,22.0
150565,2017,0.0,2.0
150580,2017,0.0,1.0
150590,2017,0.0,1.0
150613,2017,26.0,40.0
150616,2017,0.0,1.0
150618,2017,0.0,2.0
150619,2017,0.0,2.0
150620,2017,0.0,2.0
150630,2017,0.0,1.0
150680,2017,47.0,75.0
150720,2017,0.0,1.0
150730,2017,0.0,2.0
150747,2017,0.0,1.0
150750,2017,0.0,1.0
150760,2017,0.0,2.0
150780,2017,0.0,1.0
150790,2017,0.0,1.0
150795,2017,0.0,12.0
150800,2017,0.0,1.0
150803,2017,0.0,1.0
150810,2017,30.0,50.0
150812,2017,0.0,3.0
150830,2017,0.0,2.0
150835,2017,0.0,1.0
160020,2017,0.0,5.0
160027,2017,0.0,3.0
160030,2017,33.0,63.0
160060,2017,0.0,2.0
170200,2017,0.0,1.0
170210,2017,56.0,101.0
170230,2017,0.0,1.0
170240,2017,0.0,4.0
170255,2017,0.0,22.0
170930,2017,0.0,4.0
170950,2017,24.0,34.0
171050,2017,0.0,1.0
171320,2017,0.0,2.0
171610,2017,0.0,7.0
171620,2017,0.0,1.0
171650,2017,0.0,1.0
172090,2017,0.0,1.0
172100,2017,131.0,163.0
210005,2017,0.0,3.0
210043,2017,0.0,16.0
210047,2017,0.0,3.0
210083,2017,0.0,1.0
210090,2017,0.0,2.0
210100,2017,0.0,2.0
210120,2017,10.0,37.0
210160,2017,0.0,17.0
210170,2017,0.0,8.0
210177,2017,0.0,1.0
210197,2017,0.0,1.0
210232,2017,0.0,2.0
210280,2017,0.0,1.0
210290,2017,0.0,1.0
210300,2017,37.0,57.0
210320,2017,0.0,4.0
210330,2017,0.0,3.0
210340,2017,0.0,5.0
210350,2017,5.0,5.0
210360,2017,30.0,32.0
210375,2017,0.0,1.0
210405,2017,0.0,3.0
210410,2017,0.0,1.0
210480,2017,0.0,2.0
210530,2017,170.0,207.0
210540,2017,0.0,4.0
210550,2017,0.0,2.0
210565,2017,0.0,1.0
210610,2017,0.0,2.0
210630,2017,0.0,1.0
210663,2017,0.0,6.0
210690,2017,0.0,8.0
210700,2017,0.0,2.0
210710,2017,0.0,1.0
210730,2017,0.0,1.0
210735,2017,0.0,4.0
210760,2017,0.0,1.0
210805,2017,0.0,1.0
210845,2017,0.0,8.0
210850,2017,0.0,1.0
210860,2017,10.0,25.0
210900,2017,0.0,4.0
210910,2017,12.0,13.0
210927,2017,0.0,1.0
210980,2017,0.0,4.0
210990,2017,10.0,44.0
211000,2017,0.0,4.0
211003,2017,0.0,2.0
211023,2017,0.0,1.0
211050,2017,0.0,1.0
211060,2017,0.0,1.0
211105,2017,0.0,1.0
211120,2017,20.0,24.0
211130,2017,450.0,581.0
211210,2017,0.0,8.0
211220,2017,0.0,6.0
211230,2017,0.0,1.0
211250,2017,0.0,1.0
220020,2017,0.0,2.0
220030,2017,0.0,1.0
220040,2017,0.0,1.0
220120,2017,0.0,11.0
220390,2017,20.0,20.0
220430,2017,0.0,1.0
220620,2017,0.0,2.0
220700,2017,0.0,2.0
220770,2017,53.0,65.0
220780,2017,0.0,3.0
220790,2017,0.0,1.0
220800,2017,56.0,86.0
220840,2017,10.0,11.0
221000,2017,0.0,1.0
221050,2017,0.0,1.0
221060,2017,0.0,7.0
221100,2017,214.0,323.0
221110,2017,0.0,1.0
230040,2017,0.0,1.0
230110,2017,0.0,7.0
230130,2017,0.0,2.0
230160,2017,0.0,2.0
230190,2017,45.0,61.0
230210,2017,0.0,3.0
230250,2017,8.0,17.0
230330,2017,0.0,2.0
230370,2017,0.0,7.0
230410,2017,2.0,10.0
230420,2017,25.0,31.0
230440,2017,808.0,1189.0
230500,2017,0.0,2.0
230530,2017,0.0,1.0
230550,2017,0.0,1.0
230580,2017,0.0,1.0
230600,2017,0.0,2.0
230680,2017,0.0,1.0
230730,2017,70.0,86.0
230750,2017,0.0,2.0
230765,2017,10.0,30.0
230780,2017,0.0,1.0
230810,2017,0.0,2.0
230945,2017,0.0,5.0
230960,2017,0.0,13.0
231020,2017,0.0,1.0
231030,2017,0.0,2.0
231060,2017,0.0,1.0
231126,2017,0.0,2.0
231130,2017,10.0,20.0
231135,2017,0.0,1.0
231140,2017,20.0,37.0
231180,2017,0.0,7.0
231190,2017,0.0,1.0
231220,2017,0.0,3.0
231230,2017,0.0,4.0
231290,2017,130.0,182.0
231310,2017,0.0,1.0
231330,2017,0.0,4.0
231340,2017,0.0,17.0
231380,2017,0.0,2.0
240020,2017,0.0,2.0
240030,2017,0.0,1.0
240200,2017,5.0,10.0
240260,2017,0.0,2.0
240310,2017,4.0,4.0
240325,2017,20.0,26.0
240520,2017,0.0,1.0
240610,2017,0.0,1.0
240650,2017,0.0,2.0
240800,2017,132.0,163.0
240810,2017,429.0,517.0
240940,2017,6.0,7.0
241120,2017,10.0,10.0
241140,2017,0.0,1.0
241280,2017,0.0,1.0
241335,2017,0.0,1.0
250040,2017,0.0,1.0
250240,2017,0.0,1.0
250370,2017,7.0,17.0
250400,2017,160.0,236.0
250440,2017,0.0,1.0
250480,2017,0.0,1.0
250570,2017,0.0,1.0
250600,2017,0.0,2.0
250630,2017,6.0,9.0
250750,2017,316.0,442.0
250840,2017,0.0,2.0
250890,2017,10.0,10.0
250920,2017,2.0,3.0
250970,2017,0.0,2.0
251080,2017,23.0,36.0
251120,2017,0.0,5.0
251130,2017,20.0,20.0
251210,2017,6.0,6.0
251230,2017,0.0,1.0
251370,2017,10.0,11.0
251392,2017,0.0,2.0
251430,2017,0.0,1.0
251620,2017,16.0,23.0
251650,2017,0.0,2.0
260005,2017,10.0,10.0
260120,2017,20.0,20.0
260160,2017,0.0,4.0
260190,2017,10.0,10.0
260260,2017,0.0,1.0
260290,2017,35.0,39.0
260345,2017,0.0,10.0
260400,2017,0.0,3.0
260410,2017,88.0,149.0
260510,2017,0.0,3.0
260550,2017,0.0,4.0
260570,2017,0.0,4.0
260600,2017,26.0,34.0
260630,2017,0.0,1.0
260790,2017,99.0,99.0
260890,2017,20.0,30.0
260950,2017,0.0,1.0
260960,2017,41.0,132.0
260990,2017,10.0,10.0
261000,2017,50.0,65.0
261060,2017,0.0,2.0
261070,2017,85.0,91.0
261080,2017,0.0,1.0
261100,2017,0.0,2.0
261110,2017,73.0,108.0
261160,2017,1195.0,1489.0
261170,2017,0.0,1.0
261220,2017,11.0,17.0
261245,2017,0.0,1.0
261247,2017,0.0,1.0
261255,2017,0.0,1.0
261370,2017,10.0,10.0
261390,2017,18.0,23.0
261640,2017,10.0,20.0
270030,2017,96.0,118.0
270130,2017,0.0,1.0
270230,2017,65.0,67.0
270240,2017,0.0,2.0
270400,2017,0.0,1.0
270430,2017,312.0,463.0
270440,2017,0.0,2.0
270630,2017,24.0,27.0
270670,2017,0.0,11.0
270770,2017,0.0,8.0
270800,2017,10.0,30.0
270850,2017,0.0,2.0
270860,2017,15.0,25.0
280020,2017,0.0,1.0
280030,2017,316.0,439.0
280130,2017,0.0,2.0
280210,2017,0.0,3.0
280290,2017,0.0,11.0
280340,2017,0.0,1.0
280350,2017,10.0,15.0
280450,2017,0.0,2.0
280540,2017,0.0,1.0
280570,2017,0.0,4.0
280590,2017,0.0,1.0
280670,2017,0.0,1.0
290010,2017,0.0,1.0
290070,2017,23.0,37.0
290100,2017,0.0,1.0
290160,2017,0.0,2.0
290270,2017,0.0,3.0
290290,2017,0.0,1.0
290300,2017,0.0,4.0
290320,2017,25.0,80.0
290327,2017,0.0,1.0
290340,2017,0.0,1.0
290390,2017,0.0,1.0
290420,2017,0.0,1.0
290490,2017,0.0,1.0
290510,2017,0.0,2.0
290520,2017,0.0,1.0
290550,2017,0.0,1.0
290570,2017,8.0,25.0
290590,2017,0.0,1.0
290600,2017,0.0,10.0
290650,2017,20.0,21.0
290690,2017,2.0,2.0
290750,2017,10.0,13.0
290810,2017,0.0,1.0
290840,2017,0.0,2.0
290850,2017,0.0,16.0
290870,2017,0.0,1.0
290910,2017,0.0,9.0
290930,2017,0.0,1.0
290940,2017,0.0,2.0
290970,2017,0.0,1.0
291040,2017,0.0,1.0
291070,2017,0.0,1.0
291072,2017,19.0,30.0
291080,2017,111.0,186.0
291110,2017,0.0,2.0
291170,2017,20.0,24.0
291190,2017,0.0,11.0
291200,2017,0.0,1.0
291210,2017,0.0,3.0
291320,2017,0.0,2.0
291340,2017,0.0,1.0
291360,2017,60.0,66.0
291390,2017,0.0,4.0
291400,2017,0.0,4.0
291440,2017,0.0,2.0
291460,2017,26.0,31.0
291465,2017,0.0,1.0
291470,2017,0.0,3.0
291480,2017,63.0,93.0
291490,2017,0.0,1.0
291530,2017,0.0,1.0
291560,2017,0.0,2.0
291570,2017,0.0,1.0
291600,2017,0.0,2.0
291640,2017,9.0,10.0
291670,2017,0.0,1.0
291720,2017,0.0,4.0
291735,2017,0.0,1.0
291750,2017,0.0,8.0
291760,2017,0.0,3.0
291800,2017,31.0,41.0
291840,2017,39.0,39.0
291845,2017,0.0,1.0
291880,2017,0.0,1.0
291920,2017,53.0,56.0
291955,2017,0.0,5.0
291980,2017,0.0,2.0
291992,2017,0.0,2.0
292010,2017,0.0,1.0
292020,2017,0.0,1.0
292100,2017,0.0,2.0
292110,2017,0.0,1.0
292120,2017,0.0,1.0
292130,2017,0.0,2.0
292170,2017,0.0,2.0
292200,2017,0.0,2.0
292210,2017,0.0,2.0
292300,2017,0.0,3.0
292310,2017,0.0,2.0
292360,2017,0.0,1.0
292370,2017,0.0,1.0
292400,2017,0.0,8.0
292450,2017,0.0,1.0
292520,2017,0.0,2.0
292530,2017,5.0,23.0
292630,2017,0.0,6.0
292640,2017,0.0,1.0
292660,2017,7.0,13.0
292690,2017,0.0,1.0
292740,2017,1188.0,1518.0
292790,2017,0.0,5.0
292800,2017,0.0,1.0
292810,2017,0.0,2.0
292820,2017,0.0,1.0
292860,2017,0.0,4.0
292870,2017,52.0,65.0
292880,2017,0.0,5.0
292890,2017,0.0,1.0
292900,2017,9.0,10.0
292930,2017,0.0,2.0
292960,2017,0.0,1.0
292990,2017,10.0,10.0
293015,2017,0.0,1.0
293030,2017,0.0,1.0
293070,2017,0.0,4.0
293075,2017,0.0,1.0
293130,2017,0.0,1.0
293135,2017,42.0,57.0
293150,2017,0.0,1.0
293230,2017,0.0,2.0
293260,2017,0.0,2.0
293325,2017,0.0,1.0
293330,2017,90.0,143.0
293345,2017,0.0,2.0
293360,2017,0.0,2.0
310030,2017,0.0,3.0
310150,2017,5.0,8.0
310160,2017,56.0,79.0
310170,2017,0.0,3.0
310210,2017,0.0,2.0
310280,2017,0.0,2.0
310340,2017,0.0,11.0
310350,2017,30.0,40.0
310400,2017,29.0,29.0
310490,2017,10.0,10.0
310540,2017,0.0,1.0
310560,2017,40.0,52.0
310590,2017,0.0,1.0
310620,2017,1572.0,1821.0
310670,2017,76.0,111.0
310740,2017,0.0,2.0
310750,2017,0.0,1.0
310840,2017,0.0,1.0
310860,2017,10.0,19.0
310900,2017,0.0,5.0
310990,2017,0.0,1.0
311000,2017,0.0,10.0
311070,2017,0.0,2.0
311120,2017,11.0,11.0
311150,2017,0.0,1.0
311270,2017,0.0,1.0
311320,2017,0.0,2.0
311330,2017,27.0,28.0
311340,2017,26.0,37.0
311530,2017,10.0,18.0
311550,2017,0.0,2.0
311630,2017,0.0,2.0
311660,2017,0.0,2.0
311830,2017,10.0,11.0
311860,2017,89.0,136.0
311940,2017,20.0,23.0
312090,2017,20.0,20.0
312120,2017,0.0,1.0
312160,2017,30.0,35.0
312200,2017,0.0,6.0
312230,2017,69.0,73.0
312260,2017,0.0,1.0
312390,2017,0.0,1.0
312410,2017,0.0,1.0
312510,2017,10.0,11.0
312560,2017,0.0,1.0
312610,2017,36.0,36.0
312770,2017,78.0,107.0
312800,2017,0.0,2.0
312860,2017,0.0,1.0
312870,2017,10.0,10.0
312940,2017,0.0,1.0
312980,2017,10.0,19.0
313130,2017,50.0,73.0
313170,2017,26.0,34.0
313190,2017,0.0,1.0
313210,2017,0.0,1.0
313240,2017,36.0,36.0
313250,2017,0.0,3.0
313270,2017,0.0,2.0
313330,2017,0.0,2.0
313350,2017,0.0,2.0
313380,2017,10.0,10.0
313420,2017,15.0,16.0
313440,2017,0.0,4.0
313510,2017,20.0,26.0
313540,2017,0.0,1.0
313580,2017,0.0,2.0
313620,2017,10.0,12.0
313630,2017,0.0,2.0
313650,2017,0.0,2.0
313670,2017,289.0,296.0
313710,2017,0.0,1.0
313720,2017,10.0,10.0
313770,2017,0.0,1.0
313790,2017,0.0,1.0
313800,2017,0.0,1.0
313820,2017,39.0,41.0
313840,2017,8.0,10.0
313940,2017,11.0,11.0
313950,2017,10.0,11.0
313960,2017,0.0,1.0
314000,2017,0.0,4.0
314110,2017,0.0,5.0
314180,2017,0.0,1.0
314220,2017,0.0,2.0
314270,2017,0.0,1.0
314310,2017,0.0,4.0
314330,2017,113.0,114.0
314390,2017,68.0,76.0
314400,2017,0.0,1.0
314470,2017,0.0,2.0
314480,2017,124.0,130.0
314500,2017,0.0,1.0
314520,2017,0.0,8.0
314560,2017,10.0,10.0
314590,2017,4.0,4.0
314610,2017,10.0,14.0
314700,2017,8.0,14.0
314710,2017,6.0,6.0
314790,2017,71.0,71.0
314800,2017,102.0,105.0
314810,2017,35.0,40.0
314870,2017,0.0,1.0
315030,2017,0.0,2.0
315080,2017,0.0,2.0
315110,2017,0.0,2.0
315120,2017,18.0,22.0
315150,2017,10.0,10.0
315180,2017,75.0,84.0
315190,2017,0.0,2.0
315200,2017,0.0,1.0
315210,2017,36.0,40.0
315250,2017,59.0,60.0
315280,2017,0.0,1.0
315420,2017,0.0,2.0
315520,2017,0.0,2.0
315550,2017,0.0,1.0
315680,2017,0.0,1.0
315790,2017,0.0,1.0
315990,2017,9.0,9.0
316070,2017,6.0,6.0
316100,2017,0.0,1.0
316200,2017,0.0,1.0
316220,2017,0.0,4.0
316250,2017,26.0,36.0
316270,2017,0.0,1.0
316370,2017,22.0,22.0
316470,2017,37.0,37.0
316530,2017,0.0,1.0
316720,2017,42.0,44.0
316800,2017,10.0,10.0
316860,2017,42.0,42.0
316870,2017,8.0,8.0
316920,2017,0.0,2.0
316930,2017,18.0,18.0
316935,2017,0.0,1.0
316940,2017,10.0,10.0
316970,2017,0.0,3.0
316990,2017,37.0,43.0
317010,2017,111.0,128.0
317020,2017,230.0,253.0
317040,2017,0.0,4.0
317070,2017,54.0,74.0
317120,2017,0.0,1.0
317130,2017,25.0,27.0
317170,2017,0.0,1.0
317200,2017,6.0,6.0
320020,2017,0.0,1.0
320060,2017,10.0,10.0
320080,2017,0.0,3.0
320090,2017,10.0,11.0
320120,2017,119.0,122.0
320130,2017,56.0,58.0
320150,2017,88.0,97.0
320170,2017,0.0,1.0
320230,2017,20.0,20.0
320240,2017,10.0,10.0
320245,2017,0.0,3.0
320260,2017,0.0,2.0
320270,2017,0.0,6.0
320290,2017,0.0,1.0
320310,2017,0.0,1.0
320316,2017,0.0,1.0
320320,2017,40.0,68.0
320340,2017,0.0,1.0
320390,2017,0.0,1.0
320435,2017,0.0,2.0
320460,2017,10.0,13.0
320480,2017,7.0,8.0
320490,2017,58.0,62.0
320500,2017,177.0,243.0
320506,2017,0.0,1.0
320520,2017,140.0,166.0
320530,2017,291.0,335.0
330010,2017,32.0,69.0
330020,2017,24.0,47.0
330023,2017,0.0,6.0
330025,2017,0.0,1.0
330030,2017,14.0,16.0
330040,2017,69.0,73.0
330045,2017,1.0,6.0
330050,2017,0.0,2.0
330060,2017,10.0,12.0
330070,2017,82.0,112.0
330080,2017,0.0,6.0
330090,2017,4.0,6.0
330100,2017,279.0,381.0
330120,2017,0.0,4.0
330130,2017,0.0,9.0
330170,2017,321.0,386.0
330190,2017,18.0,22.0
330200,2017,10.0,23.0
330210,2017,4.0,9.0
330220,2017,102.0,107.0
330240,2017,82.0,95.0
330250,2017,0.0,4.0
330270,2017,0.0,5.0
330280,2017,0.0,1.0
330285,2017,10.0,27.0
330290,2017,0.0,3.0
330300,2017,9.0,12.0
330320,2017,68.0,74.0
330330,2017,418.0,504.0
330340,2017,42.0,54.0
330350,2017,222.0,248.0
330370,2017,7.0,11.0
330380,2017,0.0,2.0
330390,2017,138.0,153.0
330395,2017,0.0,1.0
330400,2017,0.0,4.0
330411,2017,6.0,7.0
330412,2017,0.0,1.0
330414,2017,0.0,3.0
330415,2017,6.0,8.0
330420,2017,66.0,94.0
330430,2017,7.0,10.0
330440,2017,0.0,1.0
330452,2017,10.0,10.0
330455,2017,3503.0,4425.0
330460,2017,0.0,3.0
330470,2017,9.0,11.0
330480,2017,7.0,11.0
330490,2017,209.0,232.0
330510,2017,52.0,112.0
330515,2017,0.0,1.0
330520,2017,0.0,1.0
330530,2017,0.0,4.0
330550,2017,28.0,35.0
330580,2017,30.0,36.0
330590,2017,0.0,3.0
330600,2017,10.0,10.0
330610,2017,20.0,23.0
330615,2017,0.0,2.0
330620,2017,48.0,63.0
330630,2017,144.0,177.0
350010,2017,5.0,5.0
350160,2017,59.0,59.0
350170,2017,10.0,10.0
350190,2017,9.0,10.0
350210,2017,10.0,10.0
350250,2017,9.0,9.0
350280,2017,51.0,71.0
350320,2017,52.0,73.0
350330,2017,37.0,45.0
350390,2017,18.0,23.0
350400,2017,41.0,51.0
350410,2017,27.0,27.0
350450,2017,10.0,15.0
350520,2017,0.0,7.0
350550,2017,78.0,96.0
350570,2017,59.0,90.0
350590,2017,8.0,8.0
350600,2017,156.0,187.0
350610,2017,6.0,9.0
350650,2017,12.0,13.0
350750,2017,68.0,96.0
350760,2017,63.0,89.0
350790,2017,0.0,1.0
350850,2017,5.0,6.0
350900,2017,26.0,40.0
350920,2017,0.0,1.0
350950,2017,565.0,654.0
350960,2017,0.0,2.0
351020,2017,0.0,4.0
351040,2017,10.0,10.0
351050,2017,16.0,18.0
351060,2017,45.0,65.0
351110,2017,60.0,60.0
351140,2017,0.0,5.0
351150,2017,0.0,7.0
351280,2017,7.0,7.0
351300,2017,34.0,61.0
351340,2017,10.0,10.0
351350,2017,15.0,17.0
351380,2017,75.0,159.0
351440,2017,10.0,10.0
351550,2017,10.0,10.0
351570,2017,37.0,71.0
351620,2017,73.0,92.0
351630,2017,29.0,57.0
351640,2017,21.0,32.0
351670,2017,0.0,1.0
351760,2017,0.0,1.0
351840,2017,77.0,79.0
351870,2017,72.0,84.0
351880,2017,276.0,329.0
351907,2017,6.0,10.0
351960,2017,8.0,8.0
352040,2017,0.0,4.0
352044,2017,5.0,9.0
352050,2017,58.0,61.0
352180,2017,0.0,2.0
352210,2017,18.0,18.0
352220,2017,36.0,58.0
352230,2017,13.0,18.0
352240,2017,20.0,22.0
352250,2017,37.0,70.0
352260,2017,11.0,16.0
352270,2017,9.0,9.0
352280,2017,0.0,3.0
352310,2017,20.0,20.0
352320,2017,0.0,7.0
352340,2017,18.0,19.0
352360,2017,0.0,1.0
352390,2017,34.0,43.0
352400,2017,0.0,2.0
352410,2017,10.0,12.0
352430,2017,12.0,14.0
352440,2017,100.0,116.0
352480,2017,25.0,27.0
352520,2017,0.0,1.0
352530,2017,64.0,65.0
352590,2017,149.0,183.0
352610,2017,0.0,1.0
352640,2017,0.0,2.0
352670,2017,8.0,8.0
352680,2017,5.0,5.0
352690,2017,94.0,111.0
352710,2017,28.0,29.0
352720,2017,30.0,30.0
352730,2017,4.0,4.0
352810,2017,0.0,1.0
352850,2017,0.0,1.0
352900,2017,98.0,110.0
352930,2017,28.0,36.0
352940,2017,93.0,113.0
353010,2017,0.0,4.0
353030,2017,0.0,2.0
353050,2017,10.0,10.0
353060,2017,126.0,156.0
353070,2017,30.0,40.0
353080,2017,24.0,31.0
353130,2017,13.0,16.0
353350,2017,6.0,6.0
353390,2017,7.0,7.0
353440,2017,145.0,173.0
353460,2017,0.0,1.0
353470,2017,36.0,40.0
353550,2017,10.0,10.0
353620,2017,16.0,27.0
353650,2017,6.0,6.0
353700,2017,0.0,2.0
353730,2017,8.0,11.0
353740,2017,0.0,4.0
353800,2017,30.0,40.0
353870,2017,122.0,144.0
353930,2017,10.0,10.0
354070,2017,4.0,4.0
354100,2017,40.0,40.0
354140,2017,94.0,119.0
354150,2017,6.0,6.0
354160,2017,8.0,8.0
354220,2017,5.0,9.0
354240,2017,0.0,2.0
354330,2017,11.0,12.0
354340,2017,280.0,343.0
354390,2017,54.0,69.0
354400,2017,0.0,1.0
354425,2017,0.0,2.0
354520,2017,16.0,17.0
354580,2017,9.0,10.0
354640,2017,13.0,20.0
354660,2017,7.0,7.0
354680,2017,7.0,7.0
354730,2017,0.0,1.0
354780,2017,324.0,406.0
354850,2017,279.0,300.0
354870,2017,256.0,335.0
354880,2017,192.0,206.0
354890,2017,60.0,70.0
354910,2017,20.0,20.0
354940,2017,8.0,8.0
354970,2017,7.0,7.0
354980,2017,288.0,354.0
354990,2017,245.0,291.0
355010,2017,0.0,2.0
355030,2017,4896.0,6418.0
355060,2017,11.0,12.0
355070,2017,8.0,8.0
355100,2017,23.0,37.0
355170,2017,29.0,38.0
355220,2017,186.0,230.0
355240,2017,36.0,49.0
355250,2017,49.0,69.0
355280,2017,33.0,63.0
355300,2017,0.0,1.0
355370,2017,8.0,12.0
355380,2017,0.0,1.0
355400,2017,18.0,20.0
355410,2017,84.0,84.0
355450,2017,0.0,1.0
355500,2017,18.0,18.0
355540,2017,0.0,7.0
355620,2017,52.0,54.0
355670,2017,11.0,11.0
355700,2017,12.0,12.0
355710,2017,28.0,28.0
410090,2017,0.0,1.0
410100,2017,0.0,1.0
410120,2017,0.0,1.0
410140,2017,28.0,28.0
410150,2017,79.0,79.0
410170,2017,0.0,1.0
410180,2017,18.0,25.0
410240,2017,12.0,15.0
410250,2017,0.0,1.0
410305,2017,0.0,1.0
410330,2017,0.0,1.0
410370,2017,16.0,20.0
410400,2017,87.0,89.0
410420,2017,385.0,393.0
410430,2017,39.0,47.0
410445,2017,0.0,2.0
410450,2017,0.0,1.0
410460,2017,0.0,1.0
410480,2017,166.0,191.0
410490,2017,9.0,9.0
410550,2017,18.0,19.0
410560,2017,0.0,1.0
410630,2017,0.0,1.0
410640,2017,34.0,34.0
410650,2017,0.0,12.0
410680,2017,0.0,2.0
410690,2017,726.0,878.0
410720,2017,0.0,2.0
410730,2017,0.0,1.0
410765,2017,0.0,2.0
410790,2017,0.0,1.0
410830,2017,73.0,84.0
410840,2017,54.0,60.0
410860,2017,0.0,5.0
410940,2017,40.0,58.0
410975,2017,0.0,1.0
411050,2017,0.0,2.0
411070,2017,22.0,22.0
411110,2017,0.0,4.0
411125,2017,0.0,3.0
411150,2017,42.0,47.0
411160,2017,0.0,1.0
411180,2017,16.0,17.0
411190,2017,0.0,1.0
411210,2017,0.0,9.0
411240,2017,0.0,1.0
411295,2017,0.0,1.0
411320,2017,0.0,2.0
411330,2017,0.0,2.0
411350,2017,0.0,2.0
411370,2017,236.0,319.0
411375,2017,0.0,1.0
411420,2017,0.0,3.0
411440,2017,0.0,2.0
411450,2017,0.0,1.0
411460,2017,0.0,6.0
411520,2017,170.0,188.0
411535,2017,0.0,1.0
411540,2017,0.0,1.0
411580,2017,17.0,21.0
411690,2017,0.0,1.0
411695,2017,0.0,1.0
411710,2017,0.0,1.0
411720,2017,0.0,1.0
411722,2017,0.0,1.0
411725,2017,0.0,1.0
411727,2017,0.0,1.0
411740,2017,0.0,2.0
411750,2017,0.0,4.0
411760,2017,10.0,10.0
411770,2017,0.0,2.0
411790,2017,0.0,1.0
411820,2017,25.0,32.0
411830,2017,0.0,1.0
411840,2017,22.0,27.0
411850,2017,46.0,47.0
411910,2017,0.0,2.0
411915,2017,0.0,1.0
411930,2017,0.0,4.0
411960,2017,0.0,4.0
411980,2017,0.0,1.0
411990,2017,90.0,118.0
412035,2017,0.0,2.0
412060,2017,0.0,10.0
412090,2017,0.0,1.0
412100,2017,0.0,2.0
412200,2017,0.0,1.0
412240,2017,0.0,1.0
412260,2017,0.0,1.0
412265,2017,0.0,1.0
412300,2017,0.0,1.0
412410,2017,10.0,12.0
412440,2017,0.0,1.0
412510,2017,0.0,6.0
412520,2017,0.0,2.0
412530,2017,0.0,1.0
412550,2017,29.0,39.0
412570,2017,30.0,40.0
412580,2017,0.0,1.0
412625,2017,27.0,27.0
412670,2017,0.0,1.0
412710,2017,12.0,12.0
412720,2017,0.0,1.0
412730,2017,0.0,1.0
412740,2017,0.0,1.0
412770,2017,47.0,48.0
412780,2017,0.0,1.0
412810,2017,87.0,98.0
412820,2017,27.0,32.0
412860,2017,0.0,1.0
420020,2017,0.0,1.0
420040,2017,0.0,1.0
420070,2017,0.0,1.0
420080,2017,0.0,1.0
420110,2017,0.0,1.0
420127,2017,0.0,1.0
420140,2017,10.0,10.0
420200,2017,47.0,57.0
420240,2017,93.0,113.0
420290,2017,10.0,10.0
420300,2017,20.0,20.0
420310,2017,0.0,1.0
420350,2017,0.0,2.0
420360,2017,0.0,1.0
420380,2017,10.0,12.0
420410,2017,0.0,2.0
420420,2017,43.0,47.0
420430,2017,22.0,32.0
420460,2017,64.0,64.0
420470,2017,0.0,1.0
420480,2017,18.0,34.0
420490,2017,0.0,1.0
420500,2017,0.0,2.0
420530,2017,0.0,2.0
420540,2017,210.0,265.0
420580,2017,0.0,1.0
420690,2017,0.0,5.0
420730,2017,0.0,1.0
420750,2017,0.0,4.0
420760,2017,0.0,2.0
420765,2017,0.0,1.0
420770,2017,0.0,1.0
420780,2017,0.0,1.0
420790,2017,0.0,1.0
420800,2017,0.0,2.0
420820,2017,49.0,67.0
420840,2017,0.0,2.0
420850,2017,10.0,10.0
420880,2017,0.0,1.0
420890,2017,40.0,52.0
420900,2017,10.0,10.0
420910,2017,126.0,175.0
420930,2017,38.0,54.0
420940,2017,0.0,2.0
420960,2017,0.0,1.0
420985,2017,0.0,1.0
421000,2017,0.0,2.0
421010,2017,19.0,21.0
421030,2017,0.0,1.0
421050,2017,10.0,12.0
421090,2017,0.0,2.0
421100,2017,0.0,1.0
421105,2017,0.0,1.0
421120,2017,0.0,2.0
421140,2017,0.0,1.0
421190,2017,0.0,2.0
421200,2017,0.0,1.0
421210,2017,0.0,1.0
421260,2017,0.0,1.0
421290,2017,0.0,1.0
421340,2017,0.0,1.0
421360,2017,8.0,8.0
421450,2017,0.0,2.0
421480,2017,26.0,40.0
421500,2017,0.0,4.0
421530,2017,0.0,1.0
421550,2017,0.0,1.0
421570,2017,0.0,1.0
421580,2017,10.0,10.0
421600,2017,0.0,1.0
421625,2017,0.0,1.0
421650,2017,0.0,3.0
421660,2017,72.0,88.0
421670,2017,0.0,1.0
421690,2017,0.0,2.0
421720,2017,10.0,12.0
421730,2017,0.0,1.0
421750,2017,0.0,2.0
421770,2017,0.0,1.0
421780,2017,0.0,1.0
421790,2017,0.0,1.0
421820,2017,10.0,10.0
421830,2017,0.0,1.0
421860,2017,0.0,2.0
421870,2017,48.0,50.0
421875,2017,0.0,1.0
421890,2017,0.0,1.0
421910,2017,0.0,1.0
421920,2017,0.0,1.0
421930,2017,18.0,27.0
421950,2017,23.0,23.0
421960,2017,0.0,1.0
421970,2017,0.0,2.0
430010,2017,0.0,1.0
430020,2017,0.0,1.0
430040,2017,18.0,18.0
430060,2017,10.0,22.0
430160,2017,46.0,46.0
430210,2017,39.0,39.0
430230,2017,0.0,1.0
430245,2017,0.0,1.0
430260,2017,0.0,1.0
430270,2017,0.0,2.0
430300,2017,19.0,25.0
430310,2017,10.0,30.0
430330,2017,0.0,1.0
430360,2017,0.0,1.0
430380,2017,0.0,1.0
430390,2017,10.0,10.0
430400,2017,0.0,1.0
430440,2017,0.0,2.0
430450,2017,10.0,10.0
430460,2017,87.0,127.0
430463,2017,10.0,10.0
430470,2017,7.0,7.0
430510,2017,168.0,183.0
430530,2017,0.0,3.0
430540,2017,0.0,1.0
430570,2017,0.0,1.0
430580,2017,0.0,2.0
430590,2017,0.0,2.0
430610,2017,14.0,15.0
430620,2017,0.0,1.0
430640,2017,0.0,2.0
430660,2017,5.0,5.0
430692,2017,0.0,1.0
430700,2017,40.0,40.0
430750,2017,0.0,1.0
430770,2017,18.0,33.0
430780,2017,20.0,20.0
430790,2017,10.0,26.0
430800,2017,1.0,15.0
430850,2017,10.0,24.0
430860,2017,0.0,2.0
430910,2017,10.0,10.0
430920,2017,10.0,10.0
430930,2017,0.0,1.0
430960,2017,0.0,4.0
431020,2017,66.0,75.0
431050,2017,0.0,2.0
431060,2017,0.0,4.0
431100,2017,0.0,1.0
431110,2017,0.0,1.0
431130,2017,0.0,1.0
431140,2017,31.0,38.0
431170,2017,0.0,1.0
431205,2017,0.0,1.0
431220,2017,0.0,1.0
431240,2017,24.0,25.0
431250,2017,0.0,1.0
431290,2017,0.0,1.0
431320,2017,0.0,1.0
431340,2017,77.0,93.0
431350,2017,0.0,5.0
431360,2017,0.0,1.0
431370,2017,0.0,2.0
431390,2017,0.0,3.0
431400,2017,0.0,1.0
431402,2017,0.0,1.0
431410,2017,121.0,136.0
431430,2017,0.0,1.0
431440,2017,101.0,133.0
431450,2017,0.0,1.0
431460,2017,0.0,4.0
431470,2017,0.0,1.0
431490,2017,886.0,1211.0
431510,2017,0.0,1.0
431515,2017,0.0,1.0
431560,2017,46.0,69.0
431610,2017,0.0,2.0
431620,2017,0.0,1.0
431630,2017,0.0,2.0
431640,2017,8.0,8.0
431660,2017,0.0,5.0
431680,2017,29.0,44.0
431690,2017,100.0,115.0
431710,2017,20.0,22.0
431720,2017,44.0,44.0
431730,2017,0.0,2.0
431740,2017,10.0,10.0
431750,2017,27.0,35.0
431800,2017,7.0,7.0
431830,2017,10.0,10.0
431840,2017,0.0,1.0
431870,2017,20.0,32.0
431890,2017,0.0,2.0
431915,2017,0.0,1.0
431990,2017,17.0,19.0
432000,2017,10.0,36.0
432010,2017,0.0,1.0
432020,2017,0.0,1.0
432050,2017,0.0,1.0
432067,2017,0.0,2.0
432070,2017,0.0,1.0
432090,2017,0.0,2.0
432110,2017,0.0,1.0
432120,2017,10.0,10.0
432130,2017,0.0,1.0
432140,2017,10.0,25.0
432150,2017,5.0,7.0
432160,2017,19.0,38.0
432180,2017,6.0,7.0
432190,2017,10.0,10.0
432195,2017,0.0,1.0
432230,2017,0.0,3.0
432240,2017,28.0,49.0
432250,2017,10.0,10.0
432253,2017,0.0,1.0
432260,2017,10.0,10.0
432270,2017,0.0,1.0
432280,2017,0.0,1.0
432290,2017,0.0,2.0
432300,2017,8.0,8.0
500100,2017,0.0,2.0
500110,2017,10.0,20.0
500124,2017,0.0,1.0
500200,2017,0.0,1.0
500210,2017,0.0,1.0
500260,2017,0.0,1.0
500270,2017,332.0,409.0
500280,2017,0.0,1.0
500295,2017,0.0,2.0
500320,2017,10.0,10.0
500325,2017,0.0,1.0
500348,2017,0.0,1.0
500370,2017,95.0,116.0
500380,2017,0.0,1.0
500450,2017,0.0,1.0
500460,2017,0.0,1.0
500470,2017,0.0,1.0
500525,2017,0.0,1.0
500540,2017,0.0,2.0
500560,2017,0.0,1.0
500600,2017,0.0,2.0
500620,2017,10.0,14.0
500630,2017,0.0,3.0
500660,2017,10.0,10.0
500690,2017,0.0,1.0
500730,2017,0.0,2.0
500755,2017,0.0,3.0
500790,2017,0.0,5.0
500830,2017,24.0,31.0
510025,2017,0.0,8.0
510060,2017,0.0,1.0
510160,2017,0.0,1.0
510170,2017,0.0,7.0
510180,2017,10.0,15.0
510250,2017,35.0,35.0
510263,2017,0.0,1.0
510267,2017,0.0,1.0
510268,2017,0.0,1.0
510300,2017,0.0,1.0
510320,2017,18.0,18.0
510335,2017,0.0,2.0
510337,2017,0.0,1.0
510340,2017,476.0,535.0
510410,2017,0.0,2.0
510420,2017,0.0,1.0
510460,2017,0.0,1.0
510500,2017,0.0,1.0
510510,2017,0.0,2.0
510515,2017,10.0,15.0
510517,2017,0.0,1.0
510525,2017,20.0,22.0
510550,2017,0.0,3.0
510558,2017,0.0,1.0
510560,2017,0.0,1.0
510590,2017,0.0,2.0
510622,2017,0.0,3.0
510623,2017,0.0,2.0
510627,2017,0.0,1.0
510629,2017,0.0,1.0
510637,2017,0.0,1.0
510642,2017,0.0,2.0
510650,2017,0.0,2.0
510675,2017,0.0,2.0
510680,2017,0.0,2.0
510700,2017,0.0,2.0
510704,2017,22.0,29.0
510710,2017,0.0,1.0
510760,2017,59.0,77.0
510770,2017,0.0,1.0
510780,2017,0.0,1.0
510787,2017,0.0,3.0
510790,2017,39.0,44.0
510792,2017,40.0,44.0
510794,2017,0.0,1.0
510795,2017,65.0,76.0
510800,2017,0.0,1.0
510805,2017,0.0,1.0
510810,2017,0.0,1.0
510840,2017,43.0,51.0
520110,2017,110.0,128.0
520140,2017,89.0,92.0
520150,2017,0.0,1.0
520320,2017,0.0,1.0
520350,2017,0.0,2.0
520355,2017,0.0,1.0
520390,2017,0.0,2.0
520450,2017,20.0,24.0
520465,2017,0.0,1.0
520500,2017,0.0,1.0
520510,2017,28.0,33.0
520540,2017,20.0,21.0
520545,2017,0.0,1.0
520551,2017,0.0,1.0
520620,2017,0.0,1.0
520753,2017,0.0,1.0
520800,2017,0.0,1.0
520850,2017,0.0,1.0
520860,2017,16.0,19.0
520870,2017,916.0,1096.0
520890,2017,10.0,12.0
520910,2017,0.0,32.0
520970,2017,0.0,1.0
520995,2017,0.0,1.0
521000,2017,11.0,20.0
521020,2017,0.0,2.0
521040,2017,0.0,2.0
521090,2017,0.0,7.0
521150,2017,10.0,25.0
521170,2017,0.0,1.0
521180,2017,0.0,3.0
521190,2017,16.0,20.0
521220,2017,0.0,3.0
521250,2017,5.0,5.0
521308,2017,0.0,1.0
521310,2017,10.0,10.0
521380,2017,0.0,5.0
521400,2017,0.0,1.0
521450,2017,25.0,26.0
521460,2017,0.0,3.0
521560,2017,0.0,2.0
521640,2017,0.0,1.0
521720,2017,0.0,2.0
521730,2017,0.0,4.0
521740,2017,0.0,2.0
521760,2017,0.0,4.0
521770,2017,0.0,1.0
521800,2017,0.0,2.0
521850,2017,11.0,11.0
521860,2017,0.0,1.0
521880,2017,39.0,52.0
521930,2017,20.0,25.0
521975,2017,0.0,1.0
522010,2017,9.0,9.0
522020,2017,0.0,1.0
522040,2017,0.0,2.0
522045,2017,10.0,11.0
522060,2017,0.0,4.0
522160,2017,0.0,6.0
530010,2017,1030.0,1318.0
110001,2018,0.0,2.0
110002,2018,43.0,62.0
110004,2018,27.0,27.0
110005,2018,0.0,2.0
110009,2018,0.0,1.0
110012,2018,10.0,12.0
110013,2018,0.0,1.0
110015,2018,1.0,3.0
110020,2018,243.0,319.0
110028,2018,0.0,4.0
110030,2018,10.0,19.0
110045,2018,0.0,1.0
110149,2018,0.0,1.0
120020,2018,12.0,31.0
120040,2018,63.0,111.0
130006,2018,0.0,1.0
130014,2018,0.0,2.0
130020,2018,0.0,1.0
130030,2018,0.0,2.0
130060,2018,0.0,4.0
130080,2018,0.0,2.0
130083,2018,0.0,3.0
130120,2018,0.0,3.0
130160,2018,0.0,2.0
130165,2018,0.0,1.0
130170,2018,0.0,1.0
130200,2018,0.0,2.0
130230,2018,0.0,2.0
130250,2018,0.0,9.0
130260,2018,525.0,805.0
130280,2018,0.0,1.0
130300,2018,0.0,1.0
130340,2018,0.0,16.0
130350,2018,0.0,1.0
130353,2018,0.0,2.0
130356,2018,0.0,2.0
130370,2018,0.0,1.0
130380,2018,0.0,2.0
130400,2018,0.0,1.0
130406,2018,0.0,13.0
130420,2018,0.0,9.0
130426,2018,0.0,1.0
140010,2018,48.0,87.0
140015,2018,0.0,1.0
140030,2018,0.0,1.0
140040,2018,0.0,1.0
140045,2018,0.0,1.0
140047,2018,0.0,1.0
140050,2018,0.0,1.0
140060,2018,0.0,1.0
150010,2018,0.0,16.0
150013,2018,0.0,4.0
150040,2018,0.0,3.0
150060,2018,20.0,40.0
150070,2018,0.0,1.0
150080,2018,70.0,93.0
150085,2018,0.0,1.0
150110,2018,0.0,1.0
150120,2018,0.0,1.0
150125,2018,0.0,1.0
150130,2018,20.0,31.0
150140,2018,655.0,856.0
150145,2018,0.0,1.0
150170,2018,30.0,53.0
150175,2018,0.0,1.0
150178,2018,0.0,1.0
150180,2018,17.0,20.0
150210,2018,0.0,4.0
150215,2018,0.0,1.0
150220,2018,10.0,12.0
150230,2018,0.0,1.0
150240,2018,20.0,37.0
150270,2018,0.0,15.0
150280,2018,0.0,1.0
150290,2018,0.0,1.0
150293,2018,0.0,2.0
150310,2018,0.0,1.0
150320,2018,0.0,2.0
150340,2018,0.0,1.0
150345,2018,0.0,1.0
150360,2018,0.0,17.0
150380,2018,0.0,4.0
150400,2018,0.0,1.0
150420,2018,38.0,54.0
150430,2018,0.0,3.0
150440,2018,0.0,1.0
150442,2018,7.0,20.0
150450,2018,0.0,1.0
150460,2018,0.0,1.0
150470,2018,0.0,2.0
150480,2018,0.0,1.0
150503,2018,0.0,1.0
150506,2018,0.0,2.0
150510,2018,0.0,1.0
150520,2018,0.0,1.0
150543,2018,0.0,1.0
150548,2018,0.0,1.0
150549,2018,0.0,1.0
150550,2018,20.0,35.0
150553,2018,9.0,32.0
150565,2018,0.0,2.0
150580,2018,0.0,1.0
150590,2018,0.0,1.0
150613,2018,26.0,40.0
150616,2018,0.0,1.0
150618,2018,0.0,2.0
150619,2018,0.0,2.0
150620,2018,0.0,2.0
150630,2018,0.0,1.0
150680,2018,56.0,81.0
150720,2018,0.0,1.0
150730,2018,0.0,2.0
150747,2018,0.0,1.0
150750,2018,0.0,1.0
150760,2018,0.0,2.0
150780,2018,0.0,1.0
150790,2018,0.0,1.0
150795,2018,0.0,12.0
150800,2018,0.0,1.0
150803,2018,0.0,1.0
150810,2018,30.0,50.0
150812,2018,0.0,3.0
150830,2018,0.0,2.0
150835,2018,0.0,1.0
160020,2018,0.0,5.0
160027,2018,0.0,1.0
160030,2018,73.0,121.0
160060,2018,16.0,17.0
170200,2018,0.0,1.0
170210,2018,66.0,111.0
170230,2018,0.0,1.0
170240,2018,0.0,5.0
170255,2018,0.0,22.0
170930,2018,0.0,4.0
170950,2018,24.0,34.0
171050,2018,0.0,1.0
171320,2018,0.0,2.0
171610,2018,0.0,7.0
171620,2018,0.0,1.0
171650,2018,0.0,1.0
171660,2018,0.0,1.0
172090,2018,0.0,1.0
172100,2018,139.0,172.0
210005,2018,0.0,3.0
210043,2018,0.0,16.0
210047,2018,0.0,3.0
210083,2018,0.0,1.0
210090,2018,0.0,2.0
210100,2018,0.0,2.0
210120,2018,10.0,37.0
210140,2018,14.0,21.0
210160,2018,0.0,17.0
210170,2018,0.0,8.0
210177,2018,0.0,1.0
210197,2018,0.0,1.0
210232,2018,0.0,2.0
210280,2018,0.0,1.0
210290,2018,0.0,1.0
210300,2018,37.0,57.0
210320,2018,10.0,16.0
210330,2018,0.0,3.0
210340,2018,0.0,5.0
210350,2018,5.0,5.0
210360,2018,30.0,32.0
210375,2018,0.0,1.0
210405,2018,0.0,3.0
210410,2018,0.0,1.0
210480,2018,0.0,2.0
210530,2018,170.0,211.0
210540,2018,0.0,4.0
210550,2018,0.0,2.0
210565,2018,0.0,1.0
210610,2018,0.0,2.0
210630,2018,0.0,1.0
210663,2018,0.0,6.0
210690,2018,0.0,8.0
210700,2018,0.0,2.0
210710,2018,0.0,1.0
210730,2018,0.0,1.0
210735,2018,0.0,4.0
210760,2018,0.0,1.0
210805,2018,0.0,1.0
210845,2018,0.0,8.0
210850,2018,0.0,1.0
210860,2018,10.0,25.0
210900,2018,0.0,4.0
210910,2018,11.0,12.0
210927,2018,0.0,1.0
210980,2018,0.0,2.0
210990,2018,10.0,44.0
211000,2018,0.0,4.0
211003,2018,0.0,2.0
211023,2018,0.0,1.0
211050,2018,0.0,1.0
211060,2018,0.0,1.0
211105,2018,0.0,1.0
211120,2018,20.0,24.0
211130,2018,423.0,532.0
211210,2018,0.0,8.0
211220,2018,0.0,6.0
211230,2018,0.0,1.0
211250,2018,0.0,1.0
220020,2018,0.0,2.0
220030,2018,0.0,1.0
220040,2018,0.0,1.0
220120,2018,0.0,11.0
220390,2018,20.0,20.0
220430,2018,0.0,1.0
220620,2018,0.0,2.0
220700,2018,0.0,2.0
220770,2018,53.0,79.0
220780,2018,0.0,3.0
220790,2018,0.0,1.0
220800,2018,50.0,73.0
220840,2018,10.0,11.0
221000,2018,0.0,1.0
221050,2018,0.0,1.0
221060,2018,0.0,7.0
221100,2018,252.0,368.0
221110,2018,0.0,1.0
230040,2018,0.0,1.0
230110,2018,0.0,7.0
230130,2018,0.0,2.0
230160,2018,0.0,2.0
230190,2018,45.0,61.0
230210,2018,0.0,3.0
230250,2018,10.0,19.0
230330,2018,0.0,2.0
230370,2018,0.0,7.0
230390,2018,0.0,4.0
230410,2018,2.0,10.0
230420,2018,45.0,51.0
230440,2018,874.0,1265.0
230500,2018,0.0,2.0
230530,2018,0.0,1.0
230550,2018,6.0,14.0
230600,2018,0.0,2.0
230680,2018,0.0,1.0
230730,2018,70.0,86.0
230750,2018,0.0,2.0
230765,2018,10.0,30.0
230780,2018,0.0,1.0
230810,2018,0.0,2.0
230945,2018,0.0,5.0
230960,2018,0.0,13.0
231020,2018,0.0,1.0
231030,2018,0.0,2.0
231060,2018,0.0,1.0
231126,2018,0.0,2.0
231130,2018,10.0,21.0
231135,2018,0.0,1.0
231140,2018,20.0,21.0
231180,2018,0.0,8.0
231190,2018,0.0,1.0
231220,2018,0.0,3.0
231230,2018,0.0,4.0
231290,2018,134.0,186.0
231310,2018,0.0,1.0
231330,2018,0.0,4.0
231340,2018,0.0,17.0
231380,2018,0.0,2.0
240020,2018,0.0,2.0
240030,2018,0.0,1.0
240200,2018,5.0,10.0
240260,2018,0.0,2.0
240310,2018,4.0,4.0
240325,2018,20.0,26.0
240470,2018,0.0,6.0
240520,2018,0.0,1.0
240650,2018,0.0,2.0
240800,2018,131.0,162.0
240810,2018,374.0,461.0
240940,2018,10.0,11.0
241120,2018,5.0,11.0
241140,2018,0.0,1.0
241280,2018,0.0,1.0
241335,2018,0.0,1.0
250040,2018,0.0,1.0
250240,2018,0.0,1.0
250370,2018,7.0,17.0
250400,2018,159.0,211.0
250440,2018,0.0,1.0
250480,2018,0.0,1.0
250570,2018,0.0,1.0
250600,2018,0.0,2.0
250630,2018,6.0,9.0
250750,2018,326.0,445.0
250840,2018,0.0,2.0
250890,2018,10.0,10.0
250920,2018,2.0,3.0
250970,2018,0.0,2.0
251080,2018,23.0,36.0
251120,2018,0.0,5.0
251130,2018,20.0,20.0
251210,2018,6.0,6.0
251230,2018,0.0,1.0
251370,2018,50.0,62.0
251392,2018,0.0,2.0
251430,2018,0.0,1.0
251620,2018,16.0,23.0
251650,2018,0.0,2.0
260005,2018,32.0,32.0
260120,2018,13.0,13.0
260140,2018,4.0,6.0
260160,2018,0.0,4.0
260190,2018,10.0,10.0
260260,2018,0.0,1.0
260290,2018,40.0,44.0
260345,2018,0.0,10.0
260400,2018,0.0,3.0
260410,2018,88.0,149.0
260510,2018,0.0,3.0
260550,2018,0.0,4.0
260570,2018,0.0,4.0
260600,2018,26.0,34.0
260630,2018,0.0,1.0
260790,2018,92.0,92.0
260890,2018,20.0,20.0
260950,2018,0.0,1.0
260960,2018,41.0,132.0
260990,2018,10.0,10.0
261000,2018,50.0,65.0
261060,2018,0.0,2.0
261070,2018,85.0,91.0
261080,2018,0.0,1.0
261100,2018,0.0,2.0
261110,2018,77.0,112.0
261160,2018,1294.0,1582.0
261170,2018,0.0,1.0
261220,2018,11.0,17.0
261245,2018,0.0,1.0
261247,2018,0.0,1.0
261255,2018,0.0,1.0
261370,2018,10.0,10.0
261390,2018,17.0,20.0
261640,2018,10.0,20.0
270030,2018,110.0,135.0
270130,2018,0.0,1.0
270230,2018,37.0,38.0
270240,2018,0.0,2.0
270400,2018,0.0,1.0
270430,2018,271.0,403.0
270440,2018,0.0,2.0
270630,2018,16.0,19.0
270670,2018,0.0,11.0
270770,2018,0.0,8.0
270800,2018,20.0,40.0
270850,2018,0.0,2.0
270860,2018,15.0,25.0
280020,2018,0.0,1.0
280030,2018,329.0,451.0
280130,2018,0.0,2.0
280210,2018,0.0,3.0
280290,2018,0.0,11.0
280340,2018,0.0,1.0
280350,2018,10.0,15.0
280450,2018,0.0,2.0
280540,2018,0.0,1.0
280570,2018,0.0,4.0
280590,2018,0.0,1.0
280670,2018,0.0,1.0
290010,2018,0.0,1.0
290070,2018,13.0,27.0
290100,2018,0.0,1.0
290160,2018,0.0,2.0
290270,2018,0.0,3.0
290290,2018,0.0,1.0
290300,2018,0.0,4.0
290320,2018,25.0,49.0
290327,2018,0.0,1.0
290340,2018,0.0,1.0
290390,2018,0.0,1.0
290450,2018,0.0,1.0
290460,2018,20.0,20.0
290490,2018,0.0,1.0
290510,2018,0.0,2.0
290520,2018,0.0,1.0
290550,2018,0.0,1.0
290570,2018,8.0,26.0
290590,2018,0.0,1.0
290600,2018,0.0,10.0
290650,2018,20.0,21.0
290690,2018,0.0,1.0
290750,2018,10.0,13.0
290810,2018,0.0,1.0
290840,2018,0.0,2.0
290850,2018,0.0,16.0
290870,2018,0.0,1.0
290910,2018,0.0,9.0
290930,2018,0.0,1.0
290940,2018,0.0,2.0
290970,2018,0.0,1.0
290980,2018,0.0,5.0
291040,2018,0.0,1.0
291070,2018,0.0,1.0
291072,2018,19.0,30.0
291080,2018,131.0,220.0
291110,2018,0.0,2.0
291170,2018,20.0,24.0
291190,2018,0.0,11.0
291200,2018,0.0,1.0
291210,2018,0.0,3.0
291320,2018,0.0,2.0
291340,2018,0.0,1.0
291360,2018,60.0,69.0
291390,2018,0.0,4.0
291400,2018,0.0,4.0
291440,2018,0.0,2.0
291460,2018,26.0,31.0
291465,2018,0.0,1.0
291470,2018,0.0,2.0
291480,2018,74.0,104.0
291490,2018,0.0,1.0
291530,2018,0.0,1.0
291560,2018,0.0,2.0
291600,2018,0.0,2.0
291640,2018,9.0,10.0
291670,2018,0.0,1.0
291720,2018,0.0,4.0
291735,2018,0.0,1.0
291750,2018,0.0,8.0
291760,2018,0.0,3.0
291800,2018,50.0,65.0
291840,2018,39.0,39.0
291845,2018,0.0,1.0
291880,2018,0.0,1.0
291920,2018,43.0,46.0
291955,2018,0.0,5.0
291980,2018,0.0,2.0
291992,2018,0.0,2.0
292010,2018,0.0,1.0
292020,2018,0.0,1.0
292050,2018,0.0,2.0
292100,2018,0.0,1.0
292110,2018,0.0,1.0
292120,2018,0.0,1.0
292130,2018,0.0,2.0
292170,2018,0.0,2.0
292200,2018,0.0,2.0
292210,2018,0.0,2.0
292300,2018,0.0,3.0
292310,2018,0.0,2.0
292360,2018,0.0,1.0
292370,2018,0.0,1.0
292400,2018,0.0,8.0
292450,2018,0.0,1.0
292520,2018,0.0,2.0
292530,2018,10.0,24.0
292630,2018,0.0,6.0
292640,2018,0.0,1.0
292660,2018,7.0,13.0
292690,2018,0.0,1.0
292740,2018,1251.0,1621.0
292790,2018,0.0,5.0
292800,2018,0.0,1.0
292810,2018,0.0,2.0
292820,2018,0.0,1.0
292860,2018,0.0,4.0
292870,2018,42.0,55.0
292880,2018,0.0,4.0
292890,2018,0.0,1.0
292900,2018,9.0,10.0
292920,2018,0.0,1.0
292930,2018,0.0,2.0
292960,2018,0.0,1.0
292990,2018,10.0,10.0
293015,2018,0.0,1.0
293030,2018,0.0,1.0
293070,2018,0.0,4.0
293075,2018,0.0,1.0
293130,2018,0.0,1.0
293135,2018,60.0,80.0
293150,2018,0.0,1.0
293230,2018,0.0,2.0
293260,2018,0.0,2.0
293300,2018,0.0,1.0
293320,2018,0.0,1.0
293325,2018,0.0,1.0
293330,2018,136.0,191.0
293345,2018,0.0,2.0
293360,2018,0.0,2.0
310030,2018,0.0,3.0
310150,2018,5.0,8.0
310160,2018,56.0,79.0
310170,2018,0.0,3.0
310210,2018,0.0,2.0
310280,2018,0.0,2.0
310340,2018,0.0,11.0
310350,2018,30.0,40.0
310400,2018,29.0,29.0
310490,2018,10.0,10.0
310540,2018,0.0,1.0
310560,2018,54.0,66.0
310590,2018,0.0,1.0
310620,2018,1576.0,1825.0
310670,2018,76.0,111.0
310740,2018,0.0,2.0
310750,2018,0.0,1.0
310840,2018,0.0,1.0
310860,2018,10.0,19.0
310900,2018,0.0,1.0
310990,2018,0.0,1.0
311000,2018,0.0,10.0
311070,2018,0.0,2.0
311120,2018,11.0,11.0
311150,2018,0.0,1.0
311270,2018,0.0,1.0
311320,2018,0.0,2.0
311330,2018,27.0,28.0
311340,2018,40.0,51.0
311530,2018,10.0,18.0
311550,2018,0.0,2.0
311580,2018,0.0,1.0
311660,2018,0.0,2.0
311830,2018,10.0,11.0
311860,2018,85.0,124.0
311940,2018,20.0,23.0
312090,2018,20.0,20.0
312120,2018,0.0,1.0
312160,2018,30.0,35.0
312200,2018,0.0,6.0
312230,2018,69.0,69.0
312260,2018,0.0,1.0
312390,2018,0.0,1.0
312410,2018,0.0,1.0
312510,2018,10.0,11.0
312560,2018,0.0,1.0
312610,2018,36.0,36.0
312770,2018,87.0,114.0
312800,2018,0.0,2.0
312860,2018,0.0,1.0
312870,2018,10.0,10.0
312940,2018,0.0,1.0
312980,2018,10.0,19.0
313130,2018,60.0,89.0
313170,2018,26.0,31.0
313190,2018,0.0,1.0
313210,2018,0.0,2.0
313240,2018,38.0,38.0
313250,2018,0.0,3.0
313330,2018,0.0,2.0
313350,2018,0.0,2.0
313380,2018,10.0,10.0
313420,2018,15.0,16.0
313440,2018,0.0,4.0
313510,2018,20.0,26.0
313540,2018,0.0,1.0
313580,2018,0.0,18.0
313620,2018,10.0,12.0
313630,2018,0.0,2.0
313670,2018,283.0,290.0
313710,2018,0.0,1.0
313720,2018,10.0,10.0
313770,2018,0.0,1.0
313790,2018,0.0,1.0
313800,2018,0.0,1.0
313820,2018,36.0,38.0
313840,2018,8.0,10.0
313940,2018,11.0,11.0
313950,2018,10.0,11.0
313960,2018,0.0,1.0
314000,2018,0.0,4.0
314090,2018,0.0,1.0
314110,2018,0.0,1.0
314180,2018,0.0,3.0
314220,2018,0.0,2.0
314270,2018,0.0,1.0
314310,2018,0.0,1.0
314330,2018,115.0,115.0
314390,2018,69.0,77.0
314400,2018,0.0,1.0
314470,2018,0.0,2.0
314480,2018,113.0,126.0
314500,2018,0.0,1.0
314560,2018,10.0,10.0
314590,2018,6.0,6.0
314610,2018,10.0,14.0
314700,2018,8.0,21.0
314710,2018,6.0,6.0
314790,2018,71.0,71.0
314800,2018,102.0,105.0
314810,2018,33.0,38.0
314870,2018,0.0,1.0
315030,2018,0.0,2.0
315110,2018,0.0,2.0
315120,2018,18.0,22.0
315150,2018,10.0,10.0
315180,2018,75.0,84.0
315190,2018,0.0,2.0
315200,2018,0.0,1.0
315210,2018,40.0,46.0
315250,2018,73.0,74.0
315280,2018,0.0,1.0
315420,2018,0.0,2.0
315520,2018,0.0,2.0
315550,2018,0.0,1.0
315680,2018,0.0,1.0
315790,2018,0.0,1.0
315990,2018,9.0,9.0
316070,2018,6.0,6.0
316100,2018,0.0,1.0
316200,2018,0.0,1.0
316220,2018,0.0,4.0
316250,2018,30.0,40.0
316270,2018,0.0,1.0
316370,2018,22.0,22.0
316470,2018,37.0,37.0
316530,2018,0.0,1.0
316720,2018,42.0,44.0
316800,2018,18.0,20.0
316860,2018,51.0,52.0
316870,2018,8.0,8.0
316920,2018,0.0,2.0
316930,2018,16.0,16.0
316935,2018,0.0,1.0
316940,2018,10.0,10.0
316970,2018,0.0,3.0
316990,2018,37.0,43.0
317010,2018,117.0,133.0
317020,2018,232.0,277.0
317040,2018,0.0,2.0
317070,2018,46.0,46.0
317120,2018,0.0,1.0
317130,2018,25.0,27.0
317170,2018,0.0,1.0
317200,2018,10.0,10.0
320020,2018,0.0,1.0
320040,2018,0.0,1.0
320060,2018,10.0,10.0
320080,2018,0.0,3.0
320120,2018,119.0,143.0
320130,2018,56.0,58.0
320150,2018,90.0,99.0
320170,2018,0.0,1.0
320230,2018,20.0,20.0
320240,2018,10.0,10.0
320245,2018,0.0,3.0
320260,2018,0.0,2.0
320270,2018,0.0,6.0
320290,2018,0.0,1.0
320310,2018,0.0,1.0
320316,2018,0.0,1.0
320320,2018,47.0,75.0
320340,2018,0.0,1.0
320390,2018,0.0,1.0
320435,2018,0.0,2.0
320460,2018,10.0,13.0
320480,2018,7.0,8.0
320490,2018,58.0,62.0
320500,2018,193.0,259.0
320506,2018,0.0,4.0
320520,2018,151.0,183.0
320530,2018,255.0,311.0
330010,2018,25.0,80.0
330020,2018,24.0,47.0
330023,2018,0.0,6.0
330025,2018,14.0,15.0
330030,2018,16.0,18.0
330040,2018,62.0,68.0
330045,2018,1.0,6.0
330050,2018,0.0,2.0
330060,2018,10.0,12.0
330070,2018,72.0,101.0
330080,2018,0.0,6.0
330090,2018,4.0,6.0
330100,2018,286.0,383.0
330120,2018,0.0,4.0
330130,2018,0.0,9.0
330170,2018,314.0,369.0
330185,2018,0.0,1.0
330190,2018,18.0,21.0
330200,2018,10.0,23.0
330210,2018,4.0,9.0
330220,2018,102.0,107.0
330240,2018,115.0,130.0
330250,2018,0.0,7.0
330270,2018,0.0,5.0
330280,2018,0.0,1.0
330285,2018,10.0,25.0
330290,2018,0.0,3.0
330300,2018,9.0,12.0
330320,2018,35.0,39.0
330330,2018,353.0,444.0
330340,2018,43.0,55.0
330350,2018,182.0,223.0
330370,2018,7.0,11.0
330380,2018,0.0,2.0
330390,2018,133.0,163.0
330395,2018,0.0,1.0
330400,2018,0.0,4.0
330411,2018,6.0,7.0
330412,2018,0.0,1.0
330414,2018,0.0,2.0
330415,2018,6.0,8.0
330420,2018,66.0,94.0
330430,2018,7.0,10.0
330440,2018,0.0,1.0
330452,2018,10.0,10.0
330455,2018,3529.0,4433.0
330460,2018,0.0,3.0
330470,2018,9.0,11.0
330480,2018,10.0,14.0
330490,2018,179.0,215.0
330510,2018,52.0,83.0
330515,2018,0.0,1.0
330520,2018,0.0,1.0
330530,2018,0.0,4.0
330550,2018,28.0,35.0
330580,2018,30.0,36.0
330590,2018,0.0,3.0
330600,2018,10.0,10.0
330610,2018,30.0,33.0
330615,2018,0.0,2.0
330620,2018,53.0,68.0
330630,2018,184.0,220.0
350010,2018,5.0,5.0
350160,2018,59.0,59.0
350170,2018,10.0,10.0
350190,2018,9.0,10.0
350210,2018,10.0,10.0
350250,2018,9.0,9.0
350280,2018,41.0,61.0
350320,2018,52.0,73.0
350330,2018,37.0,45.0
350390,2018,18.0,23.0
350400,2018,43.0,53.0
350410,2018,27.0,27.0
350450,2018,10.0,15.0
350520,2018,0.0,5.0
350530,2018,0.0,7.0
350550,2018,90.0,108.0
350570,2018,59.0,90.0
350590,2018,8.0,8.0
350600,2018,154.0,185.0
350610,2018,6.0,9.0
350650,2018,15.0,16.0
350750,2018,68.0,96.0
350760,2018,55.0,75.0
350790,2018,0.0,1.0
350850,2018,5.0,6.0
350900,2018,26.0,39.0
350920,2018,0.0,1.0
350950,2018,589.0,693.0
350960,2018,0.0,2.0
351020,2018,0.0,2.0
351040,2018,10.0,10.0
351050,2018,16.0,18.0
351060,2018,45.0,65.0
351110,2018,60.0,69.0
351140,2018,0.0,2.0
351150,2018,0.0,7.0
351280,2018,14.0,14.0
351300,2018,34.0,61.0
351340,2018,10.0,10.0
351350,2018,19.0,21.0
351380,2018,75.0,131.0
351440,2018,10.0,10.0
351550,2018,10.0,10.0
351570,2018,37.0,71.0
351620,2018,73.0,95.0
351630,2018,29.0,57.0
351640,2018,21.0,32.0
351670,2018,0.0,1.0
351760,2018,0.0,1.0
351840,2018,77.0,79.0
351870,2018,66.0,77.0
351880,2018,270.0,320.0
351907,2018,6.0,10.0
351960,2018,8.0,8.0
352040,2018,0.0,4.0
352044,2018,4.0,18.0
352050,2018,58.0,65.0
352180,2018,0.0,2.0
352210,2018,27.0,37.0
352220,2018,36.0,60.0
352230,2018,16.0,22.0
352240,2018,20.0,22.0
352250,2018,37.0,70.0
352260,2018,11.0,16.0
352270,2018,9.0,9.0
352280,2018,0.0,3.0
352310,2018,20.0,20.0
352320,2018,0.0,4.0
352340,2018,18.0,19.0
352360,2018,0.0,1.0
352390,2018,42.0,42.0
352400,2018,0.0,2.0
352410,2018,10.0,12.0
352430,2018,12.0,14.0
352440,2018,104.0,117.0
352480,2018,25.0,27.0
352520,2018,0.0,1.0
352530,2018,64.0,65.0
352590,2018,151.0,185.0
352640,2018,0.0,2.0
352670,2018,8.0,8.0
352680,2018,5.0,5.0
352690,2018,94.0,111.0
352710,2018,32.0,34.0
352720,2018,30.0,30.0
352730,2018,4.0,4.0
352810,2018,0.0,1.0
352850,2018,0.0,1.0
352900,2018,137.0,160.0
352930,2018,28.0,36.0
352940,2018,87.0,108.0
353010,2018,0.0,4.0
353030,2018,0.0,2.0
353050,2018,10.0,10.0
353060,2018,170.0,207.0
353070,2018,30.0,40.0
353080,2018,24.0,31.0
353130,2018,13.0,16.0
353350,2018,6.0,6.0
353390,2018,7.0,7.0
353440,2018,140.0,170.0
353460,2018,0.0,1.0
353470,2018,37.0,44.0
353550,2018,10.0,10.0
353620,2018,16.0,27.0
353650,2018,6.0,6.0
353700,2018,0.0,2.0
353730,2018,8.0,11.0
353740,2018,0.0,4.0
353800,2018,30.0,40.0
353870,2018,140.0,162.0
353930,2018,10.0,10.0
354070,2018,6.0,6.0
354100,2018,40.0,40.0
354140,2018,110.0,160.0
354150,2018,6.0,6.0
354160,2018,8.0,8.0
354220,2018,5.0,9.0
354240,2018,0.0,2.0
354330,2018,11.0,12.0
354340,2018,286.0,351.0
354390,2018,54.0,70.0
354400,2018,0.0,1.0
354425,2018,0.0,2.0
354520,2018,16.0,17.0
354580,2018,9.0,10.0
354640,2018,13.0,20.0
354660,2018,7.0,7.0
354680,2018,7.0,7.0
354730,2018,0.0,1.0
354780,2018,367.0,438.0
354850,2018,271.0,295.0
354870,2018,255.0,334.0
354880,2018,208.0,228.0
354890,2018,69.0,80.0
354910,2018,20.0,20.0
354940,2018,8.0,8.0
354970,2018,7.0,7.0
354980,2018,288.0,350.0
354990,2018,285.0,331.0
355010,2018,0.0,2.0
355030,2018,4969.0,6439.0
355060,2018,11.0,12.0
355070,2018,8.0,8.0
355100,2018,23.0,37.0
355170,2018,29.0,38.0
355220,2018,247.0,326.0
355240,2018,36.0,49.0
355250,2018,38.0,56.0
355280,2018,33.0,63.0
355300,2018,0.0,1.0
355370,2018,18.0,22.0
355380,2018,0.0,1.0
355400,2018,19.0,21.0
355410,2018,84.0,84.0
355450,2018,0.0,1.0
355500,2018,24.0,24.0
355540,2018,0.0,7.0
355620,2018,52.0,54.0
355670,2018,18.0,18.0
355700,2018,5.0,5.0
355710,2018,28.0,33.0
410090,2018,0.0,1.0
410100,2018,0.0,1.0
410120,2018,0.0,1.0
410140,2018,28.0,35.0
410150,2018,79.0,79.0
410160,2018,0.0,1.0
410170,2018,0.0,1.0
410180,2018,18.0,25.0
410210,2018,0.0,1.0
410240,2018,12.0,15.0
410250,2018,0.0,1.0
410305,2018,0.0,1.0
410330,2018,0.0,1.0
410370,2018,16.0,20.0
410400,2018,87.0,89.0
410420,2018,490.0,498.0
410430,2018,38.0,46.0
410450,2018,0.0,1.0
410460,2018,0.0,1.0
410480,2018,176.0,200.0
410490,2018,10.0,10.0
410550,2018,18.0,19.0
410560,2018,0.0,1.0
410570,2018,0.0,2.0
410630,2018,0.0,1.0
410640,2018,40.0,40.0
410650,2018,0.0,12.0
410680,2018,0.0,2.0
410690,2018,780.0,929.0
410720,2018,0.0,2.0
410730,2018,0.0,1.0
410765,2018,0.0,2.0
410830,2018,73.0,88.0
410840,2018,45.0,54.0
410860,2018,0.0,5.0
410940,2018,54.0,76.0
410975,2018,0.0,1.0
411050,2018,0.0,2.0
411070,2018,22.0,22.0
411110,2018,0.0,1.0
411125,2018,0.0,3.0
411150,2018,40.0,45.0
411160,2018,0.0,1.0
411180,2018,16.0,17.0
411190,2018,0.0,1.0
411210,2018,0.0,9.0
411240,2018,0.0,1.0
411295,2018,0.0,1.0
411320,2018,0.0,2.0
411330,2018,0.0,2.0
411350,2018,0.0,2.0
411370,2018,259.0,347.0
411375,2018,0.0,1.0
411420,2018,0.0,3.0
411440,2018,0.0,2.0
411450,2018,0.0,1.0
411460,2018,0.0,6.0
411520,2018,194.0,213.0
411540,2018,0.0,1.0
411580,2018,17.0,21.0
411690,2018,0.0,1.0
411695,2018,0.0,1.0
411710,2018,0.0,1.0
411720,2018,0.0,1.0
411722,2018,0.0,1.0
411725,2018,0.0,1.0
411727,2018,0.0,1.0
411740,2018,0.0,2.0
411750,2018,0.0,4.0
411760,2018,10.0,10.0
411770,2018,0.0,2.0
411790,2018,0.0,1.0
411820,2018,25.0,32.0
411830,2018,0.0,1.0
411840,2018,22.0,27.0
411850,2018,46.0,47.0
411910,2018,0.0,2.0
411915,2018,0.0,1.0
411930,2018,0.0,4.0
411960,2018,0.0,4.0
411980,2018,0.0,1.0
411990,2018,94.0,123.0
412035,2018,0.0,2.0
412060,2018,0.0,11.0
412090,2018,0.0,1.0
412100,2018,0.0,2.0
412200,2018,0.0,1.0
412240,2018,0.0,1.0
412260,2018,0.0,1.0
412265,2018,0.0,1.0
412300,2018,0.0,1.0
412410,2018,10.0,12.0
412440,2018,0.0,1.0
412510,2018,0.0,6.0
412520,2018,0.0,2.0
412550,2018,29.0,39.0
412570,2018,30.0,42.0
412580,2018,0.0,1.0
412625,2018,27.0,27.0
412670,2018,0.0,1.0
412710,2018,22.0,22.0
412720,2018,0.0,1.0
412730,2018,0.0,1.0
412740,2018,0.0,1.0
412770,2018,46.0,47.0
412780,2018,0.0,1.0
412810,2018,81.0,92.0
412820,2018,27.0,32.0
412860,2018,0.0,1.0
420020,2018,0.0,1.0
420040,2018,0.0,1.0
420070,2018,0.0,1.0
420110,2018,0.0,1.0
420127,2018,0.0,1.0
420140,2018,10.0,10.0
420200,2018,47.0,57.0
420240,2018,95.0,115.0
420290,2018,29.0,29.0
420300,2018,20.0,20.0
420310,2018,0.0,1.0
420350,2018,0.0,2.0
420360,2018,0.0,1.0
420380,2018,10.0,12.0
420410,2018,0.0,2.0
420420,2018,48.0,52.0
420430,2018,22.0,32.0
420460,2018,70.0,82.0
420470,2018,0.0,1.0
420480,2018,18.0,34.0
420490,2018,0.0,1.0
420500,2018,0.0,2.0
420530,2018,0.0,2.0
420540,2018,226.0,291.0
420580,2018,0.0,1.0
420690,2018,10.0,15.0
420730,2018,0.0,1.0
420750,2018,0.0,4.0
420760,2018,0.0,2.0
420765,2018,0.0,1.0
420770,2018,0.0,1.0
420780,2018,0.0,1.0
420790,2018,0.0,1.0
420800,2018,0.0,1.0
420820,2018,49.0,67.0
420840,2018,0.0,2.0
420850,2018,10.0,10.0
420880,2018,0.0,1.0
420890,2018,40.0,52.0
420900,2018,10.0,10.0
420910,2018,153.0,197.0
420930,2018,36.0,52.0
420940,2018,0.0,2.0
420960,2018,0.0,1.0
420985,2018,0.0,1.0
421000,2018,0.0,2.0
421010,2018,29.0,31.0
421030,2018,0.0,1.0
421050,2018,10.0,12.0
421090,2018,0.0,1.0
421100,2018,0.0,1.0
421105,2018,0.0,1.0
421120,2018,0.0,2.0
421140,2018,0.0,1.0
421190,2018,0.0,2.0
421200,2018,0.0,1.0
421210,2018,0.0,1.0
421260,2018,0.0,1.0
421290,2018,0.0,1.0
421340,2018,0.0,1.0
421360,2018,8.0,8.0
421450,2018,0.0,2.0
421480,2018,26.0,40.0
421500,2018,0.0,4.0
421530,2018,0.0,1.0
421550,2018,0.0,1.0
421570,2018,0.0,1.0
421580,2018,10.0,10.0
421600,2018,0.0,1.0
421625,2018,0.0,1.0
421650,2018,0.0,3.0
421660,2018,101.0,117.0
421670,2018,0.0,1.0
421690,2018,0.0,2.0
421720,2018,10.0,12.0
421730,2018,0.0,1.0
421750,2018,0.0,2.0
421770,2018,0.0,1.0
421780,2018,0.0,1.0
421820,2018,10.0,10.0
421830,2018,0.0,1.0
421860,2018,0.0,1.0
421870,2018,52.0,54.0
421875,2018,0.0,1.0
421910,2018,0.0,1.0
421920,2018,0.0,1.0
421930,2018,18.0,27.0
421950,2018,23.0,29.0
421960,2018,0.0,1.0
421970,2018,0.0,2.0
430010,2018,0.0,1.0
430020,2018,0.0,1.0
430040,2018,18.0,18.0
430060,2018,10.0,10.0
430160,2018,46.0,46.0
430210,2018,39.0,39.0
430230,2018,0.0,1.0
430245,2018,0.0,1.0
430260,2018,0.0,1.0
430270,2018,0.0,2.0
430300,2018,19.0,24.0
430310,2018,10.0,10.0
430330,2018,0.0,1.0
430360,2018,0.0,1.0
430380,2018,0.0,1.0
430390,2018,10.0,10.0
430400,2018,0.0,1.0
430440,2018,0.0,2.0
430450,2018,10.0,10.0
430460,2018,95.0,135.0
430463,2018,10.0,10.0
430470,2018,7.0,7.0
430510,2018,164.0,179.0
430530,2018,0.0,3.0
430540,2018,0.0,1.0
430570,2018,0.0,1.0
430580,2018,0.0,2.0
430590,2018,0.0,1.0
430610,2018,14.0,15.0
430620,2018,0.0,1.0
430640,2018,0.0,2.0
430660,2018,5.0,5.0
430700,2018,40.0,40.0
430750,2018,0.0,1.0
430770,2018,18.0,33.0
430780,2018,20.0,20.0
430790,2018,10.0,26.0
430800,2018,1.0,15.0
430850,2018,10.0,24.0
430860,2018,0.0,2.0
430910,2018,10.0,10.0
430920,2018,10.0,10.0
430930,2018,0.0,1.0
430960,2018,0.0,4.0
431020,2018,64.0,73.0
431050,2018,0.0,2.0
431060,2018,0.0,4.0
431100,2018,0.0,1.0
431110,2018,0.0,1.0
431130,2018,0.0,1.0
431140,2018,31.0,38.0
431205,2018,0.0,1.0
431220,2018,0.0,1.0
431240,2018,23.0,32.0
431250,2018,0.0,1.0
431290,2018,0.0,1.0
431320,2018,0.0,1.0
431340,2018,77.0,93.0
431350,2018,0.0,5.0
431360,2018,0.0,1.0
431370,2018,0.0,2.0
431390,2018,0.0,3.0
431400,2018,0.0,1.0
431402,2018,0.0,1.0
431410,2018,116.0,131.0
431430,2018,0.0,1.0
431440,2018,101.0,133.0
431450,2018,0.0,1.0
431460,2018,0.0,4.0
431470,2018,0.0,1.0
431490,2018,910.0,1258.0
431510,2018,0.0,1.0
431515,2018,0.0,1.0
431560,2018,56.0,79.0
431610,2018,0.0,2.0
431620,2018,0.0,1.0
431630,2018,0.0,2.0
431640,2018,8.0,8.0
431660,2018,0.0,5.0
431680,2018,29.0,44.0
431690,2018,100.0,115.0
431710,2018,20.0,22.0
431720,2018,44.0,44.0
431730,2018,0.0,2.0
431740,2018,10.0,10.0
431750,2018,27.0,35.0
431800,2018,7.0,7.0
431830,2018,10.0,10.0
431840,2018,0.0,1.0
431870,2018,15.0,27.0
431890,2018,0.0,2.0
431915,2018,0.0,1.0
431990,2018,17.0,19.0
432000,2018,10.0,39.0
432010,2018,0.0,1.0
432020,2018,0.0,1.0
432050,2018,0.0,1.0
432067,2018,0.0,2.0
432070,2018,0.0,1.0
432090,2018,0.0,2.0
432110,2018,0.0,1.0
432120,2018,10.0,10.0
432130,2018,0.0,2.0
432140,2018,10.0,25.0
432150,2018,5.0,7.0
432160,2018,20.0,44.0
432180,2018,6.0,7.0
432190,2018,10.0,10.0
432195,2018,0.0,1.0
432230,2018,0.0,3.0
432240,2018,28.0,49.0
432250,2018,10.0,10.0
432253,2018,0.0,1.0
432260,2018,10.0,10.0
432270,2018,0.0,1.0
432280,2018,0.0,1.0
432290,2018,0.0,2.0
432300,2018,15.0,15.0
500100,2018,0.0,2.0
500110,2018,10.0,20.0
500124,2018,0.0,1.0
500210,2018,0.0,1.0
500260,2018,0.0,1.0
500270,2018,324.0,402.0
500280,2018,0.0,1.0
500295,2018,0.0,2.0
500320,2018,10.0,10.0
500325,2018,0.0,1.0
500348,2018,0.0,1.0
500370,2018,100.0,121.0
500380,2018,0.0,1.0
500450,2018,0.0,1.0
500460,2018,0.0,1.0
500470,2018,0.0,1.0
500525,2018,0.0,1.0
500540,2018,0.0,2.0
500560,2018,0.0,1.0
500600,2018,0.0,2.0
500620,2018,10.0,14.0
500630,2018,0.0,3.0
500660,2018,10.0,10.0
500690,2018,0.0,1.0
500730,2018,0.0,2.0
500755,2018,0.0,3.0
500790,2018,0.0,5.0
500830,2018,24.0,31.0
510025,2018,10.0,18.0
510060,2018,0.0,1.0
510160,2018,0.0,1.0
510170,2018,0.0,7.0
510180,2018,10.0,15.0
510250,2018,45.0,45.0
510263,2018,0.0,1.0
510267,2018,0.0,1.0
510268,2018,0.0,1.0
510300,2018,0.0,1.0
510320,2018,18.0,18.0
510335,2018,0.0,2.0
510337,2018,0.0,1.0
510340,2018,513.0,571.0
510410,2018,0.0,2.0
510420,2018,0.0,1.0
510460,2018,0.0,1.0
510500,2018,0.0,1.0
510510,2018,0.0,2.0
510515,2018,10.0,15.0
510517,2018,0.0,1.0
510525,2018,20.0,22.0
510550,2018,0.0,3.0
510558,2018,0.0,1.0
510560,2018,0.0,1.0
510590,2018,0.0,2.0
510622,2018,0.0,3.0
510623,2018,0.0,2.0
510627,2018,0.0,1.0
510629,2018,0.0,1.0
510637,2018,0.0,1.0
510642,2018,0.0,4.0
510650,2018,0.0,2.0
510675,2018,0.0,2.0
510680,2018,0.0,2.0
510700,2018,0.0,2.0
510704,2018,22.0,29.0
510710,2018,0.0,1.0
510760,2018,59.0,77.0
510770,2018,0.0,1.0
510780,2018,0.0,1.0
510787,2018,0.0,1.0
510790,2018,32.0,36.0
510792,2018,40.0,44.0
510794,2018,0.0,1.0
510795,2018,75.0,93.0
510800,2018,0.0,1.0
510805,2018,0.0,1.0
510810,2018,0.0,1.0
510840,2018,43.0,51.0
520110,2018,110.0,128.0
520140,2018,109.0,112.0
520150,2018,0.0,1.0
520320,2018,0.0,1.0
520350,2018,0.0,2.0
520355,2018,0.0,1.0
520390,2018,0.0,2.0
520450,2018,20.0,25.0
520465,2018,0.0,1.0
520500,2018,0.0,1.0
520510,2018,34.0,39.0
520540,2018,19.0,20.0
520545,2018,0.0,1.0
520551,2018,0.0,1.0
520620,2018,0.0,1.0
520753,2018,0.0,1.0
520800,2018,12.0,20.0
520850,2018,0.0,1.0
520860,2018,10.0,13.0
520870,2018,906.0,999.0
520880,2018,0.0,1.0
520890,2018,10.0,12.0
520910,2018,0.0,32.0
520970,2018,0.0,1.0
520995,2018,0.0,1.0
521000,2018,11.0,20.0
521020,2018,0.0,2.0
521040,2018,0.0,2.0
521090,2018,0.0,3.0
521150,2018,10.0,25.0
521170,2018,0.0,1.0
521180,2018,0.0,3.0
521190,2018,20.0,24.0
521220,2018,0.0,3.0
521250,2018,5.0,5.0
521308,2018,0.0,1.0
521310,2018,10.0,10.0
521380,2018,0.0,5.0
521400,2018,0.0,1.0
521450,2018,50.0,55.0
521460,2018,0.0,2.0
521560,2018,0.0,2.0
521640,2018,0.0,1.0
521710,2018,0.0,2.0
521720,2018,0.0,2.0
521730,2018,0.0,2.0
521740,2018,0.0,2.0
521760,2018,0.0,4.0
521770,2018,0.0,1.0
521800,2018,0.0,2.0
521850,2018,11.0,11.0
521860,2018,0.0,1.0
521880,2018,48.0,62.0
521930,2018,20.0,25.0
521975,2018,0.0,1.0
522010,2018,9.0,9.0
522020,2018,0.0,1.0
522040,2018,0.0,2.0
522045,2018,10.0,11.0
522060,2018,0.0,4.0
522160,2018,0.0,6.0
530010,2018,1060.0,1382.0
110001,2019,0.0,2.0
110002,2019,29.0,36.0
110004,2019,37.0,37.0
110005,2019,0.0,2.0
110009,2019,0.0,1.0
110012,2019,10.0,12.0
110015,2019,0.0,2.0
110020,2019,245.0,315.0
110028,2019,0.0,4.0
110030,2019,10.0,19.0
110045,2019,0.0,1.0
110149,2019,0.0,1.0
120010,2019,0.0,28.0
120020,2019,12.0,31.0
120038,2019,0.0,2.0
120040,2019,70.0,132.0
130006,2019,0.0,1.0
130014,2019,0.0,2.0
130020,2019,0.0,1.0
130030,2019,0.0,2.0
130060,2019,0.0,4.0
130063,2019,0.0,1.0
130080,2019,0.0,2.0
130083,2019,0.0,3.0
130120,2019,0.0,3.0
130160,2019,0.0,2.0
130165,2019,0.0,1.0
130170,2019,0.0,2.0
130200,2019,0.0,2.0
130230,2019,0.0,2.0
130240,2019,0.0,4.0
130250,2019,0.0,9.0
130260,2019,533.0,812.0
130280,2019,0.0,1.0
130300,2019,0.0,1.0
130340,2019,0.0,31.0
130350,2019,0.0,1.0
130353,2019,0.0,2.0
130356,2019,0.0,2.0
130370,2019,0.0,1.0
130380,2019,0.0,2.0
130400,2019,0.0,1.0
130406,2019,0.0,13.0
130420,2019,0.0,9.0
130426,2019,0.0,1.0
130430,2019,0.0,1.0
140005,2019,0.0,1.0
140010,2019,48.0,92.0
140015,2019,0.0,1.0
140030,2019,0.0,1.0
140040,2019,0.0,1.0
140045,2019,0.0,1.0
140047,2019,0.0,1.0
140050,2019,0.0,1.0
140060,2019,0.0,1.0
150010,2019,0.0,16.0
150013,2019,0.0,1.0
150040,2019,0.0,9.0
150060,2019,20.0,40.0
150070,2019,0.0,1.0
150080,2019,93.0,116.0
150085,2019,0.0,1.0
150110,2019,0.0,1.0
150120,2019,0.0,1.0
150125,2019,0.0,1.0
150130,2019,20.0,31.0
150140,2019,704.0,928.0
150145,2019,0.0,1.0
150170,2019,30.0,53.0
150175,2019,0.0,1.0
150178,2019,0.0,1.0
150180,2019,17.0,20.0
150210,2019,0.0,4.0
150215,2019,0.0,1.0
150220,2019,19.0,23.0
150230,2019,0.0,1.0
150240,2019,24.0,41.0
150270,2019,0.0,14.0
150280,2019,0.0,1.0
150290,2019,0.0,1.0
150293,2019,0.0,2.0
150310,2019,0.0,1.0
150320,2019,0.0,2.0
150340,2019,0.0,1.0
150345,2019,0.0,1.0
150360,2019,0.0,17.0
150380,2019,0.0,4.0
150400,2019,0.0,1.0
150405,2019,0.0,1.0
150420,2019,38.0,54.0
150430,2019,0.0,3.0
150440,2019,0.0,1.0
150442,2019,7.0,20.0
150450,2019,0.0,1.0
150460,2019,0.0,1.0
150470,2019,0.0,2.0
150480,2019,0.0,1.0
150503,2019,0.0,1.0
150506,2019,0.0,2.0
150510,2019,0.0,1.0
150520,2019,0.0,1.0
150543,2019,0.0,1.0
150548,2019,0.0,1.0
150549,2019,0.0,1.0
150550,2019,20.0,35.0
150553,2019,20.0,44.0
150565,2019,0.0,2.0
150580,2019,0.0,1.0
150590,2019,0.0,1.0
150613,2019,30.0,44.0
150616,2019,0.0,1.0
150618,2019,0.0,2.0
150619,2019,1.0,5.0
150620,2019,0.0,2.0
150630,2019,0.0,1.0
150680,2019,56.0,81.0
150700,2019,0.0,1.0
150720,2019,0.0,1.0
150730,2019,0.0,2.0
150747,2019,0.0,1.0
150750,2019,0.0,1.0
150760,2019,0.0,2.0
150780,2019,0.0,1.0
150790,2019,0.0,1.0
150795,2019,0.0,11.0
150800,2019,0.0,1.0
150803,2019,0.0,1.0
150810,2019,30.0,50.0
150812,2019,0.0,3.0
150830,2019,0.0,2.0
150835,2019,0.0,1.0
160020,2019,0.0,5.0
160027,2019,0.0,1.0
160030,2019,87.0,152.0
160060,2019,12.0,12.0
170200,2019,0.0,1.0
170210,2019,66.0,94.0
170230,2019,0.0,1.0
170240,2019,0.0,5.0
170255,2019,0.0,22.0
170930,2019,0.0,4.0
170950,2019,23.0,32.0
171050,2019,0.0,1.0
171320,2019,0.0,2.0
171610,2019,0.0,7.0
171620,2019,0.0,1.0
171650,2019,0.0,1.0
171660,2019,0.0,1.0
172090,2019,0.0,1.0
172100,2019,157.0,192.0
210005,2019,0.0,3.0
210043,2019,0.0,16.0
210047,2019,0.0,2.0
210083,2019,0.0,1.0
210090,2019,0.0,2.0
210100,2019,0.0,2.0
210120,2019,10.0,37.0
210140,2019,10.0,21.0
210160,2019,0.0,17.0
210170,2019,0.0,8.0
210177,2019,0.0,1.0
210197,2019,0.0,1.0
210232,2019,0.0,10.0
210280,2019,0.0,1.0
210290,2019,0.0,1.0
210300,2019,37.0,57.0
210320,2019,10.0,17.0
210330,2019,0.0,3.0
210340,2019,0.0,5.0
210360,2019,30.0,32.0
210375,2019,0.0,1.0
210405,2019,0.0,3.0
210410,2019,0.0,1.0
210480,2019,0.0,8.0
210530,2019,178.0,213.0
210540,2019,0.0,4.0
210550,2019,0.0,2.0
210565,2019,0.0,1.0
210610,2019,0.0,2.0
210630,2019,0.0,1.0
210690,2019,0.0,8.0
210700,2019,0.0,2.0
210710,2019,0.0,1.0
210730,2019,0.0,1.0
210735,2019,0.0,4.0
210760,2019,0.0,1.0
210805,2019,0.0,1.0
210845,2019,0.0,8.0
210850,2019,0.0,1.0
210860,2019,10.0,25.0
210880,2019,0.0,1.0
210900,2019,0.0,4.0
210910,2019,11.0,12.0
210927,2019,0.0,1.0
210940,2019,0.0,1.0
210980,2019,0.0,4.0
210990,2019,10.0,24.0
211000,2019,0.0,4.0
211003,2019,0.0,2.0
211010,2019,0.0,2.0
211023,2019,0.0,1.0
211050,2019,0.0,1.0
211060,2019,0.0,1.0
211105,2019,0.0,1.0
211120,2019,20.0,24.0
211130,2019,506.0,618.0
211210,2019,0.0,8.0
211220,2019,0.0,2.0
211230,2019,0.0,1.0
211250,2019,0.0,1.0
211400,2019,0.0,2.0
220020,2019,0.0,2.0
220030,2019,0.0,1.0
220040,2019,0.0,1.0
220120,2019,0.0,11.0
220390,2019,20.0,20.0
220430,2019,0.0,1.0
220620,2019,0.0,2.0
220700,2019,10.0,10.0
220770,2019,53.0,79.0
220780,2019,0.0,3.0
220790,2019,0.0,1.0
220800,2019,50.0,73.0
220840,2019,10.0,12.0
221000,2019,0.0,1.0
221050,2019,0.0,1.0
221060,2019,0.0,7.0
221100,2019,251.0,355.0
221110,2019,0.0,1.0
230040,2019,0.0,1.0
230110,2019,0.0,8.0
230130,2019,0.0,2.0
230160,2019,0.0,2.0
230190,2019,45.0,61.0
230210,2019,0.0,3.0
230250,2019,10.0,19.0
230330,2019,0.0,3.0
230370,2019,0.0,7.0
230390,2019,0.0,4.0
230410,2019,10.0,18.0
230420,2019,45.0,51.0
230440,2019,888.0,1282.0
230530,2019,0.0,1.0
230550,2019,6.0,14.0
230600,2019,0.0,2.0
230680,2019,0.0,1.0
230730,2019,70.0,86.0
230750,2019,0.0,2.0
230765,2019,10.0,30.0
230780,2019,0.0,1.0
230810,2019,0.0,2.0
230840,2019,0.0,1.0
230945,2019,0.0,5.0
230960,2019,0.0,13.0
231020,2019,0.0,1.0
231030,2019,0.0,2.0
231060,2019,0.0,1.0
231126,2019,0.0,2.0
231130,2019,10.0,21.0
231135,2019,0.0,1.0
231140,2019,40.0,61.0
231180,2019,0.0,8.0
231190,2019,0.0,1.0
231220,2019,0.0,3.0
231230,2019,0.0,4.0
231290,2019,144.0,205.0
231310,2019,0.0,1.0
231330,2019,0.0,4.0
231340,2019,0.0,17.0
231380,2019,0.0,2.0
240020,2019,0.0,2.0
240200,2019,10.0,15.0
240260,2019,0.0,2.0
240310,2019,20.0,20.0
240325,2019,20.0,26.0
240470,2019,0.0,6.0
240520,2019,0.0,1.0
240610,2019,0.0,1.0
240650,2019,0.0,2.0
240800,2019,122.0,153.0
240810,2019,420.0,501.0
240940,2019,10.0,11.0
241120,2019,5.0,11.0
241140,2019,0.0,1.0
241280,2019,0.0,1.0
241335,2019,0.0,1.0
250040,2019,0.0,1.0
250240,2019,0.0,1.0
250370,2019,7.0,17.0
250400,2019,181.0,233.0
250440,2019,0.0,1.0
250480,2019,0.0,1.0
250570,2019,0.0,1.0
250600,2019,0.0,2.0
250630,2019,6.0,9.0
250750,2019,368.0,491.0
250840,2019,0.0,2.0
250890,2019,10.0,10.0
250920,2019,2.0,3.0
250970,2019,0.0,2.0
251080,2019,32.0,53.0
251120,2019,0.0,5.0
251130,2019,20.0,20.0
251210,2019,6.0,6.0
251230,2019,0.0,1.0
251250,2019,0.0,1.0
251370,2019,50.0,62.0
251430,2019,0.0,1.0
251620,2019,16.0,23.0
251650,2019,0.0,2.0
260005,2019,32.0,32.0
260120,2019,13.0,13.0
260140,2019,4.0,6.0
260160,2019,0.0,4.0
260190,2019,10.0,10.0
260260,2019,0.0,1.0
260290,2019,40.0,44.0
260345,2019,0.0,5.0
260400,2019,0.0,3.0
260410,2019,81.0,140.0
260510,2019,0.0,3.0
260550,2019,0.0,4.0
260570,2019,0.0,4.0
260600,2019,26.0,34.0
260630,2019,0.0,1.0
260790,2019,92.0,92.0
260890,2019,20.0,20.0
260950,2019,0.0,1.0
260960,2019,41.0,122.0
260990,2019,10.0,10.0
261000,2019,50.0,65.0
261060,2019,0.0,2.0
261070,2019,85.0,91.0
261080,2019,0.0,1.0
261100,2019,0.0,2.0
261110,2019,99.0,135.0
261160,2019,1340.0,1631.0
261170,2019,0.0,1.0
261220,2019,11.0,17.0
261245,2019,0.0,1.0
261247,2019,0.0,1.0
261255,2019,0.0,1.0
261370,2019,10.0,10.0
261390,2019,17.0,20.0
261640,2019,10.0,20.0
270030,2019,120.0,145.0
270130,2019,0.0,1.0
270230,2019,37.0,38.0
270240,2019,0.0,2.0
270400,2019,0.0,1.0
270430,2019,286.0,425.0
270440,2019,0.0,2.0
270630,2019,16.0,19.0
270670,2019,0.0,11.0
270770,2019,0.0,8.0
270800,2019,20.0,40.0
270850,2019,0.0,2.0
270860,2019,15.0,25.0
280020,2019,0.0,1.0
280030,2019,340.0,462.0
280130,2019,0.0,2.0
280210,2019,0.0,3.0
280290,2019,0.0,27.0
280340,2019,0.0,1.0
280350,2019,10.0,15.0
280450,2019,0.0,2.0
280540,2019,0.0,1.0
280570,2019,0.0,4.0
280590,2019,0.0,1.0
280670,2019,0.0,1.0
290010,2019,0.0,1.0
290070,2019,18.0,25.0
290100,2019,0.0,1.0
290160,2019,0.0,2.0
290270,2019,0.0,3.0
290290,2019,0.0,1.0
290300,2019,0.0,4.0
290320,2019,25.0,70.0
290327,2019,0.0,1.0
290340,2019,0.0,1.0
290390,2019,0.0,1.0
290450,2019,0.0,1.0
290460,2019,20.0,20.0
290490,2019,0.0,1.0
290510,2019,0.0,2.0
290520,2019,0.0,1.0
290550,2019,0.0,1.0
290570,2019,18.0,36.0
290590,2019,0.0,1.0
290600,2019,0.0,10.0
290650,2019,20.0,20.0
290690,2019,0.0,1.0
290750,2019,10.0,13.0
290810,2019,0.0,1.0
290840,2019,0.0,2.0
290850,2019,0.0,16.0
290870,2019,0.0,1.0
290910,2019,0.0,1.0
290930,2019,0.0,1.0
290940,2019,0.0,2.0
290970,2019,0.0,1.0
290980,2019,0.0,5.0
291040,2019,0.0,1.0
291070,2019,0.0,1.0
291072,2019,19.0,30.0
291080,2019,123.0,214.0
291110,2019,0.0,2.0
291170,2019,20.0,24.0
291190,2019,0.0,11.0
291200,2019,0.0,1.0
291210,2019,0.0,3.0
291340,2019,0.0,1.0
291360,2019,52.0,61.0
291390,2019,0.0,4.0
291400,2019,0.0,4.0
291440,2019,0.0,2.0
291460,2019,26.0,31.0
291465,2019,0.0,1.0
291470,2019,0.0,2.0
291480,2019,74.0,104.0
291490,2019,0.0,1.0
291530,2019,0.0,1.0
291560,2019,0.0,2.0
291600,2019,0.0,2.0
291640,2019,9.0,12.0
291670,2019,0.0,1.0
291720,2019,0.0,4.0
291735,2019,0.0,1.0
291750,2019,13.0,35.0
291760,2019,0.0,3.0
291800,2019,50.0,65.0
291840,2019,39.0,39.0
291845,2019,0.0,1.0
291880,2019,0.0,1.0
291920,2019,43.0,46.0
291955,2019,0.0,5.0
291980,2019,0.0,2.0
291992,2019,0.0,2.0
292010,2019,0.0,1.0
292020,2019,0.0,1.0
292050,2019,0.0,2.0
292100,2019,0.0,1.0
292110,2019,0.0,1.0
292120,2019,0.0,1.0
292130,2019,0.0,2.0
292170,2019,0.0,2.0
292200,2019,0.0,2.0
292210,2019,0.0,2.0
292300,2019,0.0,3.0
292310,2019,0.0,2.0
292360,2019,0.0,1.0
292370,2019,0.0,1.0
292400,2019,0.0,8.0
292450,2019,0.0,1.0
292520,2019,0.0,2.0
292530,2019,10.0,24.0
292630,2019,0.0,6.0
292640,2019,0.0,1.0
292660,2019,7.0,13.0
292690,2019,0.0,1.0
292740,2019,1256.0,1627.0
292790,2019,0.0,5.0
292800,2019,0.0,1.0
292810,2019,0.0,2.0
292820,2019,0.0,1.0
292860,2019,0.0,4.0
292870,2019,42.0,59.0
292880,2019,0.0,4.0
292890,2019,0.0,1.0
292900,2019,9.0,10.0
292920,2019,0.0,1.0
292930,2019,0.0,2.0
292960,2019,0.0,1.0
292990,2019,10.0,10.0
293015,2019,0.0,1.0
293030,2019,0.0,1.0
293070,2019,0.0,4.0
293075,2019,0.0,1.0
293130,2019,0.0,1.0
293135,2019,48.0,68.0
293150,2019,0.0,1.0
293230,2019,0.0,2.0
293260,2019,0.0,2.0
293300,2019,0.0,1.0
293320,2019,0.0,1.0
293325,2019,0.0,1.0
293330,2019,139.0,188.0
293345,2019,0.0,2.0
293360,2019,0.0,2.0
310030,2019,0.0,3.0
310150,2019,5.0,8.0
310160,2019,63.0,86.0
310170,2019,0.0,3.0
310210,2019,0.0,2.0
310280,2019,0.0,2.0
310340,2019,0.0,11.0
310350,2019,30.0,40.0
310400,2019,29.0,29.0
310490,2019,10.0,10.0
310540,2019,0.0,1.0
310560,2019,50.0,63.0
310590,2019,0.0,1.0
310620,2019,1563.0,1816.0
310670,2019,89.0,126.0
310740,2019,0.0,2.0
310750,2019,0.0,1.0
310840,2019,0.0,1.0
310860,2019,10.0,14.0
310900,2019,0.0,1.0
310990,2019,0.0,1.0
311000,2019,0.0,10.0
311070,2019,0.0,2.0
311120,2019,18.0,18.0
311150,2019,0.0,1.0
311270,2019,0.0,1.0
311320,2019,0.0,2.0
311330,2019,27.0,28.0
311340,2019,38.0,49.0
311530,2019,10.0,18.0
311550,2019,0.0,2.0
311580,2019,0.0,1.0
311660,2019,0.0,2.0
311800,2019,0.0,1.0
311830,2019,10.0,11.0
311860,2019,85.0,123.0
311940,2019,20.0,23.0
312090,2019,20.0,20.0
312120,2019,0.0,1.0
312160,2019,30.0,35.0
312200,2019,0.0,6.0
312230,2019,94.0,94.0
312260,2019,0.0,1.0
312270,2019,0.0,1.0
312390,2019,0.0,2.0
312410,2019,0.0,1.0
312510,2019,10.0,11.0
312560,2019,0.0,1.0
312610,2019,36.0,36.0
312770,2019,87.0,122.0
312800,2019,0.0,2.0
312860,2019,0.0,1.0
312870,2019,10.0,10.0
312940,2019,0.0,1.0
312980,2019,10.0,19.0
313130,2019,60.0,89.0
313170,2019,30.0,35.0
313190,2019,0.0,2.0
313210,2019,0.0,2.0
313240,2019,38.0,38.0
313250,2019,0.0,3.0
313330,2019,0.0,2.0
313350,2019,0.0,2.0
313380,2019,10.0,10.0
313420,2019,15.0,16.0
313440,2019,0.0,2.0
313510,2019,20.0,26.0
313540,2019,0.0,1.0
313580,2019,0.0,18.0
313620,2019,10.0,12.0
313630,2019,0.0,2.0
313670,2019,282.0,289.0
313710,2019,0.0,1.0
313720,2019,10.0,10.0
313770,2019,0.0,1.0
313790,2019,0.0,1.0
313800,2019,0.0,1.0
313820,2019,36.0,38.0
313840,2019,8.0,10.0
313940,2019,16.0,22.0
313950,2019,10.0,11.0
313960,2019,0.0,1.0
314000,2019,0.0,4.0
314090,2019,0.0,1.0
314110,2019,0.0,1.0
314180,2019,0.0,3.0
314220,2019,0.0,2.0
314270,2019,0.0,1.0
314310,2019,8.0,11.0
314330,2019,121.0,121.0
314390,2019,70.0,78.0
314400,2019,0.0,1.0
314470,2019,0.0,2.0
314480,2019,117.0,130.0
314500,2019,0.0,1.0
314560,2019,10.0,10.0
314590,2019,8.0,8.0
314610,2019,10.0,14.0
314700,2019,8.0,20.0
314710,2019,10.0,10.0
314790,2019,71.0,71.0
314800,2019,102.0,105.0
314810,2019,33.0,41.0
314870,2019,0.0,1.0
315030,2019,0.0,2.0
315110,2019,0.0,2.0
315120,2019,18.0,22.0
315150,2019,10.0,10.0
315180,2019,83.0,92.0
315190,2019,0.0,2.0
315200,2019,0.0,1.0
315210,2019,40.0,46.0
315250,2019,73.0,74.0
315280,2019,0.0,1.0
315420,2019,0.0,1.0
315520,2019,0.0,2.0
315550,2019,0.0,1.0
315680,2019,0.0,1.0
315790,2019,0.0,1.0
315990,2019,9.0,9.0
316070,2019,6.0,6.0
316100,2019,0.0,1.0
316200,2019,0.0,1.0
316220,2019,0.0,4.0
316250,2019,30.0,40.0
316270,2019,0.0,1.0
316370,2019,22.0,22.0
316470,2019,37.0,37.0
316530,2019,0.0,1.0
316720,2019,38.0,40.0
316800,2019,18.0,20.0
316860,2019,45.0,46.0
316870,2019,8.0,8.0
316920,2019,0.0,1.0
316930,2019,16.0,16.0
316935,2019,0.0,1.0
316940,2019,10.0,10.0
316970,2019,0.0,3.0
316990,2019,37.0,44.0
317010,2019,121.0,138.0
317020,2019,270.0,320.0
317040,2019,0.0,2.0
317070,2019,56.0,60.0
317120,2019,0.0,1.0
317130,2019,25.0,27.0
317170,2019,0.0,1.0
317200,2019,10.0,10.0
320020,2019,0.0,1.0
320040,2019,0.0,1.0
320060,2019,10.0,10.0
320080,2019,0.0,3.0
320090,2019,10.0,11.0
320120,2019,119.0,143.0
320130,2019,56.0,58.0
320150,2019,90.0,99.0
320170,2019,0.0,1.0
320230,2019,20.0,20.0
320240,2019,10.0,10.0
320245,2019,0.0,3.0
320260,2019,0.0,2.0
320270,2019,0.0,6.0
320290,2019,0.0,1.0
320310,2019,0.0,1.0
320316,2019,0.0,1.0
320320,2019,48.0,76.0
320340,2019,0.0,1.0
320390,2019,0.0,1.0
320435,2019,0.0,2.0
320460,2019,10.0,13.0
320470,2019,0.0,1.0
320480,2019,10.0,11.0
320490,2019,58.0,62.0
320500,2019,241.0,297.0
320506,2019,10.0,13.0
320520,2019,162.0,194.0
320530,2019,318.0,374.0
330010,2019,29.0,88.0
330020,2019,20.0,32.0
330023,2019,0.0,6.0
330025,2019,14.0,15.0
330030,2019,14.0,16.0
330040,2019,71.0,77.0
330045,2019,1.0,6.0
330050,2019,0.0,2.0
330060,2019,10.0,12.0
330070,2019,72.0,86.0
330080,2019,0.0,6.0
330090,2019,4.0,6.0
330100,2019,318.0,427.0
330110,2019,20.0,20.0
330120,2019,0.0,4.0
330130,2019,0.0,9.0
330170,2019,100.0,133.0
330185,2019,0.0,1.0
330190,2019,18.0,21.0
330200,2019,10.0,23.0
330210,2019,4.0,9.0
330220,2019,112.0,117.0
330240,2019,127.0,148.0
330250,2019,0.0,7.0
330270,2019,0.0,5.0
330285,2019,10.0,25.0
330290,2019,0.0,3.0
330300,2019,9.0,12.0
330320,2019,30.0,34.0
330330,2019,360.0,425.0
330340,2019,32.0,63.0
330350,2019,194.0,235.0
330370,2019,7.0,11.0
330380,2019,0.0,1.0
330390,2019,183.0,215.0
330395,2019,0.0,1.0
330400,2019,0.0,4.0
330411,2019,6.0,7.0
330412,2019,0.0,1.0
330415,2019,6.0,8.0
330420,2019,66.0,100.0
330430,2019,10.0,13.0
330440,2019,0.0,1.0
330452,2019,10.0,10.0
330455,2019,3468.0,4360.0
330470,2019,8.0,10.0
330480,2019,10.0,12.0
330490,2019,203.0,240.0
330510,2019,56.0,117.0
330515,2019,0.0,1.0
330520,2019,0.0,1.0
330530,2019,0.0,4.0
330550,2019,28.0,40.0
330580,2019,30.0,36.0
330590,2019,0.0,3.0
330600,2019,10.0,10.0
330610,2019,30.0,33.0
330615,2019,0.0,3.0
330620,2019,53.0,68.0
330630,2019,197.0,223.0
350010,2019,5.0,5.0
350160,2019,63.0,63.0
350170,2019,10.0,10.0
350190,2019,9.0,10.0
350210,2019,10.0,10.0
350250,2019,9.0,9.0
350280,2019,53.0,87.0
350320,2019,52.0,64.0
350330,2019,37.0,45.0
350390,2019,18.0,23.0
350400,2019,43.0,53.0
350410,2019,27.0,27.0
350450,2019,10.0,15.0
350520,2019,0.0,7.0
350530,2019,0.0,7.0
350550,2019,90.0,108.0
350570,2019,59.0,93.0
350590,2019,8.0,8.0
350600,2019,165.0,196.0
350610,2019,6.0,9.0
350650,2019,15.0,16.0
350750,2019,61.0,85.0
350760,2019,55.0,75.0
350790,2019,0.0,1.0
350850,2019,5.0,6.0
350900,2019,21.0,34.0
350920,2019,0.0,1.0
350950,2019,582.0,685.0
350960,2019,0.0,2.0
351020,2019,0.0,2.0
351040,2019,10.0,10.0
351050,2019,16.0,18.0
351060,2019,45.0,62.0
351110,2019,64.0,73.0
351140,2019,0.0,2.0
351150,2019,0.0,5.0
351280,2019,7.0,7.0
351300,2019,34.0,61.0
351340,2019,10.0,10.0
351350,2019,15.0,17.0
351380,2019,75.0,131.0
351440,2019,10.0,10.0
351550,2019,10.0,10.0
351570,2019,37.0,71.0
351620,2019,73.0,95.0
351630,2019,29.0,47.0
351640,2019,21.0,32.0
351670,2019,0.0,1.0
351760,2019,0.0,3.0
351840,2019,77.0,79.0
351870,2019,66.0,77.0
351880,2019,270.0,323.0
351907,2019,6.0,10.0
351960,2019,10.0,10.0
352040,2019,0.0,4.0
352044,2019,4.0,18.0
352050,2019,58.0,62.0
352180,2019,0.0,2.0
352210,2019,27.0,37.0
352220,2019,36.0,60.0
352230,2019,16.0,22.0
352240,2019,20.0,22.0
352250,2019,45.0,77.0
352260,2019,15.0,20.0
352270,2019,9.0,9.0
352280,2019,0.0,3.0
352310,2019,20.0,20.0
352320,2019,0.0,6.0
352340,2019,18.0,19.0
352360,2019,0.0,1.0
352390,2019,42.0,42.0
352400,2019,0.0,2.0
352410,2019,10.0,12.0
352430,2019,12.0,14.0
352440,2019,104.0,117.0
352480,2019,25.0,27.0
352520,2019,0.0,1.0
352530,2019,68.0,69.0
352590,2019,151.0,185.0
352640,2019,0.0,2.0
352670,2019,8.0,8.0
352680,2019,5.0,5.0
352690,2019,94.0,109.0
352710,2019,32.0,34.0
352720,2019,30.0,30.0
352730,2019,4.0,4.0
352810,2019,0.0,1.0
352850,2019,0.0,1.0
352900,2019,122.0,137.0
352930,2019,28.0,36.0
352940,2019,87.0,100.0
353010,2019,10.0,14.0
353030,2019,0.0,2.0
353050,2019,10.0,10.0
353060,2019,160.0,196.0
353070,2019,30.0,40.0
353080,2019,24.0,31.0
353130,2019,13.0,16.0
353350,2019,6.0,6.0
353390,2019,7.0,7.0
353440,2019,174.0,200.0
353460,2019,0.0,1.0
353470,2019,37.0,44.0
353550,2019,10.0,10.0
353620,2019,16.0,27.0
353650,2019,6.0,6.0
353730,2019,8.0,8.0
353740,2019,0.0,4.0
353800,2019,35.0,45.0
353870,2019,183.0,209.0
353930,2019,10.0,10.0
354060,2019,10.0,10.0
354070,2019,6.0,6.0
354100,2019,40.0,40.0
354140,2019,117.0,181.0
354150,2019,10.0,10.0
354160,2019,8.0,8.0
354220,2019,15.0,17.0
354240,2019,0.0,2.0
354260,2019,20.0,20.0
354330,2019,11.0,12.0
354340,2019,284.0,351.0
354390,2019,50.0,65.0
354400,2019,0.0,1.0
354425,2019,0.0,2.0
354520,2019,16.0,17.0
354580,2019,9.0,10.0
354640,2019,17.0,24.0
354660,2019,7.0,7.0
354680,2019,7.0,7.0
354730,2019,0.0,7.0
354780,2019,388.0,440.0
354850,2019,289.0,313.0
354870,2019,261.0,330.0
354880,2019,203.0,224.0
354890,2019,69.0,80.0
354910,2019,20.0,20.0
354940,2019,8.0,8.0
354970,2019,7.0,7.0
354980,2019,305.0,367.0
354990,2019,303.0,353.0
355010,2019,0.0,2.0
355030,2019,5257.0,6690.0
355060,2019,10.0,10.0
355070,2019,8.0,8.0
355100,2019,23.0,37.0
355150,2019,10.0,14.0
355170,2019,29.0,38.0
355220,2019,268.0,347.0
355240,2019,36.0,49.0
355250,2019,38.0,56.0
355280,2019,33.0,61.0
355300,2019,0.0,1.0
355370,2019,14.0,23.0
355380,2019,0.0,1.0
355400,2019,19.0,24.0
355410,2019,84.0,84.0
355450,2019,0.0,1.0
355500,2019,29.0,29.0
355540,2019,0.0,15.0
355620,2019,52.0,54.0
355670,2019,18.0,18.0
355700,2019,12.0,12.0
355710,2019,28.0,33.0
410090,2019,0.0,1.0
410100,2019,0.0,1.0
410120,2019,0.0,1.0
410140,2019,28.0,35.0
410150,2019,79.0,79.0
410160,2019,0.0,1.0
410170,2019,0.0,1.0
410180,2019,18.0,25.0
410200,2019,10.0,11.0
410210,2019,0.0,1.0
410240,2019,12.0,15.0
410250,2019,0.0,1.0
410305,2019,0.0,1.0
410330,2019,0.0,1.0
410370,2019,16.0,20.0
410400,2019,87.0,89.0
410420,2019,467.0,479.0
410430,2019,40.0,85.0
410450,2019,0.0,1.0
410460,2019,0.0,1.0
410480,2019,176.0,200.0
410490,2019,10.0,10.0
410550,2019,18.0,19.0
410560,2019,0.0,1.0
410570,2019,0.0,2.0
410630,2019,0.0,1.0
410640,2019,39.0,40.0
410650,2019,0.0,2.0
410680,2019,0.0,2.0
410690,2019,670.0,893.0
410720,2019,0.0,2.0
410765,2019,0.0,2.0
410830,2019,76.0,91.0
410840,2019,45.0,55.0
410860,2019,0.0,5.0
410940,2019,50.0,67.0
410975,2019,0.0,1.0
411050,2019,0.0,2.0
411070,2019,22.0,22.0
411110,2019,0.0,1.0
411125,2019,0.0,3.0
411150,2019,40.0,45.0
411180,2019,16.0,17.0
411190,2019,0.0,1.0
411210,2019,0.0,10.0
411240,2019,0.0,1.0
411320,2019,0.0,2.0
411330,2019,10.0,12.0
411350,2019,0.0,2.0
411370,2019,259.0,347.0
411375,2019,0.0,1.0
411420,2019,0.0,3.0
411440,2019,0.0,2.0
411450,2019,0.0,1.0
411460,2019,0.0,6.0
411520,2019,226.0,241.0
411540,2019,0.0,1.0
411580,2019,8.0,12.0
411690,2019,0.0,1.0
411695,2019,0.0,1.0
411710,2019,0.0,1.0
411720,2019,0.0,1.0
411722,2019,0.0,1.0
411725,2019,0.0,1.0
411727,2019,0.0,1.0
411750,2019,0.0,1.0
411760,2019,10.0,10.0
411770,2019,0.0,2.0
411790,2019,0.0,1.0
411820,2019,25.0,32.0
411830,2019,0.0,1.0
411840,2019,22.0,27.0
411850,2019,46.0,47.0
411910,2019,0.0,2.0
411915,2019,0.0,1.0
411930,2019,0.0,4.0
411950,2019,0.0,3.0
411960,2019,0.0,4.0
411980,2019,0.0,1.0
411990,2019,93.0,121.0
412035,2019,0.0,2.0
412060,2019,0.0,11.0
412090,2019,0.0,1.0
412100,2019,0.0,2.0
412200,2019,0.0,1.0
412240,2019,0.0,1.0
412260,2019,0.0,1.0
412265,2019,0.0,1.0
412300,2019,0.0,1.0
412410,2019,20.0,23.0
412440,2019,0.0,1.0
412510,2019,0.0,6.0
412520,2019,0.0,1.0
412550,2019,29.0,39.0
412570,2019,30.0,42.0
412580,2019,0.0,1.0
412625,2019,27.0,27.0
412670,2019,0.0,1.0
412710,2019,12.0,12.0
412720,2019,0.0,1.0
412730,2019,0.0,1.0
412740,2019,0.0,1.0
412770,2019,47.0,48.0
412780,2019,0.0,1.0
412810,2019,84.0,100.0
412820,2019,30.0,35.0
412860,2019,0.0,1.0
420020,2019,0.0,1.0
420040,2019,0.0,1.0
420070,2019,0.0,1.0
420110,2019,0.0,1.0
420127,2019,0.0,1.0
420140,2019,10.0,10.0
420200,2019,40.0,49.0
420240,2019,95.0,111.0
420290,2019,26.0,26.0
420300,2019,20.0,20.0
420310,2019,0.0,1.0
420350,2019,0.0,2.0
420360,2019,0.0,1.0
420380,2019,10.0,12.0
420410,2019,0.0,2.0
420420,2019,43.0,47.0
420430,2019,22.0,32.0
420460,2019,70.0,82.0
420470,2019,0.0,1.0
420480,2019,18.0,34.0
420490,2019,0.0,1.0
420500,2019,0.0,2.0
420530,2019,0.0,1.0
420540,2019,238.0,281.0
420660,2019,0.0,1.0
420690,2019,10.0,15.0
420700,2019,10.0,10.0
420730,2019,0.0,1.0
420750,2019,0.0,8.0
420760,2019,0.0,2.0
420765,2019,0.0,1.0
420770,2019,0.0,1.0
420780,2019,0.0,1.0
420790,2019,0.0,3.0
420800,2019,0.0,1.0
420820,2019,49.0,67.0
420840,2019,0.0,2.0
420850,2019,10.0,10.0
420880,2019,0.0,1.0
420890,2019,40.0,52.0
420900,2019,10.0,10.0
420910,2019,178.0,222.0
420930,2019,38.0,54.0
420940,2019,0.0,2.0
420960,2019,0.0,1.0
420985,2019,0.0,1.0
421000,2019,0.0,2.0
421010,2019,31.0,37.0
421030,2019,0.0,1.0
421050,2019,10.0,12.0
421090,2019,0.0,1.0
421100,2019,0.0,1.0
421105,2019,0.0,1.0
421120,2019,0.0,2.0
421140,2019,0.0,1.0
421190,2019,0.0,2.0
421200,2019,0.0,1.0
421210,2019,0.0,1.0
421260,2019,0.0,1.0
421290,2019,0.0,1.0
421340,2019,0.0,2.0
421360,2019,8.0,8.0
421450,2019,0.0,2.0
421480,2019,26.0,40.0
421500,2019,0.0,12.0
421530,2019,0.0,1.0
421550,2019,0.0,1.0
421570,2019,0.0,1.0
421580,2019,10.0,10.0
421600,2019,0.0,2.0
421625,2019,0.0,1.0
421650,2019,0.0,3.0
421660,2019,72.0,88.0
421670,2019,0.0,1.0
421690,2019,0.0,2.0
421720,2019,10.0,11.0
421730,2019,0.0,1.0
421750,2019,0.0,1.0
421770,2019,0.0,1.0
421780,2019,0.0,1.0
421790,2019,0.0,1.0
421820,2019,10.0,10.0
421830,2019,0.0,1.0
421860,2019,0.0,1.0
421870,2019,60.0,65.0
421875,2019,0.0,1.0
421910,2019,0.0,1.0
421920,2019,0.0,1.0
421930,2019,18.0,27.0
421950,2019,23.0,29.0
421960,2019,0.0,1.0
421970,2019,0.0,2.0
430010,2019,0.0,1.0
430020,2019,0.0,1.0
430040,2019,18.0,18.0
430060,2019,10.0,10.0
430160,2019,46.0,46.0
430210,2019,39.0,39.0
430230,2019,0.0,1.0
430245,2019,0.0,1.0
430270,2019,0.0,2.0
430300,2019,20.0,26.0
430310,2019,10.0,20.0
430330,2019,0.0,1.0
430360,2019,0.0,1.0
430380,2019,0.0,1.0
430390,2019,10.0,10.0
430400,2019,0.0,1.0
430440,2019,0.0,2.0
430450,2019,10.0,10.0
430460,2019,95.0,136.0
430463,2019,10.0,10.0
430470,2019,7.0,7.0
430510,2019,167.0,182.0
430530,2019,0.0,3.0
430540,2019,0.0,1.0
430570,2019,0.0,1.0
430580,2019,0.0,2.0
430590,2019,0.0,1.0
430610,2019,15.0,15.0
430620,2019,0.0,1.0
430640,2019,0.0,2.0
430660,2019,5.0,5.0
430700,2019,42.0,42.0
430750,2019,0.0,1.0
430770,2019,13.0,18.0
430780,2019,20.0,20.0
430790,2019,10.0,10.0
430800,2019,1.0,15.0
430820,2019,0.0,1.0
430850,2019,10.0,24.0
430860,2019,0.0,2.0
430910,2019,10.0,10.0
430920,2019,10.0,10.0
430930,2019,0.0,1.0
430960,2019,0.0,2.0
431020,2019,64.0,73.0
431050,2019,0.0,2.0
431060,2019,0.0,4.0
431100,2019,0.0,1.0
431110,2019,0.0,1.0
431130,2019,0.0,1.0
431140,2019,31.0,38.0
431205,2019,0.0,1.0
431220,2019,0.0,1.0
431240,2019,23.0,32.0
431250,2019,0.0,1.0
431290,2019,0.0,1.0
431320,2019,0.0,1.0
431340,2019,77.0,93.0
431350,2019,0.0,5.0
431360,2019,0.0,1.0
431370,2019,0.0,2.0
431390,2019,0.0,3.0
431400,2019,0.0,1.0
431402,2019,0.0,1.0
431410,2019,114.0,129.0
431430,2019,0.0,1.0
431440,2019,101.0,132.0
431450,2019,0.0,1.0
431460,2019,0.0,3.0
431470,2019,0.0,1.0
431490,2019,917.0,1272.0
431510,2019,0.0,1.0
431515,2019,0.0,1.0
431560,2019,56.0,79.0
431570,2019,0.0,4.0
431610,2019,0.0,2.0
431620,2019,0.0,1.0
431630,2019,0.0,2.0
431640,2019,8.0,8.0
431660,2019,0.0,5.0
431680,2019,29.0,44.0
431690,2019,130.0,145.0
431710,2019,20.0,22.0
431720,2019,44.0,44.0
431730,2019,0.0,2.0
431740,2019,10.0,10.0
431750,2019,27.0,35.0
431800,2019,9.0,17.0
431830,2019,10.0,10.0
431840,2019,0.0,1.0
431870,2019,15.0,20.0
431890,2019,0.0,2.0
431915,2019,0.0,1.0
431990,2019,17.0,19.0
432000,2019,10.0,39.0
432010,2019,0.0,1.0
432020,2019,0.0,1.0
432050,2019,0.0,1.0
432067,2019,0.0,2.0
432070,2019,0.0,2.0
432090,2019,0.0,2.0
432110,2019,0.0,1.0
432120,2019,10.0,10.0
432130,2019,0.0,1.0
432140,2019,10.0,25.0
432150,2019,5.0,7.0
432160,2019,20.0,44.0
432180,2019,6.0,7.0
432190,2019,10.0,10.0
432195,2019,0.0,1.0
432230,2019,0.0,3.0
432240,2019,28.0,49.0
432250,2019,10.0,10.0
432253,2019,0.0,1.0
432260,2019,10.0,10.0
432270,2019,0.0,1.0
432280,2019,0.0,1.0
432290,2019,0.0,2.0
432300,2019,15.0,15.0
500100,2019,0.0,2.0
500110,2019,10.0,20.0
500124,2019,0.0,1.0
500210,2019,0.0,1.0
500260,2019,0.0,1.0
500270,2019,351.0,427.0
500280,2019,0.0,1.0
500295,2019,0.0,2.0
500320,2019,10.0,10.0
500325,2019,0.0,1.0
500348,2019,0.0,1.0
500370,2019,100.0,121.0
500375,2019,0.0,1.0
500380,2019,0.0,1.0
500450,2019,0.0,1.0
500460,2019,0.0,1.0
500470,2019,0.0,1.0
500525,2019,0.0,1.0
500540,2019,0.0,2.0
500560,2019,0.0,1.0
500600,2019,0.0,2.0
500620,2019,10.0,14.0
500630,2019,0.0,3.0
500660,2019,10.0,10.0
500690,2019,0.0,1.0
500730,2019,0.0,2.0
500755,2019,0.0,3.0
500790,2019,0.0,5.0
500830,2019,24.0,31.0
510025,2019,10.0,18.0
510060,2019,0.0,1.0
510160,2019,0.0,1.0
510170,2019,0.0,7.0
510180,2019,10.0,17.0
510250,2019,46.0,46.0
510267,2019,0.0,1.0
510268,2019,0.0,1.0
510320,2019,18.0,18.0
510335,2019,0.0,2.0
510337,2019,0.0,1.0
510340,2019,520.0,584.0
510350,2019,0.0,2.0
510410,2019,0.0,2.0
510420,2019,0.0,1.0
510460,2019,0.0,1.0
510500,2019,0.0,1.0
510510,2019,0.0,2.0
510515,2019,10.0,15.0
510517,2019,0.0,1.0
510525,2019,20.0,22.0
510550,2019,0.0,3.0
510558,2019,0.0,1.0
510560,2019,0.0,1.0
510590,2019,0.0,2.0
510622,2019,0.0,3.0
510623,2019,0.0,2.0
510627,2019,0.0,1.0
510629,2019,0.0,1.0
510637,2019,0.0,1.0
510642,2019,0.0,4.0
510650,2019,0.0,2.0
510675,2019,0.0,2.0
510680,2019,0.0,2.0
510700,2019,0.0,2.0
510704,2019,22.0,32.0
510710,2019,0.0,1.0
510760,2019,79.0,116.0
510770,2019,0.0,1.0
510780,2019,0.0,1.0
510787,2019,0.0,1.0
510790,2019,32.0,40.0
510792,2019,40.0,44.0
510794,2019,0.0,1.0
510795,2019,73.0,86.0
510800,2019,0.0,1.0
510805,2019,0.0,1.0
510810,2019,0.0,1.0
510840,2019,43.0,52.0
520110,2019,125.0,139.0
520140,2019,103.0,125.0
520150,2019,0.0,1.0
520320,2019,0.0,1.0
520350,2019,0.0,2.0
520355,2019,0.0,1.0
520390,2019,0.0,2.0
520450,2019,10.0,21.0
520465,2019,0.0,1.0
520500,2019,0.0,1.0
520510,2019,34.0,39.0
520540,2019,19.0,20.0
520545,2019,0.0,1.0
520551,2019,0.0,1.0
520620,2019,0.0,3.0
520753,2019,0.0,1.0
520800,2019,0.0,10.0
520850,2019,0.0,1.0
520860,2019,10.0,13.0
520870,2019,934.0,1033.0
520880,2019,0.0,1.0
520890,2019,10.0,12.0
520910,2019,0.0,32.0
520970,2019,0.0,1.0
520995,2019,0.0,1.0
521000,2019,0.0,5.0
521020,2019,0.0,2.0
521090,2019,0.0,2.0
521150,2019,19.0,33.0
521170,2019,0.0,1.0
521180,2019,0.0,2.0
521190,2019,20.0,24.0
521220,2019,0.0,3.0
521250,2019,5.0,5.0
521308,2019,0.0,4.0
521310,2019,10.0,12.0
521380,2019,0.0,5.0
521400,2019,0.0,1.0
521450,2019,50.0,55.0
521460,2019,0.0,2.0
521560,2019,0.0,2.0
521640,2019,0.0,1.0
521710,2019,0.0,2.0
521720,2019,0.0,2.0
521730,2019,0.0,2.0
521740,2019,0.0,2.0
521760,2019,0.0,4.0
521770,2019,0.0,1.0
521800,2019,0.0,2.0
521850,2019,11.0,13.0
521860,2019,0.0,1.0
521880,2019,58.0,78.0
521930,2019,20.0,25.0
521975,2019,0.0,1.0
522010,2019,9.0,9.0
522020,2019,0.0,1.0
522040,2019,0.0,2.0
522045,2019,10.0,11.0
522060,2019,0.0,4.0
522160,2019,0.0,7.0
530010,2019,1273.0,1579.0
110001,2020,0.0,4.0
110002,2020,59.0,66.0
110004,2020,53.0,53.0
110005,2020,0.0,2.0
110009,2020,0.0,1.0
110010,2020,0.0,4.0
110011,2020,5.0,14.0
110012,2020,20.0,58.0
110015,2020,21.0,23.0
110018,2020,0.0,4.0
110020,2020,363.0,457.0
110028,2020,0.0,4.0
110030,2020,20.0,63.0
110033,2020,0.0,10.0
110045,2020,0.0,1.0
110094,2020,0.0,2.0
110140,2020,0.0,18.0
110149,2020,1.0,2.0
120010,2020,0.0,13.0
120020,2020,38.0,73.0
120038,2020,0.0,2.0
120040,2020,146.0,215.0
120045,2020,0.0,1.0
130002,2020,0.0,4.0
130006,2020,0.0,6.0
130014,2020,0.0,12.0
130020,2020,0.0,11.0
130030,2020,0.0,2.0
130040,2020,0.0,3.0
130050,2020,0.0,1.0
130060,2020,0.0,10.0
130063,2020,0.0,1.0
130070,2020,0.0,6.0
130080,2020,12.0,17.0
130083,2020,0.0,3.0
130090,2020,0.0,4.0
130100,2020,0.0,9.0
130110,2020,0.0,1.0
130120,2020,5.0,8.0
130140,2020,0.0,4.0
130160,2020,0.0,7.0
130165,2020,0.0,1.0
130170,2020,0.0,27.0
130190,2020,0.0,3.0
130200,2020,0.0,4.0
130220,2020,0.0,1.0
130230,2020,3.0,8.0
130240,2020,0.0,9.0
130250,2020,0.0,16.0
130260,2020,780.0,1060.0
130270,2020,0.0,4.0
130280,2020,0.0,2.0
130290,2020,0.0,2.0
130300,2020,0.0,1.0
130330,2020,4.0,5.0
130340,2020,0.0,43.0
130350,2020,0.0,1.0
130353,2020,0.0,2.0
130356,2020,0.0,2.0
130370,2020,0.0,5.0
130380,2020,0.0,2.0
130390,2020,0.0,3.0
130400,2020,0.0,3.0
130406,2020,0.0,16.0
130420,2020,0.0,17.0
130423,2020,0.0,2.0
130426,2020,0.0,2.0
130430,2020,0.0,1.0
140005,2020,0.0,1.0
140010,2020,94.0,148.0
140015,2020,0.0,1.0
140030,2020,0.0,1.0
140040,2020,0.0,2.0
140045,2020,0.0,1.0
140047,2020,5.0,6.0
140050,2020,0.0,1.0
140060,2020,0.0,1.0
150010,2020,26.0,46.0
150013,2020,0.0,1.0
150040,2020,0.0,9.0
150060,2020,28.0,48.0
150070,2020,0.0,1.0
150080,2020,133.0,150.0
150085,2020,0.0,4.0
150110,2020,0.0,1.0
150120,2020,0.0,1.0
150125,2020,0.0,1.0
150130,2020,20.0,33.0
150140,2020,835.0,1198.0
150145,2020,0.0,1.0
150170,2020,60.0,83.0
150172,2020,0.0,4.0
150175,2020,0.0,1.0
150178,2020,0.0,1.0
150180,2020,40.0,43.0
150210,2020,0.0,4.0
150215,2020,0.0,1.0
150220,2020,20.0,23.0
150230,2020,0.0,2.0
150240,2020,76.0,105.0
150270,2020,12.0,26.0
150280,2020,0.0,1.0
150290,2020,0.0,13.0
150293,2020,2.0,4.0
150310,2020,0.0,1.0
150320,2020,0.0,2.0
150340,2020,0.0,1.0
150345,2020,0.0,2.0
150360,2020,20.0,37.0
150380,2020,0.0,4.0
150400,2020,0.0,1.0
150405,2020,0.0,1.0
150420,2020,93.0,122.0
150430,2020,0.0,3.0
150440,2020,0.0,1.0
150442,2020,7.0,20.0
150450,2020,0.0,1.0
150460,2020,0.0,1.0
150470,2020,0.0,2.0
150480,2020,0.0,13.0
150490,2020,0.0,4.0
150497,2020,1.0,2.0
150503,2020,0.0,1.0
150506,2020,0.0,2.0
150510,2020,0.0,1.0
150520,2020,0.0,1.0
150530,2020,0.0,8.0
150543,2020,0.0,1.0
150548,2020,0.0,1.0
150549,2020,0.0,1.0
150550,2020,20.0,35.0
150553,2020,31.0,60.0
150565,2020,0.0,3.0
150570,2020,2.0,4.0
150580,2020,0.0,1.0
150590,2020,0.0,1.0
150610,2020,0.0,4.0
150613,2020,35.0,49.0
150616,2020,0.0,4.0
150618,2020,0.0,2.0
150619,2020,1.0,5.0
150620,2020,0.0,2.0
150630,2020,0.0,1.0
150658,2020,0.0,5.0
150680,2020,76.0,107.0
150700,2020,0.0,1.0
150720,2020,0.0,1.0
150730,2020,0.0,2.0
150747,2020,0.0,1.0
150750,2020,0.0,1.0
150760,2020,0.0,2.0
150780,2020,0.0,1.0
150790,2020,0.0,1.0
150795,2020,0.0,11.0
150800,2020,0.0,5.0
150803,2020,0.0,1.0
150805,2020,0.0,5.0
150810,2020,30.0,50.0
150812,2020,7.0,9.0
150820,2020,0.0,9.0
150830,2020,0.0,2.0
150835,2020,0.0,1.0
150840,2020,0.0,25.0
160020,2020,0.0,5.0
160027,2020,5.0,6.0
160030,2020,146.0,199.0
160060,2020,13.0,14.0
170200,2020,0.0,1.0
170210,2020,148.0,206.0
170230,2020,0.0,1.0
170240,2020,0.0,5.0
170255,2020,10.0,39.0
170550,2020,10.0,37.0
170930,2020,0.0,4.0
170950,2020,36.0,58.0
171050,2020,0.0,1.0
171320,2020,0.0,2.0
171610,2020,0.0,7.0
171620,2020,0.0,1.0
171650,2020,0.0,1.0
171660,2020,0.0,2.0
172090,2020,0.0,1.0
172100,2020,238.0,311.0
172120,2020,0.0,2.0
210005,2020,10.0,20.0
210043,2020,0.0,18.0
210047,2020,0.0,11.0
210080,2020,0.0,10.0
210083,2020,0.0,1.0
210090,2020,0.0,2.0
210100,2020,0.0,2.0
210120,2020,27.0,64.0
210140,2020,22.0,38.0
210160,2020,10.0,27.0
210170,2020,10.0,18.0
210177,2020,0.0,2.0
210197,2020,0.0,1.0
210232,2020,0.0,10.0
210250,2020,0.0,2.0
210280,2020,0.0,1.0
210290,2020,0.0,1.0
210300,2020,75.0,95.0
210320,2020,22.0,29.0
210330,2020,10.0,55.0
210340,2020,0.0,5.0
210350,2020,8.0,14.0
210360,2020,42.0,44.0
210370,2020,0.0,2.0
210375,2020,0.0,1.0
210405,2020,0.0,3.0
210408,2020,2.0,2.0
210410,2020,0.0,1.0
210480,2020,30.0,40.0
210530,2020,227.0,280.0
210540,2020,5.0,9.0
210547,2020,3.0,3.0
210550,2020,0.0,2.0
210565,2020,0.0,1.0
210570,2020,5.0,5.0
210610,2020,0.0,2.0
210620,2020,0.0,3.0
210630,2020,0.0,1.0
210660,2020,5.0,5.0
210690,2020,0.0,8.0
210700,2020,0.0,2.0
210710,2020,0.0,1.0
210720,2020,1.0,1.0
210730,2020,0.0,1.0
210760,2020,0.0,1.0
210805,2020,0.0,1.0
210820,2020,0.0,5.0
210830,2020,0.0,5.0
210840,2020,0.0,3.0
210845,2020,10.0,20.0
210850,2020,0.0,1.0
210860,2020,21.0,43.0
210880,2020,0.0,1.0
210890,2020,0.0,2.0
210900,2020,0.0,4.0
210910,2020,27.0,28.0
210927,2020,0.0,1.0
210940,2020,0.0,1.0
210950,2020,0.0,3.0
210970,2020,0.0,2.0
210980,2020,0.0,4.0
210990,2020,32.0,45.0
211000,2020,0.0,10.0
211003,2020,10.0,12.0
211010,2020,0.0,2.0
211023,2020,0.0,1.0
211050,2020,0.0,5.0
211060,2020,0.0,1.0
211105,2020,0.0,1.0
211120,2020,40.0,44.0
211130,2020,622.0,773.0
211150,2020,0.0,4.0
211180,2020,0.0,3.0
211210,2020,0.0,4.0
211220,2020,20.0,22.0
211230,2020,0.0,1.0
211250,2020,0.0,1.0
211280,2020,5.0,5.0
211290,2020,0.0,6.0
211400,2020,0.0,2.0
220020,2020,0.0,2.0
220030,2020,0.0,1.0
220040,2020,0.0,1.0
220050,2020,0.0,2.0
220120,2020,0.0,11.0
220190,2020,9.0,11.0
220230,2020,0.0,1.0
220330,2020,0.0,2.0
220370,2020,0.0,3.0
220390,2020,40.0,40.0
220430,2020,0.0,1.0
220580,2020,0.0,2.0
220620,2020,0.0,2.0
220700,2020,16.0,16.0
220770,2020,61.0,93.0
220780,2020,0.0,5.0
220790,2020,0.0,1.0
220800,2020,80.0,105.0
220840,2020,20.0,55.0
221000,2020,0.0,1.0
221040,2020,0.0,1.0
221050,2020,0.0,1.0
221060,2020,20.0,27.0
221080,2020,0.0,3.0
221100,2020,492.0,614.0
221110,2020,0.0,1.0
221120,2020,0.0,5.0
221130,2020,0.0,2.0
230020,2020,0.0,2.0
230040,2020,0.0,1.0
230070,2020,0.0,6.0
230100,2020,0.0,23.0
230110,2020,0.0,14.0
230130,2020,0.0,2.0
230150,2020,0.0,1.0
230160,2020,0.0,2.0
230190,2020,85.0,101.0
230210,2020,0.0,3.0
230220,2020,10.0,20.0
230250,2020,15.0,24.0
230280,2020,10.0,22.0
230330,2020,0.0,3.0
230340,2020,0.0,6.0
230360,2020,0.0,1.0
230370,2020,11.0,17.0
230390,2020,0.0,2.0
230410,2020,22.0,34.0
230420,2020,60.0,66.0
230428,2020,12.0,20.0
230440,2020,1197.0,1587.0
230523,2020,6.0,6.0
230530,2020,0.0,7.0
230540,2020,10.0,10.0
230550,2020,36.0,55.0
230580,2020,0.0,2.0
230600,2020,0.0,2.0
230625,2020,0.0,10.0
230640,2020,17.0,19.0
230655,2020,0.0,4.0
230680,2020,0.0,1.0
230700,2020,0.0,8.0
230730,2020,103.0,122.0
230750,2020,0.0,2.0
230760,2020,10.0,10.0
230765,2020,29.0,55.0
230770,2020,10.0,10.0
230780,2020,0.0,1.0
230810,2020,0.0,2.0
230840,2020,0.0,4.0
230850,2020,0.0,8.0
230940,2020,0.0,1.0
230945,2020,0.0,5.0
231020,2020,0.0,1.0
231030,2020,0.0,2.0
231050,2020,22.0,30.0
231060,2020,0.0,1.0
231085,2020,0.0,12.0
231110,2020,0.0,4.0
231126,2020,0.0,2.0
231130,2020,10.0,58.0
231135,2020,0.0,1.0
231140,2020,50.0,89.0
231160,2020,5.0,5.0
231180,2020,0.0,19.0
231190,2020,0.0,1.0
231220,2020,0.0,3.0
231230,2020,0.0,1.0
231240,2020,8.0,24.0
231270,2020,0.0,7.0
231290,2020,198.0,259.0
231310,2020,0.0,1.0
231330,2020,30.0,35.0
231340,2020,34.0,51.0
231360,2020,0.0,8.0
231380,2020,0.0,2.0
231400,2020,0.0,10.0
231410,2020,0.0,12.0
240020,2020,10.0,19.0
240100,2020,5.0,9.0
240200,2020,30.0,35.0
240230,2020,0.0,1.0
240260,2020,0.0,2.0
240310,2020,15.0,15.0
240325,2020,37.0,61.0
240400,2020,0.0,2.0
240450,2020,5.0,8.0
240470,2020,0.0,6.0
240520,2020,0.0,1.0
240580,2020,5.0,8.0
240610,2020,0.0,1.0
240650,2020,0.0,2.0
240710,2020,10.0,10.0
240720,2020,10.0,11.0
240800,2020,217.0,267.0
240810,2020,582.0,701.0
240940,2020,19.0,21.0
241070,2020,0.0,2.0
241120,2020,32.0,51.0
241140,2020,0.0,1.0
241150,2020,0.0,5.0
241200,2020,0.0,4.0
241220,2020,10.0,10.0
241260,2020,6.0,8.0
241280,2020,0.0,1.0
241335,2020,0.0,1.0
250040,2020,0.0,1.0
250240,2020,0.0,1.0
250320,2020,0.0,23.0
250370,2020,19.0,29.0
250400,2020,284.0,339.0
250440,2020,0.0,1.0
250480,2020,0.0,1.0
250570,2020,0.0,1.0
250600,2020,0.0,2.0
250630,2020,6.0,9.0
250750,2020,474.0,625.0
250840,2020,0.0,2.0
250890,2020,10.0,10.0
250920,2020,2.0,3.0
250970,2020,0.0,32.0
251080,2020,48.0,69.0
251120,2020,0.0,5.0
251130,2020,20.0,20.0
251210,2020,11.0,11.0
251230,2020,0.0,1.0
251250,2020,0.0,1.0
251370,2020,102.0,130.0
251430,2020,0.0,1.0
251620,2020,16.0,23.0
251630,2020,0.0,6.0
251650,2020,0.0,2.0
260005,2020,22.0,22.0
260010,2020,20.0,20.0
260040,2020,25.0,25.0
260110,2020,30.0,30.0
260120,2020,21.0,21.0
260140,2020,15.0,18.0
260160,2020,0.0,4.0
260190,2020,20.0,20.0
260260,2020,0.0,1.0
260290,2020,90.0,94.0
260300,2020,0.0,15.0
260345,2020,0.0,3.0
260400,2020,0.0,3.0
260410,2020,178.0,239.0
260450,2020,0.0,5.0
260570,2020,0.0,4.0
260600,2020,56.0,64.0
260620,2020,10.0,10.0
260630,2020,0.0,4.0
260740,2020,0.0,2.0
260790,2020,118.0,122.0
260845,2020,0.0,9.0
260890,2020,30.0,30.0
260900,2020,0.0,4.0
260930,2020,0.0,8.0
260940,2020,20.0,20.0
260950,2020,0.0,1.0
260960,2020,75.0,156.0
260990,2020,18.0,20.0
261000,2020,80.0,95.0
261060,2020,0.0,2.0
261070,2020,103.0,109.0
261100,2020,0.0,2.0
261110,2020,171.0,207.0
261130,2020,0.0,1.0
261160,2020,1854.0,2203.0
261170,2020,0.0,1.0
261210,2020,0.0,5.0
261220,2020,16.0,22.0
261245,2020,0.0,9.0
261247,2020,0.0,1.0
261255,2020,0.0,7.0
261260,2020,0.0,14.0
261360,2020,5.0,5.0
261370,2020,10.0,10.0
261390,2020,52.0,55.0
261410,2020,18.0,18.0
261560,2020,0.0,8.0
261640,2020,20.0,30.0
270030,2020,142.0,177.0
270130,2020,0.0,1.0
270230,2020,52.0,53.0
270240,2020,0.0,2.0
270400,2020,0.0,1.0
270430,2020,445.0,599.0
270440,2020,0.0,2.0
270630,2020,22.0,25.0
270670,2020,7.0,18.0
270730,2020,10.0,10.0
270770,2020,0.0,8.0
270800,2020,30.0,50.0
270850,2020,0.0,2.0
270860,2020,25.0,35.0
270930,2020,10.0,12.0
280020,2020,0.0,1.0
280030,2020,434.0,589.0
280130,2020,0.0,2.0
280210,2020,41.0,55.0
280290,2020,0.0,23.0
280340,2020,0.0,1.0
280350,2020,40.0,48.0
280450,2020,0.0,4.0
280480,2020,0.0,6.0
280540,2020,0.0,1.0
280570,2020,0.0,9.0
280590,2020,0.0,1.0
280670,2020,0.0,1.0
290010,2020,0.0,1.0
290070,2020,30.0,37.0
290100,2020,0.0,3.0
290160,2020,0.0,2.0
290270,2020,1.0,3.0
290290,2020,0.0,1.0
290300,2020,0.0,4.0
290320,2020,65.0,110.0
290327,2020,0.0,6.0
290340,2020,0.0,1.0
290360,2020,0.0,3.0
290390,2020,0.0,10.0
290410,2020,0.0,2.0
290450,2020,0.0,1.0
290460,2020,20.0,20.0
290490,2020,0.0,1.0
290510,2020,0.0,2.0
290520,2020,10.0,14.0
290550,2020,0.0,1.0
290560,2020,0.0,3.0
290570,2020,33.0,96.0
290590,2020,0.0,1.0
290600,2020,0.0,20.0
290650,2020,20.0,20.0
290690,2020,0.0,4.0
290750,2020,8.0,11.0
290770,2020,0.0,3.0
290810,2020,0.0,1.0
290840,2020,0.0,2.0
290850,2020,0.0,15.0
290870,2020,0.0,1.0
290890,2020,5.0,5.0
290910,2020,0.0,7.0
290930,2020,0.0,1.0
290940,2020,0.0,2.0
290970,2020,0.0,1.0
290980,2020,0.0,5.0
291040,2020,0.0,1.0
291070,2020,0.0,1.0
291072,2020,39.0,50.0
291080,2020,236.0,329.0
291110,2020,0.0,2.0
291170,2020,24.0,32.0
291190,2020,0.0,11.0
291200,2020,0.0,1.0
291210,2020,0.0,3.0
291340,2020,0.0,1.0
291360,2020,108.0,137.0
291390,2020,0.0,4.0
291400,2020,2.0,6.0
291440,2020,0.0,2.0
291460,2020,41.0,46.0
291465,2020,0.0,5.0
291470,2020,24.0,26.0
291480,2020,107.0,138.0
291490,2020,0.0,1.0
291530,2020,0.0,1.0
291560,2020,0.0,11.0
291600,2020,0.0,2.0
291640,2020,9.0,12.0
291670,2020,0.0,1.0
291685,2020,0.0,10.0
291720,2020,0.0,4.0
291730,2020,0.0,16.0
291735,2020,0.0,1.0
291750,2020,20.0,47.0
291760,2020,0.0,3.0
291800,2020,80.0,95.0
291840,2020,62.0,82.0
291845,2020,0.0,1.0
291880,2020,0.0,1.0
291920,2020,43.0,46.0
291955,2020,6.0,33.0
291980,2020,0.0,2.0
291990,2020,0.0,1.0
291992,2020,2.0,5.0
292010,2020,0.0,1.0
292020,2020,0.0,1.0
292050,2020,0.0,2.0
292100,2020,0.0,1.0
292110,2020,0.0,2.0
292120,2020,0.0,1.0
292130,2020,0.0,2.0
292170,2020,0.0,2.0
292200,2020,0.0,6.0
292210,2020,0.0,2.0
292300,2020,0.0,3.0
292310,2020,0.0,2.0
292360,2020,0.0,6.0
292370,2020,0.0,1.0
292400,2020,10.0,44.0
292450,2020,0.0,1.0
292520,2020,0.0,2.0
292530,2020,30.0,44.0
292595,2020,0.0,7.0
292600,2020,10.0,10.0
292630,2020,0.0,6.0
292640,2020,0.0,1.0
292660,2020,10.0,16.0
292690,2020,0.0,1.0
292740,2020,2061.0,2445.0
292790,2020,0.0,5.0
292800,2020,0.0,2.0
292810,2020,0.0,2.0
292820,2020,0.0,1.0
292850,2020,0.0,2.0
292860,2020,0.0,9.0
292870,2020,52.0,69.0
292880,2020,0.0,8.0
292890,2020,0.0,1.0
292900,2020,14.0,15.0
292920,2020,0.0,1.0
292930,2020,0.0,2.0
292960,2020,0.0,1.0
292990,2020,10.0,10.0
293010,2020,20.0,20.0
293015,2020,0.0,1.0
293030,2020,0.0,1.0
293050,2020,10.0,20.0
293070,2020,0.0,12.0
293075,2020,0.0,1.0
293077,2020,0.0,2.0
293130,2020,0.0,1.0
293135,2020,68.0,88.0
293150,2020,0.0,4.0
293230,2020,0.0,2.0
293260,2020,0.0,2.0
293280,2020,0.0,3.0
293290,2020,10.0,10.0
293300,2020,0.0,1.0
293320,2020,0.0,1.0
293325,2020,0.0,1.0
293330,2020,200.0,249.0
293345,2020,0.0,2.0
293360,2020,0.0,3.0
310030,2020,0.0,3.0
310120,2020,10.0,10.0
310150,2020,10.0,13.0
310160,2020,83.0,121.0
310170,2020,10.0,15.0
310210,2020,0.0,2.0
310270,2020,0.0,3.0
310280,2020,0.0,2.0
310340,2020,6.0,17.0
310350,2020,40.0,50.0
310400,2020,42.0,42.0
310490,2020,10.0,10.0
310540,2020,0.0,1.0
310560,2020,75.0,110.0
310590,2020,0.0,1.0
310620,2020,1974.0,2461.0
310670,2020,204.0,317.0
310710,2020,10.0,10.0
310740,2020,26.0,28.0
310750,2020,0.0,1.0
310840,2020,0.0,1.0
310860,2020,30.0,35.0
310900,2020,0.0,1.0
310990,2020,0.0,1.0
311000,2020,0.0,23.0
311070,2020,0.0,2.0
311120,2020,21.0,21.0
311150,2020,0.0,1.0
311230,2020,10.0,10.0
311270,2020,0.0,1.0
311300,2020,0.0,1.0
311320,2020,0.0,2.0
311330,2020,43.0,59.0
311340,2020,123.0,134.0
311510,2020,0.0,3.0
311530,2020,20.0,28.0
311550,2020,0.0,2.0
311580,2020,0.0,1.0
311800,2020,10.0,11.0
311830,2020,37.0,38.0
311860,2020,154.0,206.0
311940,2020,40.0,58.0
312090,2020,40.0,40.0
312120,2020,0.0,1.0
312160,2020,55.0,60.0
312230,2020,161.0,161.0
312260,2020,0.0,1.0
312270,2020,0.0,1.0
312390,2020,0.0,7.0
312410,2020,0.0,1.0
312510,2020,15.0,16.0
312560,2020,0.0,1.0
312610,2020,38.0,38.0
312770,2020,145.0,180.0
312800,2020,10.0,27.0
312860,2020,0.0,1.0
312870,2020,24.0,24.0
312940,2020,0.0,1.0
312980,2020,30.0,53.0
313130,2020,140.0,164.0
313170,2020,45.0,50.0
313190,2020,0.0,2.0
313210,2020,0.0,2.0
313240,2020,68.0,123.0
313250,2020,0.0,3.0
313270,2020,1.0,3.0
313310,2020,5.0,5.0
313330,2020,10.0,14.0
313350,2020,0.0,4.0
313380,2020,20.0,20.0
313420,2020,48.0,49.0
313440,2020,0.0,2.0
313510,2020,25.0,31.0
313520,2020,10.0,10.0
313540,2020,0.0,1.0
313580,2020,0.0,18.0
313620,2020,25.0,27.0
313630,2020,10.0,12.0
313665,2020,0.0,1.0
313670,2020,419.0,449.0
313700,2020,0.0,3.0
313710,2020,0.0,1.0
313720,2020,20.0,20.0
313760,2020,10.0,10.0
313770,2020,0.0,1.0
313790,2020,0.0,1.0
313800,2020,0.0,1.0
313820,2020,60.0,62.0
313840,2020,29.0,31.0
313920,2020,0.0,10.0
313930,2020,0.0,5.0
313940,2020,52.0,73.0
313950,2020,10.0,11.0
313960,2020,0.0,1.0
313980,2020,0.0,1.0
314000,2020,0.0,4.0
314090,2020,0.0,1.0
314180,2020,0.0,3.0
314220,2020,0.0,2.0
314260,2020,0.0,1.0
314270,2020,0.0,1.0
314310,2020,18.0,22.0
314330,2020,191.0,206.0
314390,2020,90.0,98.0
314400,2020,0.0,1.0
314430,2020,10.0,10.0
314470,2020,0.0,2.0
314480,2020,121.0,139.0
314500,2020,0.0,1.0
314520,2020,20.0,35.0
314560,2020,30.0,30.0
314590,2020,10.0,10.0
314610,2020,23.0,37.0
314630,2020,0.0,7.0
314700,2020,13.0,44.0
314710,2020,30.0,30.0
314790,2020,95.0,100.0
314800,2020,128.0,131.0
314810,2020,46.0,72.0
314860,2020,6.0,6.0
314870,2020,0.0,6.0
315030,2020,0.0,2.0
315080,2020,0.0,2.0
315110,2020,0.0,2.0
315120,2020,29.0,33.0
315150,2020,10.0,13.0
315180,2020,127.0,137.0
315190,2020,0.0,2.0
315200,2020,0.0,1.0
315210,2020,64.0,75.0
315220,2020,5.0,5.0
315250,2020,99.0,100.0
315280,2020,0.0,1.0
315420,2020,0.0,1.0
315460,2020,10.0,27.0
315520,2020,0.0,2.0
315550,2020,0.0,1.0
315670,2020,0.0,5.0
315680,2020,0.0,1.0
315700,2020,10.0,10.0
315710,2020,0.0,1.0
315780,2020,12.0,12.0
315790,2020,0.0,1.0
315960,2020,10.0,10.0
315990,2020,10.0,10.0
316040,2020,10.0,10.0
316070,2020,16.0,16.0
316100,2020,0.0,1.0
316200,2020,0.0,1.0
316210,2020,10.0,10.0
316220,2020,0.0,4.0
316250,2020,79.0,88.0
316270,2020,0.0,1.0
316370,2020,42.0,42.0
316470,2020,47.0,62.0
316530,2020,0.0,1.0
316720,2020,90.0,92.0
316800,2020,26.0,28.0
316860,2020,80.0,81.0
316870,2020,18.0,19.0
316920,2020,0.0,1.0
316930,2020,32.0,38.0
316935,2020,0.0,1.0
316940,2020,20.0,20.0
316960,2020,0.0,6.0
316970,2020,10.0,13.0
316990,2020,59.0,66.0
317010,2020,146.0,189.0
317020,2020,377.0,430.0
317040,2020,10.0,18.0
317070,2020,71.0,75.0
317120,2020,10.0,11.0
317130,2020,42.0,42.0
317170,2020,0.0,1.0
317200,2020,10.0,10.0
320020,2020,0.0,1.0
320040,2020,0.0,1.0
320060,2020,20.0,20.0
320080,2020,0.0,9.0
320090,2020,10.0,13.0
320120,2020,162.0,186.0
320130,2020,60.0,62.0
320140,2020,0.0,6.0
320150,2020,160.0,169.0
320160,2020,0.0,1.0
320170,2020,0.0,1.0
320230,2020,28.0,34.0
320240,2020,10.0,10.0
320245,2020,0.0,3.0
320260,2020,0.0,2.0
320270,2020,0.0,6.0
320280,2020,20.0,20.0
320290,2020,0.0,1.0
320310,2020,0.0,1.0
320316,2020,0.0,3.0
320320,2020,77.0,105.0
320340,2020,0.0,4.0
320390,2020,0.0,1.0
320435,2020,0.0,2.0
320460,2020,20.0,23.0
320470,2020,0.0,1.0
320480,2020,19.0,31.0
320490,2020,77.0,81.0
320500,2020,489.0,532.0
320506,2020,10.0,13.0
320520,2020,327.0,362.0
320530,2020,325.0,384.0
330010,2020,78.0,137.0
330020,2020,26.0,62.0
330022,2020,0.0,5.0
330023,2020,0.0,6.0
330025,2020,14.0,15.0
330030,2020,14.0,16.0
330040,2020,87.0,93.0
330045,2020,65.0,135.0
330050,2020,0.0,2.0
330060,2020,50.0,52.0
330070,2020,75.0,89.0
330080,2020,0.0,2.0
330090,2020,4.0,6.0
330093,2020,5.0,5.0
330100,2020,361.0,472.0
330110,2020,20.0,20.0
330120,2020,0.0,4.0
330130,2020,0.0,19.0
330140,2020,11.0,11.0
330150,2020,10.0,10.0
330170,2020,605.0,656.0
330185,2020,10.0,11.0
330190,2020,51.0,58.0
330200,2020,15.0,17.0
330210,2020,11.0,16.0
330220,2020,112.0,117.0
330227,2020,9.0,9.0
330240,2020,168.0,189.0
330250,2020,30.0,37.0
330260,2020,0.0,9.0
330270,2020,45.0,59.0
330280,2020,0.0,4.0
330285,2020,10.0,25.0
330290,2020,10.0,13.0
330300,2020,15.0,18.0
330310,2020,0.0,4.0
330320,2020,99.0,103.0
330330,2020,411.0,477.0
330340,2020,94.0,119.0
330350,2020,213.0,254.0
330360,2020,0.0,8.0
330370,2020,17.0,24.0
330380,2020,0.0,2.0
330390,2020,341.0,371.0
330395,2020,0.0,1.0
330400,2020,0.0,4.0
330411,2020,6.0,7.0
330412,2020,0.0,1.0
330414,2020,0.0,10.0
330415,2020,16.0,18.0
330420,2020,68.0,102.0
330430,2020,17.0,20.0
330440,2020,0.0,9.0
330452,2020,27.0,27.0
330455,2020,4595.0,5858.0
330470,2020,8.0,20.0
330475,2020,0.0,4.0
330480,2020,10.0,12.0
330490,2020,339.0,398.0
330500,2020,10.0,10.0
330510,2020,86.0,118.0
330515,2020,0.0,1.0
330520,2020,0.0,9.0
330530,2020,0.0,4.0
330540,2020,10.0,10.0
330550,2020,34.0,46.0
330555,2020,0.0,5.0
330580,2020,59.0,65.0
330590,2020,0.0,3.0
330600,2020,18.0,18.0
330610,2020,40.0,43.0
330615,2020,0.0,2.0
330620,2020,103.0,118.0
330630,2020,299.0,344.0
350010,2020,15.0,15.0
350160,2020,84.0,84.0
350170,2020,10.0,10.0
350190,2020,28.0,29.0
350210,2020,20.0,22.0
350220,2020,0.0,10.0
350250,2020,9.0,21.0
350270,2020,0.0,3.0
350280,2020,79.0,126.0
350320,2020,67.0,108.0
350330,2020,43.0,57.0
350380,2020,8.0,8.0
350390,2020,28.0,36.0
350400,2020,59.0,69.0
350410,2020,27.0,27.0
350420,2020,0.0,4.0
350450,2020,20.0,25.0
350520,2020,0.0,7.0
350530,2020,0.0,7.0
350550,2020,142.0,160.0
350570,2020,114.0,153.0
350580,2020,5.0,5.0
350590,2020,15.0,15.0
350600,2020,215.0,246.0
350610,2020,26.0,28.0
350635,2020,5.0,19.0
350650,2020,25.0,31.0
350700,2020,0.0,2.0
350710,2020,0.0,2.0
350750,2020,101.0,125.0
350760,2020,84.0,104.0
350790,2020,0.0,1.0
350810,2020,0.0,8.0
350850,2020,9.0,11.0
350900,2020,29.0,46.0
350920,2020,18.0,20.0
350940,2020,0.0,2.0
350950,2020,741.0,839.0
350960,2020,0.0,2.0
351020,2020,5.0,10.0
351040,2020,14.0,19.0
351050,2020,43.0,65.0
351060,2020,45.0,62.0
351110,2020,98.0,107.0
351140,2020,0.0,2.0
351150,2020,0.0,6.0
351220,2020,0.0,3.0
351280,2020,8.0,28.0
351300,2020,56.0,108.0
351340,2020,20.0,30.0
351350,2020,45.0,47.0
351380,2020,95.0,151.0
351430,2020,0.0,8.0
351440,2020,20.0,20.0
351500,2020,10.0,20.0
351510,2020,0.0,6.0
351518,2020,10.0,10.0
351550,2020,20.0,20.0
351570,2020,53.0,97.0
351620,2020,98.0,112.0
351630,2020,29.0,47.0
351640,2020,74.0,88.0
351670,2020,10.0,11.0
351760,2020,0.0,3.0
351830,2020,2.0,2.0
351840,2020,102.0,104.0
351870,2020,96.0,111.0
351880,2020,378.0,442.0
351907,2020,16.0,43.0
351960,2020,10.0,10.0
351970,2020,0.0,10.0
352010,2020,10.0,11.0
352040,2020,5.0,11.0
352044,2020,10.0,19.0
352050,2020,82.0,86.0
352130,2020,10.0,10.0
352180,2020,0.0,2.0
352210,2020,45.0,55.0
352220,2020,45.0,110.0
352230,2020,26.0,32.0
352240,2020,25.0,27.0
352250,2020,56.0,87.0
352260,2020,35.0,40.0
352270,2020,9.0,20.0
352280,2020,0.0,3.0
352310,2020,42.0,42.0
352320,2020,0.0,19.0
352340,2020,18.0,28.0
352360,2020,0.0,1.0
352390,2020,58.0,72.0
352400,2020,9.0,14.0
352410,2020,23.0,25.0
352430,2020,23.0,25.0
352440,2020,86.0,99.0
352470,2020,8.0,8.0
352480,2020,34.0,36.0
352500,2020,0.0,10.0
352520,2020,0.0,1.0
352530,2020,78.0,79.0
352590,2020,173.0,202.0
352640,2020,10.0,12.0
352670,2020,18.0,18.0
352680,2020,15.0,15.0
352690,2020,131.0,158.0
352710,2020,37.0,44.0
352720,2020,40.0,50.0
352730,2020,4.0,4.0
352810,2020,0.0,1.0
352850,2020,10.0,11.0
352900,2020,187.0,202.0
352930,2020,36.0,44.0
352940,2020,103.0,136.0
352970,2020,0.0,6.0
353010,2020,10.0,12.0
353030,2020,0.0,2.0
353050,2020,20.0,20.0
353060,2020,212.0,245.0
353070,2020,50.0,60.0
353080,2020,36.0,41.0
353130,2020,23.0,26.0
353190,2020,3.0,14.0
353200,2020,0.0,2.0
353340,2020,0.0,2.0
353350,2020,10.0,10.0
353390,2020,17.0,22.0
353440,2020,204.0,296.0
353460,2020,6.0,7.0
353470,2020,48.0,55.0
353530,2020,0.0,13.0
353550,2020,15.0,15.0
353580,2020,7.0,7.0
353620,2020,26.0,37.0
353650,2020,16.0,20.0
353670,2020,8.0,8.0
353710,2020,10.0,10.0
353730,2020,38.0,41.0
353740,2020,0.0,4.0
353780,2020,5.0,10.0
353800,2020,45.0,60.0
353870,2020,191.0,241.0
353930,2020,15.0,15.0
354060,2020,10.0,10.0
354070,2020,11.0,11.0
354100,2020,90.0,106.0
354130,2020,10.0,10.0
354140,2020,139.0,203.0
354150,2020,10.0,10.0
354160,2020,10.0,13.0
354220,2020,15.0,17.0
354240,2020,0.0,2.0
354260,2020,50.0,50.0
354300,2020,0.0,5.0
354330,2020,11.0,29.0
354340,2020,432.0,507.0
354390,2020,57.0,84.0
354400,2020,5.0,5.0
354425,2020,0.0,2.0
354520,2020,20.0,32.0
354530,2020,0.0,5.0
354580,2020,32.0,43.0
354640,2020,21.0,33.0
354660,2020,16.0,16.0
354680,2020,7.0,16.0
354730,2020,0.0,42.0
354780,2020,456.0,548.0
354850,2020,459.0,491.0
354870,2020,454.0,518.0
354880,2020,308.0,341.0
354890,2020,99.0,110.0
354910,2020,30.0,30.0
354940,2020,18.0,18.0
354970,2020,12.0,16.0
354980,2020,475.0,579.0
354990,2020,330.0,380.0
355010,2020,5.0,16.0
355030,2020,6875.0,8449.0
355040,2020,10.0,10.0
355060,2020,20.0,20.0
355070,2020,30.0,30.0
355100,2020,36.0,48.0
355150,2020,23.0,27.0
355170,2020,43.0,56.0
355210,2020,7.0,7.0
355220,2020,341.0,384.0
355240,2020,60.0,78.0
355250,2020,52.0,81.0
355280,2020,51.0,98.0
355300,2020,0.0,1.0
355360,2020,0.0,9.0
355370,2020,19.0,28.0
355380,2020,10.0,11.0
355400,2020,29.0,58.0
355410,2020,104.0,124.0
355450,2020,0.0,1.0
355500,2020,39.0,39.0
355540,2020,10.0,25.0
355620,2020,69.0,71.0
355640,2020,0.0,2.0
355650,2020,0.0,1.0
355670,2020,23.0,23.0
355700,2020,18.0,26.0
355710,2020,48.0,53.0
410090,2020,0.0,1.0
410100,2020,0.0,1.0
410120,2020,0.0,1.0
410140,2020,48.0,55.0
410150,2020,109.0,109.0
410170,2020,0.0,2.0
410180,2020,18.0,21.0
410200,2020,14.0,15.0
410210,2020,0.0,1.0
410240,2020,20.0,23.0
410250,2020,0.0,1.0
410305,2020,0.0,1.0
410330,2020,0.0,1.0
410370,2020,16.0,20.0
410400,2020,107.0,109.0
410420,2020,467.0,479.0
410430,2020,61.0,93.0
410450,2020,0.0,1.0
410460,2020,0.0,1.0
410480,2020,202.0,224.0
410490,2020,10.0,10.0
410540,2020,10.0,10.0
410550,2020,26.0,29.0
410560,2020,0.0,1.0
410570,2020,0.0,2.0
410590,2020,20.0,20.0
410630,2020,0.0,1.0
410640,2020,35.0,36.0
410650,2020,0.0,2.0
410680,2020,0.0,2.0
410690,2020,1093.0,1308.0
410720,2020,0.0,2.0
410765,2020,0.0,2.0
410790,2020,0.0,1.0
410830,2020,146.0,176.0
410840,2020,55.0,65.0
410860,2020,10.0,12.0
410940,2020,90.0,105.0
410975,2020,0.0,1.0
411050,2020,0.0,2.0
411070,2020,26.0,28.0
411110,2020,0.0,1.0
411125,2020,0.0,3.0
411150,2020,60.0,65.0
411160,2020,0.0,1.0
411180,2020,10.0,11.0
411190,2020,0.0,1.0
411210,2020,0.0,2.0
411240,2020,0.0,1.0
411320,2020,0.0,2.0
411330,2020,10.0,12.0
411350,2020,0.0,2.0
411370,2020,373.0,453.0
411375,2020,0.0,1.0
411420,2020,0.0,3.0
411430,2020,0.0,2.0
411440,2020,0.0,2.0
411450,2020,0.0,1.0
411460,2020,0.0,6.0
411520,2020,301.0,316.0
411580,2020,8.0,12.0
411690,2020,0.0,1.0
411695,2020,0.0,1.0
411710,2020,0.0,1.0
411720,2020,0.0,1.0
411722,2020,0.0,1.0
411727,2020,0.0,1.0
411750,2020,0.0,1.0
411760,2020,20.0,20.0
411790,2020,0.0,1.0
411820,2020,45.0,52.0
411830,2020,0.0,1.0
411840,2020,32.0,37.0
411850,2020,54.0,55.0
411910,2020,0.0,5.0
411915,2020,0.0,1.0
411930,2020,0.0,4.0
411950,2020,0.0,3.0
411960,2020,0.0,4.0
411980,2020,0.0,1.0
411990,2020,141.0,177.0
412035,2020,0.0,2.0
412060,2020,0.0,11.0
412090,2020,0.0,1.0
412100,2020,0.0,2.0
412120,2020,0.0,2.0
412200,2020,0.0,1.0
412240,2020,0.0,1.0
412260,2020,0.0,1.0
412265,2020,0.0,1.0
412410,2020,20.0,23.0
412440,2020,0.0,1.0
412520,2020,0.0,1.0
412550,2020,39.0,49.0
412570,2020,18.0,24.0
412580,2020,0.0,1.0
412625,2020,54.0,54.0
412670,2020,0.0,1.0
412710,2020,36.0,36.0
412720,2020,0.0,5.0
412730,2020,0.0,1.0
412740,2020,0.0,1.0
412770,2020,63.0,64.0
412780,2020,0.0,1.0
412810,2020,108.0,124.0
412820,2020,33.0,38.0
412860,2020,0.0,1.0
420040,2020,0.0,1.0
420070,2020,0.0,1.0
420110,2020,0.0,2.0
420127,2020,0.0,1.0
420140,2020,30.0,30.0
420200,2020,77.0,88.0
420230,2020,10.0,10.0
420240,2020,171.0,187.0
420280,2020,0.0,4.0
420290,2020,48.0,48.0
420300,2020,30.0,32.0
420310,2020,0.0,1.0
420350,2020,0.0,2.0
420360,2020,0.0,2.0
420380,2020,20.0,21.0
420410,2020,0.0,1.0
420420,2020,96.0,99.0
420430,2020,39.0,49.0
420460,2020,117.0,132.0
420470,2020,0.0,1.0
420480,2020,27.0,43.0
420490,2020,0.0,1.0
420500,2020,0.0,2.0
420530,2020,0.0,1.0
420540,2020,334.0,387.0
420550,2020,6.0,6.0
420580,2020,0.0,1.0
420590,2020,10.0,10.0
420660,2020,0.0,1.0
420690,2020,20.0,23.0
420700,2020,20.0,20.0
420730,2020,10.0,24.0
420750,2020,10.0,18.0
420760,2020,0.0,2.0
420765,2020,0.0,1.0
420770,2020,0.0,1.0
420780,2020,0.0,1.0
420790,2020,0.0,3.0
420800,2020,0.0,1.0
420820,2020,125.0,143.0
420840,2020,0.0,2.0
420850,2020,15.0,15.0
420880,2020,0.0,1.0
420890,2020,72.0,85.0
420900,2020,20.0,20.0
420910,2020,298.0,410.0
420930,2020,89.0,102.0
420940,2020,10.0,12.0
420960,2020,0.0,1.0
420985,2020,0.0,1.0
421000,2020,0.0,2.0
421010,2020,45.0,51.0
421030,2020,0.0,1.0
421050,2020,10.0,10.0
421090,2020,0.0,1.0
421100,2020,0.0,1.0
421105,2020,0.0,1.0
421120,2020,0.0,2.0
421140,2020,0.0,1.0
421150,2020,10.0,10.0
421190,2020,0.0,2.0
421200,2020,0.0,1.0
421210,2020,0.0,2.0
421260,2020,0.0,1.0
421290,2020,0.0,1.0
421340,2020,0.0,2.0
421360,2020,10.0,10.0
421450,2020,0.0,2.0
421480,2020,36.0,50.0
421530,2020,0.0,1.0
421550,2020,0.0,2.0
421570,2020,0.0,1.0
421580,2020,15.0,15.0
421600,2020,0.0,3.0
421625,2020,0.0,1.0
421650,2020,0.0,3.0
421660,2020,97.0,104.0
421670,2020,0.0,1.0
421690,2020,0.0,2.0
421720,2020,28.0,29.0
421730,2020,0.0,1.0
421750,2020,0.0,1.0
421770,2020,0.0,1.0
421780,2020,0.0,1.0
421790,2020,0.0,1.0
421800,2020,2.0,2.0
421820,2020,65.0,65.0
421830,2020,0.0,1.0
421860,2020,0.0,1.0
421870,2020,79.0,84.0
421875,2020,0.0,1.0
421910,2020,0.0,1.0
421920,2020,0.0,1.0
421930,2020,28.0,33.0
421950,2020,39.0,45.0
421960,2020,0.0,1.0
421970,2020,0.0,1.0
430010,2020,0.0,1.0
430020,2020,0.0,1.0
430040,2020,26.0,26.0
430060,2020,10.0,31.0
430160,2020,52.0,52.0
430210,2020,65.0,71.0
430230,2020,0.0,1.0
430245,2020,0.0,1.0
430270,2020,0.0,2.0
430300,2020,30.0,30.0
430310,2020,26.0,44.0
430330,2020,0.0,1.0
430350,2020,10.0,10.0
430360,2020,0.0,1.0
430380,2020,0.0,1.0
430390,2020,10.0,10.0
430400,2020,0.0,1.0
430440,2020,5.0,5.0
430450,2020,10.0,10.0
430460,2020,154.0,215.0
430463,2020,11.0,11.0
430470,2020,16.0,16.0
430510,2020,246.0,261.0
430520,2020,0.0,2.0
430530,2020,0.0,3.0
430535,2020,10.0,10.0
430540,2020,0.0,1.0
430570,2020,0.0,2.0
430580,2020,0.0,2.0
430590,2020,0.0,1.0
430610,2020,32.0,32.0
430620,2020,0.0,1.0
430660,2020,10.0,13.0
430680,2020,5.0,5.0
430690,2020,0.0,6.0
430700,2020,65.0,65.0
430750,2020,5.0,5.0
430770,2020,21.0,30.0
430780,2020,30.0,30.0
430790,2020,18.0,30.0
430800,2020,10.0,10.0
430820,2020,0.0,1.0
430850,2020,10.0,24.0
430860,2020,10.0,12.0
430910,2020,19.0,19.0
430920,2020,19.0,47.0
430930,2020,16.0,47.0
430960,2020,0.0,14.0
431020,2020,68.0,76.0
431050,2020,0.0,2.0
431060,2020,0.0,4.0
431100,2020,0.0,1.0
431110,2020,0.0,1.0
431130,2020,0.0,1.0
431140,2020,41.0,50.0
431205,2020,0.0,1.0
431220,2020,0.0,1.0
431240,2020,29.0,43.0
431250,2020,0.0,1.0
431265,2020,0.0,5.0
431290,2020,0.0,1.0
431320,2020,0.0,1.0
431340,2020,103.0,126.0
431350,2020,10.0,14.0
431360,2020,0.0,1.0
431370,2020,0.0,2.0
431390,2020,0.0,3.0
431400,2020,0.0,1.0
431402,2020,0.0,1.0
431405,2020,22.0,22.0
431410,2020,169.0,184.0
431430,2020,0.0,1.0
431440,2020,146.0,188.0
431450,2020,0.0,1.0
431460,2020,0.0,3.0
431470,2020,0.0,1.0
431490,2020,1235.0,1524.0
431510,2020,0.0,3.0
431515,2020,0.0,1.0
431560,2020,67.0,86.0
431570,2020,0.0,4.0
431610,2020,0.0,2.0
431620,2020,0.0,1.0
431630,2020,0.0,2.0
431640,2020,13.0,13.0
431660,2020,10.0,15.0
431680,2020,49.0,64.0
431690,2020,144.0,159.0
431710,2020,15.0,16.0
431720,2020,75.0,75.0
431730,2020,0.0,2.0
431740,2020,10.0,10.0
431750,2020,41.0,49.0
431760,2020,0.0,4.0
431800,2020,12.0,12.0
431820,2020,0.0,3.0
431830,2020,20.0,30.0
431840,2020,12.0,12.0
431870,2020,38.0,48.0
431890,2020,0.0,8.0
431915,2020,0.0,3.0
431950,2020,5.0,5.0
431990,2020,27.0,29.0
432000,2020,19.0,28.0
432010,2020,0.0,1.0
432020,2020,0.0,1.0
432050,2020,0.0,1.0
432067,2020,0.0,2.0
432070,2020,0.0,1.0
432080,2020,10.0,20.0
432090,2020,0.0,4.0
432110,2020,0.0,1.0
432120,2020,21.0,21.0
432130,2020,10.0,11.0
432140,2020,15.0,30.0
432150,2020,10.0,12.0
432160,2020,31.0,55.0
432180,2020,11.0,12.0
432190,2020,10.0,10.0
432195,2020,0.0,1.0
432230,2020,0.0,3.0
432240,2020,38.0,59.0
432250,2020,18.0,18.0
432253,2020,0.0,1.0
432260,2020,18.0,18.0
432270,2020,0.0,1.0
432290,2020,0.0,2.0
432300,2020,30.0,30.0
500060,2020,0.0,8.0
500100,2020,10.0,12.0
500110,2020,10.0,24.0
500124,2020,0.0,1.0
500190,2020,5.0,5.0
500210,2020,0.0,1.0
500260,2020,0.0,1.0
500270,2020,535.0,607.0
500280,2020,0.0,1.0
500295,2020,5.0,6.0
500320,2020,27.0,27.0
500325,2020,10.0,11.0
500330,2020,5.0,5.0
500348,2020,0.0,1.0
500370,2020,137.0,158.0
500375,2020,0.0,8.0
500380,2020,0.0,1.0
500410,2020,0.0,20.0
500440,2020,0.0,2.0
500450,2020,0.0,1.0
500460,2020,0.0,1.0
500470,2020,0.0,1.0
500500,2020,5.0,5.0
500525,2020,0.0,1.0
500540,2020,0.0,2.0
500560,2020,0.0,1.0
500570,2020,10.0,31.0
500600,2020,0.0,2.0
500620,2020,18.0,22.0
500630,2020,10.0,13.0
500660,2020,30.0,30.0
500690,2020,0.0,1.0
500730,2020,0.0,2.0
500740,2020,0.0,6.0
500755,2020,0.0,3.0
500790,2020,5.0,10.0
500830,2020,34.0,41.0
510020,2020,10.0,30.0
510025,2020,20.0,33.0
510060,2020,0.0,1.0
510130,2020,0.0,2.0
510160,2020,0.0,1.0
510180,2020,20.0,28.0
510250,2020,56.0,56.0
510263,2020,4.0,13.0
510267,2020,10.0,21.0
510268,2020,0.0,1.0
510270,2020,0.0,4.0
510320,2020,18.0,24.0
510335,2020,0.0,2.0
510337,2020,0.0,1.0
510340,2020,659.0,732.0
510350,2020,0.0,2.0
510395,2020,0.0,1.0
510410,2020,0.0,2.0
510420,2020,0.0,1.0
510460,2020,0.0,3.0
510500,2020,0.0,1.0
510510,2020,0.0,2.0
510515,2020,20.0,32.0
510517,2020,0.0,1.0
510525,2020,20.0,22.0
510550,2020,0.0,3.0
510558,2020,0.0,1.0
510560,2020,0.0,1.0
510590,2020,0.0,2.0
510622,2020,20.0,35.0
510623,2020,0.0,2.0
510627,2020,0.0,1.0
510629,2020,0.0,7.0
510637,2020,0.0,1.0
510642,2020,10.0,17.0
510650,2020,0.0,2.0
510675,2020,10.0,12.0
510680,2020,0.0,2.0
510700,2020,0.0,2.0
510704,2020,32.0,45.0
510710,2020,0.0,1.0
510760,2020,109.0,148.0
510770,2020,0.0,1.0
510780,2020,0.0,1.0
510787,2020,0.0,1.0
510790,2020,51.0,63.0
510792,2020,40.0,49.0
510794,2020,0.0,1.0
510795,2020,68.0,81.0
510800,2020,0.0,2.0
510805,2020,0.0,1.0
510810,2020,0.0,1.0
510840,2020,123.0,132.0
520025,2020,10.0,50.0
520110,2020,143.0,157.0
520130,2020,0.0,1.0
520140,2020,252.0,255.0
520150,2020,0.0,1.0
520170,2020,0.0,1.0
520320,2020,0.0,1.0
520350,2020,0.0,2.0
520355,2020,0.0,1.0
520390,2020,0.0,2.0
520410,2020,0.0,5.0
520450,2020,13.0,51.0
520465,2020,0.0,1.0
520490,2020,0.0,4.0
520500,2020,0.0,1.0
520510,2020,73.0,80.0
520530,2020,0.0,3.0
520540,2020,15.0,16.0
520545,2020,0.0,1.0
520547,2020,0.0,5.0
520551,2020,0.0,1.0
520620,2020,0.0,3.0
520753,2020,0.0,1.0
520800,2020,10.0,26.0
520850,2020,0.0,1.0
520860,2020,10.0,13.0
520870,2020,1337.0,1506.0
520880,2020,0.0,1.0
520890,2020,15.0,23.0
520910,2020,0.0,36.0
520970,2020,0.0,1.0
520995,2020,0.0,1.0
521000,2020,0.0,13.0
521020,2020,0.0,2.0
521040,2020,0.0,5.0
521090,2020,0.0,2.0
521130,2020,0.0,3.0
521150,2020,39.0,64.0
521170,2020,0.0,1.0
521180,2020,10.0,11.0
521190,2020,30.0,34.0
521220,2020,0.0,3.0
521250,2020,15.0,15.0
521308,2020,0.0,4.0
521310,2020,20.0,22.0
521380,2020,0.0,5.0
521400,2020,0.0,1.0
521440,2020,1.0,1.0
521450,2020,52.0,57.0
521460,2020,0.0,2.0
521560,2020,0.0,2.0
521630,2020,0.0,4.0
521640,2020,0.0,1.0
521710,2020,0.0,8.0
521720,2020,0.0,2.0
521730,2020,0.0,1.0
521740,2020,0.0,2.0
521760,2020,0.0,8.0
521770,2020,0.0,1.0
521800,2020,24.0,33.0
521850,2020,11.0,13.0
521860,2020,0.0,1.0
521880,2020,104.0,147.0
521930,2020,20.0,25.0
521975,2020,0.0,2.0
522000,2020,0.0,4.0
522010,2020,20.0,22.0
522020,2020,0.0,1.0
522040,2020,0.0,2.0
522045,2020,26.0,27.0
522060,2020,0.0,4.0
522140,2020,8.0,22.0
522160,2020,0.0,7.0
530010,2020,2162.0,2853.0
110001,2021,0.0,4.0
110002,2021,69.0,76.0
110004,2021,96.0,103.0
110005,2021,0.0,2.0
110009,2021,0.0,4.0
110010,2021,0.0,4.0
110011,2021,10.0,20.0
110012,2021,30.0,69.0
110015,2021,21.0,23.0
110018,2021,0.0,6.0
110020,2021,497.0,589.0
110028,2021,0.0,4.0
110030,2021,30.0,39.0
110032,2021,0.0,9.0
110033,2021,0.0,10.0
110037,2021,0.0,2.0
110045,2021,0.0,1.0
110094,2021,0.0,6.0
110140,2021,0.0,18.0
110149,2021,1.0,10.0
110150,2021,0.0,4.0
120010,2021,0.0,13.0
120020,2021,38.0,63.0
120038,2021,0.0,2.0
120040,2021,122.0,237.0
120045,2021,0.0,1.0
130002,2021,0.0,5.0
130006,2021,0.0,5.0
130014,2021,0.0,8.0
130020,2021,0.0,10.0
130030,2021,0.0,4.0
130040,2021,0.0,3.0
130050,2021,0.0,1.0
130060,2021,0.0,10.0
130063,2021,0.0,2.0
130068,2021,0.0,3.0
130070,2021,0.0,2.0
130080,2021,12.0,16.0
130083,2021,0.0,3.0
130090,2021,0.0,5.0
130100,2021,0.0,9.0
130110,2021,0.0,1.0
130115,2021,0.0,2.0
130120,2021,5.0,14.0
130140,2021,0.0,4.0
130160,2021,0.0,8.0
130165,2021,0.0,5.0
130170,2021,0.0,30.0
130180,2021,0.0,2.0
130190,2021,0.0,6.0
130195,2021,0.0,6.0
130200,2021,0.0,3.0
130210,2021,0.0,1.0
130220,2021,0.0,1.0
130230,2021,0.0,5.0
130240,2021,0.0,10.0
130250,2021,0.0,28.0
130260,2021,823.0,1059.0
130270,2021,0.0,3.0
130280,2021,0.0,2.0
130290,2021,0.0,6.0
130300,2021,0.0,3.0
130320,2021,0.0,6.0
130330,2021,0.0,1.0
130340,2021,15.0,72.0
130350,2021,0.0,2.0
130353,2021,0.0,6.0
130356,2021,0.0,1.0
130360,2021,0.0,2.0
130370,2021,0.0,5.0
130380,2021,0.0,2.0
130390,2021,0.0,2.0
130395,2021,0.0,1.0
130400,2021,0.0,3.0
130406,2021,0.0,17.0
130410,2021,0.0,2.0
130420,2021,0.0,65.0
130423,2021,0.0,2.0
130426,2021,0.0,2.0
130430,2021,0.0,10.0
140005,2021,0.0,1.0
140010,2021,117.0,198.0
140015,2021,0.0,1.0
140030,2021,0.0,1.0
140040,2021,0.0,2.0
140045,2021,0.0,1.0
140047,2021,1.0,2.0
140050,2021,0.0,1.0
140060,2021,0.0,1.0
150010,2021,17.0,47.0
150013,2021,0.0,1.0
150040,2021,0.0,9.0
150060,2021,50.0,79.0
150070,2021,0.0,1.0
150080,2021,132.0,149.0
150085,2021,0.0,4.0
150110,2021,0.0,1.0
150120,2021,0.0,1.0
150125,2021,0.0,1.0
150130,2021,20.0,33.0
150140,2021,879.0,1287.0
150145,2021,0.0,2.0
150150,2021,0.0,1.0
150170,2021,40.0,61.0
150172,2021,0.0,8.0
150175,2021,0.0,1.0
150178,2021,0.0,6.0
150180,2021,35.0,38.0
150210,2021,8.0,19.0
150215,2021,0.0,1.0
150220,2021,20.0,23.0
150230,2021,0.0,2.0
150240,2021,96.0,131.0
150270,2021,12.0,26.0
150275,2021,0.0,2.0
150280,2021,0.0,1.0
150290,2021,0.0,13.0
150293,2021,12.0,14.0
150304,2021,0.0,4.0
150310,2021,0.0,1.0
150320,2021,0.0,2.0
150330,2021,6.0,6.0
150340,2021,0.0,1.0
150345,2021,0.0,2.0
150360,2021,96.0,114.0
150375,2021,0.0,5.0
150380,2021,0.0,2.0
150390,2021,10.0,10.0
150400,2021,0.0,1.0
150405,2021,0.0,1.0
150420,2021,118.0,147.0
150430,2021,0.0,3.0
150440,2021,0.0,1.0
150442,2021,15.0,28.0
150445,2021,0.0,3.0
150450,2021,0.0,1.0
150460,2021,0.0,1.0
150470,2021,0.0,2.0
150480,2021,0.0,21.0
150490,2021,0.0,4.0
150497,2021,1.0,2.0
150503,2021,0.0,1.0
150506,2021,0.0,2.0
150510,2021,0.0,1.0
150520,2021,0.0,1.0
150530,2021,0.0,8.0
150543,2021,0.0,6.0
150548,2021,0.0,1.0
150549,2021,0.0,1.0
150550,2021,20.0,35.0
150553,2021,61.0,85.0
150555,2021,0.0,4.0
150563,2021,0.0,1.0
150565,2021,0.0,3.0
150570,2021,0.0,4.0
150580,2021,0.0,1.0
150590,2021,0.0,1.0
150610,2021,0.0,1.0
150613,2021,59.0,77.0
150616,2021,0.0,4.0
150618,2021,0.0,7.0
150619,2021,0.0,19.0
150620,2021,0.0,7.0
150630,2021,0.0,1.0
150658,2021,0.0,5.0
150660,2021,0.0,5.0
150670,2021,0.0,1.0
150680,2021,128.0,157.0
150700,2021,0.0,1.0
150720,2021,0.0,1.0
150730,2021,0.0,2.0
150747,2021,0.0,1.0
150750,2021,0.0,1.0
150760,2021,0.0,4.0
150780,2021,0.0,6.0
150790,2021,0.0,1.0
150795,2021,0.0,11.0
150800,2021,0.0,5.0
150803,2021,0.0,1.0
150805,2021,0.0,5.0
150810,2021,35.0,60.0
150812,2021,7.0,17.0
150820,2021,0.0,9.0
150830,2021,0.0,2.0
150835,2021,0.0,3.0
150840,2021,0.0,25.0
160020,2021,0.0,5.0
160027,2021,8.0,16.0
160030,2021,106.0,158.0
160060,2021,55.0,59.0
170070,2021,0.0,5.0
170200,2021,0.0,3.0
170210,2021,153.0,228.0
170230,2021,0.0,3.0
170240,2021,0.0,9.0
170255,2021,10.0,55.0
170550,2021,10.0,37.0
170610,2021,0.0,3.0
170700,2021,0.0,1.0
170820,2021,0.0,13.0
170930,2021,0.0,8.0
170950,2021,52.0,77.0
171050,2021,0.0,1.0
171320,2021,0.0,7.0
171420,2021,0.0,2.0
171610,2021,0.0,8.0
171620,2021,0.0,1.0
171650,2021,0.0,1.0
171660,2021,0.0,2.0
171820,2021,20.0,38.0
172065,2021,7.0,7.0
172090,2021,0.0,7.0
172100,2021,275.0,476.0
172120,2021,0.0,2.0
210005,2021,20.0,28.0
210043,2021,0.0,18.0
210047,2021,0.0,11.0
210060,2021,0.0,4.0
210080,2021,0.0,10.0
210083,2021,0.0,1.0
210090,2021,0.0,2.0
210120,2021,28.0,62.0
210140,2021,22.0,33.0
210160,2021,10.0,27.0
210170,2021,16.0,24.0
210177,2021,0.0,2.0
210197,2021,0.0,1.0
210232,2021,0.0,10.0
210250,2021,0.0,2.0
210280,2021,0.0,16.0
210290,2021,0.0,2.0
210300,2021,61.0,108.0
210320,2021,37.0,49.0
210330,2021,10.0,35.0
210340,2021,0.0,5.0
210350,2021,4.0,26.0
210360,2021,44.0,44.0
210370,2021,0.0,2.0
210375,2021,0.0,1.0
210405,2021,0.0,3.0
210408,2021,2.0,2.0
210410,2021,0.0,1.0
210467,2021,0.0,7.0
210480,2021,41.0,71.0
210530,2021,220.0,305.0
210540,2021,0.0,7.0
210547,2021,3.0,3.0
210550,2021,0.0,6.0
210565,2021,0.0,1.0
210570,2021,15.0,15.0
210610,2021,0.0,2.0
210620,2021,0.0,3.0
210630,2021,0.0,1.0
210660,2021,0.0,6.0
210690,2021,0.0,9.0
210700,2021,0.0,2.0
210710,2021,0.0,1.0
210730,2021,0.0,1.0
210735,2021,0.0,4.0
210750,2021,0.0,5.0
210760,2021,0.0,1.0
210780,2021,0.0,4.0
210805,2021,0.0,1.0
210820,2021,0.0,15.0
210830,2021,0.0,5.0
210840,2021,0.0,3.0
210845,2021,0.0,9.0
210850,2021,0.0,1.0
210860,2021,23.0,45.0
210880,2021,0.0,1.0
210890,2021,0.0,14.0
210900,2021,10.0,19.0
210910,2021,21.0,22.0
210927,2021,0.0,1.0
210940,2021,0.0,1.0
210950,2021,0.0,3.0
210970,2021,0.0,2.0
210980,2021,0.0,4.0
210990,2021,22.0,40.0
211000,2021,0.0,10.0
211003,2021,10.0,10.0
211010,2021,0.0,2.0
211023,2021,0.0,1.0
211050,2021,0.0,1.0
211060,2021,0.0,1.0
211090,2021,0.0,2.0
211105,2021,0.0,1.0
211120,2021,40.0,44.0
211130,2021,710.0,892.0
211150,2021,0.0,4.0
211170,2021,0.0,4.0
211180,2021,0.0,4.0
211200,2021,0.0,1.0
211210,2021,0.0,10.0
211220,2021,20.0,30.0
211230,2021,0.0,3.0
211245,2021,0.0,6.0
211250,2021,0.0,1.0
211400,2021,0.0,2.0
220020,2021,0.0,2.0
220030,2021,0.0,1.0
220040,2021,0.0,1.0
220050,2021,0.0,2.0
220120,2021,0.0,11.0
220190,2021,9.0,11.0
220220,2021,0.0,23.0
220230,2021,0.0,1.0
220270,2021,0.0,1.0
220320,2021,0.0,2.0
220330,2021,0.0,2.0
220370,2021,0.0,5.0
220390,2021,40.0,46.0
220430,2021,0.0,1.0
220580,2021,0.0,2.0
220620,2021,0.0,2.0
220700,2021,20.0,20.0
220770,2021,71.0,103.0
220780,2021,0.0,5.0
220790,2021,0.0,1.0
220800,2021,80.0,105.0
220840,2021,40.0,77.0
221000,2021,0.0,2.0
221040,2021,0.0,1.0
221050,2021,0.0,1.0
221060,2021,20.0,27.0
221080,2021,0.0,3.0
221100,2021,531.0,669.0
221110,2021,0.0,5.0
221120,2021,0.0,5.0
221130,2021,0.0,2.0
230020,2021,0.0,2.0
230030,2021,0.0,2.0
230040,2021,0.0,1.0
230070,2021,0.0,6.0
230100,2021,0.0,3.0
230110,2021,10.0,35.0
230120,2021,10.0,13.0
230130,2021,0.0,2.0
230150,2021,0.0,3.0
230160,2021,0.0,4.0
230190,2021,105.0,139.0
230210,2021,0.0,12.0
230220,2021,0.0,13.0
230240,2021,0.0,8.0
230250,2021,18.0,27.0
230260,2021,0.0,6.0
230270,2021,0.0,1.0
230280,2021,10.0,37.0
230320,2021,0.0,6.0
230330,2021,0.0,10.0
230340,2021,0.0,6.0
230350,2021,0.0,20.0
230360,2021,0.0,1.0
230370,2021,25.0,68.0
230380,2021,0.0,2.0
230390,2021,0.0,2.0
230410,2021,52.0,60.0
230420,2021,81.0,86.0
230428,2021,20.0,45.0
230430,2021,0.0,13.0
230440,2021,1202.0,1660.0
230470,2021,0.0,5.0
230523,2021,0.0,8.0
230530,2021,0.0,1.0
230535,2021,0.0,1.0
230540,2021,10.0,12.0
230550,2021,36.0,37.0
230560,2021,0.0,13.0
230580,2021,0.0,2.0
230600,2021,0.0,6.0
230625,2021,0.0,10.0
230640,2021,70.0,80.0
230655,2021,0.0,6.0
230680,2021,0.0,2.0
230690,2021,0.0,12.0
230700,2021,0.0,12.0
230710,2021,0.0,12.0
230725,2021,0.0,6.0
230730,2021,82.0,101.0
230750,2021,0.0,3.0
230760,2021,30.0,30.0
230765,2021,37.0,63.0
230770,2021,10.0,22.0
230780,2021,0.0,1.0
230835,2021,0.0,2.0
230840,2021,0.0,4.0
230850,2021,0.0,11.0
230940,2021,0.0,10.0
230945,2021,0.0,6.0
230960,2021,0.0,3.0
230970,2021,0.0,8.0
231010,2021,0.0,2.0
231020,2021,0.0,1.0
231025,2021,0.0,2.0
231030,2021,0.0,2.0
231050,2021,22.0,30.0
231060,2021,0.0,1.0
231085,2021,0.0,12.0
231110,2021,0.0,4.0
231126,2021,0.0,6.0
231130,2021,21.0,135.0
231135,2021,0.0,1.0
231140,2021,40.0,63.0
231150,2021,0.0,2.0
231180,2021,0.0,16.0
231190,2021,0.0,1.0
231220,2021,0.0,6.0
231240,2021,10.0,16.0
231270,2021,0.0,7.0
231290,2021,223.0,305.0
231310,2021,0.0,1.0
231330,2021,30.0,35.0
231340,2021,21.0,50.0
231350,2021,0.0,2.0
231360,2021,0.0,8.0
231380,2021,0.0,2.0
231400,2021,0.0,7.0
231410,2021,0.0,11.0
240020,2021,10.0,13.0
240080,2021,0.0,1.0
240090,2021,0.0,2.0
240100,2021,5.0,9.0
240145,2021,0.0,2.0
240200,2021,45.0,60.0
240230,2021,0.0,1.0
240250,2021,0.0,5.0
240260,2021,0.0,2.0
240310,2021,25.0,27.0
240325,2021,30.0,57.0
240400,2021,0.0,2.0
240450,2021,5.0,8.0
240470,2021,0.0,6.0
240520,2021,0.0,1.0
240580,2021,10.0,13.0
240610,2021,0.0,1.0
240650,2021,0.0,2.0
240710,2021,27.0,32.0
240720,2021,10.0,11.0
240800,2021,236.0,291.0
240810,2021,730.0,922.0
240830,2021,0.0,2.0
240940,2021,21.0,26.0
240990,2021,0.0,5.0
241010,2021,0.0,3.0
241070,2021,0.0,2.0
241120,2021,32.0,53.0
241140,2021,0.0,1.0
241150,2021,0.0,6.0
241200,2021,10.0,23.0
241220,2021,10.0,12.0
241250,2021,0.0,2.0
241260,2021,10.0,13.0
241280,2021,0.0,1.0
241335,2021,0.0,1.0
241440,2021,0.0,6.0
250040,2021,0.0,1.0
250070,2021,0.0,2.0
250240,2021,0.0,1.0
250320,2021,0.0,23.0
250370,2021,30.0,40.0
250400,2021,416.0,488.0
250440,2021,0.0,1.0
250480,2021,0.0,1.0
250570,2021,0.0,1.0
250600,2021,0.0,2.0
250630,2021,6.0,12.0
250690,2021,0.0,1.0
250750,2021,669.0,845.0
250840,2021,0.0,2.0
250890,2021,20.0,25.0
250920,2021,2.0,3.0
250970,2021,0.0,38.0
251080,2021,72.0,100.0
251120,2021,0.0,5.0
251130,2021,27.0,47.0
251210,2021,16.0,16.0
251230,2021,0.0,9.0
251250,2021,0.0,1.0
251370,2021,110.0,152.0
251430,2021,0.0,1.0
251620,2021,14.0,33.0
251630,2021,0.0,6.0
251650,2021,0.0,2.0
260005,2021,22.0,22.0
260010,2021,30.0,30.0
260040,2021,25.0,25.0
260110,2021,75.0,75.0
260120,2021,43.0,43.0
260140,2021,15.0,18.0
260160,2021,0.0,4.0
260190,2021,40.0,40.0
260260,2021,0.0,1.0
260290,2021,70.0,70.0
260300,2021,0.0,3.0
260392,2021,0.0,4.0
260400,2021,0.0,3.0
260410,2021,258.0,347.0
260440,2021,0.0,6.0
260450,2021,0.0,14.0
260460,2021,0.0,1.0
260570,2021,0.0,4.0
260600,2021,71.0,79.0
260620,2021,10.0,10.0
260630,2021,0.0,4.0
260640,2021,20.0,30.0
260740,2021,0.0,2.0
260790,2021,112.0,116.0
260845,2021,0.0,9.0
260890,2021,40.0,40.0
260900,2021,0.0,4.0
260930,2021,0.0,8.0
260940,2021,20.0,20.0
260950,2021,0.0,1.0
260960,2021,131.0,212.0
260990,2021,20.0,22.0
261000,2021,90.0,105.0
261060,2021,0.0,2.0
261070,2021,129.0,135.0
261090,2021,7.0,11.0
261100,2021,0.0,2.0
261110,2021,210.0,246.0
261130,2021,0.0,3.0
261160,2021,1973.0,2329.0
261170,2021,0.0,1.0
261210,2021,0.0,5.0
261220,2021,41.0,47.0
261245,2021,0.0,9.0
261247,2021,0.0,1.0
261250,2021,0.0,3.0
261255,2021,0.0,7.0
261260,2021,0.0,14.0
261360,2021,7.0,14.0
261370,2021,25.0,35.0
261380,2021,0.0,7.0
261390,2021,72.0,75.0
261410,2021,18.0,18.0
261530,2021,0.0,3.0
261620,2021,0.0,2.0
261640,2021,40.0,50.0
270030,2021,184.0,219.0
270130,2021,0.0,1.0
270230,2021,62.0,63.0
270240,2021,10.0,15.0
270400,2021,0.0,1.0
270430,2021,574.0,743.0
270440,2021,0.0,1.0
270630,2021,26.0,52.0
270670,2021,10.0,21.0
270730,2021,20.0,20.0
270770,2021,0.0,8.0
270800,2021,35.0,55.0
270840,2021,0.0,2.0
270850,2021,0.0,2.0
270860,2021,35.0,45.0
270930,2021,25.0,27.0
280020,2021,0.0,1.0
280030,2021,476.0,636.0
280130,2021,0.0,3.0
280210,2021,18.0,20.0
280290,2021,10.0,33.0
280300,2021,0.0,1.0
280340,2021,0.0,1.0
280350,2021,10.0,15.0
280440,2021,0.0,1.0
280450,2021,0.0,2.0
280480,2021,0.0,2.0
280540,2021,0.0,1.0
280570,2021,0.0,4.0
280590,2021,0.0,1.0
280670,2021,0.0,1.0
290010,2021,0.0,1.0
290020,2021,0.0,3.0
290070,2021,30.0,37.0
290100,2021,0.0,5.0
290160,2021,0.0,2.0
290200,2021,0.0,1.0
290210,2021,0.0,3.0
290270,2021,11.0,13.0
290290,2021,0.0,1.0
290300,2021,0.0,4.0
290320,2021,75.0,125.0
290327,2021,0.0,6.0
290340,2021,0.0,1.0
290360,2021,0.0,2.0
290390,2021,10.0,23.0
290410,2021,0.0,2.0
290450,2021,0.0,2.0
290460,2021,30.0,30.0
290485,2021,0.0,3.0
290490,2021,10.0,11.0
290500,2021,0.0,3.0
290510,2021,0.0,2.0
290520,2021,40.0,44.0
290550,2021,0.0,1.0
290560,2021,0.0,4.0
290570,2021,60.0,90.0
290590,2021,0.0,1.0
290600,2021,10.0,30.0
290650,2021,20.0,26.0
290680,2021,0.0,1.0
290682,2021,0.0,6.0
290690,2021,0.0,6.0
290710,2021,2.0,5.0
290720,2021,0.0,7.0
290730,2021,0.0,4.0
290740,2021,0.0,2.0
290750,2021,8.0,11.0
290770,2021,0.0,3.0
290780,2021,0.0,3.0
290790,2021,0.0,2.0
290810,2021,0.0,4.0
290820,2021,0.0,2.0
290830,2021,0.0,4.0
290840,2021,0.0,9.0
290850,2021,0.0,22.0
290870,2021,0.0,1.0
290890,2021,0.0,5.0
290910,2021,0.0,9.0
290930,2021,0.0,3.0
290940,2021,0.0,3.0
290960,2021,0.0,2.0
290970,2021,0.0,2.0
290980,2021,0.0,13.0
291005,2021,0.0,7.0
291010,2021,0.0,2.0
291040,2021,0.0,1.0
291070,2021,0.0,6.0
291072,2021,59.0,76.0
291080,2021,244.0,335.0
291110,2021,0.0,2.0
291130,2021,0.0,7.0
291160,2021,0.0,2.0
291170,2021,30.0,39.0
291190,2021,0.0,11.0
291200,2021,0.0,1.0
291210,2021,0.0,3.0
291240,2021,0.0,1.0
291310,2021,0.0,1.0
291320,2021,0.0,5.0
291340,2021,0.0,1.0
291360,2021,167.0,191.0
291370,2021,0.0,4.0
291390,2021,0.0,11.0
291400,2021,5.0,15.0
291440,2021,0.0,2.0
291450,2021,0.0,3.0
291460,2021,41.0,50.0
291465,2021,0.0,5.0
291470,2021,24.0,26.0
291480,2021,107.0,138.0
291490,2021,0.0,4.0
291530,2021,0.0,1.0
291560,2021,0.0,9.0
291600,2021,0.0,2.0
291640,2021,9.0,19.0
291670,2021,0.0,1.0
291685,2021,0.0,3.0
291720,2021,0.0,4.0
291735,2021,0.0,3.0
291750,2021,30.0,47.0
291760,2021,0.0,7.0
291800,2021,80.0,95.0
291820,2021,0.0,1.0
291840,2021,73.0,115.0
291845,2021,0.0,1.0
291880,2021,0.0,3.0
291915,2021,0.0,1.0
291920,2021,140.0,141.0
291955,2021,0.0,27.0
291980,2021,0.0,9.0
291990,2021,0.0,1.0
291992,2021,0.0,5.0
292010,2021,0.0,1.0
292020,2021,0.0,4.0
292050,2021,0.0,2.0
292100,2021,0.0,7.0
292110,2021,0.0,8.0
292120,2021,0.0,1.0
292130,2021,0.0,2.0
292150,2021,0.0,4.0
292170,2021,0.0,2.0
292200,2021,0.0,6.0
292210,2021,0.0,2.0
292230,2021,0.0,4.0
292265,2021,0.0,4.0
292270,2021,0.0,5.0
292290,2021,0.0,2.0
292300,2021,0.0,6.0
292310,2021,0.0,3.0
292320,2021,0.0,3.0
292360,2021,0.0,3.0
292370,2021,0.0,3.0
292400,2021,10.0,56.0
292440,2021,0.0,2.0
292450,2021,0.0,1.0
292510,2021,0.0,2.0
292520,2021,0.0,4.0
292530,2021,30.0,70.0
292550,2021,0.0,10.0
292590,2021,0.0,5.0
292595,2021,0.0,10.0
292600,2021,10.0,10.0
292610,2021,0.0,2.0
292620,2021,0.0,3.0
292630,2021,0.0,6.0
292640,2021,0.0,6.0
292660,2021,17.0,23.0
292670,2021,0.0,1.0
292690,2021,0.0,1.0
292700,2021,0.0,5.0
292740,2021,2055.0,2483.0
292770,2021,0.0,3.0
292790,2021,0.0,3.0
292800,2021,0.0,7.0
292810,2021,0.0,6.0
292820,2021,0.0,3.0
292830,2021,0.0,3.0
292850,2021,0.0,2.0
292860,2021,0.0,9.0
292870,2021,52.0,81.0
292880,2021,0.0,8.0
292890,2021,0.0,1.0
292895,2021,0.0,1.0
292900,2021,14.0,17.0
292905,2021,0.0,3.0
292910,2021,0.0,2.0
292920,2021,0.0,1.0
292930,2021,0.0,2.0
292950,2021,0.0,2.0
292960,2021,0.0,3.0
292970,2021,0.0,3.0
292975,2021,0.0,3.0
292990,2021,30.0,30.0
293010,2021,30.0,33.0
293015,2021,0.0,8.0
293030,2021,0.0,9.0
293050,2021,20.0,30.0
293070,2021,10.0,28.0
293075,2021,0.0,4.0
293077,2021,0.0,2.0
293105,2021,0.0,2.0
293130,2021,0.0,1.0
293135,2021,68.0,92.0
293150,2021,0.0,4.0
293190,2021,0.0,12.0
293200,2021,0.0,4.0
293230,2021,0.0,2.0
293245,2021,0.0,3.0
293260,2021,0.0,2.0
293280,2021,0.0,3.0
293290,2021,20.0,20.0
293300,2021,0.0,4.0
293320,2021,0.0,11.0
293325,2021,0.0,1.0
293330,2021,196.0,245.0
293345,2021,0.0,2.0
293360,2021,0.0,2.0
310010,2021,0.0,3.0
310030,2021,0.0,8.0
310090,2021,0.0,2.0
310120,2021,10.0,10.0
310150,2021,10.0,12.0
310160,2021,95.0,133.0
310170,2021,10.0,15.0
310210,2021,0.0,2.0
310270,2021,0.0,3.0
310280,2021,0.0,2.0
310340,2021,10.0,21.0
310350,2021,50.0,75.0
310400,2021,48.0,49.0
310420,2021,10.0,10.0
310430,2021,0.0,1.0
310490,2021,20.0,20.0
310510,2021,0.0,4.0
310540,2021,0.0,11.0
310560,2021,95.0,110.0
310590,2021,0.0,9.0
310620,2021,1759.0,2369.0
310670,2021,139.0,180.0
310710,2021,10.0,10.0
310730,2021,0.0,6.0
310740,2021,20.0,37.0
310750,2021,0.0,1.0
310840,2021,0.0,2.0
310860,2021,30.0,35.0
310900,2021,0.0,8.0
310990,2021,0.0,1.0
311000,2021,0.0,17.0
311070,2021,0.0,2.0
311100,2021,0.0,5.0
311110,2021,0.0,3.0
311120,2021,21.0,36.0
311150,2021,0.0,1.0
311230,2021,10.0,10.0
311260,2021,0.0,8.0
311270,2021,0.0,1.0
311300,2021,0.0,1.0
311320,2021,0.0,2.0
311330,2021,53.0,69.0
311340,2021,113.0,124.0
311430,2021,0.0,5.0
311510,2021,0.0,5.0
311530,2021,20.0,28.0
311550,2021,0.0,2.0
311580,2021,0.0,1.0
311730,2021,0.0,8.0
311750,2021,0.0,5.0
311800,2021,10.0,26.0
311830,2021,27.0,28.0
311840,2021,0.0,2.0
311860,2021,134.0,171.0
311880,2021,0.0,2.0
311930,2021,5.0,13.0
311940,2021,60.0,98.0
312090,2021,55.0,61.0
312120,2021,0.0,1.0
312160,2021,80.0,85.0
312230,2021,156.0,176.0
312260,2021,0.0,1.0
312270,2021,0.0,1.0
312390,2021,0.0,3.0
312410,2021,0.0,8.0
312510,2021,25.0,26.0
312560,2021,0.0,1.0
312610,2021,40.0,40.0
312670,2021,0.0,5.0
312710,2021,0.0,5.0
312770,2021,146.0,205.0
312780,2021,0.0,2.0
312800,2021,10.0,27.0
312860,2021,0.0,1.0
312870,2021,20.0,20.0
312940,2021,0.0,1.0
312980,2021,10.0,18.0
313010,2021,0.0,5.0
313130,2021,150.0,186.0
313170,2021,46.0,51.0
313190,2021,0.0,7.0
313210,2021,0.0,2.0
313240,2021,122.0,224.0
313250,2021,0.0,3.0
313270,2021,0.0,2.0
313310,2021,10.0,10.0
313330,2021,10.0,14.0
313350,2021,0.0,4.0
313380,2021,30.0,30.0
313420,2021,48.0,49.0
313440,2021,0.0,2.0
313510,2021,50.0,81.0
313520,2021,0.0,6.0
313540,2021,0.0,1.0
313580,2021,0.0,18.0
313620,2021,20.0,22.0
313630,2021,10.0,17.0
313665,2021,0.0,1.0
313670,2021,511.0,540.0
313700,2021,0.0,3.0
313710,2021,0.0,1.0
313720,2021,20.0,24.0
313750,2021,0.0,5.0
313760,2021,10.0,20.0
313770,2021,0.0,1.0
313790,2021,0.0,1.0
313800,2021,0.0,1.0
313820,2021,68.0,70.0
313840,2021,30.0,32.0
313920,2021,0.0,10.0
313930,2021,0.0,5.0
313940,2021,52.0,74.0
313950,2021,21.0,22.0
313960,2021,6.0,7.0
313980,2021,0.0,1.0
314000,2021,0.0,4.0
314070,2021,0.0,8.0
314090,2021,0.0,6.0
314140,2021,0.0,5.0
314180,2021,0.0,3.0
314220,2021,0.0,2.0
314260,2021,0.0,1.0
314270,2021,0.0,1.0
314310,2021,20.0,28.0
314330,2021,215.0,230.0
314390,2021,107.0,116.0
314400,2021,0.0,1.0
314430,2021,20.0,20.0
314470,2021,0.0,8.0
314480,2021,121.0,141.0
314500,2021,0.0,1.0
314520,2021,30.0,45.0
314560,2021,30.0,40.0
314590,2021,10.0,15.0
314610,2021,30.0,34.0
314630,2021,0.0,7.0
314700,2021,16.0,67.0
314710,2021,33.0,33.0
314790,2021,107.0,127.0
314800,2021,193.0,196.0
314810,2021,66.0,109.0
314860,2021,20.0,20.0
314870,2021,0.0,6.0
314930,2021,0.0,4.0
315030,2021,0.0,2.0
315080,2021,0.0,2.0
315110,2021,0.0,2.0
315120,2021,34.0,59.0
315150,2021,10.0,16.0
315160,2021,0.0,2.0
315170,2021,10.0,10.0
315180,2021,145.0,155.0
315190,2021,0.0,2.0
315200,2021,0.0,1.0
315210,2021,75.0,86.0
315220,2021,5.0,5.0
315250,2021,97.0,108.0
315280,2021,0.0,1.0
315420,2021,0.0,1.0
315460,2021,10.0,35.0
315520,2021,0.0,2.0
315550,2021,0.0,1.0
315580,2021,10.0,10.0
315660,2021,0.0,4.0
315670,2021,0.0,4.0
315680,2021,0.0,1.0
315690,2021,0.0,2.0
315700,2021,10.0,15.0
315710,2021,0.0,1.0
315770,2021,0.0,12.0
315780,2021,16.0,28.0
315790,2021,0.0,1.0
315930,2021,0.0,1.0
315960,2021,10.0,10.0
315990,2021,10.0,10.0
316040,2021,10.0,10.0
316070,2021,18.0,18.0
316100,2021,0.0,1.0
316200,2021,0.0,1.0
316210,2021,10.0,10.0
316220,2021,0.0,4.0
316250,2021,98.0,109.0
316270,2021,0.0,1.0
316292,2021,0.0,4.0
316370,2021,47.0,47.0
316470,2021,47.0,62.0
316530,2021,0.0,1.0
316720,2021,70.0,72.0
316800,2021,33.0,35.0
316860,2021,69.0,95.0
316870,2021,20.0,21.0
316920,2021,0.0,1.0
316930,2021,44.0,50.0
316935,2021,0.0,1.0
316940,2021,20.0,20.0
316960,2021,0.0,6.0
316970,2021,10.0,13.0
316990,2021,79.0,85.0
317010,2021,191.0,237.0
317020,2021,442.0,561.0
317040,2021,15.0,19.0
317070,2021,96.0,100.0
317120,2021,10.0,11.0
317130,2021,40.0,42.0
317170,2021,0.0,1.0
317200,2021,12.0,12.0
320020,2021,0.0,41.0
320040,2021,0.0,1.0
320060,2021,20.0,20.0
320070,2021,0.0,5.0
320080,2021,0.0,7.0
320090,2021,10.0,25.0
320120,2021,203.0,242.0
320130,2021,60.0,67.0
320150,2021,169.0,178.0
320160,2021,0.0,1.0
320170,2021,0.0,1.0
320230,2021,30.0,37.0
320240,2021,10.0,10.0
320245,2021,0.0,3.0
320260,2021,0.0,2.0
320270,2021,0.0,6.0
320280,2021,30.0,40.0
320290,2021,0.0,1.0
320310,2021,0.0,1.0
320316,2021,0.0,3.0
320320,2021,142.0,170.0
320340,2021,0.0,2.0
320370,2021,0.0,1.0
320390,2021,0.0,1.0
320400,2021,0.0,12.0
320435,2021,0.0,2.0
320460,2021,20.0,21.0
320470,2021,0.0,1.0
320480,2021,39.0,40.0
320490,2021,71.0,75.0
320500,2021,547.0,590.0
320506,2021,20.0,23.0
320520,2021,307.0,351.0
320530,2021,394.0,492.0
330010,2021,77.0,126.0
330020,2021,26.0,69.0
330022,2021,0.0,5.0
330023,2021,0.0,25.0
330025,2021,8.0,9.0
330030,2021,14.0,16.0
330040,2021,87.0,95.0
330045,2021,65.0,133.0
330050,2021,0.0,2.0
330060,2021,83.0,85.0
330070,2021,78.0,112.0
330080,2021,0.0,2.0
330090,2021,4.0,16.0
330093,2021,5.0,5.0
330100,2021,388.0,467.0
330110,2021,20.0,20.0
330120,2021,0.0,17.0
330130,2021,0.0,30.0
330140,2021,11.0,11.0
330150,2021,10.0,10.0
330170,2021,611.0,687.0
330185,2021,10.0,21.0
330190,2021,86.0,93.0
330200,2021,20.0,22.0
330210,2021,11.0,16.0
330220,2021,116.0,117.0
330227,2021,9.0,9.0
330240,2021,181.0,204.0
330250,2021,25.0,32.0
330260,2021,0.0,11.0
330270,2021,55.0,100.0
330280,2021,0.0,4.0
330285,2021,10.0,25.0
330290,2021,10.0,23.0
330300,2021,11.0,12.0
330310,2021,0.0,4.0
330320,2021,90.0,95.0
330330,2021,435.0,515.0
330340,2021,71.0,96.0
330350,2021,394.0,435.0
330360,2021,0.0,10.0
330370,2021,17.0,22.0
330380,2021,0.0,18.0
330390,2021,275.0,303.0
330395,2021,0.0,5.0
330400,2021,0.0,1.0
330411,2021,6.0,7.0
330412,2021,0.0,1.0
330415,2021,16.0,17.0
330420,2021,69.0,103.0
330430,2021,16.0,19.0
330440,2021,0.0,9.0
330452,2021,27.0,27.0
330455,2021,4552.0,5724.0
330470,2021,8.0,20.0
330475,2021,0.0,4.0
330480,2021,20.0,58.0
330490,2021,271.0,322.0
330500,2021,18.0,18.0
330510,2021,72.0,108.0
330515,2021,0.0,1.0
330520,2021,0.0,19.0
330530,2021,5.0,9.0
330540,2021,10.0,10.0
330550,2021,42.0,61.0
330555,2021,0.0,5.0
330580,2021,84.0,90.0
330590,2021,0.0,3.0
330600,2021,26.0,30.0
330610,2021,40.0,43.0
330615,2021,0.0,2.0
330620,2021,119.0,134.0
330630,2021,401.0,439.0
350010,2021,20.0,20.0
350160,2021,88.0,105.0
350170,2021,20.0,20.0
350190,2021,38.0,43.0
350210,2021,20.0,22.0
350220,2021,0.0,4.0
350250,2021,19.0,27.0
350280,2021,73.0,116.0
350320,2021,67.0,114.0
350330,2021,63.0,67.0
350380,2021,38.0,38.0
350390,2021,28.0,43.0
350400,2021,73.0,91.0
350410,2021,27.0,27.0
350420,2021,0.0,7.0
350450,2021,30.0,35.0
350520,2021,0.0,11.0
350530,2021,0.0,7.0
350550,2021,142.0,170.0
350570,2021,81.0,124.0
350590,2021,18.0,21.0
350600,2021,240.0,280.0
350610,2021,6.0,34.0
350635,2021,10.0,32.0
350650,2021,25.0,31.0
350660,2021,0.0,6.0
350710,2021,0.0,2.0
350750,2021,103.0,127.0
350760,2021,83.0,109.0
350790,2021,0.0,1.0
350810,2021,0.0,9.0
350850,2021,10.0,14.0
350860,2021,0.0,1.0
350900,2021,29.0,50.0
350920,2021,18.0,20.0
350930,2021,0.0,5.0
350940,2021,9.0,11.0
350950,2021,801.0,924.0
350960,2021,10.0,18.0
350970,2021,0.0,7.0
351020,2021,10.0,18.0
351040,2021,21.0,26.0
351050,2021,73.0,95.0
351060,2021,45.0,62.0
351080,2021,30.0,30.0
351110,2021,128.0,137.0
351140,2021,0.0,2.0
351150,2021,0.0,4.0
351200,2021,10.0,10.0
351220,2021,0.0,4.0
351280,2021,10.0,30.0
351300,2021,36.0,87.0
351340,2021,38.0,38.0
351350,2021,35.0,37.0
351370,2021,0.0,4.0
351380,2021,101.0,156.0
351430,2021,0.0,3.0
351440,2021,30.0,35.0
351500,2021,10.0,105.0
351510,2021,0.0,8.0
351518,2021,10.0,10.0
351550,2021,20.0,20.0
351570,2021,37.0,71.0
351620,2021,121.0,135.0
351630,2021,39.0,57.0
351640,2021,78.0,102.0
351670,2021,20.0,25.0
351740,2021,10.0,10.0
351760,2021,0.0,5.0
351820,2021,0.0,4.0
351830,2021,0.0,5.0
351840,2021,101.0,103.0
351860,2021,0.0,6.0
351870,2021,106.0,143.0
351880,2021,334.0,406.0
351907,2021,16.0,41.0
351960,2021,10.0,10.0
351970,2021,0.0,7.0
352010,2021,10.0,11.0
352040,2021,6.0,12.0
352044,2021,14.0,23.0
352050,2021,75.0,95.0
352130,2021,16.0,16.0
352140,2021,0.0,3.0
352180,2021,0.0,2.0
352210,2021,35.0,50.0
352220,2021,36.0,63.0
352230,2021,26.0,32.0
352240,2021,35.0,48.0
352250,2021,78.0,113.0
352260,2021,30.0,35.0
352270,2021,9.0,25.0
352280,2021,0.0,5.0
352310,2021,40.0,48.0
352320,2021,0.0,19.0
352340,2021,42.0,52.0
352360,2021,0.0,1.0
352390,2021,52.0,56.0
352400,2021,0.0,2.0
352410,2021,25.0,37.0
352420,2021,0.0,1.0
352430,2021,26.0,28.0
352440,2021,86.0,99.0
352470,2021,25.0,25.0
352480,2021,35.0,37.0
352500,2021,0.0,5.0
352520,2021,0.0,1.0
352530,2021,125.0,136.0
352590,2021,199.0,232.0
352640,2021,15.0,17.0
352670,2021,28.0,28.0
352680,2021,20.0,20.0
352690,2021,136.0,159.0
352710,2021,47.0,54.0
352720,2021,48.0,48.0
352730,2021,19.0,19.0
352800,2021,0.0,6.0
352810,2021,0.0,1.0
352850,2021,10.0,11.0
352900,2021,205.0,235.0
352920,2021,0.0,8.0
352930,2021,33.0,41.0
352940,2021,164.0,270.0
353010,2021,10.0,12.0
353020,2021,0.0,3.0
353030,2021,0.0,2.0
353050,2021,20.0,20.0
353060,2021,232.0,268.0
353070,2021,57.0,67.0
353080,2021,36.0,41.0
353130,2021,26.0,29.0
353190,2021,10.0,13.0
353200,2021,0.0,2.0
353340,2021,0.0,10.0
353350,2021,11.0,11.0
353390,2021,12.0,12.0
353440,2021,193.0,246.0
353460,2021,10.0,11.0
353470,2021,58.0,65.0
353550,2021,21.0,21.0
353580,2021,0.0,12.0
353620,2021,26.0,47.0
353650,2021,20.0,47.0
353670,2021,8.0,8.0
353710,2021,15.0,15.0
353730,2021,18.0,21.0
353740,2021,0.0,4.0
353760,2021,0.0,4.0
353780,2021,5.0,10.0
353800,2021,61.0,71.0
353820,2021,0.0,2.0
353870,2021,184.0,226.0
353900,2021,0.0,3.0
353930,2021,18.0,21.0
354020,2021,0.0,15.0
354060,2021,10.0,10.0
354070,2021,11.0,11.0
354100,2021,90.0,96.0
354130,2021,10.0,10.0
354140,2021,169.0,234.0
354150,2021,20.0,20.0
354160,2021,10.0,10.0
354220,2021,20.0,22.0
354240,2021,0.0,5.0
354260,2021,40.0,40.0
354300,2021,0.0,1.0
354330,2021,16.0,34.0
354340,2021,447.0,539.0
354390,2021,69.0,97.0
354400,2021,5.0,5.0
354425,2021,0.0,2.0
354500,2021,0.0,2.0
354515,2021,0.0,1.0
354520,2021,16.0,16.0
354530,2021,0.0,3.0
354580,2021,47.0,63.0
354640,2021,26.0,38.0
354660,2021,20.0,20.0
354680,2021,7.0,10.0
354730,2021,0.0,42.0
354780,2021,557.0,611.0
354790,2021,0.0,1.0
354850,2021,364.0,393.0
354870,2021,422.0,481.0
354880,2021,246.0,270.0
354890,2021,125.0,162.0
354910,2021,30.0,30.0
354940,2021,18.0,18.0
354970,2021,12.0,12.0
354980,2021,447.0,592.0
354990,2021,314.0,364.0
355000,2021,0.0,7.0
355010,2021,5.0,19.0
355020,2021,0.0,3.0
355030,2021,7427.0,8885.0
355040,2021,10.0,10.0
355060,2021,18.0,18.0
355070,2021,28.0,28.0
355100,2021,32.0,48.0
355150,2021,23.0,27.0
355170,2021,43.0,56.0
355210,2021,7.0,7.0
355220,2021,420.0,478.0
355240,2021,56.0,74.0
355250,2021,69.0,117.0
355280,2021,43.0,93.0
355300,2021,0.0,1.0
355360,2021,0.0,9.0
355370,2021,18.0,34.0
355380,2021,10.0,11.0
355400,2021,34.0,68.0
355410,2021,104.0,104.0
355450,2021,0.0,1.0
355500,2021,39.0,42.0
355540,2021,10.0,25.0
355620,2021,69.0,71.0
355650,2021,0.0,1.0
355670,2021,23.0,23.0
355700,2021,26.0,34.0
355710,2021,58.0,64.0
410090,2021,0.0,1.0
410100,2021,0.0,2.0
410120,2021,0.0,1.0
410140,2021,57.0,64.0
410150,2021,150.0,150.0
410170,2021,0.0,2.0
410180,2021,18.0,21.0
410200,2021,28.0,29.0
410210,2021,0.0,1.0
410240,2021,22.0,22.0
410250,2021,0.0,1.0
410305,2021,0.0,1.0
410330,2021,0.0,1.0
410370,2021,21.0,45.0
410400,2021,107.0,109.0
410420,2021,529.0,541.0
410430,2021,78.0,96.0
410450,2021,0.0,1.0
410460,2021,0.0,1.0
410480,2021,259.0,281.0
410490,2021,12.0,12.0
410520,2021,0.0,1.0
410530,2021,3.0,6.0
410540,2021,13.0,13.0
410550,2021,26.0,29.0
410560,2021,0.0,1.0
410570,2021,0.0,2.0
410590,2021,22.0,30.0
410630,2021,0.0,1.0
410640,2021,40.0,44.0
410650,2021,0.0,6.0
410660,2021,0.0,2.0
410680,2021,0.0,2.0
410690,2021,1003.0,1203.0
410720,2021,8.0,10.0
410765,2021,0.0,9.0
410790,2021,0.0,1.0
410800,2021,0.0,5.0
410830,2021,170.0,198.0
410840,2021,67.0,82.0
410860,2021,13.0,15.0
410940,2021,98.0,122.0
410975,2021,0.0,1.0
411050,2021,0.0,2.0
411060,2021,0.0,1.0
411070,2021,34.0,35.0
411110,2021,0.0,1.0
411125,2021,0.0,3.0
411150,2021,60.0,65.0
411180,2021,10.0,11.0
411190,2021,0.0,1.0
411210,2021,0.0,2.0
411240,2021,0.0,1.0
411320,2021,9.0,11.0
411330,2021,10.0,12.0
411350,2021,0.0,6.0
411370,2021,413.0,493.0
411375,2021,0.0,1.0
411420,2021,0.0,3.0
411430,2021,0.0,2.0
411440,2021,0.0,3.0
411450,2021,0.0,1.0
411460,2021,0.0,6.0
411520,2021,333.0,348.0
411580,2021,13.0,17.0
411605,2021,10.0,10.0
411670,2021,10.0,10.0
411690,2021,0.0,7.0
411695,2021,0.0,1.0
411710,2021,0.0,1.0
411720,2021,0.0,1.0
411722,2021,0.0,1.0
411727,2021,0.0,1.0
411750,2021,0.0,3.0
411760,2021,23.0,23.0
411790,2021,10.0,11.0
411820,2021,61.0,65.0
411830,2021,0.0,1.0
411840,2021,42.0,55.0
411850,2021,54.0,65.0
411890,2021,0.0,6.0
411910,2021,0.0,2.0
411915,2021,0.0,6.0
411930,2021,0.0,4.0
411950,2021,0.0,3.0
411960,2021,0.0,3.0
411980,2021,0.0,1.0
411990,2021,175.0,209.0
412035,2021,0.0,2.0
412060,2021,0.0,10.0
412090,2021,0.0,17.0
412100,2021,0.0,1.0
412120,2021,0.0,2.0
412200,2021,0.0,1.0
412220,2021,0.0,5.0
412240,2021,0.0,1.0
412260,2021,0.0,3.0
412265,2021,0.0,1.0
412410,2021,25.0,28.0
412440,2021,0.0,1.0
412500,2021,0.0,4.0
412520,2021,0.0,1.0
412550,2021,39.0,49.0
412570,2021,18.0,34.0
412580,2021,0.0,1.0
412625,2021,63.0,63.0
412670,2021,0.0,1.0
412710,2021,65.0,67.0
412720,2021,0.0,5.0
412730,2021,0.0,1.0
412760,2021,0.0,2.0
412770,2021,73.0,74.0
412780,2021,0.0,1.0
412810,2021,125.0,145.0
412820,2021,37.0,42.0
412850,2021,0.0,1.0
412860,2021,0.0,1.0
420070,2021,0.0,1.0
420110,2021,0.0,2.0
420127,2021,0.0,1.0
420140,2021,50.0,50.0
420150,2021,0.0,3.0
420200,2021,71.0,82.0
420230,2021,10.0,10.0
420240,2021,161.0,177.0
420245,2021,0.0,5.0
420260,2021,0.0,21.0
420280,2021,0.0,6.0
420290,2021,48.0,48.0
420300,2021,40.0,42.0
420330,2021,0.0,3.0
420350,2021,0.0,1.0
420360,2021,10.0,27.0
420380,2021,20.0,27.0
420390,2021,0.0,2.0
420410,2021,0.0,1.0
420420,2021,115.0,118.0
420430,2021,43.0,53.0
420460,2021,117.0,129.0
420470,2021,0.0,1.0
420480,2021,27.0,43.0
420490,2021,0.0,1.0
420500,2021,0.0,2.0
420540,2021,384.0,441.0
420550,2021,0.0,7.0
420580,2021,0.0,1.0
420590,2021,20.0,20.0
420660,2021,0.0,1.0
420690,2021,20.0,23.0
420700,2021,20.0,20.0
420720,2021,0.0,1.0
420730,2021,10.0,24.0
420750,2021,22.0,30.0
420760,2021,0.0,2.0
420765,2021,0.0,1.0
420770,2021,0.0,1.0
420780,2021,0.0,1.0
420790,2021,0.0,3.0
420800,2021,0.0,1.0
420820,2021,136.0,148.0
420840,2021,0.0,2.0
420850,2021,21.0,21.0
420880,2021,0.0,3.0
420890,2021,72.0,85.0
420900,2021,40.0,40.0
420910,2021,341.0,474.0
420930,2021,99.0,115.0
420940,2021,10.0,17.0
420960,2021,0.0,1.0
420985,2021,0.0,1.0
421000,2021,0.0,2.0
421010,2021,55.0,67.0
421030,2021,0.0,1.0
421050,2021,10.0,10.0
421090,2021,0.0,1.0
421100,2021,0.0,1.0
421105,2021,0.0,1.0
421120,2021,0.0,2.0
421140,2021,0.0,1.0
421150,2021,15.0,15.0
421170,2021,0.0,4.0
421190,2021,0.0,2.0
421200,2021,0.0,1.0
421210,2021,0.0,2.0
421260,2021,0.0,1.0
421290,2021,0.0,1.0
421320,2021,0.0,5.0
421340,2021,0.0,2.0
421360,2021,10.0,10.0
421450,2021,0.0,2.0
421480,2021,46.0,60.0
421500,2021,10.0,10.0
421530,2021,0.0,1.0
421550,2021,0.0,6.0
421570,2021,0.0,1.0
421580,2021,15.0,20.0
421600,2021,0.0,2.0
421625,2021,0.0,1.0
421630,2021,10.0,17.0
421650,2021,0.0,3.0
421660,2021,125.0,125.0
421670,2021,0.0,1.0
421690,2021,0.0,3.0
421720,2021,30.0,31.0
421730,2021,0.0,1.0
421750,2021,0.0,1.0
421770,2021,10.0,11.0
421780,2021,10.0,11.0
421790,2021,0.0,1.0
421820,2021,40.0,40.0
421860,2021,0.0,1.0
421870,2021,69.0,74.0
421875,2021,0.0,1.0
421910,2021,0.0,1.0
421920,2021,0.0,1.0
421930,2021,30.0,44.0
421950,2021,43.0,49.0
421960,2021,0.0,1.0
421970,2021,0.0,1.0
430010,2021,0.0,1.0
430020,2021,0.0,1.0
430030,2021,0.0,15.0
430040,2021,31.0,31.0
430060,2021,16.0,55.0
430100,2021,0.0,3.0
430160,2021,54.0,54.0
430210,2021,65.0,75.0
430230,2021,0.0,1.0
430240,2021,0.0,5.0
430245,2021,0.0,2.0
430260,2021,0.0,1.0
430270,2021,0.0,2.0
430300,2021,30.0,35.0
430310,2021,26.0,64.0
430330,2021,0.0,1.0
430350,2021,14.0,14.0
430360,2021,0.0,1.0
430380,2021,0.0,1.0
430390,2021,22.0,22.0
430400,2021,0.0,1.0
430440,2021,15.0,15.0
430450,2021,10.0,10.0
430460,2021,201.0,249.0
430463,2021,20.0,20.0
430470,2021,16.0,16.0
430510,2021,254.0,269.0
430520,2021,0.0,2.0
430530,2021,0.0,6.0
430535,2021,20.0,20.0
430540,2021,0.0,1.0
430570,2021,0.0,2.0
430580,2021,0.0,2.0
430590,2021,0.0,3.0
430610,2021,42.0,42.0
430660,2021,10.0,13.0
430680,2021,5.0,5.0
430690,2021,0.0,5.0
430700,2021,74.0,74.0
430750,2021,5.0,5.0
430770,2021,31.0,40.0
430780,2021,30.0,34.0
430790,2021,30.0,42.0
430800,2021,10.0,10.0
430820,2021,0.0,1.0
430850,2021,15.0,30.0
430860,2021,18.0,20.0
430910,2021,18.0,18.0
430920,2021,26.0,41.0
430930,2021,16.0,47.0
430960,2021,0.0,10.0
431010,2021,10.0,10.0
431020,2021,82.0,94.0
431050,2021,0.0,2.0
431060,2021,0.0,4.0
431100,2021,0.0,6.0
431110,2021,0.0,1.0
431130,2021,0.0,1.0
431140,2021,41.0,50.0
431180,2021,0.0,7.0
431205,2021,0.0,4.0
431240,2021,20.0,31.0
431250,2021,0.0,1.0
431290,2021,0.0,1.0
431320,2021,0.0,6.0
431340,2021,116.0,139.0
431350,2021,30.0,37.0
431360,2021,0.0,1.0
431370,2021,10.0,16.0
431390,2021,5.0,5.0
431400,2021,0.0,1.0
431402,2021,0.0,1.0
431405,2021,63.0,63.0
431410,2021,178.0,193.0
431430,2021,0.0,1.0
431440,2021,155.0,197.0
431450,2021,0.0,1.0
431460,2021,0.0,3.0
431470,2021,0.0,1.0
431480,2021,0.0,7.0
431490,2021,1348.0,1642.0
431510,2021,0.0,3.0
431515,2021,0.0,1.0
431530,2021,5.0,15.0
431560,2021,65.0,94.0
431570,2021,0.0,4.0
431610,2021,0.0,2.0
431620,2021,0.0,1.0
431630,2021,0.0,2.0
431640,2021,16.0,26.0
431660,2021,0.0,10.0
431680,2021,44.0,59.0
431690,2021,149.0,164.0
431710,2021,25.0,55.0
431720,2021,65.0,65.0
431730,2021,0.0,2.0
431740,2021,36.0,66.0
431750,2021,32.0,40.0
431760,2021,0.0,6.0
431800,2021,10.0,10.0
431820,2021,0.0,6.0
431830,2021,20.0,30.0
431840,2021,20.0,22.0
431870,2021,42.0,52.0
431890,2021,0.0,8.0
431915,2021,0.0,3.0
431950,2021,0.0,4.0
431990,2021,50.0,52.0
432000,2021,49.0,63.0
432010,2021,0.0,1.0
432020,2021,0.0,1.0
432030,2021,0.0,15.0
432050,2021,0.0,1.0
432067,2021,0.0,2.0
432070,2021,0.0,1.0
432080,2021,10.0,20.0
432090,2021,0.0,7.0
432120,2021,26.0,26.0
432130,2021,10.0,25.0
432140,2021,15.0,30.0
432145,2021,0.0,3.0
432150,2021,10.0,15.0
432160,2021,46.0,70.0
432180,2021,11.0,12.0
432190,2021,10.0,10.0
432195,2021,0.0,1.0
432230,2021,0.0,3.0
432240,2021,38.0,86.0
432250,2021,18.0,18.0
432253,2021,0.0,1.0
432260,2021,15.0,22.0
432270,2021,0.0,1.0
432290,2021,0.0,2.0
432300,2021,30.0,35.0
500060,2021,10.0,10.0
500100,2021,10.0,11.0
500110,2021,10.0,24.0
500124,2021,0.0,1.0
500190,2021,5.0,5.0
500210,2021,0.0,1.0
500260,2021,0.0,1.0
500270,2021,444.0,542.0
500280,2021,0.0,1.0
500295,2021,0.0,6.0
500320,2021,37.0,37.0
500325,2021,10.0,11.0
500330,2021,8.0,8.0
500348,2021,0.0,1.0
500370,2021,159.0,182.0
500375,2021,0.0,8.0
500380,2021,0.0,1.0
500440,2021,0.0,2.0
500450,2021,0.0,1.0
500460,2021,0.0,1.0
500470,2021,0.0,1.0
500500,2021,6.0,6.0
500525,2021,0.0,1.0
500540,2021,0.0,7.0
500560,2021,0.0,1.0
500570,2021,0.0,4.0
500600,2021,0.0,2.0
500620,2021,10.0,14.0
500630,2021,10.0,13.0
500660,2021,50.0,50.0
500690,2021,0.0,1.0
500730,2021,0.0,2.0
500740,2021,0.0,17.0
500755,2021,0.0,3.0
500790,2021,5.0,10.0
500830,2021,64.0,86.0
510020,2021,14.0,30.0
510025,2021,40.0,59.0
510060,2021,0.0,5.0
510130,2021,0.0,1.0
510140,2021,0.0,6.0
510160,2021,0.0,1.0
510180,2021,20.0,28.0
510250,2021,56.0,56.0
510263,2021,0.0,16.0
510267,2021,20.0,22.0
510268,2021,0.0,1.0
510270,2021,0.0,6.0
510310,2021,0.0,2.0
510320,2021,20.0,26.0
510325,2021,0.0,2.0
510335,2021,0.0,2.0
510337,2021,0.0,1.0
510340,2021,691.0,752.0
510350,2021,0.0,2.0
510390,2021,0.0,2.0
510410,2021,10.0,19.0
510420,2021,0.0,1.0
510460,2021,0.0,5.0
510480,2021,0.0,13.0
510500,2021,0.0,1.0
510510,2021,0.0,3.0
510515,2021,20.0,32.0
510517,2021,0.0,4.0
510520,2021,0.0,2.0
510525,2021,30.0,52.0
510550,2021,0.0,5.0
510558,2021,0.0,1.0
510560,2021,0.0,3.0
510590,2021,0.0,2.0
510622,2021,68.0,70.0
510623,2021,0.0,2.0
510625,2021,0.0,10.0
510627,2021,0.0,2.0
510628,2021,0.0,14.0
510629,2021,0.0,11.0
510637,2021,0.0,1.0
510642,2021,10.0,34.0
510650,2021,0.0,2.0
510675,2021,20.0,28.0
510680,2021,0.0,2.0
510700,2021,0.0,2.0
510704,2021,66.0,89.0
510706,2021,10.0,10.0
510710,2021,0.0,1.0
510718,2021,0.0,16.0
510760,2021,109.0,143.0
510770,2021,0.0,1.0
510780,2021,0.0,1.0
510785,2021,0.0,2.0
510787,2021,0.0,1.0
510790,2021,82.0,100.0
510792,2021,40.0,49.0
510794,2021,0.0,2.0
510795,2021,103.0,115.0
510800,2021,0.0,2.0
510805,2021,0.0,1.0
510810,2021,0.0,1.0
510840,2021,162.0,187.0
520025,2021,0.0,34.0
520060,2021,0.0,1.0
520110,2021,183.0,234.0
520130,2021,0.0,1.0
520140,2021,348.0,364.0
520150,2021,0.0,1.0
520170,2021,0.0,1.0
520320,2021,0.0,1.0
520350,2021,0.0,11.0
520355,2021,0.0,1.0
520380,2021,0.0,2.0
520390,2021,0.0,2.0
520410,2021,0.0,5.0
520440,2021,0.0,5.0
520450,2021,13.0,41.0
520465,2021,0.0,4.0
520490,2021,0.0,9.0
520500,2021,0.0,1.0
520505,2021,0.0,4.0
520510,2021,79.0,95.0
520530,2021,0.0,3.0
520540,2021,34.0,47.0
520545,2021,0.0,1.0
520547,2021,0.0,5.0
520549,2021,0.0,4.0
520551,2021,0.0,1.0
520620,2021,0.0,3.0
520740,2021,0.0,2.0
520750,2021,0.0,4.0
520753,2021,0.0,1.0
520800,2021,29.0,43.0
520840,2021,0.0,2.0
520850,2021,0.0,1.0
520860,2021,10.0,36.0
520870,2021,1789.0,2036.0
520880,2021,0.0,1.0
520890,2021,20.0,28.0
520910,2021,0.0,24.0
520929,2021,0.0,4.0
520970,2021,0.0,1.0
520995,2021,0.0,1.0
521000,2021,0.0,21.0
521020,2021,0.0,12.0
521040,2021,0.0,4.0
521090,2021,0.0,2.0
521130,2021,0.0,3.0
521150,2021,69.0,94.0
521170,2021,0.0,1.0
521180,2021,10.0,21.0
521190,2021,60.0,66.0
521220,2021,0.0,3.0
521250,2021,55.0,70.0
521280,2021,0.0,1.0
521308,2021,0.0,4.0
521310,2021,10.0,20.0
521375,2021,0.0,1.0
521380,2021,10.0,49.0
521400,2021,0.0,1.0
521440,2021,1.0,1.0
521450,2021,52.0,57.0
521460,2021,0.0,5.0
521500,2021,0.0,2.0
521560,2021,0.0,2.0
521630,2021,0.0,4.0
521640,2021,0.0,1.0
521710,2021,0.0,12.0
521720,2021,0.0,2.0
521740,2021,0.0,2.0
521760,2021,0.0,12.0
521770,2021,0.0,7.0
521800,2021,25.0,34.0
521850,2021,21.0,23.0
521860,2021,0.0,8.0
521880,2021,116.0,160.0
521930,2021,30.0,35.0
521975,2021,0.0,4.0
521990,2021,0.0,1.0
522000,2021,0.0,4.0
522010,2021,20.0,20.0
522015,2021,0.0,1.0
522020,2021,0.0,1.0
522040,2021,0.0,9.0
522045,2021,32.0,97.0
522060,2021,0.0,4.0
522140,2021,20.0,44.0
522160,2021,88.0,100.0
522170,2021,0.0,2.0
522185,2021,0.0,7.0
530010,2021,2036.0,2809.0
110001,2022,0.0,2.0
110002,2022,61.0,68.0
110004,2022,78.0,78.0
110005,2022,0.0,2.0
110009,2022,0.0,1.0
110010,2022,0.0,4.0
110011,2022,10.0,15.0
110012,2022,52.0,87.0
110015,2022,14.0,16.0
110018,2022,0.0,2.0
110020,2022,339.0,409.0
110028,2022,0.0,6.0
110030,2022,10.0,19.0
110032,2022,0.0,7.0
110033,2022,0.0,4.0
110037,2022,0.0,2.0
110045,2022,0.0,1.0
110140,2022,0.0,18.0
110149,2022,0.0,1.0
120010,2022,0.0,13.0
120020,2022,20.0,29.0
120040,2022,86.0,171.0
120045,2022,0.0,1.0
130002,2022,0.0,2.0
130006,2022,0.0,3.0
130014,2022,0.0,7.0
130020,2022,0.0,7.0
130030,2022,0.0,3.0
130060,2022,0.0,7.0
130063,2022,0.0,5.0
130080,2022,0.0,2.0
130083,2022,0.0,3.0
130090,2022,0.0,4.0
130100,2022,0.0,5.0
130115,2022,0.0,1.0
130120,2022,0.0,3.0
130160,2022,0.0,8.0
130165,2022,0.0,3.0
130170,2022,0.0,8.0
130195,2022,0.0,4.0
130200,2022,0.0,2.0
130230,2022,0.0,2.0
130240,2022,0.0,4.0
130250,2022,0.0,18.0
130260,2022,703.0,942.0
130270,2022,0.0,1.0
130280,2022,0.0,1.0
130300,2022,0.0,1.0
130320,2022,0.0,2.0
130330,2022,0.0,1.0
130340,2022,15.0,41.0
130350,2022,0.0,1.0
130353,2022,0.0,2.0
130370,2022,0.0,3.0
130380,2022,0.0,5.0
130400,2022,0.0,2.0
130406,2022,10.0,24.0
130410,2022,0.0,2.0
130420,2022,10.0,70.0
140005,2022,0.0,1.0
140010,2022,103.0,161.0
140015,2022,0.0,1.0
140030,2022,0.0,1.0
140040,2022,0.0,2.0
140045,2022,0.0,1.0
140047,2022,0.0,1.0
140060,2022,0.0,1.0
150010,2022,10.0,48.0
150013,2022,0.0,1.0
150040,2022,0.0,10.0
150060,2022,30.0,53.0
150070,2022,0.0,1.0
150080,2022,114.0,133.0
150085,2022,0.0,1.0
150110,2022,0.0,1.0
150120,2022,0.0,1.0
150125,2022,0.0,1.0
150130,2022,20.0,32.0
150140,2022,806.0,1018.0
150145,2022,0.0,2.0
150150,2022,0.0,1.0
150170,2022,30.0,51.0
150172,2022,0.0,8.0
150175,2022,0.0,1.0
150178,2022,0.0,1.0
150180,2022,17.0,20.0
150210,2022,0.0,3.0
150215,2022,0.0,4.0
150220,2022,29.0,31.0
150230,2022,0.0,1.0
150240,2022,74.0,93.0
150270,2022,12.0,26.0
150275,2022,0.0,1.0
150280,2022,0.0,1.0
150290,2022,0.0,13.0
150293,2022,10.0,15.0
150304,2022,0.0,4.0
150310,2022,0.0,1.0
150320,2022,0.0,2.0
150330,2022,6.0,6.0
150340,2022,0.0,1.0
150345,2022,0.0,2.0
150360,2022,60.0,86.0
150375,2022,4.0,8.0
150380,2022,0.0,2.0
150400,2022,0.0,1.0
150405,2022,0.0,1.0
150420,2022,53.0,71.0
150430,2022,0.0,3.0
150440,2022,0.0,1.0
150442,2022,7.0,20.0
150445,2022,0.0,3.0
150450,2022,0.0,1.0
150460,2022,0.0,1.0
150470,2022,0.0,2.0
150480,2022,0.0,5.0
150490,2022,0.0,4.0
150497,2022,0.0,1.0
150503,2022,0.0,1.0
150506,2022,0.0,2.0
150510,2022,0.0,1.0
150520,2022,0.0,1.0
150530,2022,0.0,11.0
150543,2022,0.0,1.0
150548,2022,0.0,1.0
150549,2022,0.0,1.0
150550,2022,20.0,35.0
150553,2022,23.0,47.0
150565,2022,0.0,2.0
150580,2022,0.0,1.0
150590,2022,0.0,1.0
150610,2022,0.0,1.0
150613,2022,49.0,64.0
150616,2022,0.0,4.0
150618,2022,0.0,7.0
150619,2022,0.0,17.0
150620,2022,0.0,2.0
150630,2022,0.0,1.0
150658,2022,0.0,8.0
150670,2022,0.0,2.0
150680,2022,63.0,81.0
150700,2022,0.0,1.0
150720,2022,0.0,1.0
150730,2022,0.0,2.0
150747,2022,0.0,1.0
150750,2022,0.0,1.0
150780,2022,0.0,1.0
150790,2022,0.0,1.0
150795,2022,0.0,11.0
150800,2022,0.0,8.0
150803,2022,0.0,1.0
150805,2022,0.0,5.0
150810,2022,43.0,63.0
150812,2022,10.0,12.0
150815,2022,0.0,1.0
150820,2022,0.0,9.0
150830,2022,0.0,2.0
150835,2022,0.0,1.0
150840,2022,0.0,10.0
160020,2022,0.0,5.0
160027,2022,0.0,8.0
160030,2022,124.0,196.0
160060,2022,14.0,22.0
170070,2022,0.0,2.0
170200,2022,0.0,3.0
170210,2022,111.0,150.0
170230,2022,0.0,2.0
170240,2022,0.0,2.0
170255,2022,10.0,17.0
170550,2022,0.0,4.0
170610,2022,0.0,1.0
170820,2022,0.0,2.0
170930,2022,0.0,3.0
170950,2022,29.0,55.0
171050,2022,0.0,1.0
171420,2022,0.0,2.0
171610,2022,25.0,32.0
171620,2022,0.0,1.0
171650,2022,0.0,1.0
171660,2022,0.0,2.0
171820,2022,10.0,16.0
172090,2022,0.0,3.0
172100,2022,226.0,284.0
172120,2022,0.0,2.0
210005,2022,10.0,13.0
210043,2022,0.0,16.0
210047,2022,0.0,11.0
210080,2022,0.0,10.0
210083,2022,0.0,1.0
210090,2022,0.0,2.0
210120,2022,20.0,43.0
210140,2022,14.0,21.0
210160,2022,20.0,39.0
210170,2022,12.0,20.0
210177,2022,0.0,2.0
210197,2022,0.0,1.0
210232,2022,0.0,10.0
210250,2022,0.0,2.0
210280,2022,0.0,3.0
210290,2022,0.0,1.0
210300,2022,57.0,82.0
210320,2022,10.0,17.0
210330,2022,10.0,25.0
210340,2022,0.0,5.0
210350,2022,14.0,20.0
210360,2022,34.0,45.0
210375,2022,0.0,1.0
210405,2022,0.0,3.0
210407,2022,0.0,3.0
210410,2022,0.0,1.0
210420,2022,0.0,2.0
210467,2022,0.0,2.0
210480,2022,20.0,29.0
210530,2022,194.0,233.0
210540,2022,0.0,4.0
210550,2022,0.0,2.0
210565,2022,0.0,1.0
210570,2022,10.0,10.0
210610,2022,0.0,2.0
210620,2022,0.0,3.0
210630,2022,0.0,1.0
210690,2022,0.0,8.0
210700,2022,0.0,2.0
210710,2022,0.0,1.0
210725,2022,0.0,1.0
210730,2022,0.0,1.0
210735,2022,0.0,4.0
210760,2022,0.0,1.0
210805,2022,0.0,1.0
210820,2022,10.0,10.0
210830,2022,0.0,3.0
210840,2022,0.0,3.0
210845,2022,0.0,2.0
210850,2022,0.0,1.0
210860,2022,30.0,45.0
210880,2022,0.0,1.0
210890,2022,0.0,10.0
210900,2022,10.0,12.0
210910,2022,20.0,21.0
210927,2022,0.0,1.0
210940,2022,0.0,1.0
210950,2022,0.0,3.0
210970,2022,0.0,2.0
210980,2022,0.0,4.0
210990,2022,16.0,35.0
211000,2022,0.0,10.0
211003,2022,10.0,10.0
211010,2022,0.0,2.0
211023,2022,0.0,1.0
211050,2022,0.0,1.0
211060,2022,0.0,1.0
211105,2022,0.0,1.0
211120,2022,0.0,1.0
211130,2022,731.0,893.0
211150,2022,0.0,4.0
211170,2022,0.0,4.0
211180,2022,0.0,2.0
211210,2022,0.0,8.0
211220,2022,14.0,26.0
211230,2022,0.0,1.0
211270,2022,0.0,6.0
211280,2022,5.0,7.0
211285,2022,0.0,2.0
211400,2022,0.0,2.0
220020,2022,0.0,2.0
220030,2022,0.0,1.0
220040,2022,0.0,1.0
220120,2022,0.0,11.0
220190,2022,9.0,9.0
220270,2022,0.0,1.0
220390,2022,30.0,30.0
220430,2022,0.0,1.0
220620,2022,0.0,2.0
220700,2022,10.0,12.0
220770,2022,40.0,66.0
220780,2022,0.0,3.0
220790,2022,0.0,1.0
220800,2022,80.0,103.0
220840,2022,10.0,30.0
221000,2022,0.0,1.0
221050,2022,0.0,1.0
221060,2022,10.0,16.0
221100,2022,365.0,458.0
221110,2022,0.0,1.0
230020,2022,0.0,2.0
230040,2022,0.0,1.0
230070,2022,0.0,6.0
230110,2022,0.0,18.0
230120,2022,10.0,10.0
230130,2022,0.0,2.0
230150,2022,0.0,1.0
230160,2022,0.0,4.0
230190,2022,95.0,111.0
230210,2022,0.0,3.0
230250,2022,18.0,27.0
230280,2022,10.0,10.0
230320,2022,0.0,6.0
230330,2022,0.0,10.0
230360,2022,0.0,1.0
230370,2022,10.0,32.0
230390,2022,0.0,2.0
230410,2022,22.0,44.0
230420,2022,60.0,75.0
230428,2022,10.0,19.0
230430,2022,0.0,5.0
230440,2022,1041.0,1416.0
230530,2022,0.0,1.0
230540,2022,10.0,10.0
230550,2022,36.0,37.0
230560,2022,0.0,9.0
230580,2022,0.0,2.0
230600,2022,0.0,4.0
230625,2022,0.0,10.0
230640,2022,30.0,40.0
230655,2022,0.0,4.0
230680,2022,0.0,1.0
230690,2022,0.0,6.0
230710,2022,0.0,1.0
230725,2022,0.0,1.0
230730,2022,74.0,93.0
230750,2022,0.0,2.0
230760,2022,20.0,20.0
230765,2022,20.0,39.0
230780,2022,0.0,1.0
230840,2022,0.0,4.0
230850,2022,0.0,7.0
230940,2022,0.0,10.0
230945,2022,0.0,5.0
231020,2022,0.0,1.0
231030,2022,0.0,2.0
231050,2022,14.0,22.0
231060,2022,0.0,3.0
231085,2022,0.0,12.0
231110,2022,0.0,4.0
231126,2022,0.0,6.0
231130,2022,20.0,38.0
231135,2022,0.0,1.0
231140,2022,30.0,51.0
231180,2022,0.0,11.0
231190,2022,0.0,1.0
231220,2022,0.0,2.0
231240,2022,10.0,16.0
231290,2022,188.0,254.0
231310,2022,0.0,1.0
231330,2022,10.0,15.0
231340,2022,20.0,37.0
231350,2022,0.0,2.0
231380,2022,0.0,2.0
231400,2022,0.0,5.0
231410,2022,0.0,2.0
240020,2022,10.0,12.0
240090,2022,0.0,1.0
240200,2022,10.0,18.0
240250,2022,0.0,4.0
240260,2022,0.0,2.0
240310,2022,20.0,20.0
240325,2022,30.0,38.0
240400,2022,0.0,1.0
240470,2022,0.0,6.0
240520,2022,0.0,1.0
240610,2022,0.0,1.0
240650,2022,0.0,2.0
240690,2022,0.0,1.0
240710,2022,10.0,17.0
240720,2022,10.0,11.0
240800,2022,173.0,226.0
240810,2022,572.0,659.0
240940,2022,10.0,11.0
240990,2022,0.0,4.0
241070,2022,0.0,2.0
241120,2022,10.0,22.0
241140,2022,0.0,1.0
241150,2022,0.0,1.0
241200,2022,10.0,10.0
241220,2022,10.0,10.0
241260,2022,0.0,3.0
241280,2022,0.0,1.0
241335,2022,0.0,1.0
241440,2022,0.0,2.0
250040,2022,0.0,1.0
250240,2022,0.0,1.0
250320,2022,0.0,15.0
250370,2022,17.0,25.0
250400,2022,314.0,375.0
250440,2022,0.0,1.0
250480,2022,0.0,1.0
250570,2022,0.0,1.0
250600,2022,0.0,2.0
250630,2022,6.0,9.0
250690,2022,0.0,1.0
250750,2022,576.0,722.0
250840,2022,0.0,2.0
250890,2022,10.0,17.0
250920,2022,2.0,3.0
250970,2022,0.0,32.0
251080,2022,86.0,108.0
251120,2022,0.0,5.0
251130,2022,20.0,20.0
251210,2022,6.0,6.0
251230,2022,0.0,1.0
251250,2022,0.0,7.0
251370,2022,80.0,91.0
251430,2022,0.0,1.0
251620,2022,14.0,24.0
251630,2022,0.0,1.0
251650,2022,0.0,2.0
260005,2022,22.0,22.0
260010,2022,20.0,20.0
260040,2022,5.0,5.0
260110,2022,40.0,40.0
260120,2022,37.0,37.0
260140,2022,10.0,13.0
260160,2022,0.0,4.0
260190,2022,70.0,70.0
260260,2022,0.0,4.0
260290,2022,70.0,70.0
260300,2022,0.0,3.0
260400,2022,0.0,1.0
260410,2022,158.0,219.0
260440,2022,0.0,6.0
260450,2022,0.0,10.0
260460,2022,0.0,1.0
260480,2022,0.0,5.0
260510,2022,0.0,3.0
260570,2022,0.0,4.0
260600,2022,56.0,64.0
260620,2022,18.0,18.0
260630,2022,0.0,4.0
260640,2022,10.0,10.0
260650,2022,0.0,1.0
260700,2022,0.0,1.0
260790,2022,114.0,114.0
260845,2022,0.0,9.0
260890,2022,50.0,50.0
260900,2022,0.0,4.0
260930,2022,0.0,8.0
260940,2022,20.0,20.0
260950,2022,0.0,1.0
260960,2022,181.0,262.0
260980,2022,0.0,1.0
260990,2022,10.0,10.0
261000,2022,85.0,100.0
261060,2022,0.0,2.0
261070,2022,109.0,115.0
261090,2022,0.0,11.0
261100,2022,0.0,2.0
261110,2022,174.0,210.0
261130,2022,0.0,1.0
261160,2022,1659.0,1906.0
261170,2022,0.0,1.0
261210,2022,0.0,5.0
261220,2022,29.0,35.0
261245,2022,0.0,9.0
261247,2022,0.0,1.0
261260,2022,0.0,14.0
261360,2022,7.0,7.0
261370,2022,25.0,25.0
261380,2022,0.0,2.0
261390,2022,57.0,60.0
261620,2022,0.0,2.0
261640,2022,30.0,40.0
270030,2022,119.0,159.0
270130,2022,0.0,1.0
270230,2022,47.0,48.0
270240,2022,10.0,11.0
270400,2022,0.0,1.0
270430,2022,376.0,535.0
270440,2022,0.0,1.0
270630,2022,18.0,21.0
270670,2022,0.0,11.0
270730,2022,10.0,20.0
270770,2022,0.0,8.0
270800,2022,24.0,44.0
270840,2022,0.0,2.0
270850,2022,0.0,2.0
270860,2022,31.0,41.0
270930,2022,20.0,20.0
280030,2022,421.0,542.0
280130,2022,0.0,3.0
280210,2022,10.0,12.0
280290,2022,10.0,27.0
280300,2022,0.0,1.0
280340,2022,0.0,1.0
280350,2022,20.0,30.0
280450,2022,0.0,2.0
280480,2022,0.0,2.0
280540,2022,0.0,1.0
280570,2022,0.0,4.0
280590,2022,0.0,1.0
280670,2022,0.0,1.0
290010,2022,0.0,1.0
290020,2022,0.0,2.0
290070,2022,28.0,35.0
290100,2022,0.0,1.0
290160,2022,0.0,2.0
290270,2022,10.0,12.0
290290,2022,0.0,1.0
290300,2022,0.0,4.0
290320,2022,58.0,103.0
290327,2022,0.0,1.0
290340,2022,0.0,1.0
290390,2022,20.0,25.0
290450,2022,0.0,1.0
290460,2022,30.0,30.0
290490,2022,10.0,11.0
290510,2022,0.0,2.0
290520,2022,20.0,24.0
290550,2022,0.0,1.0
290570,2022,38.0,81.0
290590,2022,0.0,1.0
290600,2022,10.0,28.0
290650,2022,20.0,20.0
290680,2022,0.0,6.0
290690,2022,0.0,4.0
290740,2022,0.0,2.0
290750,2022,8.0,11.0
290770,2022,0.0,3.0
290810,2022,0.0,1.0
290840,2022,0.0,3.0
290850,2022,0.0,6.0
290870,2022,0.0,1.0
290910,2022,0.0,7.0
290930,2022,0.0,1.0
290940,2022,0.0,2.0
290970,2022,0.0,1.0
290980,2022,0.0,5.0
291040,2022,0.0,1.0
291070,2022,0.0,1.0
291072,2022,39.0,56.0
291080,2022,279.0,372.0
291110,2022,0.0,2.0
291120,2022,0.0,1.0
291130,2022,0.0,7.0
291170,2022,30.0,53.0
291190,2022,0.0,11.0
291210,2022,0.0,3.0
291310,2022,0.0,1.0
291340,2022,0.0,1.0
291360,2022,90.0,116.0
291390,2022,0.0,9.0
291400,2022,0.0,4.0
291440,2022,0.0,2.0
291460,2022,26.0,26.0
291465,2022,0.0,3.0
291470,2022,40.0,42.0
291480,2022,84.0,115.0
291490,2022,0.0,1.0
291530,2022,0.0,1.0
291560,2022,0.0,2.0
291600,2022,0.0,2.0
291640,2022,9.0,12.0
291670,2022,0.0,1.0
291685,2022,0.0,2.0
291720,2022,0.0,4.0
291735,2022,0.0,1.0
291750,2022,20.0,38.0
291760,2022,0.0,4.0
291800,2022,70.0,87.0
291840,2022,53.0,83.0
291845,2022,0.0,1.0
291860,2022,0.0,2.0
291880,2022,0.0,1.0
291915,2022,0.0,1.0
291920,2022,120.0,121.0
291955,2022,12.0,18.0
291980,2022,0.0,3.0
291990,2022,0.0,1.0
291992,2022,0.0,3.0
292010,2022,0.0,1.0
292020,2022,0.0,1.0
292050,2022,0.0,3.0
292100,2022,0.0,1.0
292110,2022,0.0,7.0
292120,2022,0.0,1.0
292130,2022,0.0,2.0
292170,2022,0.0,2.0
292200,2022,0.0,2.0
292210,2022,0.0,2.0
292270,2022,0.0,5.0
292300,2022,0.0,3.0
292310,2022,0.0,2.0
292360,2022,0.0,1.0
292370,2022,0.0,1.0
292400,2022,10.0,19.0
292450,2022,0.0,1.0
292510,2022,0.0,4.0
292520,2022,0.0,2.0
292530,2022,20.0,34.0
292550,2022,0.0,8.0
292590,2022,0.0,1.0
292595,2022,0.0,7.0
292600,2022,10.0,12.0
292630,2022,0.0,6.0
292640,2022,0.0,1.0
292660,2022,14.0,20.0
292690,2022,0.0,1.0
292740,2022,1528.0,1851.0
292770,2022,0.0,3.0
292790,2022,0.0,2.0
292800,2022,0.0,1.0
292810,2022,0.0,3.0
292820,2022,0.0,1.0
292860,2022,0.0,6.0
292870,2022,42.0,59.0
292880,2022,0.0,4.0
292890,2022,0.0,1.0
292900,2022,14.0,15.0
292920,2022,0.0,1.0
292930,2022,0.0,2.0
292960,2022,0.0,1.0
292990,2022,10.0,29.0
293010,2022,10.0,13.0
293015,2022,0.0,4.0
293030,2022,0.0,6.0
293050,2022,10.0,18.0
293070,2022,10.0,20.0
293075,2022,0.0,2.0
293077,2022,0.0,2.0
293100,2022,0.0,1.0
293130,2022,0.0,1.0
293135,2022,56.0,76.0
293150,2022,0.0,1.0
293230,2022,0.0,2.0
293260,2022,0.0,2.0
293280,2022,0.0,3.0
293290,2022,10.0,10.0
293300,2022,0.0,4.0
293325,2022,0.0,1.0
293330,2022,185.0,232.0
293345,2022,0.0,2.0
293360,2022,0.0,2.0
310030,2022,0.0,3.0
310120,2022,10.0,10.0
310150,2022,10.0,12.0
310160,2022,72.0,95.0
310170,2022,10.0,14.0
310210,2022,0.0,2.0
310270,2022,0.0,1.0
310280,2022,0.0,2.0
310340,2022,9.0,20.0
310350,2022,49.0,59.0
310400,2022,43.0,44.0
310430,2022,0.0,1.0
310490,2022,10.0,10.0
310540,2022,0.0,1.0
310560,2022,70.0,85.0
310590,2022,0.0,6.0
310620,2022,1649.0,1906.0
310670,2022,119.0,151.0
310710,2022,9.0,9.0
310740,2022,10.0,10.0
310750,2022,0.0,1.0
310840,2022,0.0,2.0
310860,2022,10.0,12.0
310900,2022,0.0,2.0
310990,2022,0.0,1.0
311000,2022,0.0,5.0
311070,2022,0.0,2.0
311120,2022,22.0,22.0
311150,2022,0.0,1.0
311230,2022,9.0,9.0
311300,2022,0.0,1.0
311320,2022,0.0,1.0
311330,2022,40.0,41.0
311340,2022,50.0,61.0
311530,2022,10.0,18.0
311550,2022,0.0,2.0
311580,2022,0.0,1.0
311800,2022,10.0,11.0
311830,2022,20.0,22.0
311860,2022,102.0,144.0
311940,2022,29.0,32.0
312090,2022,30.0,30.0
312120,2022,0.0,1.0
312160,2022,58.0,63.0
312230,2022,96.0,96.0
312260,2022,0.0,1.0
312270,2022,0.0,1.0
312390,2022,0.0,3.0
312410,2022,0.0,1.0
312510,2022,10.0,11.0
312560,2022,0.0,1.0
312610,2022,37.0,37.0
312770,2022,116.0,145.0
312800,2022,10.0,12.0
312860,2022,0.0,1.0
312870,2022,10.0,10.0
312940,2022,0.0,1.0
312980,2022,10.0,18.0
313010,2022,0.0,1.0
313130,2022,98.0,121.0
313170,2022,39.0,44.0
313190,2022,0.0,2.0
313210,2022,0.0,2.0
313240,2022,50.0,50.0
313250,2022,0.0,3.0
313270,2022,0.0,2.0
313330,2022,0.0,2.0
313350,2022,0.0,4.0
313380,2022,20.0,20.0
313420,2022,48.0,49.0
313440,2022,0.0,2.0
313510,2022,40.0,46.0
313520,2022,0.0,6.0
313540,2022,0.0,1.0
313580,2022,0.0,18.0
313620,2022,10.0,12.0
313630,2022,9.0,11.0
313665,2022,0.0,1.0
313670,2022,408.0,418.0
313700,2022,0.0,3.0
313710,2022,0.0,1.0
313720,2022,12.0,12.0
313760,2022,10.0,10.0
313770,2022,0.0,1.0
313790,2022,0.0,1.0
313800,2022,0.0,1.0
313820,2022,55.0,57.0
313840,2022,10.0,12.0
313900,2022,10.0,10.0
313920,2022,0.0,10.0
313940,2022,31.0,37.0
313950,2022,11.0,12.0
313960,2022,0.0,1.0
313980,2022,0.0,1.0
314000,2022,0.0,4.0
314090,2022,0.0,1.0
314180,2022,0.0,3.0
314220,2022,0.0,2.0
314260,2022,0.0,1.0
314270,2022,0.0,1.0
314310,2022,10.0,11.0
314330,2022,191.0,191.0
314390,2022,90.0,99.0
314400,2022,0.0,1.0
314470,2022,0.0,2.0
314480,2022,117.0,127.0
314500,2022,0.0,1.0
314520,2022,10.0,10.0
314560,2022,20.0,20.0
314590,2022,10.0,10.0
314610,2022,20.0,24.0
314630,2022,0.0,2.0
314700,2022,20.0,34.0
314710,2022,20.0,20.0
314750,2022,0.0,4.0
314790,2022,71.0,71.0
314800,2022,93.0,96.0
314810,2022,31.0,38.0
314860,2022,10.0,10.0
314870,2022,0.0,1.0
315030,2022,0.0,2.0
315080,2022,0.0,2.0
315110,2022,0.0,2.0
315120,2022,18.0,22.0
315150,2022,10.0,10.0
315170,2022,10.0,10.0
315180,2022,99.0,109.0
315190,2022,0.0,2.0
315200,2022,0.0,1.0
315210,2022,50.0,54.0
315250,2022,81.0,82.0
315280,2022,0.0,1.0
315420,2022,0.0,1.0
315460,2022,10.0,25.0
315520,2022,0.0,2.0
315550,2022,0.0,1.0
315580,2022,10.0,10.0
315660,2022,0.0,2.0
315680,2022,0.0,1.0
315700,2022,9.0,9.0
315710,2022,0.0,1.0
315770,2022,0.0,4.0
315780,2022,10.0,12.0
315790,2022,0.0,1.0
315930,2022,0.0,1.0
315960,2022,10.0,10.0
315990,2022,9.0,9.0
316040,2022,10.0,10.0
316070,2022,10.0,10.0
316100,2022,0.0,1.0
316200,2022,0.0,1.0
316220,2022,0.0,4.0
316250,2022,40.0,44.0
316270,2022,0.0,1.0
316370,2022,30.0,35.0
316470,2022,36.0,36.0
316530,2022,0.0,1.0
316720,2022,59.0,61.0
316800,2022,27.0,29.0
316860,2022,57.0,58.0
316870,2022,18.0,19.0
316920,2022,0.0,1.0
316930,2022,28.0,34.0
316935,2022,0.0,1.0
316940,2022,10.0,10.0
316960,2022,0.0,6.0
316970,2022,0.0,3.0
316990,2022,36.0,42.0
317010,2022,146.0,160.0
317020,2022,342.0,390.0
317040,2022,19.0,23.0
317070,2022,70.0,74.0
317120,2022,10.0,11.0
317130,2022,42.0,44.0
317170,2022,0.0,1.0
317200,2022,10.0,10.0
320020,2022,0.0,1.0
320040,2022,0.0,1.0
320060,2022,20.0,20.0
320070,2022,0.0,2.0
320080,2022,0.0,7.0
320090,2022,10.0,13.0
320120,2022,193.0,247.0
320130,2022,60.0,62.0
320150,2022,135.0,144.0
320160,2022,0.0,1.0
320170,2022,0.0,1.0
320230,2022,20.0,27.0
320240,2022,10.0,10.0
320245,2022,0.0,3.0
320260,2022,0.0,2.0
320270,2022,0.0,6.0
320280,2022,30.0,30.0
320290,2022,0.0,1.0
320310,2022,0.0,2.0
320316,2022,0.0,3.0
320320,2022,86.0,112.0
320340,2022,0.0,2.0
320370,2022,0.0,1.0
320390,2022,0.0,1.0
320435,2022,0.0,2.0
320460,2022,10.0,12.0
320470,2022,0.0,1.0
320480,2022,20.0,21.0
320490,2022,77.0,81.0
320500,2022,283.0,316.0
320506,2022,20.0,21.0
320520,2022,287.0,337.0
320530,2022,377.0,435.0
330010,2022,76.0,102.0
330020,2022,24.0,42.0
330023,2022,10.0,23.0
330025,2022,8.0,9.0
330030,2022,14.0,16.0
330040,2022,74.0,84.0
330045,2022,13.0,29.0
330050,2022,0.0,2.0
330060,2022,87.0,89.0
330070,2022,42.0,78.0
330080,2022,0.0,11.0
330090,2022,4.0,6.0
330100,2022,397.0,470.0
330110,2022,25.0,25.0
330120,2022,0.0,4.0
330130,2022,0.0,2.0
330150,2022,10.0,10.0
330170,2022,392.0,467.0
330185,2022,10.0,11.0
330190,2022,58.0,77.0
330200,2022,30.0,35.0
330210,2022,4.0,17.0
330220,2022,110.0,111.0
330240,2022,149.0,177.0
330250,2022,0.0,7.0
330270,2022,20.0,28.0
330280,2022,0.0,4.0
330285,2022,10.0,25.0
330290,2022,10.0,13.0
330300,2022,14.0,15.0
330310,2022,0.0,4.0
330320,2022,90.0,94.0
330330,2022,634.0,757.0
330340,2022,51.0,76.0
330350,2022,470.0,511.0
330360,2022,0.0,2.0
330370,2022,10.0,12.0
330380,2022,0.0,1.0
330390,2022,205.0,233.0
330395,2022,0.0,1.0
330400,2022,10.0,11.0
330411,2022,6.0,7.0
330412,2022,0.0,1.0
330415,2022,6.0,17.0
330420,2022,99.0,138.0
330430,2022,15.0,15.0
330440,2022,0.0,1.0
330452,2022,16.0,16.0
330455,2022,4187.0,5166.0
330470,2022,8.0,10.0
330480,2022,17.0,55.0
330490,2022,267.0,311.0
330510,2022,92.0,132.0
330515,2022,0.0,1.0
330520,2022,0.0,9.0
330530,2022,0.0,4.0
330550,2022,28.0,41.0
330580,2022,50.0,56.0
330590,2022,0.0,3.0
330600,2022,26.0,26.0
330610,2022,40.0,43.0
330615,2022,0.0,2.0
330620,2022,77.0,95.0
330630,2022,317.0,355.0
350010,2022,10.0,10.0
350160,2022,78.0,97.0
350170,2022,10.0,10.0
350190,2022,11.0,12.0
350210,2022,10.0,12.0
350250,2022,9.0,9.0
350280,2022,73.0,107.0
350320,2022,82.0,94.0
350330,2022,43.0,47.0
350380,2022,0.0,4.0
350400,2022,49.0,60.0
350410,2022,27.0,27.0
350450,2022,20.0,27.0
350520,2022,0.0,7.0
350530,2022,0.0,7.0
350550,2022,96.0,114.0
350570,2022,59.0,98.0
350590,2022,8.0,8.0
350600,2022,204.0,237.0
350610,2022,6.0,6.0
350650,2022,15.0,16.0
350710,2022,0.0,2.0
350750,2022,91.0,115.0
350760,2022,74.0,94.0
350790,2022,0.0,1.0
350810,2022,0.0,2.0
350850,2022,10.0,18.0
350900,2022,24.0,36.0
350920,2022,10.0,12.0
350950,2022,643.0,751.0
350960,2022,10.0,12.0
351020,2022,10.0,18.0
351040,2022,17.0,17.0
351050,2022,70.0,72.0
351060,2022,45.0,62.0
351080,2022,20.0,20.0
351110,2022,66.0,75.0
351130,2022,0.0,60.0
351140,2022,0.0,2.0
351150,2022,0.0,2.0
351200,2022,10.0,10.0
351280,2022,10.0,20.0
351300,2022,92.0,119.0
351340,2022,20.0,20.0
351350,2022,18.0,19.0
351380,2022,91.0,138.0
351430,2022,0.0,3.0
351440,2022,20.0,20.0
351500,2022,10.0,100.0
351518,2022,10.0,10.0
351550,2022,10.0,10.0
351570,2022,43.0,77.0
351620,2022,82.0,108.0
351630,2022,49.0,67.0
351640,2022,55.0,69.0
351670,2022,10.0,11.0
351740,2022,10.0,10.0
351840,2022,82.0,86.0
351870,2022,93.0,109.0
351880,2022,310.0,377.0
351907,2022,16.0,23.0
351960,2022,10.0,10.0
352010,2022,0.0,1.0
352040,2022,6.0,8.0
352044,2022,10.0,13.0
352050,2022,70.0,74.0
352180,2022,0.0,2.0
352210,2022,27.0,37.0
352220,2022,36.0,60.0
352230,2022,24.0,30.0
352240,2022,32.0,35.0
352250,2022,88.0,105.0
352260,2022,20.0,25.0
352270,2022,9.0,21.0
352280,2022,0.0,1.0
352310,2022,30.0,31.0
352320,2022,0.0,2.0
352340,2022,27.0,28.0
352360,2022,0.0,3.0
352390,2022,92.0,92.0
352400,2022,0.0,2.0
352410,2022,10.0,12.0
352430,2022,10.0,11.0
352440,2022,86.0,99.0
352470,2022,15.0,18.0
352480,2022,25.0,27.0
352520,2022,0.0,1.0
352530,2022,91.0,92.0
352590,2022,201.0,234.0
352640,2022,0.0,2.0
352670,2022,10.0,10.0
352680,2022,10.0,10.0
352690,2022,101.0,116.0
352710,2022,30.0,32.0
352720,2022,33.0,33.0
352730,2022,8.0,8.0
352850,2022,0.0,1.0
352900,2022,151.0,170.0
352930,2022,33.0,41.0
352940,2022,99.0,112.0
353010,2022,10.0,12.0
353050,2022,20.0,20.0
353060,2022,200.0,236.0
353070,2022,44.0,54.0
353080,2022,32.0,37.0
353130,2022,26.0,28.0
353190,2022,10.0,13.0
353200,2022,0.0,4.0
353350,2022,10.0,10.0
353390,2022,7.0,7.0
353440,2022,180.0,213.0
353470,2022,48.0,55.0
353550,2022,26.0,26.0
353580,2022,0.0,6.0
353620,2022,26.0,37.0
353650,2022,14.0,31.0
353670,2022,10.0,10.0
353710,2022,10.0,10.0
353730,2022,18.0,18.0
353740,2022,0.0,4.0
353760,2022,0.0,3.0
353800,2022,51.0,64.0
353870,2022,146.0,168.0
353930,2022,10.0,10.0
354020,2022,0.0,15.0
354060,2022,10.0,10.0
354070,2022,6.0,6.0
354100,2022,70.0,76.0
354140,2022,129.0,194.0
354150,2022,10.0,10.0
354160,2022,10.0,10.0
354220,2022,10.0,12.0
354240,2022,0.0,2.0
354260,2022,50.0,50.0
354300,2022,0.0,2.0
354330,2022,11.0,12.0
354340,2022,355.0,427.0
354390,2022,49.0,65.0
354425,2022,0.0,2.0
354500,2022,0.0,2.0
354520,2022,10.0,10.0
354580,2022,24.0,27.0
354640,2022,16.0,23.0
354660,2022,10.0,10.0
354680,2022,7.0,8.0
354730,2022,0.0,6.0
354780,2022,426.0,480.0
354850,2022,346.0,378.0
354870,2022,339.0,421.0
354880,2022,212.0,226.0
354890,2022,83.0,94.0
354910,2022,28.0,28.0
354940,2022,10.0,10.0
354970,2022,9.0,9.0
354980,2022,375.0,444.0
354990,2022,345.0,383.0
355010,2022,10.0,12.0
355030,2022,5996.0,7566.0
355040,2022,10.0,10.0
355060,2022,35.0,35.0
355070,2022,8.0,12.0
355100,2022,27.0,37.0
355150,2022,10.0,14.0
355170,2022,23.0,31.0
355210,2022,7.0,7.0
355220,2022,382.0,438.0
355240,2022,36.0,49.0
355250,2022,69.0,95.0
355280,2022,43.0,73.0
355300,2022,0.0,1.0
355360,2022,0.0,9.0
355370,2022,13.0,22.0
355380,2022,0.0,3.0
355400,2022,19.0,48.0
355410,2022,79.0,79.0
355450,2022,0.0,1.0
355500,2022,32.0,32.0
355540,2022,0.0,15.0
355620,2022,52.0,54.0
355650,2022,0.0,1.0
355670,2022,18.0,18.0
355700,2022,16.0,20.0
355710,2022,34.0,40.0
410090,2022,0.0,1.0
410100,2022,0.0,1.0
410120,2022,0.0,1.0
410140,2022,42.0,49.0
410150,2022,79.0,79.0
410170,2022,0.0,3.0
410180,2022,18.0,21.0
410200,2022,10.0,11.0
410210,2022,0.0,1.0
410240,2022,12.0,12.0
410305,2022,0.0,1.0
410330,2022,0.0,1.0
410360,2022,0.0,1.0
410370,2022,16.0,20.0
410400,2022,87.0,89.0
410420,2022,542.0,550.0
410430,2022,53.0,56.0
410450,2022,0.0,1.0
410460,2022,0.0,1.0
410480,2022,185.0,207.0
410490,2022,10.0,10.0
410540,2022,10.0,10.0
410550,2022,18.0,19.0
410560,2022,0.0,1.0
410570,2022,0.0,2.0
410590,2022,20.0,20.0
410630,2022,0.0,1.0
410640,2022,35.0,36.0
410650,2022,0.0,2.0
410680,2022,0.0,2.0
410690,2022,855.0,1032.0
410720,2022,0.0,1.0
410765,2022,0.0,2.0
410790,2022,0.0,1.0
410800,2022,0.0,5.0
410830,2022,89.0,107.0
410840,2022,55.0,64.0
410860,2022,10.0,12.0
410940,2022,65.0,85.0
410975,2022,0.0,1.0
411050,2022,0.0,2.0
411070,2022,22.0,22.0
411125,2022,0.0,3.0
411140,2022,0.0,1.0
411150,2022,50.0,54.0
411180,2022,10.0,11.0
411190,2022,0.0,1.0
411210,2022,0.0,2.0
411240,2022,0.0,1.0
411320,2022,0.0,2.0
411330,2022,10.0,12.0
411350,2022,0.0,4.0
411370,2022,328.0,408.0
411375,2022,0.0,1.0
411430,2022,0.0,4.0
411440,2022,0.0,2.0
411450,2022,0.0,1.0
411460,2022,0.0,6.0
411520,2022,271.0,286.0
411580,2022,8.0,12.0
411690,2022,0.0,5.0
411695,2022,0.0,1.0
411710,2022,0.0,1.0
411720,2022,0.0,1.0
411722,2022,0.0,1.0
411727,2022,0.0,1.0
411750,2022,0.0,3.0
411760,2022,10.0,10.0
411770,2022,0.0,6.0
411790,2022,10.0,12.0
411820,2022,56.0,60.0
411830,2022,0.0,1.0
411840,2022,32.0,37.0
411850,2022,46.0,47.0
411910,2022,0.0,2.0
411915,2022,0.0,1.0
411930,2022,0.0,4.0
411950,2022,0.0,3.0
411960,2022,0.0,1.0
411980,2022,0.0,1.0
411990,2022,145.0,173.0
412035,2022,0.0,2.0
412060,2022,10.0,20.0
412090,2022,0.0,5.0
412100,2022,0.0,1.0
412120,2022,0.0,1.0
412200,2022,0.0,1.0
412240,2022,0.0,1.0
412260,2022,0.0,3.0
412410,2022,20.0,23.0
412440,2022,0.0,1.0
412500,2022,0.0,4.0
412550,2022,29.0,39.0
412570,2022,28.0,33.0
412580,2022,0.0,1.0
412625,2022,56.0,56.0
412670,2022,0.0,1.0
412690,2022,0.0,1.0
412710,2022,22.0,22.0
412720,2022,0.0,4.0
412730,2022,0.0,1.0
412770,2022,49.0,50.0
412780,2022,0.0,1.0
412810,2022,89.0,105.0
412820,2022,33.0,38.0
412850,2022,0.0,1.0
412860,2022,0.0,1.0
420070,2022,0.0,1.0
420110,2022,0.0,2.0
420127,2022,0.0,1.0
420140,2022,20.0,20.0
420200,2022,43.0,54.0
420230,2022,20.0,20.0
420240,2022,110.0,126.0
420290,2022,48.0,48.0
420300,2022,20.0,22.0
420310,2022,0.0,2.0
420350,2022,0.0,1.0
420360,2022,10.0,12.0
420380,2022,10.0,11.0
420410,2022,0.0,1.0
420420,2022,58.0,61.0
420430,2022,23.0,33.0
420460,2022,92.0,104.0
420470,2022,0.0,1.0
420480,2022,23.0,39.0
420490,2022,0.0,1.0
420500,2022,0.0,2.0
420540,2022,296.0,358.0
420580,2022,0.0,1.0
420590,2022,10.0,10.0
420660,2022,0.0,1.0
420690,2022,10.0,13.0
420700,2022,20.0,20.0
420720,2022,0.0,1.0
420730,2022,10.0,12.0
420750,2022,12.0,20.0
420760,2022,0.0,2.0
420765,2022,0.0,1.0
420770,2022,0.0,1.0
420780,2022,0.0,1.0
420790,2022,0.0,3.0
420800,2022,0.0,1.0
420820,2022,62.0,74.0
420840,2022,0.0,5.0
420850,2022,10.0,10.0
420880,2022,0.0,2.0
420890,2022,58.0,71.0
420900,2022,20.0,20.0
420910,2022,244.0,326.0
420930,2022,80.0,95.0
420940,2022,10.0,12.0
420960,2022,0.0,1.0
420985,2022,0.0,1.0
421000,2022,0.0,2.0
421010,2022,51.0,62.0
421030,2022,0.0,1.0
421050,2022,11.0,11.0
421090,2022,0.0,1.0
421100,2022,0.0,2.0
421105,2022,0.0,1.0
421120,2022,0.0,2.0
421140,2022,0.0,1.0
421190,2022,0.0,2.0
421200,2022,0.0,1.0
421210,2022,0.0,2.0
421260,2022,0.0,1.0
421290,2022,0.0,1.0
421340,2022,0.0,2.0
421360,2022,10.0,10.0
421450,2022,0.0,2.0
421480,2022,28.0,42.0
421500,2022,10.0,10.0
421530,2022,0.0,1.0
421550,2022,0.0,2.0
421570,2022,0.0,1.0
421580,2022,10.0,10.0
421625,2022,0.0,1.0
421630,2022,0.0,2.0
421650,2022,0.0,3.0
421660,2022,90.0,105.0
421670,2022,0.0,1.0
421690,2022,0.0,2.0
421720,2022,10.0,11.0
421730,2022,0.0,1.0
421750,2022,0.0,1.0
421770,2022,10.0,11.0
421780,2022,0.0,1.0
421790,2022,0.0,1.0
421820,2022,30.0,35.0
421860,2022,0.0,1.0
421870,2022,60.0,65.0
421875,2022,0.0,1.0
421910,2022,0.0,1.0
421930,2022,18.0,20.0
421950,2022,34.0,40.0
421960,2022,0.0,1.0
421970,2022,0.0,1.0
430010,2022,0.0,1.0
430020,2022,0.0,2.0
430040,2022,18.0,23.0
430060,2022,10.0,10.0
430160,2022,46.0,46.0
430210,2022,50.0,50.0
430230,2022,0.0,1.0
430245,2022,0.0,1.0
430260,2022,0.0,1.0
430270,2022,0.0,2.0
430300,2022,30.0,30.0
430310,2022,10.0,20.0
430330,2022,0.0,1.0
430350,2022,10.0,10.0
430360,2022,0.0,1.0
430380,2022,0.0,1.0
430390,2022,10.0,10.0
430400,2022,0.0,1.0
430450,2022,10.0,10.0
430460,2022,126.0,169.0
430463,2022,10.0,10.0
430470,2022,10.0,10.0
430510,2022,204.0,219.0
430530,2022,0.0,6.0
430540,2022,0.0,1.0
430570,2022,0.0,1.0
430580,2022,0.0,2.0
430590,2022,0.0,1.0
430610,2022,30.0,30.0
430660,2022,10.0,10.0
430680,2022,10.0,10.0
430700,2022,56.0,56.0
430770,2022,15.0,20.0
430780,2022,20.0,20.0
430790,2022,20.0,20.0
430800,2022,10.0,10.0
430820,2022,0.0,1.0
430850,2022,10.0,15.0
430860,2022,9.0,11.0
430910,2022,10.0,10.0
430920,2022,20.0,20.0
430930,2022,10.0,11.0
430960,2022,0.0,2.0
431020,2022,58.0,59.0
431050,2022,0.0,2.0
431060,2022,0.0,4.0
431110,2022,0.0,1.0
431130,2022,0.0,1.0
431140,2022,37.0,46.0
431180,2022,0.0,2.0
431205,2022,0.0,1.0
431240,2022,23.0,32.0
431250,2022,0.0,1.0
431290,2022,0.0,1.0
431320,2022,0.0,6.0
431340,2022,81.0,96.0
431350,2022,10.0,14.0
431360,2022,0.0,1.0
431370,2022,10.0,12.0
431400,2022,0.0,1.0
431402,2022,0.0,1.0
431405,2022,12.0,12.0
431410,2022,144.0,159.0
431430,2022,0.0,1.0
431440,2022,129.0,162.0
431450,2022,0.0,1.0
431460,2022,0.0,3.0
431470,2022,0.0,1.0
431490,2022,985.0,1280.0
431510,2022,0.0,1.0
431515,2022,0.0,1.0
431560,2022,55.0,72.0
431570,2022,0.0,4.0
431610,2022,0.0,2.0
431620,2022,0.0,1.0
431630,2022,0.0,2.0
431640,2022,8.0,8.0
431660,2022,10.0,10.0
431680,2022,42.0,57.0
431690,2022,129.0,144.0
431710,2022,15.0,20.0
431720,2022,50.0,50.0
431730,2022,0.0,2.0
431740,2022,10.0,10.0
431750,2022,27.0,29.0
431800,2022,10.0,10.0
431830,2022,20.0,20.0
431840,2022,6.0,6.0
431870,2022,26.0,36.0
431890,2022,0.0,2.0
431915,2022,0.0,1.0
431990,2022,22.0,24.0
432000,2022,20.0,29.0
432010,2022,0.0,1.0
432020,2022,0.0,1.0
432030,2022,0.0,15.0
432050,2022,0.0,1.0
432067,2022,0.0,2.0
432070,2022,0.0,1.0
432080,2022,10.0,20.0
432090,2022,0.0,2.0
432120,2022,10.0,10.0
432130,2022,0.0,1.0
432140,2022,10.0,25.0
432145,2022,0.0,3.0
432150,2022,10.0,12.0
432160,2022,26.0,50.0
432180,2022,6.0,7.0
432190,2022,10.0,10.0
432195,2022,0.0,1.0
432230,2022,0.0,3.0
432240,2022,28.0,49.0
432250,2022,10.0,10.0
432253,2022,0.0,1.0
432260,2022,10.0,10.0
432270,2022,0.0,1.0
432290,2022,0.0,2.0
432300,2022,20.0,20.0
500060,2022,10.0,10.0
500100,2022,0.0,1.0
500110,2022,10.0,18.0
500124,2022,0.0,1.0
500210,2022,0.0,1.0
500260,2022,0.0,1.0
500270,2022,466.0,579.0
500280,2022,0.0,1.0
500295,2022,0.0,1.0
500320,2022,44.0,44.0
500325,2022,10.0,11.0
500330,2022,10.0,10.0
500348,2022,0.0,1.0
500370,2022,114.0,137.0
500375,2022,0.0,8.0
500380,2022,0.0,1.0
500440,2022,0.0,2.0
500450,2022,0.0,1.0
500460,2022,0.0,1.0
500470,2022,0.0,1.0
500525,2022,0.0,1.0
500540,2022,0.0,2.0
500560,2022,0.0,1.0
500570,2022,0.0,4.0
500600,2022,0.0,2.0
500620,2022,10.0,14.0
500630,2022,10.0,13.0
500660,2022,20.0,20.0
500690,2022,0.0,1.0
500730,2022,0.0,2.0
500740,2022,0.0,3.0
500755,2022,0.0,3.0
500790,2022,0.0,5.0
500830,2022,65.0,72.0
510020,2022,10.0,10.0
510025,2022,20.0,28.0
510060,2022,0.0,1.0
510080,2022,0.0,1.0
510130,2022,0.0,1.0
510140,2022,0.0,6.0
510160,2022,0.0,1.0
510170,2022,0.0,1.0
510180,2022,19.0,28.0
510250,2022,56.0,61.0
510263,2022,0.0,8.0
510267,2022,10.0,12.0
510268,2022,0.0,1.0
510270,2022,0.0,2.0
510310,2022,0.0,1.0
510320,2022,20.0,22.0
510335,2022,0.0,2.0
510337,2022,0.0,1.0
510340,2022,541.0,600.0
510350,2022,0.0,2.0
510390,2022,0.0,2.0
510410,2022,10.0,11.0
510420,2022,0.0,1.0
510460,2022,0.0,2.0
510500,2022,0.0,1.0
510510,2022,0.0,4.0
510515,2022,10.0,19.0
510517,2022,0.0,1.0
510525,2022,20.0,22.0
510550,2022,0.0,3.0
510558,2022,0.0,1.0
510560,2022,0.0,1.0
510562,2022,0.0,1.0
510590,2022,0.0,2.0
510622,2022,72.0,76.0
510623,2022,0.0,2.0
510625,2022,0.0,8.0
510627,2022,0.0,2.0
510628,2022,0.0,13.0
510629,2022,0.0,2.0
510637,2022,0.0,1.0
510642,2022,0.0,6.0
510650,2022,0.0,2.0
510675,2022,0.0,2.0
510680,2022,0.0,2.0
510700,2022,0.0,2.0
510704,2022,41.0,53.0
510710,2022,0.0,1.0
510718,2022,0.0,10.0
510760,2022,109.0,130.0
510770,2022,0.0,1.0
510780,2022,0.0,1.0
510785,2022,0.0,2.0
510787,2022,0.0,1.0
510790,2022,48.0,59.0
510792,2022,40.0,45.0
510794,2022,0.0,2.0
510795,2022,85.0,96.0
510800,2022,0.0,2.0
510805,2022,0.0,1.0
510810,2022,0.0,1.0
510840,2022,103.0,116.0
520025,2022,0.0,1.0
520110,2022,187.0,189.0
520130,2022,0.0,1.0
520140,2022,149.0,152.0
520150,2022,0.0,1.0
520170,2022,0.0,1.0
520320,2022,0.0,1.0
520350,2022,0.0,6.0
520355,2022,0.0,1.0
520390,2022,0.0,2.0
520450,2022,10.0,23.0
520465,2022,0.0,2.0
520490,2022,0.0,5.0
520500,2022,0.0,1.0
520505,2022,0.0,3.0
520510,2022,44.0,51.0
520540,2022,29.0,33.0
520545,2022,0.0,1.0
520549,2022,0.0,4.0
520551,2022,0.0,1.0
520620,2022,0.0,3.0
520753,2022,0.0,1.0
520800,2022,32.0,32.0
520850,2022,0.0,1.0
520860,2022,10.0,34.0
520870,2022,1206.0,1316.0
520880,2022,0.0,1.0
520890,2022,10.0,18.0
520910,2022,0.0,17.0
520929,2022,0.0,2.0
520970,2022,0.0,1.0
520995,2022,0.0,1.0
521000,2022,0.0,7.0
521020,2022,10.0,12.0
521040,2022,0.0,1.0
521090,2022,0.0,2.0
521130,2022,0.0,3.0
521150,2022,69.0,86.0
521170,2022,0.0,1.0
521180,2022,10.0,11.0
521190,2022,30.0,37.0
521220,2022,0.0,3.0
521250,2022,12.0,12.0
521308,2022,0.0,4.0
521310,2022,10.0,12.0
521375,2022,0.0,1.0
521380,2022,10.0,43.0
521400,2022,0.0,1.0
521450,2022,50.0,55.0
521460,2022,0.0,8.0
521500,2022,0.0,2.0
521560,2022,0.0,2.0
521570,2022,0.0,1.0
521630,2022,0.0,3.0
521640,2022,0.0,1.0
521710,2022,0.0,2.0
521720,2022,0.0,2.0
521740,2022,0.0,2.0
521760,2022,10.0,10.0
521770,2022,0.0,1.0
521800,2022,10.0,12.0
521850,2022,11.0,13.0
521860,2022,0.0,1.0
521880,2022,91.0,115.0
521930,2022,28.0,28.0
521975,2022,0.0,1.0
521990,2022,0.0,1.0
522010,2022,10.0,10.0
522020,2022,0.0,1.0
522040,2022,0.0,2.0
522045,2022,14.0,29.0
522060,2022,0.0,4.0
522140,2022,10.0,20.0
522160,2022,40.0,60.0
530010,2022,1778.0,2284.0
110001,2023,0.0,2.0
110002,2023,65.0,81.0
110004,2023,78.0,80.0
110005,2023,0.0,2.0
110009,2023,0.0,1.0
110010,2023,0.0,4.0
110011,2023,10.0,10.0
110012,2023,80.0,123.0
110015,2023,18.0,38.0
110018,2023,0.0,2.0
110020,2023,343.0,420.0
110028,2023,0.0,6.0
110030,2023,32.0,43.0
110032,2023,0.0,2.0
110033,2023,0.0,2.0
110037,2023,0.0,2.0
110045,2023,0.0,1.0
110050,2023,0.0,1.0
110140,2023,0.0,4.0
110149,2023,0.0,1.0
120010,2023,0.0,18.0
120020,2023,20.0,29.0
120040,2023,96.0,215.0
120045,2023,0.0,1.0
130002,2023,0.0,2.0
130006,2023,0.0,3.0
130014,2023,0.0,7.0
130020,2023,0.0,4.0
130030,2023,0.0,3.0
130040,2023,0.0,1.0
130060,2023,0.0,7.0
130063,2023,0.0,5.0
130080,2023,0.0,4.0
130083,2023,0.0,3.0
130090,2023,0.0,4.0
130100,2023,0.0,5.0
130115,2023,0.0,1.0
130120,2023,0.0,3.0
130160,2023,0.0,8.0
130165,2023,0.0,3.0
130170,2023,0.0,8.0
130195,2023,0.0,4.0
130200,2023,0.0,2.0
130230,2023,0.0,1.0
130240,2023,0.0,8.0
130250,2023,0.0,18.0
130260,2023,765.0,998.0
130270,2023,0.0,1.0
130280,2023,0.0,1.0
130300,2023,0.0,1.0
130320,2023,0.0,2.0
130330,2023,0.0,1.0
130340,2023,15.0,41.0
130350,2023,0.0,1.0
130353,2023,0.0,4.0
130370,2023,0.0,4.0
130380,2023,0.0,5.0
130400,2023,0.0,2.0
130406,2023,10.0,24.0
130410,2023,0.0,2.0
130420,2023,10.0,70.0
130426,2023,0.0,1.0
140005,2023,0.0,1.0
140010,2023,104.0,157.0
140015,2023,0.0,1.0
140030,2023,0.0,1.0
140040,2023,0.0,1.0
140045,2023,0.0,1.0
140047,2023,0.0,2.0
150010,2023,10.0,46.0
150013,2023,0.0,1.0
150040,2023,0.0,10.0
150060,2023,30.0,53.0
150070,2023,0.0,1.0
150080,2023,124.0,143.0
150085,2023,0.0,1.0
150110,2023,0.0,1.0
150120,2023,0.0,1.0
150125,2023,0.0,1.0
150130,2023,20.0,33.0
150140,2023,772.0,980.0
150145,2023,0.0,2.0
150150,2023,0.0,1.0
150170,2023,30.0,51.0
150172,2023,0.0,8.0
150175,2023,0.0,1.0
150178,2023,0.0,1.0
150180,2023,17.0,20.0
150210,2023,0.0,3.0
150215,2023,10.0,14.0
150220,2023,29.0,31.0
150230,2023,0.0,1.0
150240,2023,74.0,101.0
150270,2023,22.0,31.0
150275,2023,0.0,1.0
150280,2023,0.0,1.0
150290,2023,0.0,13.0
150293,2023,10.0,15.0
150304,2023,0.0,4.0
150310,2023,0.0,1.0
150320,2023,0.0,2.0
150330,2023,6.0,6.0
150340,2023,0.0,1.0
150345,2023,0.0,2.0
150360,2023,50.0,76.0
150375,2023,0.0,5.0
150380,2023,0.0,2.0
150400,2023,0.0,1.0
150405,2023,0.0,1.0
150420,2023,53.0,69.0
150430,2023,0.0,3.0
150440,2023,0.0,1.0
150442,2023,7.0,20.0
150445,2023,0.0,3.0
150450,2023,0.0,1.0
150460,2023,0.0,1.0
150470,2023,0.0,2.0
150480,2023,0.0,2.0
150490,2023,0.0,4.0
150497,2023,0.0,1.0
150503,2023,0.0,1.0
150506,2023,0.0,2.0
150510,2023,0.0,1.0
150520,2023,0.0,1.0
150530,2023,0.0,11.0
150543,2023,30.0,31.0
150548,2023,0.0,1.0
150549,2023,0.0,1.0
150550,2023,20.0,38.0
150553,2023,23.0,47.0
150565,2023,0.0,2.0
150580,2023,0.0,1.0
150590,2023,0.0,1.0
150610,2023,0.0,1.0
150613,2023,49.0,64.0
150616,2023,0.0,4.0
150618,2023,0.0,3.0
150619,2023,0.0,17.0
150620,2023,0.0,2.0
150630,2023,0.0,1.0
150658,2023,0.0,8.0
150670,2023,0.0,2.0
150680,2023,68.0,86.0
150700,2023,0.0,1.0
150720,2023,0.0,1.0
150730,2023,0.0,2.0
150747,2023,0.0,1.0
150750,2023,0.0,1.0
150780,2023,0.0,1.0
150790,2023,0.0,1.0
150795,2023,0.0,11.0
150800,2023,0.0,8.0
150803,2023,0.0,1.0
150805,2023,0.0,5.0
150810,2023,43.0,68.0
150812,2023,10.0,12.0
150815,2023,0.0,1.0
150820,2023,0.0,9.0
150830,2023,0.0,2.0
150835,2023,0.0,2.0
150840,2023,0.0,10.0
160020,2023,0.0,5.0
160027,2023,0.0,8.0
160030,2023,128.0,192.0
160060,2023,12.0,31.0
170070,2023,0.0,2.0
170200,2023,0.0,3.0
170210,2023,113.0,153.0
170230,2023,0.0,1.0
170240,2023,0.0,8.0
170255,2023,10.0,28.0
170550,2023,0.0,4.0
170610,2023,0.0,1.0
170820,2023,0.0,2.0
170930,2023,0.0,4.0
170950,2023,35.0,61.0
171050,2023,0.0,1.0
171320,2023,0.0,1.0
171610,2023,20.0,27.0
171620,2023,0.0,1.0
171650,2023,0.0,1.0
171660,2023,0.0,2.0
171820,2023,10.0,18.0
172090,2023,0.0,3.0
172100,2023,240.0,300.0
172120,2023,0.0,2.0
210005,2023,10.0,13.0
210043,2023,0.0,16.0
210047,2023,0.0,7.0
210080,2023,0.0,10.0
210083,2023,0.0,1.0
210090,2023,0.0,2.0
210120,2023,20.0,48.0
210140,2023,14.0,21.0
210160,2023,20.0,39.0
210170,2023,12.0,20.0
210177,2023,0.0,2.0
210197,2023,0.0,1.0
210232,2023,0.0,12.0
210235,2023,0.0,2.0
210250,2023,0.0,2.0
210280,2023,0.0,3.0
210290,2023,0.0,1.0
210300,2023,51.0,76.0
210320,2023,10.0,17.0
210330,2023,10.0,25.0
210340,2023,0.0,5.0
210350,2023,14.0,20.0
210360,2023,24.0,35.0
210405,2023,0.0,3.0
210410,2023,0.0,1.0
210420,2023,0.0,2.0
210467,2023,0.0,2.0
210480,2023,20.0,29.0
210530,2023,194.0,233.0
210540,2023,0.0,4.0
210550,2023,0.0,2.0
210565,2023,0.0,1.0
210570,2023,10.0,10.0
210594,2023,0.0,2.0
210610,2023,0.0,2.0
210620,2023,0.0,3.0
210630,2023,0.0,1.0
210690,2023,0.0,8.0
210700,2023,0.0,2.0
210710,2023,0.0,1.0
210725,2023,0.0,1.0
210730,2023,0.0,1.0
210735,2023,0.0,4.0
210760,2023,0.0,1.0
210805,2023,0.0,1.0
210820,2023,10.0,10.0
210830,2023,0.0,3.0
210840,2023,0.0,3.0
210845,2023,0.0,2.0
210850,2023,0.0,1.0
210860,2023,30.0,45.0
210880,2023,0.0,1.0
210890,2023,0.0,10.0
210900,2023,10.0,12.0
210910,2023,20.0,21.0
210927,2023,0.0,1.0
210940,2023,0.0,1.0
210970,2023,0.0,2.0
210980,2023,0.0,4.0
210990,2023,16.0,35.0
211000,2023,0.0,5.0
211003,2023,10.0,10.0
211010,2023,0.0,2.0
211023,2023,0.0,1.0
211050,2023,0.0,1.0
211060,2023,0.0,1.0
211105,2023,0.0,1.0
211120,2023,0.0,1.0
211130,2023,768.0,957.0
211150,2023,0.0,4.0
211170,2023,0.0,4.0
211178,2023,0.0,1.0
211180,2023,0.0,2.0
211210,2023,0.0,8.0
211220,2023,14.0,26.0
211230,2023,0.0,1.0
211270,2023,0.0,6.0
211280,2023,5.0,7.0
211285,2023,0.0,2.0
211400,2023,0.0,2.0
220020,2023,0.0,2.0
220030,2023,0.0,1.0
220040,2023,0.0,1.0
220120,2023,0.0,1.0
220190,2023,9.0,9.0
220220,2023,10.0,10.0
220270,2023,0.0,1.0
220370,2023,0.0,3.0
220390,2023,30.0,30.0
220430,2023,0.0,1.0
220620,2023,0.0,2.0
220700,2023,10.0,12.0
220770,2023,40.0,65.0
220780,2023,0.0,3.0
220790,2023,0.0,1.0
220800,2023,70.0,93.0
220840,2023,20.0,35.0
221000,2023,0.0,1.0
221050,2023,0.0,1.0
221060,2023,10.0,17.0
221100,2023,375.0,468.0
221110,2023,0.0,1.0
230020,2023,0.0,2.0
230040,2023,0.0,1.0
230070,2023,0.0,2.0
230110,2023,0.0,13.0
230120,2023,10.0,10.0
230130,2023,0.0,2.0
230150,2023,0.0,1.0
230160,2023,0.0,4.0
230170,2023,10.0,10.0
230190,2023,100.0,119.0
230210,2023,0.0,3.0
230250,2023,18.0,27.0
230280,2023,10.0,10.0
230320,2023,0.0,3.0
230330,2023,0.0,10.0
230350,2023,0.0,5.0
230360,2023,0.0,2.0
230370,2023,10.0,32.0
230390,2023,0.0,2.0
230410,2023,22.0,44.0
230420,2023,71.0,86.0
230428,2023,10.0,19.0
230430,2023,0.0,5.0
230440,2023,1049.0,1425.0
230530,2023,0.0,1.0
230550,2023,36.0,47.0
230560,2023,0.0,9.0
230600,2023,0.0,4.0
230625,2023,0.0,2.0
230640,2023,30.0,40.0
230655,2023,0.0,4.0
230680,2023,0.0,1.0
230690,2023,0.0,6.0
230710,2023,0.0,1.0
230725,2023,0.0,2.0
230730,2023,74.0,99.0
230750,2023,0.0,2.0
230760,2023,30.0,30.0
230765,2023,20.0,24.0
230780,2023,0.0,1.0
230840,2023,0.0,4.0
230850,2023,0.0,7.0
230940,2023,0.0,10.0
230945,2023,0.0,5.0
230960,2023,0.0,2.0
231020,2023,0.0,1.0
231030,2023,0.0,2.0
231050,2023,14.0,20.0
231060,2023,0.0,3.0
231070,2023,0.0,1.0
231110,2023,0.0,4.0
231126,2023,0.0,6.0
231130,2023,20.0,38.0
231135,2023,0.0,2.0
231140,2023,30.0,51.0
231180,2023,0.0,11.0
231190,2023,0.0,1.0
231220,2023,0.0,2.0
231240,2023,10.0,16.0
231270,2023,0.0,1.0
231290,2023,178.0,244.0
231310,2023,0.0,1.0
231330,2023,10.0,15.0
231340,2023,20.0,36.0
231380,2023,0.0,2.0
231400,2023,0.0,5.0
231410,2023,0.0,2.0
240020,2023,10.0,12.0
240050,2023,0.0,2.0
240080,2023,0.0,1.0
240090,2023,0.0,1.0
240200,2023,10.0,20.0
240250,2023,0.0,4.0
240260,2023,0.0,2.0
240310,2023,10.0,14.0
240325,2023,27.0,35.0
240400,2023,0.0,1.0
240470,2023,0.0,6.0
240520,2023,0.0,2.0
240610,2023,0.0,1.0
240650,2023,0.0,2.0
240690,2023,0.0,1.0
240710,2023,10.0,17.0
240720,2023,10.0,10.0
240800,2023,183.0,254.0
240810,2023,549.0,641.0
240940,2023,10.0,11.0
240990,2023,0.0,4.0
241070,2023,0.0,2.0
241120,2023,10.0,22.0
241140,2023,0.0,1.0
241150,2023,0.0,2.0
241200,2023,10.0,10.0
241220,2023,10.0,10.0
241260,2023,0.0,3.0
241280,2023,0.0,1.0
241335,2023,0.0,1.0
241440,2023,0.0,2.0
250040,2023,0.0,1.0
250240,2023,0.0,1.0
250320,2023,0.0,2.0
250370,2023,13.0,21.0
250400,2023,294.0,414.0
250440,2023,0.0,1.0
250480,2023,0.0,1.0
250570,2023,0.0,1.0
250600,2023,0.0,2.0
250630,2023,6.0,9.0
250690,2023,0.0,1.0
250750,2023,568.0,746.0
250840,2023,0.0,2.0
250890,2023,14.0,20.0
250920,2023,2.0,3.0
250970,2023,6.0,10.0
251080,2023,79.0,109.0
251120,2023,0.0,5.0
251130,2023,20.0,20.0
251140,2023,7.0,7.0
251210,2023,6.0,6.0
251230,2023,0.0,1.0
251250,2023,0.0,6.0
251370,2023,84.0,123.0
251430,2023,0.0,1.0
251620,2023,14.0,24.0
251630,2023,0.0,1.0
251650,2023,0.0,2.0
260005,2023,22.0,22.0
260010,2023,20.0,20.0
260040,2023,5.0,5.0
260110,2023,50.0,50.0
260120,2023,33.0,33.0
260140,2023,10.0,13.0
260160,2023,0.0,5.0
260190,2023,30.0,30.0
260260,2023,0.0,4.0
260290,2023,50.0,50.0
260300,2023,0.0,3.0
260400,2023,0.0,2.0
260410,2023,179.0,239.0
260440,2023,0.0,6.0
260450,2023,0.0,10.0
260460,2023,0.0,1.0
260480,2023,0.0,5.0
260510,2023,0.0,3.0
260520,2023,0.0,10.0
260570,2023,0.0,4.0
260600,2023,46.0,55.0
260620,2023,20.0,20.0
260630,2023,0.0,2.0
260640,2023,10.0,10.0
260650,2023,0.0,1.0
260700,2023,0.0,1.0
260790,2023,124.0,124.0
260845,2023,0.0,9.0
260890,2023,30.0,30.0
260900,2023,0.0,4.0
260930,2023,0.0,8.0
260940,2023,20.0,20.0
260950,2023,0.0,1.0
260960,2023,171.0,252.0
260980,2023,0.0,1.0
260990,2023,30.0,30.0
261000,2023,70.0,85.0
261060,2023,0.0,2.0
261070,2023,40.0,46.0
261090,2023,0.0,11.0
261100,2023,0.0,2.0
261110,2023,147.0,183.0
261130,2023,0.0,3.0
261160,2023,1723.0,1971.0
261170,2023,0.0,1.0
261210,2023,0.0,5.0
261220,2023,31.0,37.0
261245,2023,0.0,9.0
261247,2023,0.0,1.0
261260,2023,0.0,3.0
261370,2023,25.0,25.0
261380,2023,0.0,2.0
261390,2023,57.0,60.0
261410,2023,0.0,1.0
261620,2023,0.0,2.0
261640,2023,30.0,40.0
270030,2023,119.0,161.0
270130,2023,0.0,1.0
270230,2023,47.0,48.0
270240,2023,20.0,31.0
270400,2023,0.0,1.0
270430,2023,434.0,566.0
270440,2023,0.0,1.0
270630,2023,18.0,21.0
270670,2023,0.0,11.0
270730,2023,10.0,25.0
270770,2023,0.0,8.0
270800,2023,20.0,35.0
270840,2023,0.0,2.0
270850,2023,0.0,2.0
270860,2023,28.0,39.0
270930,2023,20.0,20.0
280030,2023,438.0,577.0
280130,2023,0.0,4.0
280210,2023,10.0,12.0
280290,2023,10.0,27.0
280300,2023,0.0,2.0
280340,2023,0.0,1.0
280350,2023,20.0,32.0
280450,2023,0.0,2.0
280480,2023,0.0,2.0
280540,2023,0.0,1.0
280570,2023,0.0,4.0
280590,2023,0.0,1.0
280670,2023,0.0,1.0
290010,2023,0.0,1.0
290020,2023,0.0,2.0
290050,2023,0.0,1.0
290070,2023,28.0,35.0
290100,2023,0.0,1.0
290160,2023,0.0,2.0
290270,2023,10.0,12.0
290290,2023,0.0,1.0
290300,2023,0.0,4.0
290320,2023,58.0,103.0
290327,2023,0.0,1.0
290340,2023,0.0,1.0
290390,2023,20.0,40.0
290450,2023,0.0,1.0
290460,2023,20.0,20.0
290490,2023,10.0,11.0
290510,2023,0.0,2.0
290520,2023,20.0,23.0
290550,2023,0.0,1.0
290570,2023,48.0,94.0
290590,2023,0.0,1.0
290600,2023,12.0,25.0
290650,2023,20.0,20.0
290680,2023,0.0,6.0
290690,2023,0.0,4.0
290750,2023,8.0,11.0
290770,2023,0.0,3.0
290810,2023,0.0,1.0
290840,2023,0.0,3.0
290850,2023,0.0,6.0
290870,2023,0.0,1.0
290910,2023,0.0,7.0
290930,2023,0.0,1.0
290940,2023,0.0,2.0
290970,2023,0.0,1.0
290980,2023,0.0,5.0
291010,2023,0.0,5.0
291040,2023,0.0,1.0
291070,2023,0.0,2.0
291072,2023,39.0,51.0
291080,2023,257.0,356.0
291110,2023,0.0,2.0
291120,2023,0.0,1.0
291130,2023,0.0,8.0
291170,2023,30.0,53.0
291190,2023,0.0,11.0
291210,2023,0.0,3.0
291310,2023,0.0,1.0
291340,2023,0.0,1.0
291360,2023,92.0,118.0
291390,2023,0.0,9.0
291400,2023,0.0,2.0
291440,2023,0.0,2.0
291450,2023,0.0,1.0
291460,2023,26.0,26.0
291465,2023,0.0,3.0
291470,2023,45.0,47.0
291480,2023,84.0,115.0
291490,2023,0.0,1.0
291530,2023,0.0,1.0
291560,2023,0.0,2.0
291600,2023,0.0,2.0
291640,2023,9.0,12.0
291670,2023,0.0,1.0
291685,2023,0.0,2.0
291720,2023,0.0,4.0
291735,2023,0.0,1.0
291750,2023,9.0,10.0
291760,2023,0.0,4.0
291800,2023,70.0,95.0
291840,2023,53.0,83.0
291845,2023,0.0,1.0
291860,2023,0.0,2.0
291880,2023,0.0,1.0
291915,2023,0.0,1.0
291920,2023,110.0,111.0
291950,2023,0.0,3.0
291955,2023,16.0,23.0
291980,2023,0.0,3.0
291990,2023,0.0,1.0
291992,2023,0.0,2.0
292010,2023,0.0,1.0
292020,2023,0.0,1.0
292050,2023,0.0,3.0
292100,2023,0.0,3.0
292110,2023,0.0,7.0
292120,2023,0.0,1.0
292130,2023,0.0,2.0
292170,2023,0.0,2.0
292200,2023,0.0,2.0
292210,2023,0.0,2.0
292270,2023,0.0,5.0
292300,2023,0.0,3.0
292310,2023,0.0,2.0
292320,2023,0.0,1.0
292360,2023,0.0,1.0
292370,2023,0.0,1.0
292400,2023,34.0,46.0
292450,2023,0.0,1.0
292510,2023,0.0,2.0
292520,2023,0.0,2.0
292530,2023,40.0,59.0
292550,2023,0.0,8.0
292590,2023,0.0,1.0
292600,2023,10.0,14.0
292630,2023,0.0,6.0
292640,2023,0.0,1.0
292660,2023,14.0,20.0
292690,2023,0.0,1.0
292740,2023,1564.0,1889.0
292770,2023,0.0,3.0
292790,2023,0.0,1.0
292800,2023,0.0,1.0
292810,2023,0.0,3.0
292820,2023,0.0,1.0
292860,2023,0.0,5.0
292870,2023,50.0,67.0
292880,2023,0.0,4.0
292890,2023,0.0,1.0
292900,2023,14.0,15.0
292920,2023,0.0,1.0
292930,2023,0.0,2.0
292960,2023,0.0,1.0
292990,2023,10.0,29.0
293010,2023,20.0,38.0
293015,2023,0.0,4.0
293030,2023,0.0,6.0
293040,2023,0.0,1.0
293050,2023,10.0,18.0
293070,2023,10.0,18.0
293075,2023,0.0,2.0
293077,2023,0.0,2.0
293100,2023,0.0,1.0
293130,2023,0.0,1.0
293135,2023,56.0,76.0
293150,2023,0.0,1.0
293230,2023,0.0,2.0
293260,2023,0.0,2.0
293280,2023,0.0,3.0
293290,2023,10.0,10.0
293300,2023,0.0,4.0
293325,2023,0.0,1.0
293330,2023,182.0,231.0
293345,2023,0.0,2.0
293360,2023,0.0,6.0
310030,2023,0.0,3.0
310120,2023,10.0,10.0
310150,2023,10.0,12.0
310160,2023,72.0,95.0
310170,2023,10.0,14.0
310210,2023,0.0,2.0
310270,2023,0.0,2.0
310280,2023,0.0,2.0
310340,2023,1.0,12.0
310350,2023,89.0,127.0
310400,2023,42.0,43.0
310430,2023,0.0,1.0
310490,2023,10.0,10.0
310540,2023,0.0,1.0
310560,2023,70.0,87.0
310590,2023,0.0,1.0
310620,2023,1673.0,1917.0
310670,2023,119.0,151.0
310710,2023,9.0,9.0
310740,2023,10.0,10.0
310750,2023,0.0,1.0
310840,2023,0.0,2.0
310860,2023,10.0,12.0
310900,2023,8.0,10.0
310990,2023,0.0,1.0
311000,2023,0.0,5.0
311070,2023,0.0,2.0
311120,2023,22.0,22.0
311150,2023,0.0,1.0
311230,2023,9.0,9.0
311300,2023,0.0,1.0
311320,2023,0.0,1.0
311330,2023,40.0,41.0
311340,2023,60.0,71.0
311530,2023,10.0,20.0
311550,2023,0.0,2.0
311580,2023,0.0,1.0
311800,2023,10.0,11.0
311830,2023,20.0,22.0
311860,2023,92.0,132.0
311940,2023,29.0,32.0
312090,2023,30.0,30.0
312120,2023,0.0,1.0
312160,2023,58.0,63.0
312230,2023,96.0,96.0
312260,2023,0.0,1.0
312270,2023,0.0,1.0
312390,2023,0.0,3.0
312410,2023,0.0,1.0
312510,2023,10.0,10.0
312560,2023,0.0,1.0
312610,2023,38.0,38.0
312770,2023,136.0,165.0
312800,2023,10.0,12.0
312860,2023,0.0,1.0
312870,2023,10.0,10.0
312940,2023,0.0,1.0
312980,2023,10.0,18.0
313010,2023,0.0,1.0
313130,2023,108.0,132.0
313170,2023,40.0,45.0
313190,2023,0.0,2.0
313210,2023,0.0,2.0
313240,2023,54.0,54.0
313250,2023,0.0,3.0
313270,2023,0.0,2.0
313330,2023,0.0,2.0
313350,2023,0.0,4.0
313380,2023,20.0,20.0
313420,2023,32.0,33.0
313440,2023,0.0,3.0
313510,2023,40.0,46.0
313520,2023,0.0,6.0
313540,2023,0.0,1.0
313580,2023,0.0,18.0
313620,2023,10.0,12.0
313630,2023,9.0,11.0
313665,2023,0.0,1.0
313670,2023,418.0,437.0
313700,2023,0.0,3.0
313710,2023,0.0,1.0
313720,2023,12.0,12.0
313760,2023,10.0,10.0
313770,2023,0.0,1.0
313790,2023,0.0,1.0
313800,2023,0.0,1.0
313820,2023,46.0,48.0
313840,2023,10.0,12.0
313900,2023,10.0,10.0
313940,2023,31.0,37.0
313950,2023,10.0,11.0
313980,2023,0.0,1.0
314000,2023,0.0,2.0
314090,2023,0.0,3.0
314180,2023,0.0,3.0
314260,2023,0.0,1.0
314310,2023,10.0,11.0
314330,2023,196.0,196.0
314390,2023,103.0,112.0
314400,2023,0.0,1.0
314470,2023,0.0,2.0
314480,2023,98.0,98.0
314500,2023,0.0,1.0
314560,2023,20.0,20.0
314590,2023,10.0,10.0
314610,2023,20.0,24.0
314630,2023,0.0,2.0
314700,2023,20.0,34.0
314710,2023,20.0,20.0
314750,2023,0.0,4.0
314790,2023,71.0,71.0
314800,2023,93.0,96.0
314810,2023,27.0,34.0
314860,2023,10.0,10.0
314870,2023,0.0,1.0
315030,2023,0.0,2.0
315080,2023,0.0,2.0
315110,2023,0.0,2.0
315120,2023,18.0,22.0
315150,2023,10.0,10.0
315170,2023,10.0,10.0
315180,2023,99.0,109.0
315190,2023,0.0,2.0
315200,2023,0.0,1.0
315210,2023,50.0,54.0
315250,2023,80.0,81.0
315280,2023,0.0,1.0
315420,2023,0.0,1.0
315460,2023,6.0,9.0
315520,2023,0.0,2.0
315550,2023,0.0,2.0
315580,2023,10.0,10.0
315660,2023,0.0,2.0
315680,2023,0.0,1.0
315700,2023,9.0,9.0
315710,2023,0.0,1.0
315770,2023,0.0,1.0
315780,2023,10.0,12.0
315790,2023,0.0,1.0
315930,2023,0.0,2.0
315960,2023,10.0,10.0
315990,2023,9.0,9.0
316040,2023,10.0,10.0
316070,2023,10.0,10.0
316100,2023,0.0,1.0
316200,2023,0.0,1.0
316220,2023,0.0,4.0
316250,2023,40.0,44.0
316270,2023,0.0,1.0
316370,2023,30.0,35.0
316470,2023,36.0,36.0
316530,2023,0.0,1.0
316720,2023,59.0,60.0
316800,2023,27.0,29.0
316860,2023,57.0,58.0
316870,2023,18.0,18.0
316920,2023,0.0,1.0
316930,2023,28.0,34.0
316935,2023,0.0,1.0
316940,2023,10.0,10.0
316960,2023,0.0,8.0
316970,2023,0.0,3.0
316990,2023,36.0,42.0
317010,2023,146.0,160.0
317020,2023,323.0,371.0
317040,2023,19.0,23.0
317070,2023,68.0,71.0
317120,2023,0.0,1.0
317130,2023,42.0,44.0
317170,2023,0.0,1.0
317200,2023,10.0,10.0
320020,2023,0.0,1.0
320040,2023,0.0,1.0
320060,2023,20.0,20.0
320070,2023,0.0,2.0
320080,2023,0.0,6.0
320090,2023,10.0,13.0
320120,2023,203.0,233.0
320130,2023,60.0,62.0
320150,2023,135.0,153.0
320160,2023,0.0,1.0
320170,2023,0.0,1.0
320230,2023,20.0,20.0
320240,2023,20.0,25.0
320270,2023,0.0,3.0
320280,2023,30.0,30.0
320290,2023,0.0,1.0
320316,2023,0.0,3.0
320320,2023,84.0,109.0
320340,2023,0.0,2.0
320370,2023,0.0,1.0
320390,2023,0.0,1.0
320435,2023,0.0,2.0
320460,2023,10.0,12.0
320470,2023,0.0,1.0
320480,2023,20.0,21.0
320490,2023,77.0,81.0
320500,2023,283.0,316.0
320506,2023,20.0,21.0
320520,2023,287.0,333.0
320530,2023,401.0,454.0
330010,2023,70.0,96.0
330020,2023,24.0,42.0
330023,2023,10.0,23.0
330025,2023,8.0,9.0
330030,2023,14.0,16.0
330040,2023,109.0,117.0
330045,2023,3.0,15.0
330050,2023,0.0,2.0
330060,2023,87.0,89.0
330070,2023,53.0,102.0
330080,2023,0.0,1.0
330090,2023,4.0,6.0
330100,2023,419.0,492.0
330110,2023,25.0,25.0
330120,2023,0.0,1.0
330130,2023,0.0,2.0
330170,2023,305.0,352.0
330185,2023,10.0,11.0
330190,2023,68.0,77.0
330200,2023,30.0,35.0
330210,2023,4.0,17.0
330220,2023,110.0,111.0
330240,2023,196.0,230.0
330250,2023,0.0,7.0
330270,2023,25.0,39.0
330280,2023,9.0,11.0
330285,2023,10.0,25.0
330290,2023,10.0,13.0
330300,2023,12.0,14.0
330310,2023,0.0,4.0
330320,2023,90.0,90.0
330330,2023,696.0,829.0
330340,2023,66.0,80.0
330350,2023,476.0,517.0
330360,2023,0.0,2.0
330370,2023,10.0,12.0
330380,2023,0.0,1.0
330390,2023,213.0,241.0
330395,2023,0.0,3.0
330400,2023,10.0,10.0
330411,2023,6.0,7.0
330412,2023,0.0,1.0
330415,2023,12.0,13.0
330420,2023,105.0,144.0
330430,2023,15.0,15.0
330440,2023,0.0,1.0
330452,2023,17.0,17.0
330455,2023,4311.0,5398.0
330470,2023,8.0,10.0
330480,2023,19.0,23.0
330490,2023,231.0,259.0
330510,2023,100.0,135.0
330515,2023,0.0,1.0
330520,2023,34.0,43.0
330530,2023,0.0,4.0
330550,2023,48.0,66.0
330580,2023,50.0,56.0
330590,2023,0.0,3.0
330600,2023,26.0,26.0
330610,2023,40.0,43.0
330615,2023,0.0,2.0
330620,2023,77.0,95.0
330630,2023,301.0,341.0
350010,2023,10.0,11.0
350160,2023,78.0,92.0
350170,2023,10.0,10.0
350190,2023,11.0,12.0
350210,2023,10.0,21.0
350250,2023,9.0,9.0
350280,2023,73.0,107.0
350320,2023,78.0,90.0
350330,2023,38.0,42.0
350380,2023,0.0,4.0
350400,2023,49.0,60.0
350410,2023,27.0,27.0
350450,2023,20.0,27.0
350520,2023,0.0,7.0
350530,2023,0.0,7.0
350550,2023,104.0,133.0
350570,2023,59.0,98.0
350590,2023,8.0,8.0
350600,2023,194.0,224.0
350610,2023,6.0,11.0
350650,2023,15.0,16.0
350710,2023,0.0,2.0
350750,2023,91.0,115.0
350760,2023,74.0,94.0
350790,2023,0.0,1.0
350810,2023,0.0,2.0
350850,2023,10.0,17.0
350900,2023,14.0,26.0
350920,2023,10.0,12.0
350950,2023,737.0,856.0
350960,2023,10.0,12.0
351020,2023,10.0,18.0
351040,2023,17.0,17.0
351050,2023,70.0,72.0
351060,2023,45.0,62.0
351110,2023,66.0,75.0
351130,2023,0.0,60.0
351150,2023,0.0,2.0
351200,2023,10.0,10.0
351280,2023,10.0,20.0
351300,2023,92.0,119.0
351340,2023,20.0,20.0
351350,2023,18.0,32.0
351380,2023,91.0,138.0
351430,2023,0.0,3.0
351440,2023,20.0,20.0
351500,2023,10.0,10.0
351518,2023,10.0,10.0
351550,2023,10.0,10.0
351570,2023,43.0,77.0
351620,2023,83.0,109.0
351630,2023,49.0,67.0
351640,2023,44.0,58.0
351670,2023,10.0,11.0
351740,2023,10.0,10.0
351840,2023,82.0,87.0
351870,2023,93.0,109.0
351880,2023,300.0,368.0
351907,2023,16.0,23.0
351960,2023,10.0,10.0
352010,2023,0.0,1.0
352040,2023,6.0,8.0
352044,2023,10.0,13.0
352050,2023,73.0,77.0
352180,2023,0.0,2.0
352210,2023,27.0,37.0
352220,2023,36.0,60.0
352230,2023,24.0,30.0
352240,2023,32.0,35.0
352250,2023,88.0,105.0
352260,2023,20.0,25.0
352270,2023,9.0,21.0
352280,2023,0.0,1.0
352310,2023,30.0,31.0
352320,2023,0.0,2.0
352340,2023,27.0,28.0
352360,2023,0.0,3.0
352390,2023,92.0,92.0
352400,2023,0.0,2.0
352410,2023,10.0,12.0
352430,2023,10.0,11.0
352440,2023,86.0,99.0
352470,2023,15.0,18.0
352480,2023,25.0,27.0
352520,2023,0.0,1.0
352530,2023,108.0,109.0
352590,2023,200.0,233.0
352640,2023,0.0,2.0
352670,2023,10.0,10.0
352680,2023,10.0,10.0
352690,2023,102.0,115.0
352710,2023,28.0,30.0
352720,2023,33.0,33.0
352730,2023,8.0,8.0
352850,2023,0.0,2.0
352900,2023,153.0,168.0
352930,2023,35.0,43.0
352940,2023,99.0,112.0
353010,2023,10.0,12.0
353050,2023,20.0,20.0
353060,2023,192.0,234.0
353070,2023,44.0,54.0
353080,2023,32.0,37.0
353130,2023,26.0,28.0
353190,2023,11.0,14.0
353200,2023,0.0,4.0
353350,2023,10.0,10.0
353390,2023,7.0,7.0
353440,2023,185.0,220.0
353470,2023,48.0,55.0
353550,2023,17.0,17.0
353580,2023,0.0,6.0
353620,2023,26.0,37.0
353650,2023,14.0,31.0
353670,2023,10.0,10.0
353710,2023,10.0,10.0
353730,2023,10.0,12.0
353740,2023,0.0,4.0
353760,2023,0.0,3.0
353800,2023,51.0,64.0
353870,2023,146.0,168.0
353930,2023,10.0,10.0
354020,2023,0.0,15.0
354060,2023,10.0,10.0
354070,2023,6.0,6.0
354100,2023,95.0,107.0
354140,2023,132.0,203.0
354150,2023,10.0,10.0
354160,2023,10.0,10.0
354220,2023,10.0,12.0
354240,2023,0.0,2.0
354260,2023,40.0,40.0
354300,2023,0.0,2.0
354330,2023,11.0,12.0
354340,2023,377.0,446.0
354390,2023,49.0,65.0
354425,2023,0.0,2.0
354500,2023,0.0,2.0
354520,2023,10.0,10.0
354580,2023,24.0,27.0
354640,2023,20.0,27.0
354660,2023,10.0,10.0
354680,2023,7.0,8.0
354730,2023,0.0,6.0
354780,2023,435.0,489.0
354850,2023,346.0,378.0
354870,2023,324.0,405.0
354880,2023,212.0,226.0
354890,2023,83.0,95.0
354910,2023,28.0,28.0
354940,2023,10.0,10.0
354970,2023,9.0,9.0
354980,2023,405.0,472.0
354990,2023,345.0,383.0
355010,2023,10.0,12.0
355030,2023,6156.0,7630.0
355040,2023,10.0,10.0
355060,2023,35.0,35.0
355070,2023,8.0,12.0
355100,2023,35.0,45.0
355150,2023,10.0,14.0
355170,2023,25.0,34.0
355210,2023,7.0,7.0
355220,2023,430.0,489.0
355240,2023,36.0,49.0
355250,2023,69.0,95.0
355270,2023,0.0,1.0
355280,2023,43.0,73.0
355300,2023,0.0,1.0
355360,2023,0.0,9.0
355370,2023,13.0,22.0
355380,2023,0.0,3.0
355400,2023,19.0,24.0
355410,2023,79.0,79.0
355450,2023,0.0,1.0
355500,2023,32.0,32.0
355540,2023,0.0,9.0
355620,2023,79.0,81.0
355650,2023,0.0,1.0
355670,2023,18.0,18.0
355700,2023,16.0,20.0
355710,2023,32.0,38.0
410090,2023,0.0,1.0
410100,2023,0.0,1.0
410120,2023,0.0,1.0
410140,2023,42.0,49.0
410150,2023,79.0,79.0
410160,2023,0.0,1.0
410170,2023,0.0,3.0
410180,2023,18.0,21.0
410200,2023,10.0,12.0
410210,2023,0.0,3.0
410240,2023,12.0,12.0
410305,2023,0.0,1.0
410330,2023,0.0,1.0
410360,2023,0.0,1.0
410370,2023,16.0,20.0
410390,2023,0.0,2.0
410400,2023,125.0,127.0
410420,2023,530.0,538.0
410430,2023,53.0,67.0
410450,2023,0.0,1.0
410460,2023,0.0,1.0
410480,2023,185.0,207.0
410490,2023,10.0,10.0
410540,2023,10.0,10.0
410550,2023,20.0,20.0
410560,2023,0.0,1.0
410570,2023,0.0,2.0
410590,2023,20.0,20.0
410630,2023,0.0,1.0
410640,2023,57.0,59.0
410650,2023,0.0,2.0
410680,2023,0.0,2.0
410690,2023,873.0,1039.0
410720,2023,0.0,1.0
410765,2023,0.0,2.0
410790,2023,0.0,1.0
410800,2023,0.0,5.0
410830,2023,89.0,110.0
410840,2023,51.0,60.0
410860,2023,10.0,14.0
410940,2023,65.0,85.0
410975,2023,0.0,1.0
411050,2023,0.0,2.0
411070,2023,22.0,22.0
411080,2023,0.0,1.0
411125,2023,0.0,3.0
411140,2023,0.0,1.0
411150,2023,50.0,54.0
411180,2023,10.0,11.0
411190,2023,0.0,1.0
411210,2023,0.0,2.0
411320,2023,0.0,2.0
411330,2023,10.0,12.0
411350,2023,0.0,4.0
411370,2023,328.0,408.0
411375,2023,0.0,1.0
411430,2023,0.0,4.0
411440,2023,0.0,2.0
411450,2023,0.0,1.0
411460,2023,0.0,6.0
411520,2023,257.0,274.0
411580,2023,8.0,12.0
411690,2023,0.0,5.0
411695,2023,0.0,1.0
411710,2023,0.0,1.0
411720,2023,0.0,1.0
411727,2023,0.0,1.0
411750,2023,0.0,3.0
411760,2023,10.0,10.0
411770,2023,0.0,6.0
411790,2023,10.0,12.0
411820,2023,42.0,46.0
411830,2023,0.0,1.0
411840,2023,32.0,37.0
411850,2023,46.0,47.0
411910,2023,0.0,2.0
411915,2023,0.0,1.0
411950,2023,0.0,3.0
411960,2023,0.0,1.0
411980,2023,0.0,1.0
411990,2023,142.0,166.0
412035,2023,0.0,1.0
412060,2023,10.0,20.0
412090,2023,0.0,1.0
412100,2023,0.0,1.0
412120,2023,0.0,1.0
412200,2023,0.0,1.0
412240,2023,0.0,1.0
412260,2023,0.0,3.0
412410,2023,20.0,23.0
412440,2023,0.0,1.0
412500,2023,0.0,4.0
412550,2023,29.0,39.0
412570,2023,76.0,89.0
412580,2023,0.0,1.0
412625,2023,52.0,52.0
412670,2023,0.0,1.0
412690,2023,0.0,1.0
412710,2023,22.0,22.0
412720,2023,0.0,4.0
412730,2023,0.0,1.0
412770,2023,62.0,63.0
412780,2023,0.0,1.0
412810,2023,89.0,105.0
412820,2023,33.0,38.0
412850,2023,0.0,1.0
412860,2023,0.0,1.0
420070,2023,0.0,1.0
420110,2023,0.0,2.0
420127,2023,0.0,1.0
420140,2023,38.0,38.0
420200,2023,56.0,65.0
420230,2023,20.0,20.0
420240,2023,164.0,180.0
420280,2023,0.0,4.0
420290,2023,88.0,93.0
420300,2023,20.0,22.0
420310,2023,0.0,2.0
420350,2023,0.0,1.0
420360,2023,10.0,12.0
420380,2023,10.0,11.0
420410,2023,0.0,1.0
420420,2023,79.0,82.0
420430,2023,23.0,33.0
420460,2023,92.0,104.0
420470,2023,0.0,1.0
420480,2023,23.0,39.0
420490,2023,0.0,1.0
420500,2023,0.0,2.0
420540,2023,299.0,359.0
420580,2023,0.0,1.0
420590,2023,10.0,10.0
420660,2023,0.0,1.0
420690,2023,10.0,13.0
420700,2023,20.0,20.0
420730,2023,10.0,12.0
420750,2023,12.0,20.0
420760,2023,0.0,2.0
420765,2023,0.0,1.0
420770,2023,0.0,1.0
420780,2023,0.0,1.0
420790,2023,0.0,3.0
420800,2023,0.0,1.0
420820,2023,82.0,94.0
420840,2023,0.0,5.0
420850,2023,10.0,10.0
420880,2023,0.0,2.0
420890,2023,61.0,74.0
420900,2023,27.0,27.0
420910,2023,244.0,348.0
420930,2023,87.0,103.0
420940,2023,10.0,12.0
420960,2023,0.0,1.0
420985,2023,0.0,1.0
421000,2023,0.0,2.0
421010,2023,52.0,63.0
421030,2023,0.0,1.0
421050,2023,11.0,11.0
421090,2023,0.0,1.0
421100,2023,0.0,2.0
421105,2023,0.0,1.0
421120,2023,0.0,2.0
421140,2023,0.0,1.0
421200,2023,0.0,1.0
421210,2023,0.0,2.0
421260,2023,0.0,1.0
421290,2023,0.0,1.0
421360,2023,10.0,10.0
421450,2023,0.0,1.0
421480,2023,30.0,44.0
421500,2023,10.0,10.0
421530,2023,0.0,1.0
421550,2023,0.0,2.0
421570,2023,0.0,1.0
421580,2023,10.0,10.0
421625,2023,0.0,1.0
421630,2023,0.0,2.0
421650,2023,0.0,3.0
421660,2023,102.0,112.0
421670,2023,0.0,1.0
421690,2023,0.0,2.0
421720,2023,10.0,11.0
421730,2023,0.0,1.0
421750,2023,0.0,1.0
421770,2023,31.0,32.0
421780,2023,0.0,1.0
421820,2023,30.0,35.0
421860,2023,0.0,1.0
421870,2023,60.0,65.0
421875,2023,0.0,1.0
421910,2023,0.0,1.0
421930,2023,18.0,20.0
421950,2023,33.0,39.0
421960,2023,0.0,1.0
421970,2023,0.0,1.0
430010,2023,0.0,1.0
430020,2023,0.0,2.0
430040,2023,18.0,23.0
430060,2023,10.0,10.0
430160,2023,46.0,46.0
430210,2023,50.0,50.0
430230,2023,0.0,1.0
430245,2023,0.0,1.0
430270,2023,0.0,2.0
430300,2023,30.0,30.0
430310,2023,10.0,20.0
430330,2023,0.0,1.0
430350,2023,10.0,10.0
430360,2023,0.0,1.0
430380,2023,0.0,1.0
430390,2023,10.0,12.0
430400,2023,0.0,1.0
430450,2023,10.0,10.0
430460,2023,116.0,157.0
430463,2023,10.0,10.0
430470,2023,10.0,10.0
430510,2023,208.0,223.0
430530,2023,0.0,6.0
430535,2023,0.0,2.0
430540,2023,0.0,1.0
430570,2023,0.0,1.0
430580,2023,0.0,2.0
430590,2023,0.0,1.0
430610,2023,30.0,32.0
430680,2023,10.0,10.0
430700,2023,56.0,56.0
430770,2023,15.0,20.0
430780,2023,20.0,20.0
430790,2023,20.0,20.0
430800,2023,10.0,10.0
430820,2023,0.0,1.0
430850,2023,10.0,15.0
430860,2023,9.0,11.0
430910,2023,10.0,10.0
430920,2023,20.0,20.0
430930,2023,10.0,10.0
430950,2023,0.0,1.0
430960,2023,0.0,2.0
431020,2023,58.0,59.0
431050,2023,0.0,2.0
431060,2023,0.0,6.0
431110,2023,0.0,1.0
431130,2023,0.0,1.0
431140,2023,40.0,52.0
431205,2023,0.0,1.0
431240,2023,23.0,28.0
431250,2023,0.0,1.0
431290,2023,0.0,1.0
431320,2023,0.0,6.0
431340,2023,87.0,104.0
431350,2023,10.0,11.0
431360,2023,0.0,1.0
431370,2023,10.0,13.0
431400,2023,0.0,1.0
431402,2023,0.0,1.0
431405,2023,12.0,12.0
431410,2023,144.0,159.0
431440,2023,124.0,157.0
431450,2023,0.0,1.0
431460,2023,0.0,3.0
431470,2023,0.0,1.0
431490,2023,1004.0,1312.0
431510,2023,0.0,1.0
431560,2023,64.0,81.0
431570,2023,0.0,4.0
431610,2023,0.0,2.0
431620,2023,0.0,1.0
431630,2023,0.0,2.0
431640,2023,8.0,8.0
431660,2023,10.0,10.0
431680,2023,42.0,57.0
431690,2023,129.0,144.0
431710,2023,15.0,16.0
431720,2023,50.0,50.0
431730,2023,0.0,2.0
431740,2023,10.0,10.0
431750,2023,27.0,33.0
431760,2023,0.0,2.0
431800,2023,10.0,11.0
431830,2023,20.0,20.0
431840,2023,6.0,6.0
431870,2023,26.0,36.0
431890,2023,0.0,2.0
431915,2023,0.0,1.0
431990,2023,20.0,22.0
432000,2023,20.0,29.0
432010,2023,0.0,1.0
432020,2023,0.0,1.0
432030,2023,0.0,15.0
432050,2023,0.0,1.0
432067,2023,0.0,2.0
432070,2023,0.0,1.0
432080,2023,0.0,4.0
432120,2023,10.0,12.0
432130,2023,0.0,1.0
432140,2023,10.0,25.0
432145,2023,0.0,3.0
432150,2023,10.0,12.0
432160,2023,26.0,50.0
432180,2023,6.0,7.0
432190,2023,10.0,10.0
432195,2023,0.0,1.0
432230,2023,0.0,3.0
432240,2023,28.0,49.0
432250,2023,10.0,10.0
432253,2023,0.0,1.0
432260,2023,20.0,20.0
432270,2023,0.0,1.0
432300,2023,15.0,15.0
500060,2023,0.0,2.0
500100,2023,0.0,1.0
500110,2023,10.0,18.0
500124,2023,0.0,1.0
500210,2023,0.0,1.0
500260,2023,0.0,1.0
500270,2023,458.0,567.0
500280,2023,0.0,1.0
500295,2023,0.0,1.0
500320,2023,30.0,30.0
500325,2023,10.0,11.0
500330,2023,10.0,10.0
500348,2023,0.0,1.0
500370,2023,125.0,148.0
500375,2023,0.0,4.0
500380,2023,0.0,1.0
500440,2023,0.0,2.0
500450,2023,0.0,1.0
500460,2023,0.0,1.0
500470,2023,0.0,1.0
500525,2023,0.0,1.0
500540,2023,0.0,2.0
500560,2023,0.0,1.0
500570,2023,0.0,8.0
500600,2023,0.0,2.0
500620,2023,10.0,13.0
500630,2023,10.0,13.0
500635,2023,0.0,1.0
500660,2023,20.0,20.0
500690,2023,0.0,1.0
500730,2023,0.0,2.0
500740,2023,0.0,3.0
500755,2023,0.0,3.0
500780,2023,0.0,1.0
500790,2023,0.0,2.0
500830,2023,67.0,74.0
510020,2023,10.0,10.0
510025,2023,20.0,28.0
510060,2023,0.0,1.0
510080,2023,0.0,1.0
510130,2023,0.0,1.0
510140,2023,0.0,6.0
510160,2023,0.0,1.0
510170,2023,0.0,1.0
510180,2023,19.0,20.0
510250,2023,56.0,61.0
510263,2023,0.0,4.0
510267,2023,10.0,12.0
510268,2023,0.0,1.0
510270,2023,0.0,2.0
510310,2023,0.0,1.0
510320,2023,20.0,21.0
510325,2023,0.0,2.0
510335,2023,0.0,2.0
510337,2023,0.0,1.0
510340,2023,545.0,613.0
510350,2023,0.0,1.0
510390,2023,0.0,1.0
510410,2023,10.0,18.0
510420,2023,0.0,1.0
510460,2023,0.0,2.0
510500,2023,0.0,1.0
510510,2023,0.0,2.0
510515,2023,10.0,11.0
510517,2023,0.0,1.0
510525,2023,20.0,22.0
510550,2023,0.0,5.0
510558,2023,0.0,1.0
510560,2023,0.0,1.0
510562,2023,0.0,1.0
510590,2023,0.0,2.0
510622,2023,56.0,60.0
510623,2023,0.0,2.0
510625,2023,0.0,2.0
510627,2023,0.0,2.0
510628,2023,0.0,2.0
510629,2023,0.0,2.0
510637,2023,0.0,1.0
510642,2023,10.0,16.0
510650,2023,0.0,2.0
510675,2023,0.0,2.0
510680,2023,0.0,2.0
510700,2023,0.0,2.0
510704,2023,48.0,56.0
510710,2023,0.0,1.0
510718,2023,0.0,10.0
510760,2023,130.0,154.0
510770,2023,0.0,1.0
510780,2023,0.0,1.0
510785,2023,0.0,2.0
510787,2023,0.0,1.0
510790,2023,58.0,84.0
510792,2023,40.0,42.0
510794,2023,0.0,2.0
510795,2023,55.0,63.0
510800,2023,0.0,2.0
510805,2023,0.0,1.0
510810,2023,0.0,1.0
510840,2023,93.0,103.0
520025,2023,0.0,1.0
520110,2023,177.0,195.0
520130,2023,0.0,1.0
520140,2023,149.0,152.0
520150,2023,0.0,1.0
520170,2023,0.0,4.0
520320,2023,0.0,1.0
520350,2023,0.0,6.0
520355,2023,0.0,1.0
520390,2023,0.0,2.0
520410,2023,0.0,2.0
520450,2023,10.0,21.0
520465,2023,0.0,2.0
520490,2023,0.0,5.0
520500,2023,0.0,1.0
520505,2023,0.0,3.0
520510,2023,49.0,58.0
520540,2023,29.0,33.0
520545,2023,0.0,1.0
520549,2023,3.0,7.0
520551,2023,0.0,1.0
520620,2023,0.0,3.0
520753,2023,0.0,1.0
520800,2023,32.0,32.0
520850,2023,0.0,1.0
520860,2023,10.0,34.0
520870,2023,1187.0,1290.0
520880,2023,0.0,1.0
520890,2023,10.0,18.0
520910,2023,0.0,17.0
520929,2023,0.0,2.0
520970,2023,0.0,1.0
520995,2023,0.0,1.0
521000,2023,0.0,7.0
521020,2023,0.0,2.0
521040,2023,0.0,1.0
521090,2023,0.0,2.0
521130,2023,0.0,3.0
521150,2023,69.0,93.0
521170,2023,0.0,1.0
521180,2023,10.0,11.0
521190,2023,30.0,37.0
521220,2023,0.0,3.0
521250,2023,12.0,12.0
521308,2023,0.0,4.0
521310,2023,10.0,12.0
521375,2023,0.0,1.0
521380,2023,10.0,43.0
521400,2023,0.0,1.0
521450,2023,50.0,55.0
521460,2023,0.0,8.0
521500,2023,0.0,2.0
521560,2023,0.0,2.0
521570,2023,0.0,1.0
521630,2023,0.0,3.0
521640,2023,0.0,1.0
521710,2023,0.0,7.0
521720,2023,0.0,2.0
521740,2023,0.0,2.0
521760,2023,10.0,10.0
521770,2023,0.0,1.0
521800,2023,10.0,12.0
521850,2023,11.0,13.0
521860,2023,0.0,1.0
521880,2023,115.0,136.0
521930,2023,18.0,18.0
521975,2023,0.0,2.0
521990,2023,0.0,1.0
522010,2023,10.0,10.0
522020,2023,0.0,1.0
522040,2023,0.0,2.0
522045,2023,14.0,29.0
522060,2023,0.0,4.0
522140,2023,10.0,23.0
522160,2023,51.0,81.0
530010,2023,1882.0,2425.0
