cod_ibge6,leitos_internacao,leitos_internacao_sus,ano
110001,51.0,45.0,2014
110002,234.0,90.0,2014
110003,8.0,8.0,2014
110004,329.0,236.0,2014
110005,40.0,40.0,2014
110006,56.0,55.0,2014
110007,16.0,16.0,2014
110008,45.0,45.0,2014
110009,54.0,36.0,2014
110010,120.0,107.0,2014
110011,97.0,86.0,2014
110012,248.0,137.0,2014
110013,44.0,44.0,2014
110014,44.0,44.0,2014
110015,104.0,62.0,2014
110018,58.0,46.0,2014
110020,1654.0,1179.0,2014
110025,49.0,49.0,2014
110026,12.0,12.0,2014
110028,102.0,86.0,2014
110029,25.0,25.0,2014
110030,215.0,188.0,2014
110032,44.0,44.0,2014
110033,42.0,42.0,2014
110034,35.0,35.0,2014
110037,16.0,16.0,2014
110040,15.0,15.0,2014
110045,59.0,32.0,2014
110050,18.0,18.0,2014
110060,26.0,26.0,2014
110070,19.0,19.0,2014
110080,15.0,15.0,2014
110090,7.0,7.0,2014
110092,10.0,10.0,2014
110094,11.0,11.0,2014
110100,21.0,21.0,2014
110110,20.0,20.0,2014
110120,16.0,16.0,2014
110130,41.0,25.0,2014
110140,40.0,40.0,2014
110143,18.0,18.0,2014
110145,8.0,8.0,2014
110146,9.0,9.0,2014
110148,16.0,16.0,2014
110149,35.0,35.0,2014
110150,36.0,36.0,2014
110155,9.0,9.0,2014
110160,13.0,13.0,2014
110170,25.0,25.0,2014
110175,12.0,12.0,2014
110180,16.0,16.0,2014
120001,16.0,16.0,2014
120005,12.0,12.0,2014
120010,42.0,42.0,2014
120020,210.0,194.0,2014
120030,29.0,29.0,2014
120032,10.0,10.0,2014
120033,25.0,25.0,2014
120034,23.0,23.0,2014
120035,13.0,13.0,2014
120038,40.0,40.0,2014
120039,14.0,14.0,2014
120040,768.0,619.0,2014
120042,15.0,15.0,2014
120043,15.0,15.0,2014
120045,32.0,32.0,2014
120050,54.0,54.0,2014
120060,42.0,42.0,2014
120070,25.0,25.0,2014
130002,22.0,22.0,2014
130006,19.0,19.0,2014
130008,20.0,20.0,2014
130010,23.0,23.0,2014
130014,42.0,42.0,2014
130020,30.0,30.0,2014
130030,31.0,31.0,2014
130040,30.0,30.0,2014
130050,32.0,32.0,2014
130060,34.0,34.0,2014
130063,13.0,13.0,2014
130068,20.0,20.0,2014
130070,61.0,61.0,2014
130080,38.0,38.0,2014
130083,13.0,13.0,2014
130090,16.0,16.0,2014
130100,50.0,50.0,2014
130110,20.0,20.0,2014
130120,103.0,103.0,2014
130130,44.0,44.0,2014
130140,80.0,80.0,2014
130150,21.0,21.0,2014
130160,36.0,36.0,2014
130165,19.0,19.0,2014
130170,39.0,39.0,2014
130180,26.0,26.0,2014
130185,32.0,32.0,2014
130190,108.0,108.0,2014
130195,15.0,15.0,2014
130200,18.0,18.0,2014
130210,20.0,20.0,2014
130220,20.0,20.0,2014
130230,19.0,19.0,2014
130240,50.0,50.0,2014
130250,78.0,78.0,2014
130255,12.0,12.0,2014
130260,3448.0,2562.0,2014
130270,60.0,60.0,2014
130280,20.0,20.0,2014
130290,90.0,90.0,2014
130300,30.0,30.0,2014
130310,30.0,30.0,2014
130320,20.0,20.0,2014
130330,31.0,31.0,2014
130340,140.0,140.0,2014
130350,16.0,16.0,2014
130353,35.0,29.0,2014
130356,29.0,29.0,2014
130360,20.0,20.0,2014
130370,52.0,24.0,2014
130380,103.0,97.0,2014
130390,20.0,20.0,2014
130395,20.0,20.0,2014
130400,20.0,20.0,2014
130406,47.0,47.0,2014
130410,35.0,35.0,2014
130420,109.0,97.0,2014
130423,33.0,33.0,2014
130426,20.0,20.0,2014
130430,40.0,40.0,2014
130440,32.0,32.0,2014
140005,34.0,34.0,2014
140010,675.0,620.0,2014
140015,15.0,15.0,2014
140020,28.0,28.0,2014
140023,16.0,16.0,2014
140028,7.0,7.0,2014
140030,23.0,23.0,2014
140040,21.0,21.0,2014
140045,14.0,12.0,2014
140047,51.0,51.0,2014
140050,14.0,14.0,2014
140060,8.0,8.0,2014
150010,251.0,173.0,2014
150013,17.0,17.0,2014
150020,33.0,33.0,2014
150030,30.0,30.0,2014
150034,43.0,43.0,2014
150040,127.0,100.0,2014
150050,94.0,87.0,2014
150060,312.0,246.0,2014
150070,20.0,20.0,2014
150080,1129.0,782.0,2014
150085,20.0,20.0,2014
150090,117.0,100.0,2014
150095,64.0,64.0,2014
150120,30.0,30.0,2014
150125,10.0,10.0,2014
150130,89.0,71.0,2014
150140,4785.0,2478.0,2014
150145,20.0,20.0,2014
150150,56.0,56.0,2014
150157,31.0,31.0,2014
150170,354.0,266.0,2014
150172,55.0,51.0,2014
150175,24.0,24.0,2014
150178,58.0,44.0,2014
150180,157.0,157.0,2014
150190,43.0,28.0,2014
150200,20.0,20.0,2014
150210,183.0,156.0,2014
150215,71.0,44.0,2014
150220,398.0,112.0,2014
150230,190.0,147.0,2014
150240,492.0,430.0,2014
150250,9.0,9.0,2014
150270,173.0,157.0,2014
150275,25.0,25.0,2014
150276,11.0,11.0,2014
150277,50.0,50.0,2014
150280,25.0,25.0,2014
150290,27.0,27.0,2014
150293,81.0,75.0,2014
150295,41.0,41.0,2014
150300,10.0,10.0,2014
150304,20.0,20.0,2014
150307,5.0,5.0,2014
150309,82.0,24.0,2014
150310,23.0,23.0,2014
150320,45.0,45.0,2014
150330,142.0,115.0,2014
150340,20.0,20.0,2014
150345,55.0,55.0,2014
150350,42.0,42.0,2014
150360,431.0,145.0,2014
150370,91.0,53.0,2014
150375,24.0,24.0,2014
150380,120.0,103.0,2014
150390,57.0,34.0,2014
150400,20.0,20.0,2014
150405,52.0,52.0,2014
150420,273.0,185.0,2014
150430,27.0,27.0,2014
150440,18.0,18.0,2014
150442,155.0,108.0,2014
150445,41.0,41.0,2014
150450,15.0,15.0,2014
150460,27.0,27.0,2014
150470,50.0,50.0,2014
150480,81.0,64.0,2014
150490,26.0,26.0,2014
150495,32.0,32.0,2014
150497,15.0,15.0,2014
150503,42.0,34.0,2014
150506,54.0,54.0,2014
150510,80.0,80.0,2014
150520,15.0,15.0,2014
150530,79.0,64.0,2014
150540,24.0,24.0,2014
150543,52.0,50.0,2014
150548,29.0,29.0,2014
150549,20.0,20.0,2014
150550,246.0,111.0,2014
150553,295.0,69.0,2014
150555,22.0,22.0,2014
150563,20.0,20.0,2014
150565,29.0,29.0,2014
150570,20.0,20.0,2014
150580,29.0,29.0,2014
150590,49.0,49.0,2014
150600,20.0,20.0,2014
150613,275.0,176.0,2014
150616,70.0,29.0,2014
150618,142.0,136.0,2014
150619,27.0,27.0,2014
150620,87.0,82.0,2014
150630,19.0,19.0,2014
150640,15.0,15.0,2014
150650,130.0,130.0,2014
150658,23.0,23.0,2014
150660,35.0,35.0,2014
150670,60.0,60.0,2014
150680,522.0,407.0,2014
150700,85.0,69.0,2014
150710,20.0,20.0,2014
150715,48.0,21.0,2014
150720,31.0,31.0,2014
150730,98.0,91.0,2014
150745,41.0,41.0,2014
150747,24.0,24.0,2014
150750,16.0,16.0,2014
150760,162.0,148.0,2014
150770,32.0,32.0,2014
150775,11.0,11.0,2014
150780,15.0,15.0,2014
150790,48.0,48.0,2014
150795,40.0,40.0,2014
150797,21.0,21.0,2014
150800,171.0,150.0,2014
150803,15.0,15.0,2014
150805,21.0,21.0,2014
150808,157.0,113.0,2014
150810,304.0,222.0,2014
150812,89.0,83.0,2014
150815,61.0,58.0,2014
150820,35.0,35.0,2014
150830,65.0,65.0,2014
150835,16.0,16.0,2014
150840,152.0,60.0,2014
160005,30.0,30.0,2014
160010,37.0,37.0,2014
160015,15.0,15.0,2014
160020,20.0,20.0,2014
160023,12.0,12.0,2014
160027,47.0,47.0,2014
160030,754.0,628.0,2014
160040,14.0,14.0,2014
160050,41.0,41.0,2014
160053,34.0,34.0,2014
160060,103.0,83.0,2014
160070,10.0,10.0,2014
160080,8.0,8.0,2014
170070,20.0,20.0,2014
170100,14.0,14.0,2014
170190,17.0,17.0,2014
170200,26.0,26.0,2014
170210,549.0,459.0,2014
170220,25.0,25.0,2014
170230,27.0,27.0,2014
170240,38.0,38.0,2014
170255,93.0,93.0,2014
170370,5.0,5.0,2014
170550,73.0,61.0,2014
170610,7.0,7.0,2014
170700,39.0,39.0,2014
170710,14.0,14.0,2014
170730,5.0,5.0,2014
170765,5.0,5.0,2014
170820,40.0,40.0,2014
170900,10.0,10.0,2014
170930,54.0,54.0,2014
170950,215.0,101.0,2014
171050,27.0,27.0,2014
171070,6.0,6.0,2014
171190,30.0,30.0,2014
171320,68.0,68.0,2014
171330,26.0,26.0,2014
171360,5.0,5.0,2014
171420,9.0,9.0,2014
171430,31.0,31.0,2014
171575,5.0,5.0,2014
171610,80.0,70.0,2014
171620,24.0,24.0,2014
171650,31.0,31.0,2014
171660,26.0,26.0,2014
171670,21.0,21.0,2014
171700,6.0,6.0,2014
171750,5.0,5.0,2014
171790,7.0,7.0,2014
171820,126.0,126.0,2014
171886,6.0,6.0,2014
172065,5.0,5.0,2014
172090,47.0,47.0,2014
172100,605.0,428.0,2014
172120,40.0,40.0,2014
172210,28.0,28.0,2014
210005,334.0,121.0,2014
210010,15.0,15.0,2014
210015,15.0,15.0,2014
210020,24.0,24.0,2014
210030,25.0,25.0,2014
210043,48.0,48.0,2014
210047,69.0,69.0,2014
210050,32.0,,2014
210060,70.0,66.0,2014
210070,32.0,32.0,2014
210080,16.0,16.0,2014
210083,15.0,15.0,2014
210087,17.0,17.0,2014
210090,52.0,52.0,2014
210095,58.0,58.0,2014
210100,59.0,50.0,2014
210110,20.0,20.0,2014
210120,134.0,119.0,2014
210130,39.0,39.0,2014
210140,119.0,88.0,2014
210150,31.0,31.0,2014
210160,150.0,129.0,2014
210170,52.0,47.0,2014
210177,15.0,15.0,2014
210180,15.0,15.0,2014
210190,16.0,16.0,2014
210193,15.0,15.0,2014
210197,15.0,15.0,2014
210200,36.0,36.0,2014
210203,25.0,25.0,2014
210210,69.0,69.0,2014
210220,35.0,35.0,2014
210230,29.0,29.0,2014
210232,74.0,74.0,2014
210240,19.0,19.0,2014
210250,12.0,12.0,2014
210255,17.0,17.0,2014
210260,10.0,10.0,2014
210270,34.0,34.0,2014
210275,12.0,12.0,2014
210280,53.0,53.0,2014
210290,38.0,38.0,2014
210300,218.0,211.0,2014
210310,15.0,15.0,2014
210312,19.0,19.0,2014
210320,122.0,90.0,2014
210325,21.0,21.0,2014
210330,120.0,120.0,2014
210340,100.0,100.0,2014
210350,163.0,163.0,2014
210355,15.0,15.0,2014
210360,153.0,153.0,2014
210370,99.0,93.0,2014
210375,14.0,14.0,2014
210380,29.0,29.0,2014
210390,26.0,26.0,2014
210400,44.0,44.0,2014
210405,61.0,53.0,2014
210407,20.0,20.0,2014
210408,18.0,18.0,2014
210409,13.0,13.0,2014
210410,31.0,31.0,2014
210420,17.0,17.0,2014
210440,29.0,29.0,2014
210450,24.0,24.0,2014
210455,13.0,13.0,2014
210460,30.0,30.0,2014
210462,22.0,22.0,2014
210465,33.0,33.0,2014
210467,204.0,200.0,2014
210470,18.0,18.0,2014
210480,167.0,164.0,2014
210490,36.0,32.0,2014
210500,30.0,30.0,2014
210510,34.0,34.0,2014
210515,37.0,37.0,2014
210520,37.0,37.0,2014
210530,782.0,523.0,2014
210535,33.0,33.0,2014
210540,39.0,39.0,2014
210542,76.0,76.0,2014
210545,16.0,16.0,2014
210547,17.0,17.0,2014
210550,58.0,58.0,2014
210560,22.0,22.0,2014
210565,16.0,16.0,2014
210570,144.0,98.0,2014
210580,16.0,16.0,2014
210590,45.0,45.0,2014
210594,20.0,20.0,2014
210596,13.0,13.0,2014
210600,38.0,38.0,2014
210610,20.0,20.0,2014
210620,2.0,2.0,2014
210630,20.0,20.0,2014
210632,15.0,15.0,2014
210637,18.0,18.0,2014
210640,23.0,23.0,2014
210650,17.0,17.0,2014
210660,45.0,41.0,2014
210663,25.0,25.0,2014
210667,9.0,9.0,2014
210670,17.0,17.0,2014
210675,44.0,44.0,2014
210680,22.0,22.0,2014
210690,83.0,83.0,2014
210700,30.0,30.0,2014
210710,44.0,44.0,2014
210720,20.0,20.0,2014
210725,14.0,14.0,2014
210730,15.0,15.0,2014
210735,37.0,37.0,2014
210740,20.0,20.0,2014
210745,38.0,38.0,2014
210750,28.0,28.0,2014
210760,36.0,36.0,2014
210770,48.0,48.0,2014
210780,50.0,50.0,2014
210790,118.0,118.0,2014
210800,35.0,35.0,2014
210805,20.0,20.0,2014
210810,39.0,35.0,2014
210820,142.0,115.0,2014
210825,34.0,34.0,2014
210830,71.0,71.0,2014
210840,27.0,27.0,2014
210845,52.0,48.0,2014
210850,40.0,40.0,2014
210860,117.0,111.0,2014
210870,35.0,35.0,2014
210880,18.0,18.0,2014
210890,39.0,39.0,2014
210900,50.0,50.0,2014
210910,281.0,277.0,2014
210920,15.0,15.0,2014
210930,14.0,14.0,2014
210940,14.0,14.0,2014
210945,48.0,32.0,2014
210950,50.0,50.0,2014
210955,15.0,15.0,2014
210960,123.0,113.0,2014
210970,9.0,9.0,2014
210975,17.0,17.0,2014
210980,46.0,46.0,2014
210990,271.0,251.0,2014
211000,86.0,86.0,2014
211003,58.0,58.0,2014
211010,42.0,42.0,2014
211020,70.0,63.0,2014
211023,14.0,14.0,2014
211027,15.0,15.0,2014
211030,30.0,30.0,2014
211040,24.0,24.0,2014
211050,49.0,49.0,2014
211060,45.0,41.0,2014
211065,21.0,21.0,2014
211070,34.0,30.0,2014
211080,18.0,18.0,2014
211085,24.0,24.0,2014
211090,18.0,18.0,2014
211100,50.0,50.0,2014
211102,35.0,35.0,2014
211105,16.0,16.0,2014
211107,19.0,19.0,2014
211110,54.0,52.0,2014
211120,124.0,72.0,2014
211125,13.0,13.0,2014
211130,3960.0,3302.0,2014
211140,29.0,29.0,2014
211150,49.0,49.0,2014
211153,26.0,26.0,2014
211157,18.0,18.0,2014
211160,23.0,19.0,2014
211163,16.0,16.0,2014
211170,53.0,53.0,2014
211172,36.0,36.0,2014
211174,20.0,20.0,2014
211178,20.0,20.0,2014
211180,59.0,55.0,2014
211190,15.0,15.0,2014
211195,16.0,16.0,2014
211200,16.0,16.0,2014
211210,84.0,84.0,2014
211220,120.0,115.0,2014
211223,29.0,29.0,2014
211227,17.0,17.0,2014
211230,50.0,50.0,2014
211240,52.0,52.0,2014
211250,52.0,52.0,2014
211260,46.0,46.0,2014
211270,37.0,37.0,2014
211280,116.0,110.0,2014
211285,21.0,21.0,2014
211290,54.0,50.0,2014
211300,48.0,48.0,2014
211400,77.0,77.0,2014
220010,15.0,15.0,2014
220020,27.0,27.0,2014
220025,12.0,12.0,2014
220030,22.0,22.0,2014
220040,37.0,37.0,2014
220050,45.0,45.0,2014
220060,11.0,11.0,2014
220070,10.0,10.0,2014
220090,6.0,6.0,2014
220100,4.0,4.0,2014
220110,18.0,18.0,2014
220115,6.0,6.0,2014
220120,74.0,70.0,2014
220140,25.0,25.0,2014
220150,33.0,33.0,2014
220160,15.0,15.0,2014
220170,6.0,6.0,2014
220180,12.0,12.0,2014
220190,66.0,66.0,2014
220191,6.0,6.0,2014
220196,10.0,10.0,2014
220200,27.0,27.0,2014
220202,16.0,16.0,2014
220220,253.0,253.0,2014
220225,4.0,4.0,2014
220230,23.0,23.0,2014
220240,9.0,9.0,2014
220250,11.0,11.0,2014
220260,46.0,46.0,2014
220270,23.0,23.0,2014
220277,7.0,7.0,2014
220280,45.0,45.0,2014
220290,41.0,41.0,2014
220300,25.0,25.0,2014
220310,26.0,26.0,2014
220320,35.0,35.0,2014
220330,21.0,21.0,2014
220335,7.0,7.0,2014
220350,34.0,34.0,2014
220360,8.0,8.0,2014
220370,65.0,65.0,2014
220375,16.0,16.0,2014
220380,2.0,2.0,2014
220390,219.0,144.0,2014
220400,14.0,14.0,2014
220410,4.0,4.0,2014
220420,14.0,14.0,2014
220430,34.0,34.0,2014
220440,12.0,12.0,2014
220450,32.0,32.0,2014
220470,11.0,11.0,2014
220480,15.0,15.0,2014
220490,20.0,20.0,2014
220500,21.0,21.0,2014
220510,26.0,26.0,2014
220520,35.0,31.0,2014
220530,7.0,7.0,2014
220540,17.0,17.0,2014
220550,23.0,23.0,2014
220553,13.0,13.0,2014
220555,10.0,10.0,2014
220560,8.0,8.0,2014
220570,32.0,32.0,2014
220580,64.0,64.0,2014
220585,7.0,7.0,2014
220590,7.0,7.0,2014
220595,38.0,38.0,2014
220600,11.0,11.0,2014
220610,15.0,15.0,2014
220620,23.0,23.0,2014
220640,13.0,13.0,2014
220650,20.0,20.0,2014
220660,25.0,25.0,2014
220670,6.0,6.0,2014
220680,13.0,13.0,2014
220690,12.0,12.0,2014
220700,148.0,132.0,2014
220720,81.0,81.0,2014
220730,8.0,8.0,2014
220740,12.0,12.0,2014
220750,17.0,17.0,2014
220760,25.0,25.0,2014
220770,445.0,369.0,2014
220780,62.0,59.0,2014
220790,70.0,49.0,2014
220800,498.0,444.0,2014
220810,16.0,16.0,2014
220820,35.0,35.0,2014
220830,65.0,65.0,2014
220840,92.0,92.0,2014
220850,17.0,17.0,2014
220855,3.0,3.0,2014
220860,16.0,16.0,2014
220870,19.0,19.0,2014
220880,27.0,27.0,2014
220890,8.0,8.0,2014
220900,2.0,2.0,2014
220910,31.0,30.0,2014
220920,10.0,10.0,2014
220937,16.0,8.0,2014
220940,6.0,6.0,2014
220950,7.0,7.0,2014
220960,20.0,20.0,2014
220970,7.0,7.0,2014
220980,15.0,15.0,2014
220987,14.0,14.0,2014
220990,12.0,12.0,2014
221000,67.0,67.0,2014
221010,3.0,3.0,2014
221020,8.0,8.0,2014
221030,29.0,29.0,2014
221040,44.0,39.0,2014
221050,41.0,41.0,2014
221060,289.0,268.0,2014
221065,16.0,,2014
221070,52.0,52.0,2014
221080,32.0,32.0,2014
221090,12.0,12.0,2014
221100,3054.0,2326.0,2014
221110,35.0,35.0,2014
221120,37.0,37.0,2014
221130,46.0,46.0,2014
221140,14.0,14.0,2014
221170,19.0,19.0,2014
230020,70.0,70.0,2014
230030,150.0,146.0,2014
230040,34.0,34.0,2014
230060,19.0,19.0,2014
230070,33.0,33.0,2014
230075,36.0,36.0,2014
230080,16.0,16.0,2014
230090,12.0,12.0,2014
230100,92.0,40.0,2014
230110,109.0,96.0,2014
230120,50.0,50.0,2014
230125,18.0,18.0,2014
230130,42.0,42.0,2014
230140,12.0,12.0,2014
230150,16.0,16.0,2014
230160,44.0,44.0,2014
230170,89.0,89.0,2014
230180,19.0,19.0,2014
230185,17.0,17.0,2014
230190,355.0,323.0,2014
230195,25.0,25.0,2014
230200,30.0,30.0,2014
230205,9.0,9.0,2014
230210,66.0,52.0,2014
230220,25.0,25.0,2014
230230,30.0,30.0,2014
230240,66.0,66.0,2014
230250,225.0,203.0,2014
230260,79.0,79.0,2014
230270,83.0,83.0,2014
230280,122.0,108.0,2014
230290,18.0,18.0,2014
230300,21.0,21.0,2014
230310,18.0,18.0,2014
230320,33.0,33.0,2014
230330,26.0,26.0,2014
230340,16.0,16.0,2014
230350,69.0,65.0,2014
230360,18.0,18.0,2014
230365,23.0,23.0,2014
230370,293.0,293.0,2014
230380,100.0,90.0,2014
230390,33.0,33.0,2014
230393,16.0,16.0,2014
230395,11.0,11.0,2014
230400,14.0,14.0,2014
230410,146.0,113.0,2014
230420,600.0,388.0,2014
230423,30.0,30.0,2014
230425,56.0,56.0,2014
230426,12.0,12.0,2014
230427,9.0,9.0,2014
230428,118.0,56.0,2014
230430,42.0,42.0,2014
230435,8.0,8.0,2014
230440,7824.0,5308.0,2014
230445,12.0,12.0,2014
230450,31.0,31.0,2014
230460,13.0,13.0,2014
230470,32.0,32.0,2014
230480,25.0,25.0,2014
230490,19.0,19.0,2014
230495,13.0,13.0,2014
230500,45.0,45.0,2014
230510,5.0,5.0,2014
230520,21.0,21.0,2014
230523,46.0,46.0,2014
230526,21.0,21.0,2014
230530,29.0,29.0,2014
230533,8.0,8.0,2014
230535,14.0,14.0,2014
230540,119.0,54.0,2014
230550,221.0,181.0,2014
230560,19.0,19.0,2014
230565,18.0,18.0,2014
230570,26.0,26.0,2014
230580,172.0,45.0,2014
230590,57.0,53.0,2014
230600,30.0,30.0,2014
230610,18.0,18.0,2014
230620,17.0,17.0,2014
230625,38.0,38.0,2014
230630,34.0,34.0,2014
230640,166.0,135.0,2014
230650,28.0,28.0,2014
230655,30.0,30.0,2014
230670,19.0,19.0,2014
230680,40.0,40.0,2014
230690,31.0,31.0,2014
230700,24.0,24.0,2014
230710,64.0,64.0,2014
230720,33.0,33.0,2014
230725,17.0,,2014
230730,427.0,316.0,2014
230740,65.0,65.0,2014
230750,47.0,43.0,2014
230760,104.0,92.0,2014
230763,24.0,24.0,2014
230765,266.0,239.0,2014
230770,119.0,51.0,2014
230780,32.0,32.0,2014
230790,17.0,9.0,2014
230800,30.0,30.0,2014
230810,70.0,70.0,2014
230820,20.0,20.0,2014
230830,77.0,33.0,2014
230835,28.0,28.0,2014
230837,11.0,11.0,2014
230840,72.0,72.0,2014
230850,30.0,30.0,2014
230860,25.0,25.0,2014
230870,149.0,119.0,2014
230880,12.0,12.0,2014
230890,20.0,20.0,2014
230900,40.0,40.0,2014
230910,9.0,9.0,2014
230920,20.0,20.0,2014
230930,43.0,43.0,2014
230940,20.0,20.0,2014
230945,19.0,19.0,2014
230950,37.0,37.0,2014
230960,82.0,80.0,2014
230970,24.0,24.0,2014
230980,20.0,20.0,2014
231000,9.0,9.0,2014
231010,16.0,16.0,2014
231020,47.0,47.0,2014
231025,25.0,25.0,2014
231030,34.0,34.0,2014
231040,28.0,28.0,2014
231050,56.0,56.0,2014
231060,12.0,12.0,2014
231070,68.0,68.0,2014
231080,19.0,19.0,2014
231085,14.0,14.0,2014
231090,18.0,18.0,2014
231100,21.0,21.0,2014
231110,22.0,22.0,2014
231120,18.0,18.0,2014
231123,13.0,13.0,2014
231126,17.0,17.0,2014
231130,101.0,94.0,2014
231135,24.0,24.0,2014
231140,266.0,266.0,2014
231150,28.0,28.0,2014
231160,59.0,56.0,2014
231170,28.0,28.0,2014
231180,240.0,187.0,2014
231190,37.0,37.0,2014
231195,14.0,14.0,2014
231200,40.0,40.0,2014
231210,19.0,19.0,2014
231220,46.0,46.0,2014
231230,87.0,73.0,2014
231240,35.0,35.0,2014
231250,30.0,30.0,2014
231260,20.0,20.0,2014
231270,52.0,48.0,2014
231280,7.0,7.0,2014
231290,832.0,744.0,2014
231300,26.0,26.0,2014
231310,48.0,48.0,2014
231320,39.0,39.0,2014
231325,16.0,16.0,2014
231330,81.0,81.0,2014
231335,16.0,16.0,2014
231340,65.0,65.0,2014
231350,29.0,29.0,2014
231355,13.0,13.0,2014
231360,51.0,45.0,2014
231370,20.0,20.0,2014
231375,13.0,13.0,2014
231380,25.0,25.0,2014
231390,12.0,12.0,2014
231395,20.0,20.0,2014
231400,61.0,53.0,2014
231410,69.0,69.0,2014
240010,72.0,66.0,2014
240020,80.0,76.0,2014
240030,27.0,27.0,2014
240050,103.0,103.0,2014
240060,50.0,50.0,2014
240070,21.0,21.0,2014
240080,28.0,28.0,2014
240090,32.0,32.0,2014
240100,73.0,69.0,2014
240110,34.0,34.0,2014
240120,20.0,20.0,2014
240140,9.0,9.0,2014
240145,21.0,21.0,2014
240150,12.0,12.0,2014
240160,35.0,35.0,2014
240170,15.0,15.0,2014
240180,15.0,15.0,2014
240190,8.0,8.0,2014
240200,221.0,184.0,2014
240220,40.0,40.0,2014
240230,66.0,66.0,2014
240240,33.0,33.0,2014
240250,21.0,21.0,2014
240260,47.0,47.0,2014
240270,24.0,24.0,2014
240280,12.0,12.0,2014
240290,9.0,9.0,2014
240300,12.0,12.0,2014
240310,141.0,141.0,2014
240320,16.0,16.0,2014
240325,137.0,137.0,2014
240330,25.0,25.0,2014
240340,20.0,20.0,2014
240360,26.0,26.0,2014
240370,15.0,15.0,2014
240380,25.0,25.0,2014
240390,6.0,6.0,2014
240400,28.0,28.0,2014
240420,14.0,14.0,2014
240430,25.0,25.0,2014
240440,13.0,13.0,2014
240450,27.0,27.0,2014
240490,15.0,15.0,2014
240500,25.0,25.0,2014
240510,16.0,16.0,2014
240520,20.0,20.0,2014
240530,18.0,18.0,2014
240540,1.0,1.0,2014
240560,23.0,23.0,2014
240570,33.0,33.0,2014
240580,34.0,34.0,2014
240600,21.0,21.0,2014
240610,48.0,48.0,2014
240620,10.0,10.0,2014
240640,8.0,8.0,2014
240650,29.0,29.0,2014
240670,31.0,31.0,2014
240680,8.0,8.0,2014
240690,12.0,12.0,2014
240700,30.0,30.0,2014
240710,38.0,34.0,2014
240720,75.0,75.0,2014
240725,12.0,12.0,2014
240730,19.0,19.0,2014
240740,30.0,30.0,2014
240760,16.0,16.0,2014
240770,11.0,11.0,2014
240780,21.0,21.0,2014
240790,13.0,13.0,2014
240800,632.0,512.0,2014
240810,2873.0,2001.0,2014
240820,24.0,4.0,2014
240830,38.0,38.0,2014
240840,14.0,14.0,2014
240850,16.0,16.0,2014
240860,8.0,8.0,2014
240880,6.0,6.0,2014
240890,50.0,50.0,2014
240910,30.0,30.0,2014
240930,40.0,40.0,2014
240940,128.0,119.0,2014
240950,14.0,14.0,2014
240960,4.0,4.0,2014
240980,11.0,11.0,2014
240990,13.0,13.0,2014
241000,10.0,10.0,2014
241010,30.0,30.0,2014
241020,31.0,31.0,2014
241030,22.0,22.0,2014
241040,1.0,1.0,2014
241050,8.0,8.0,2014
241060,15.0,15.0,2014
241070,17.0,17.0,2014
241080,15.0,15.0,2014
241100,18.0,18.0,2014
241110,13.0,13.0,2014
241120,91.0,91.0,2014
241140,41.0,41.0,2014
241142,13.0,13.0,2014
241150,40.0,40.0,2014
241170,10.0,10.0,2014
241200,64.0,64.0,2014
241210,26.0,26.0,2014
241220,126.0,80.0,2014
241230,16.0,16.0,2014
241240,38.0,38.0,2014
241250,91.0,91.0,2014
241255,7.0,7.0,2014
241260,40.0,36.0,2014
241270,4.0,4.0,2014
241280,19.0,19.0,2014
241290,32.0,32.0,2014
241300,14.0,14.0,2014
241310,7.0,7.0,2014
241330,12.0,12.0,2014
241335,17.0,17.0,2014
241340,22.0,22.0,2014
241355,13.0,13.0,2014
241360,15.0,15.0,2014
241370,12.0,12.0,2014
241380,14.0,7.0,2014
241390,3.0,3.0,2014
241400,17.0,17.0,2014
241410,27.0,27.0,2014
241415,3.0,3.0,2014
241420,15.0,15.0,2014
241440,30.0,30.0,2014
241445,12.0,12.0,2014
241450,16.0,16.0,2014
241460,13.0,13.0,2014
241475,8.0,8.0,2014
241480,12.0,12.0,2014
241490,15.0,15.0,2014
241500,21.0,21.0,2014
250010,20.0,20.0,2014
250020,10.0,10.0,2014
250030,46.0,46.0,2014
250040,28.0,28.0,2014
250060,15.0,15.0,2014
250070,28.0,28.0,2014
250080,4.0,4.0,2014
250090,13.0,13.0,2014
250100,76.0,76.0,2014
250110,36.0,36.0,2014
250130,40.0,40.0,2014
250150,37.0,37.0,2014
250157,9.0,9.0,2014
250160,20.0,20.0,2014
250180,48.0,48.0,2014
250190,23.0,23.0,2014
250200,33.0,30.0,2014
250230,16.0,16.0,2014
250240,19.0,19.0,2014
250250,32.0,32.0,2014
250260,29.0,29.0,2014
250280,25.0,25.0,2014
250290,18.0,18.0,2014
250300,38.0,35.0,2014
250320,49.0,35.0,2014
250340,5.0,5.0,2014
250350,22.0,22.0,2014
250370,251.0,219.0,2014
250400,1768.0,1413.0,2014
250420,9.0,9.0,2014
250430,64.0,64.0,2014
250440,58.0,58.0,2014
250480,34.0,34.0,2014
250500,16.0,16.0,2014
250510,60.0,60.0,2014
250540,23.0,23.0,2014
250570,16.0,16.0,2014
250600,61.0,49.0,2014
250610,16.0,16.0,2014
250620,22.0,22.0,2014
250630,117.0,105.0,2014
250640,29.0,29.0,2014
250650,4.0,4.0,2014
250660,12.0,12.0,2014
250680,32.0,32.0,2014
250690,128.0,128.0,2014
250700,49.0,49.0,2014
250710,18.0,18.0,2014
250730,8.0,8.0,2014
250740,12.0,12.0,2014
250750,3037.0,2111.0,2014
250770,70.0,70.0,2014
250780,28.0,28.0,2014
250790,12.0,12.0,2014
250800,16.0,16.0,2014
250820,19.0,19.0,2014
250830,34.0,34.0,2014
250840,10.0,10.0,2014
250860,2.0,2.0,2014
250890,36.0,36.0,2014
250920,51.0,51.0,2014
250970,47.0,47.0,2014
250990,19.0,19.0,2014
251010,28.0,28.0,2014
251020,22.0,22.0,2014
251040,21.0,21.0,2014
251080,288.0,246.0,2014
251090,17.0,17.0,2014
251100,1.0,1.0,2014
251110,28.0,28.0,2014
251120,47.0,47.0,2014
251130,130.0,122.0,2014
251140,100.0,100.0,2014
251150,19.0,18.0,2014
251180,17.0,17.0,2014
251200,57.0,57.0,2014
251210,94.0,94.0,2014
251230,73.0,69.0,2014
251250,41.0,41.0,2014
251260,16.0,16.0,2014
251270,85.0,85.0,2014
251280,8.0,8.0,2014
251320,18.0,18.0,2014
251335,10.0,10.0,2014
251340,36.0,36.0,2014
251350,9.0,9.0,2014
251370,106.0,92.0,2014
251385,6.0,6.0,2014
251390,37.0,37.0,2014
251400,12.0,12.0,2014
251420,3.0,3.0,2014
251430,15.0,15.0,2014
251450,23.0,23.0,2014
251470,4.0,4.0,2014
251490,26.0,26.0,2014
251530,58.0,58.0,2014
251540,36.0,36.0,2014
251550,58.0,58.0,2014
251570,12.0,12.0,2014
251590,15.0,15.0,2014
251600,34.0,34.0,2014
251610,22.0,22.0,2014
251620,247.0,164.0,2014
251630,58.0,58.0,2014
251650,52.0,52.0,2014
251660,23.0,23.0,2014
251670,39.0,39.0,2014
251690,44.0,44.0,2014
251710,8.0,8.0,2014
260005,63.0,49.0,2014
260010,187.0,141.0,2014
260020,39.0,39.0,2014
260030,72.0,62.0,2014
260040,50.0,50.0,2014
260050,43.0,43.0,2014
260060,11.0,11.0,2014
260070,26.0,26.0,2014
260080,18.0,18.0,2014
260090,31.0,31.0,2014
260100,17.0,17.0,2014
260105,3.0,3.0,2014
260110,187.0,164.0,2014
260120,158.0,116.0,2014
260130,11.0,11.0,2014
260140,210.0,210.0,2014
260150,9.0,9.0,2014
260160,44.0,44.0,2014
260170,65.0,59.0,2014
260180,10.0,10.0,2014
260190,175.0,166.0,2014
260200,28.0,28.0,2014
260210,51.0,51.0,2014
260220,33.0,33.0,2014
260230,52.0,52.0,2014
260240,14.0,14.0,2014
260250,7.0,7.0,2014
260260,31.0,31.0,2014
260270,17.0,17.0,2014
260280,68.0,68.0,2014
260290,393.0,293.0,2014
260300,58.0,58.0,2014
260310,16.0,16.0,2014
260320,35.0,35.0,2014
260330,15.0,15.0,2014
260340,17.0,17.0,2014
260345,77.0,57.0,2014
260350,14.0,14.0,2014
260360,7.0,7.0,2014
260370,32.0,32.0,2014
260380,25.0,25.0,2014
260390,15.0,15.0,2014
260392,11.0,11.0,2014
260400,115.0,113.0,2014
260410,989.0,814.0,2014
260415,28.0,28.0,2014
260420,27.0,27.0,2014
260430,18.0,18.0,2014
260440,19.0,19.0,2014
260450,38.0,38.0,2014
260460,21.0,21.0,2014
260470,23.0,23.0,2014
260480,36.0,36.0,2014
260490,31.0,31.0,2014
260500,20.0,20.0,2014
260510,83.0,71.0,2014
260515,27.0,27.0,2014
260520,164.0,136.0,2014
260530,33.0,33.0,2014
260540,17.0,17.0,2014
260545,8.0,8.0,2014
260550,7.0,7.0,2014
260560,22.0,22.0,2014
260570,103.0,89.0,2014
260580,11.0,11.0,2014
260590,23.0,23.0,2014
260600,472.0,380.0,2014
260610,24.0,24.0,2014
260620,143.0,101.0,2014
260630,19.0,19.0,2014
260640,60.0,60.0,2014
260650,22.0,22.0,2014
260660,19.0,19.0,2014
260670,7.0,7.0,2014
260680,250.0,156.0,2014
260690,16.0,16.0,2014
260700,13.0,13.0,2014
260710,4.0,4.0,2014
260720,24.0,24.0,2014
260730,51.0,51.0,2014
260740,4.0,4.0,2014
260750,32.0,32.0,2014
260760,14.0,14.0,2014
260765,42.0,42.0,2014
260770,25.0,25.0,2014
260775,20.0,20.0,2014
260780,14.0,14.0,2014
260790,577.0,463.0,2014
260795,32.0,32.0,2014
260800,13.0,13.0,2014
260805,23.0,23.0,2014
260810,23.0,23.0,2014
260820,14.0,14.0,2014
260825,6.0,6.0,2014
260830,15.0,15.0,2014
260840,18.0,18.0,2014
260845,13.0,13.0,2014
260850,19.0,19.0,2014
260860,35.0,35.0,2014
260870,17.0,17.0,2014
260875,29.0,29.0,2014
260880,34.0,34.0,2014
260890,241.0,231.0,2014
260900,52.0,52.0,2014
260910,9.0,9.0,2014
260915,16.0,16.0,2014
260920,13.0,13.0,2014
260930,34.0,34.0,2014
260940,93.0,93.0,2014
260950,46.0,46.0,2014
260960,406.0,301.0,2014
260970,20.0,20.0,2014
260980,11.0,11.0,2014
260990,189.0,88.0,2014
261000,380.0,378.0,2014
261010,16.0,16.0,2014
261020,26.0,26.0,2014
261030,20.0,20.0,2014
261040,29.0,29.0,2014
261050,25.0,25.0,2014
261060,93.0,93.0,2014
261070,454.0,417.0,2014
261080,23.0,23.0,2014
261090,173.0,170.0,2014
261100,121.0,121.0,2014
261110,482.0,313.0,2014
261120,14.0,14.0,2014
261130,21.0,21.0,2014
261140,4.0,4.0,2014
261150,50.0,50.0,2014
261160,8469.0,6435.0,2014
261170,30.0,30.0,2014
261180,42.0,42.0,2014
261190,65.0,65.0,2014
261200,20.0,20.0,2014
261210,5.0,5.0,2014
261220,217.0,166.0,2014
261230,19.0,19.0,2014
261240,14.0,14.0,2014
261245,17.0,17.0,2014
261247,15.0,15.0,2014
261250,81.0,75.0,2014
261260,43.0,43.0,2014
261280,10.0,10.0,2014
261290,28.0,28.0,2014
261300,46.0,46.0,2014
261310,53.0,53.0,2014
261320,43.0,43.0,2014
261330,46.0,46.0,2014
261340,22.0,22.0,2014
261350,76.0,64.0,2014
261360,73.0,65.0,2014
261370,117.0,87.0,2014
261380,29.0,29.0,2014
261390,582.0,454.0,2014
261400,36.0,36.0,2014
261410,90.0,63.0,2014
261420,50.0,50.0,2014
261430,22.0,22.0,2014
261440,10.0,5.0,2014
261450,191.0,184.0,2014
261460,66.0,35.0,2014
261480,17.0,17.0,2014
261485,16.0,16.0,2014
261500,56.0,56.0,2014
261510,12.0,12.0,2014
261520,11.0,11.0,2014
261530,142.0,142.0,2014
261540,31.0,31.0,2014
261550,11.0,11.0,2014
261560,79.0,35.0,2014
261570,13.0,13.0,2014
261580,19.0,19.0,2014
261590,39.0,39.0,2014
261600,24.0,24.0,2014
261610,15.0,15.0,2014
261620,40.0,40.0,2014
261630,77.0,77.0,2014
261640,478.0,434.0,2014
261650,14.0,14.0,2014
270010,32.0,32.0,2014
270020,25.0,25.0,2014
270030,783.0,616.0,2014
270040,44.0,44.0,2014
270070,35.0,35.0,2014
270100,28.0,28.0,2014
270120,3.0,3.0,2014
270130,26.0,26.0,2014
270140,40.0,40.0,2014
270170,37.0,37.0,2014
270190,8.0,8.0,2014
270210,34.0,34.0,2014
270230,225.0,225.0,2014
270235,8.0,8.0,2014
270240,44.0,44.0,2014
270280,16.0,16.0,2014
270290,48.0,48.0,2014
270300,3.0,3.0,2014
270310,14.0,14.0,2014
270375,2.0,2.0,2014
270380,41.0,41.0,2014
270400,35.0,35.0,2014
270410,3.0,3.0,2014
270420,14.0,14.0,2014
270430,3472.0,2449.0,2014
270440,32.0,32.0,2014
270450,8.0,8.0,2014
270470,14.0,14.0,2014
270500,36.0,36.0,2014
270510,25.0,25.0,2014
270550,54.0,44.0,2014
270570,47.0,46.0,2014
270630,126.0,110.0,2014
270640,52.0,52.0,2014
270650,27.0,27.0,2014
270660,16.0,16.0,2014
270670,118.0,105.0,2014
270680,18.0,18.0,2014
270690,54.0,54.0,2014
270710,39.0,39.0,2014
270730,45.0,45.0,2014
270760,28.0,28.0,2014
270770,60.0,44.0,2014
270800,112.0,106.0,2014
270820,18.0,18.0,2014
270830,48.0,48.0,2014
270840,20.0,20.0,2014
270850,23.0,23.0,2014
270860,109.0,101.0,2014
270880,6.0,6.0,2014
270915,40.0,40.0,2014
270920,9.0,9.0,2014
270930,69.0,65.0,2014
270940,40.0,40.0,2014
280020,44.0,44.0,2014
280030,2299.0,1616.0,2014
280040,1.0,1.0,2014
280067,12.0,12.0,2014
280120,27.0,27.0,2014
280130,65.0,65.0,2014
280140,1.0,1.0,2014
280150,1.0,1.0,2014
280210,218.0,211.0,2014
280230,1.0,1.0,2014
280280,1.0,1.0,2014
280290,162.0,120.0,2014
280300,1.0,1.0,2014
280340,21.0,21.0,2014
280350,194.0,193.0,2014
280360,1.0,1.0,2014
280420,1.0,1.0,2014
280440,27.0,27.0,2014
280450,49.0,48.0,2014
280460,1.0,1.0,2014
280480,61.0,61.0,2014
280540,18.0,18.0,2014
280550,17.0,17.0,2014
280560,18.0,18.0,2014
280570,49.0,49.0,2014
280580,1.0,1.0,2014
280590,57.0,57.0,2014
280610,3.0,3.0,2014
280670,1.0,1.0,2014
280710,15.0,15.0,2014
280740,2.0,2.0,2014
280760,5.0,1.0,2014
290010,9.0,9.0,2014
290020,24.0,24.0,2014
290030,6.0,6.0,2014
290035,19.0,19.0,2014
290040,20.0,20.0,2014
290050,12.0,12.0,2014
290060,13.0,13.0,2014
290070,252.0,180.0,2014
290080,59.0,59.0,2014
290100,53.0,53.0,2014
290110,16.0,16.0,2014
290115,29.0,29.0,2014
290120,33.0,33.0,2014
290130,32.0,32.0,2014
290140,6.0,6.0,2014
290150,6.0,6.0,2014
290160,138.0,138.0,2014
290200,41.0,33.0,2014
290205,27.0,27.0,2014
290210,52.0,48.0,2014
290240,40.0,40.0,2014
290250,28.0,28.0,2014
290260,36.0,36.0,2014
290270,88.0,88.0,2014
290280,82.0,81.0,2014
290290,32.0,32.0,2014
290300,26.0,26.0,2014
290320,427.0,383.0,2014
290323,23.0,22.0,2014
290327,29.0,29.0,2014
290330,33.0,33.0,2014
290340,43.0,43.0,2014
290350,36.0,36.0,2014
290360,14.0,14.0,2014
290380,14.0,14.0,2014
290390,106.0,87.0,2014
290395,19.0,19.0,2014
290400,24.0,24.0,2014
290405,16.0,16.0,2014
290410,26.0,26.0,2014
290420,62.0,60.0,2014
290430,19.0,19.0,2014
290440,35.0,35.0,2014
290450,11.0,11.0,2014
290460,123.0,100.0,2014
290470,47.0,47.0,2014
290475,9.0,9.0,2014
290480,14.0,14.0,2014
290490,83.0,83.0,2014
290500,49.0,49.0,2014
290510,36.0,36.0,2014
290520,177.0,155.0,2014
290530,33.0,33.0,2014
290550,39.0,39.0,2014
290560,130.0,128.0,2014
290570,299.0,177.0,2014
290580,17.0,17.0,2014
290590,77.0,77.0,2014
290600,72.0,72.0,2014
290610,24.0,24.0,2014
290620,36.0,36.0,2014
290630,75.0,65.0,2014
290640,16.0,16.0,2014
290650,106.0,63.0,2014
290660,37.0,26.0,2014
290670,55.0,55.0,2014
290680,40.0,40.0,2014
290682,61.0,61.0,2014
290685,21.0,21.0,2014
290687,67.0,67.0,2014
290690,75.0,61.0,2014
290710,30.0,30.0,2014
290720,41.0,41.0,2014
290730,57.0,57.0,2014
290750,110.0,54.0,2014
290755,11.0,11.0,2014
290760,42.0,42.0,2014
290770,15.0,15.0,2014
290780,67.0,46.0,2014
290790,30.0,30.0,2014
290800,35.0,35.0,2014
290810,31.0,31.0,2014
290820,20.0,20.0,2014
290830,64.0,64.0,2014
290840,197.0,137.0,2014
290850,94.0,76.0,2014
290860,17.0,17.0,2014
290870,16.0,16.0,2014
290890,28.0,28.0,2014
290900,5.0,5.0,2014
290910,35.0,35.0,2014
290920,4.0,4.0,2014
290930,35.0,35.0,2014
290950,24.0,24.0,2014
290960,23.0,23.0,2014
290970,50.0,50.0,2014
290980,140.0,131.0,2014
290990,24.0,24.0,2014
291005,75.0,62.0,2014
291010,7.0,7.0,2014
291030,13.0,13.0,2014
291040,49.0,49.0,2014
291050,65.0,65.0,2014
291060,40.0,40.0,2014
291070,85.0,79.0,2014
291072,263.0,141.0,2014
291080,1429.0,1032.0,2014
291085,30.0,30.0,2014
291110,29.0,29.0,2014
291120,76.0,72.0,2014
291125,15.0,15.0,2014
291130,16.0,16.0,2014
291150,5.0,5.0,2014
291170,169.0,114.0,2014
291180,32.0,32.0,2014
291185,20.0,20.0,2014
291190,34.0,34.0,2014
291200,29.0,29.0,2014
291210,32.0,32.0,2014
291230,21.0,21.0,2014
291240,33.0,29.0,2014
291250,9.0,9.0,2014
291270,30.0,30.0,2014
291280,8.0,8.0,2014
291290,91.0,91.0,2014
291300,62.0,62.0,2014
291310,32.0,31.0,2014
291320,78.0,50.0,2014
291330,22.0,22.0,2014
291340,29.0,29.0,2014
291345,8.0,8.0,2014
291350,80.0,80.0,2014
291360,488.0,366.0,2014
291370,46.0,46.0,2014
291380,12.0,12.0,2014
291390,119.0,88.0,2014
291400,67.0,65.0,2014
291410,24.0,24.0,2014
291420,29.0,29.0,2014
291430,61.0,61.0,2014
291440,47.0,47.0,2014
291450,24.0,24.0,2014
291460,184.0,125.0,2014
291465,39.0,39.0,2014
291470,161.0,144.0,2014
291480,765.0,631.0,2014
291490,61.0,61.0,2014
291500,15.0,15.0,2014
291510,8.0,8.0,2014
291520,17.0,17.0,2014
291530,20.0,20.0,2014
291535,24.0,24.0,2014
291540,12.0,12.0,2014
291550,60.0,60.0,2014
291560,101.0,101.0,2014
291570,28.0,28.0,2014
291580,42.0,42.0,2014
291600,54.0,52.0,2014
291610,52.0,52.0,2014
291630,12.0,12.0,2014
291640,113.0,68.0,2014
291650,54.0,50.0,2014
291660,16.0,16.0,2014
291670,17.0,17.0,2014
291680,30.0,30.0,2014
291685,30.0,30.0,2014
291690,85.0,85.0,2014
291700,45.0,42.0,2014
291710,45.0,45.0,2014
291720,24.0,24.0,2014
291730,33.0,33.0,2014
291733,14.0,14.0,2014
291735,30.0,30.0,2014
291740,29.0,29.0,2014
291750,285.0,244.0,2014
291760,119.0,109.0,2014
291770,28.0,28.0,2014
291800,600.0,446.0,2014
291810,28.0,28.0,2014
291820,23.0,23.0,2014
291830,26.0,26.0,2014
291835,36.0,36.0,2014
291840,455.0,382.0,2014
291845,24.0,24.0,2014
291850,31.0,31.0,2014
291855,37.0,37.0,2014
291860,5.0,5.0,2014
291875,1.0,1.0,2014
291880,41.0,41.0,2014
291905,27.0,27.0,2014
291915,44.0,44.0,2014
291920,205.0,109.0,2014
291930,14.0,14.0,2014
291940,20.0,20.0,2014
291950,92.0,54.0,2014
291955,69.0,33.0,2014
291960,20.0,20.0,2014
291970,27.0,27.0,2014
291980,63.0,48.0,2014
291990,38.0,38.0,2014
291992,29.0,29.0,2014
292000,14.0,14.0,2014
292010,32.0,32.0,2014
292020,21.0,21.0,2014
292050,89.0,89.0,2014
292060,15.0,15.0,2014
292070,14.0,14.0,2014
292080,19.0,19.0,2014
292100,79.0,51.0,2014
292105,21.0,21.0,2014
292110,32.0,32.0,2014
292120,85.0,85.0,2014
292130,21.0,21.0,2014
292140,19.0,19.0,2014
292150,60.0,60.0,2014
292160,2.0,2.0,2014
292170,102.0,94.0,2014
292180,24.0,24.0,2014
292190,32.0,32.0,2014
292200,91.0,70.0,2014
292205,34.0,34.0,2014
292210,32.0,32.0,2014
292230,40.0,40.0,2014
292240,45.0,45.0,2014
292250,99.0,98.0,2014
292265,30.0,30.0,2014
292270,101.0,101.0,2014
292273,15.0,15.0,2014
292290,39.0,39.0,2014
292300,48.0,48.0,2014
292310,23.0,23.0,2014
292320,13.0,13.0,2014
292330,15.0,15.0,2014
292335,17.0,17.0,2014
292340,54.0,54.0,2014
292360,85.0,81.0,2014
292370,36.0,36.0,2014
292380,23.0,6.0,2014
292390,7.0,7.0,2014
292400,170.0,144.0,2014
292405,9.0,9.0,2014
292420,3.0,3.0,2014
292430,26.0,26.0,2014
292440,30.0,30.0,2014
292450,24.0,24.0,2014
292460,58.0,58.0,2014
292465,16.0,16.0,2014
292470,17.0,17.0,2014
292480,37.0,37.0,2014
292490,30.0,27.0,2014
292500,59.0,59.0,2014
292510,76.0,76.0,2014
292520,113.0,83.0,2014
292525,30.0,30.0,2014
292530,136.0,135.0,2014
292540,21.0,21.0,2014
292550,42.0,42.0,2014
292560,17.0,17.0,2014
292575,17.0,17.0,2014
292580,53.0,53.0,2014
292590,17.0,17.0,2014
292595,22.0,22.0,2014
292600,124.0,104.0,2014
292610,26.0,26.0,2014
292620,29.0,29.0,2014
292630,121.0,115.0,2014
292640,68.0,68.0,2014
292650,5.0,5.0,2014
292660,95.0,83.0,2014
292670,17.0,17.0,2014
292690,27.0,27.0,2014
292700,55.0,55.0,2014
292720,105.0,100.0,2014
292730,16.0,16.0,2014
292740,7968.0,5537.0,2014
292750,13.0,13.0,2014
292770,22.0,22.0,2014
292790,23.0,23.0,2014
292800,99.0,97.0,2014
292810,57.0,57.0,2014
292820,36.0,36.0,2014
292830,13.0,13.0,2014
292840,24.0,24.0,2014
292850,28.0,28.0,2014
292860,145.0,138.0,2014
292870,396.0,313.0,2014
292880,50.0,27.0,2014
292890,24.0,24.0,2014
292895,20.0,20.0,2014
292900,90.0,84.0,2014
292905,49.0,22.0,2014
292910,18.0,18.0,2014
292920,36.0,35.0,2014
292925,34.0,34.0,2014
292930,36.0,36.0,2014
292940,29.0,29.0,2014
292950,36.0,36.0,2014
292960,27.0,27.0,2014
292970,43.0,43.0,2014
292975,13.0,13.0,2014
292980,39.0,39.0,2014
292990,85.0,61.0,2014
293000,20.0,20.0,2014
293010,180.0,125.0,2014
293015,31.0,31.0,2014
293020,32.0,32.0,2014
293030,45.0,45.0,2014
293040,25.0,25.0,2014
293050,237.0,195.0,2014
293060,33.0,33.0,2014
293070,53.0,53.0,2014
293075,18.0,18.0,2014
293077,31.0,31.0,2014
293080,14.0,14.0,2014
293090,32.0,32.0,2014
293105,30.0,30.0,2014
293110,20.0,20.0,2014
293120,26.0,26.0,2014
293130,52.0,42.0,2014
293135,278.0,209.0,2014
293150,17.0,17.0,2014
293160,24.0,24.0,2014
293180,19.0,19.0,2014
293190,58.0,30.0,2014
293200,24.0,24.0,2014
293210,71.0,71.0,2014
293220,100.0,100.0,2014
293230,108.0,108.0,2014
293240,30.0,30.0,2014
293245,5.0,5.0,2014
293250,49.0,49.0,2014
293260,34.0,34.0,2014
293280,20.0,20.0,2014
293290,143.0,128.0,2014
293300,66.0,62.0,2014
293305,21.0,21.0,2014
293310,30.0,30.0,2014
293315,17.0,17.0,2014
293320,26.0,26.0,2014
293325,12.0,12.0,2014
293330,1180.0,813.0,2014
293340,37.0,37.0,2014
293345,28.0,28.0,2014
293350,44.0,44.0,2014
293360,131.0,129.0,2014
310010,17.0,12.0,2014
310020,49.0,42.0,2014
310030,59.0,49.0,2014
310060,15.0,15.0,2014
310090,63.0,57.0,2014
310100,47.0,46.0,2014
310110,52.0,43.0,2014
310120,30.0,28.0,2014
310130,17.0,13.0,2014
310150,83.0,56.0,2014
310160,379.0,155.0,2014
310170,143.0,77.0,2014
310190,35.0,31.0,2014
310200,32.0,27.0,2014
310210,17.0,16.0,2014
310230,55.0,48.0,2014
310260,65.0,50.0,2014
310270,30.0,30.0,2014
310280,75.0,30.0,2014
310290,12.0,12.0,2014
310340,87.0,71.0,2014
310350,168.0,102.0,2014
310375,13.0,13.0,2014
310400,257.0,182.0,2014
310410,10.0,10.0,2014
310420,76.0,49.0,2014
310430,14.0,14.0,2014
310450,24.0,24.0,2014
310470,50.0,48.0,2014
310490,71.0,58.0,2014
310510,261.0,180.0,2014
310530,30.0,21.0,2014
310540,30.0,30.0,2014
310560,1130.0,685.0,2014
310590,52.0,43.0,2014
310620,8877.0,5306.0,2014
310630,35.0,35.0,2014
310640,33.0,27.0,2014
310650,39.0,39.0,2014
310670,529.0,462.0,2014
310690,32.0,26.0,2014
310710,71.0,55.0,2014
310730,64.0,64.0,2014
310740,86.0,52.0,2014
310750,22.0,22.0,2014
310780,50.0,48.0,2014
310800,64.0,50.0,2014
310820,7.0,7.0,2014
310830,8.0,,2014
310840,19.0,15.0,2014
310860,109.0,108.0,2014
310890,18.0,14.0,2014
310900,37.0,37.0,2014
310910,23.0,19.0,2014
310930,27.0,22.0,2014
310940,47.0,10.0,2014
310950,41.0,31.0,2014
310990,44.0,37.0,2014
311000,63.0,56.0,2014
311030,49.0,30.0,2014
311050,29.0,23.0,2014
311060,65.0,57.0,2014
311070,47.0,41.0,2014
311090,39.0,33.0,2014
311100,45.0,38.0,2014
311110,41.0,27.0,2014
311120,86.0,60.0,2014
311130,25.0,25.0,2014
311150,38.0,35.0,2014
311160,49.0,38.0,2014
311180,25.0,23.0,2014
311200,22.0,21.0,2014
311230,61.0,53.0,2014
311240,9.0,3.0,2014
311260,26.0,26.0,2014
311270,20.0,20.0,2014
311280,22.0,11.0,2014
311300,32.0,32.0,2014
311320,46.0,41.0,2014
311330,206.0,150.0,2014
311340,173.0,116.0,2014
311350,21.0,21.0,2014
311360,20.0,14.0,2014
311370,50.0,44.0,2014
311380,10.0,10.0,2014
311390,37.0,37.0,2014
311400,32.0,31.0,2014
311410,21.0,19.0,2014
311430,82.0,36.0,2014
311440,30.0,27.0,2014
311450,41.0,29.0,2014
311460,19.0,17.0,2014
311480,13.0,11.0,2014
311510,43.0,30.0,2014
311530,115.0,73.0,2014
311550,30.0,26.0,2014
311570,22.0,22.0,2014
311615,14.0,14.0,2014
311630,16.0,16.0,2014
311660,40.0,35.0,2014
311680,38.0,38.0,2014
311710,22.0,22.0,2014
311730,21.0,17.0,2014
311740,23.0,23.0,2014
311750,42.0,42.0,2014
311770,32.0,24.0,2014
311787,33.0,,2014
311800,72.0,53.0,2014
311820,29.0,25.0,2014
311830,253.0,188.0,2014
311840,38.0,34.0,2014
311860,497.0,230.0,2014
311880,33.0,33.0,2014
311930,30.0,30.0,2014
311940,88.0,50.0,2014
312020,28.0,28.0,2014
312050,39.0,34.0,2014
312080,62.0,57.0,2014
312090,163.0,111.0,2014
312100,21.0,21.0,2014
312120,19.0,14.0,2014
312160,158.0,137.0,2014
312180,9.0,9.0,2014
312200,36.0,26.0,2014
312210,21.0,21.0,2014
312230,720.0,339.0,2014
312240,7.0,7.0,2014
312245,18.0,18.0,2014
312260,26.0,26.0,2014
312270,30.0,22.0,2014
312320,47.0,39.0,2014
312360,36.0,28.0,2014
312390,53.0,46.0,2014
312400,29.0,29.0,2014
312410,39.0,39.0,2014
312420,53.0,43.0,2014
312430,30.0,30.0,2014
312450,25.0,20.0,2014
312470,20.0,16.0,2014
312480,4.0,4.0,2014
312490,31.0,30.0,2014
312510,40.0,36.0,2014
312550,8.0,8.0,2014
312560,43.0,41.0,2014
312570,1.0,1.0,2014
312590,32.0,27.0,2014
312595,19.0,19.0,2014
312610,97.0,56.0,2014
312620,10.0,10.0,2014
312670,83.0,78.0,2014
312690,28.0,28.0,2014
312710,80.0,41.0,2014
312730,18.0,18.0,2014
312760,26.0,26.0,2014
312770,515.0,323.0,2014
312780,51.0,50.0,2014
312800,78.0,63.0,2014
312810,29.0,13.0,2014
312820,23.0,23.0,2014
312830,43.0,33.0,2014
312840,45.0,33.0,2014
312860,16.0,16.0,2014
312870,93.0,60.0,2014
312910,27.0,27.0,2014
312940,33.0,27.0,2014
312950,29.0,28.0,2014
312970,12.0,12.0,2014
312980,89.0,89.0,2014
313030,25.0,23.0,2014
313050,30.0,28.0,2014
313090,52.0,37.0,2014
313120,41.0,37.0,2014
313130,584.0,397.0,2014
313150,18.0,15.0,2014
313170,214.0,141.0,2014
313180,20.0,17.0,2014
313190,59.0,46.0,2014
313210,29.0,29.0,2014
313220,44.0,39.0,2014
313230,24.0,24.0,2014
313240,220.0,153.0,2014
313250,108.0,104.0,2014
313270,98.0,78.0,2014
313290,24.0,12.0,2014
313300,53.0,37.0,2014
313310,62.0,47.0,2014
313320,20.0,18.0,2014
313330,71.0,67.0,2014
313350,60.0,53.0,2014
313375,34.0,20.0,2014
313380,93.0,60.0,2014
313420,224.0,150.0,2014
313440,50.0,39.0,2014
313460,31.0,31.0,2014
313470,38.0,38.0,2014
313480,12.0,3.0,2014
313490,37.0,26.0,2014
313505,25.0,25.0,2014
313510,141.0,108.0,2014
313520,63.0,63.0,2014
313540,23.0,22.0,2014
313580,81.0,56.0,2014
313600,32.0,30.0,2014
313620,112.0,66.0,2014
313630,60.0,48.0,2014
313650,27.0,27.0,2014
313670,2331.0,1594.0,2014
313680,36.0,36.0,2014
313690,14.0,11.0,2014
313700,19.0,19.0,2014
313710,9.0,9.0,2014
313720,43.0,37.0,2014
313750,30.0,26.0,2014
313760,106.0,69.0,2014
313770,50.0,40.0,2014
313780,50.0,46.0,2014
313790,8.0,8.0,2014
313800,23.0,16.0,2014
313820,187.0,105.0,2014
313840,239.0,203.0,2014
313860,50.0,47.0,2014
313880,55.0,43.0,2014
313890,47.0,44.0,2014
313900,56.0,43.0,2014
313920,61.0,59.0,2014
313930,37.0,36.0,2014
313940,198.0,136.0,2014
313950,97.0,65.0,2014
313960,82.0,66.0,2014
313980,43.0,30.0,2014
313990,16.0,14.0,2014
314000,67.0,56.0,2014
314050,20.0,18.0,2014
314070,60.0,47.0,2014
314090,36.0,34.0,2014
314100,11.0,11.0,2014
314110,50.0,37.0,2014
314120,9.0,9.0,2014
314140,56.0,52.0,2014
314150,18.0,18.0,2014
314160,50.0,13.0,2014
314180,58.0,55.0,2014
314190,22.0,19.0,2014
314200,30.0,30.0,2014
314220,49.0,36.0,2014
314240,26.0,26.0,2014
314260,28.0,28.0,2014
314270,30.0,30.0,2014
314280,22.0,18.0,2014
314290,39.0,37.0,2014
314300,20.0,17.0,2014
314310,96.0,77.0,2014
314320,52.0,37.0,2014
314330,1039.0,744.0,2014
314350,20.0,19.0,2014
314390,487.0,278.0,2014
314400,78.0,68.0,2014
314410,50.0,27.0,2014
314430,61.0,37.0,2014
314450,15.0,15.0,2014
314460,57.0,53.0,2014
314470,65.0,47.0,2014
314480,226.0,72.0,2014
314500,23.0,23.0,2014
314510,26.0,26.0,2014
314520,72.0,42.0,2014
314530,43.0,43.0,2014
314560,82.0,70.0,2014
314590,65.0,26.0,2014
314600,52.0,37.0,2014
314610,87.0,73.0,2014
314630,35.0,35.0,2014
314650,18.0,18.0,2014
314670,32.0,14.0,2014
314700,316.0,117.0,2014
314710,103.0,73.0,2014
314720,33.0,30.0,2014
314730,34.0,31.0,2014
314750,17.0,15.0,2014
314760,49.0,29.0,2014
314770,30.0,26.0,2014
314790,408.0,291.0,2014
314800,313.0,179.0,2014
314810,214.0,111.0,2014
314830,42.0,,2014
314860,34.0,34.0,2014
314870,69.0,60.0,2014
314910,13.0,12.0,2014
314920,20.0,20.0,2014
314930,63.0,50.0,2014
314980,23.0,21.0,2014
314990,50.0,36.0,2014
315030,14.0,14.0,2014
315050,12.0,12.0,2014
315080,23.0,23.0,2014
315110,36.0,28.0,2014
315120,208.0,92.0,2014
315140,51.0,41.0,2014
315150,96.0,68.0,2014
315170,41.0,29.0,2014
315180,454.0,214.0,2014
315190,27.0,27.0,2014
315200,26.0,22.0,2014
315210,235.0,145.0,2014
315220,50.0,50.0,2014
315240,27.0,26.0,2014
315250,327.0,182.0,2014
315260,28.0,26.0,2014
315270,30.0,27.0,2014
315280,30.0,25.0,2014
315290,17.0,9.0,2014
315310,18.0,4.0,2014
315340,18.0,18.0,2014
315400,50.0,35.0,2014
315410,29.0,25.0,2014
315420,70.0,53.0,2014
315430,65.0,56.0,2014
315460,113.0,102.0,2014
315470,12.0,11.0,2014
315490,40.0,31.0,2014
315510,9.0,9.0,2014
315520,18.0,18.0,2014
315540,23.0,17.0,2014
315550,19.0,19.0,2014
315560,40.0,40.0,2014
315570,38.0,28.0,2014
315580,57.0,53.0,2014
315590,15.0,15.0,2014
315600,32.0,32.0,2014
315660,47.0,44.0,2014
315670,118.0,115.0,2014
315680,42.0,36.0,2014
315690,50.0,30.0,2014
315700,78.0,52.0,2014
315710,52.0,45.0,2014
315720,53.0,41.0,2014
315770,30.0,30.0,2014
315780,83.0,83.0,2014
315790,34.0,34.0,2014
315800,24.0,20.0,2014
315810,6.0,6.0,2014
315820,41.0,38.0,2014
315930,22.0,15.0,2014
315960,77.0,41.0,2014
315980,32.0,25.0,2014
315990,52.0,49.0,2014
316030,8.0,,2014
316040,54.0,45.0,2014
316070,74.0,50.0,2014
316100,49.0,35.0,2014
316110,66.0,66.0,2014
316200,65.0,43.0,2014
316210,44.0,24.0,2014
316220,23.0,17.0,2014
316240,37.0,37.0,2014
316250,228.0,148.0,2014
316270,50.0,50.0,2014
316280,52.0,50.0,2014
316290,46.0,38.0,2014
316370,80.0,59.0,2014
316390,9.0,9.0,2014
316420,18.0,18.0,2014
316430,10.0,4.0,2014
316470,298.0,242.0,2014
316500,45.0,30.0,2014
316510,1.0,,2014
316530,30.0,23.0,2014
316570,35.0,28.0,2014
316680,18.0,18.0,2014
316690,14.0,13.0,2014
316710,56.0,37.0,2014
316720,328.0,241.0,2014
316740,13.0,9.0,2014
316800,71.0,64.0,2014
316840,30.0,27.0,2014
316850,15.0,15.0,2014
316860,313.0,255.0,2014
316870,69.0,33.0,2014
316890,14.0,14.0,2014
316920,28.0,20.0,2014
316930,236.0,209.0,2014
316935,32.0,25.0,2014
316940,99.0,66.0,2014
316960,12.0,12.0,2014
316970,56.0,53.0,2014
316990,519.0,410.0,2014
317010,1008.0,622.0,2014
317020,1301.0,882.0,2014
317040,132.0,64.0,2014
317043,34.0,32.0,2014
317052,30.0,30.0,2014
317070,348.0,183.0,2014
317080,75.0,52.0,2014
317090,27.0,27.0,2014
317100,42.0,29.0,2014
317120,71.0,63.0,2014
317130,186.0,105.0,2014
317160,39.0,39.0,2014
317170,27.0,25.0,2014
317180,51.0,48.0,2014
317200,104.0,85.0,2014
317210,14.0,9.0,2014
320010,67.0,53.0,2014
320020,61.0,50.0,2014
320040,57.0,55.0,2014
320050,30.0,30.0,2014
320060,126.0,93.0,2014
320070,21.0,21.0,2014
320080,67.0,67.0,2014
320090,113.0,88.0,2014
320100,54.0,32.0,2014
320120,1003.0,736.0,2014
320130,295.0,189.0,2014
320140,57.0,41.0,2014
320150,447.0,265.0,2014
320160,30.0,30.0,2014
320170,20.0,20.0,2014
320190,124.0,117.0,2014
320210,56.0,46.0,2014
320220,51.0,1.0,2014
320230,82.0,67.0,2014
320240,123.0,120.0,2014
320245,50.0,41.0,2014
320260,28.0,26.0,2014
320270,51.0,47.0,2014
320280,105.0,95.0,2014
320290,35.0,30.0,2014
320300,76.0,65.0,2014
320305,23.0,23.0,2014
320310,26.0,26.0,2014
320313,50.0,39.0,2014
320316,23.0,23.0,2014
320320,258.0,195.0,2014
320332,64.0,,2014
320340,51.0,44.0,2014
320350,81.0,73.0,2014
320360,19.0,19.0,2014
320370,38.0,35.0,2014
320380,42.0,42.0,2014
320390,50.0,37.0,2014
320400,50.0,50.0,2014
320405,26.0,26.0,2014
320410,34.0,30.0,2014
320420,26.0,26.0,2014
320435,26.0,26.0,2014
320450,20.0,20.0,2014
320455,59.0,56.0,2014
320460,67.0,57.0,2014
320470,128.0,60.0,2014
320480,82.0,82.0,2014
320490,218.0,208.0,2014
320500,730.0,425.0,2014
320503,30.0,29.0,2014
320506,63.0,53.0,2014
320520,831.0,426.0,2014
320530,1896.0,1356.0,2014
330010,361.0,299.0,2014
330015,37.0,37.0,2014
330020,164.0,129.0,2014
330022,26.0,26.0,2014
330023,48.0,48.0,2014
330025,76.0,76.0,2014
330030,285.0,213.0,2014
330040,400.0,245.0,2014
330045,383.0,313.0,2014
330050,65.0,60.0,2014
330060,359.0,319.0,2014
330070,562.0,292.0,2014
330080,103.0,103.0,2014
330090,55.0,45.0,2014
330100,1788.0,1267.0,2014
330110,83.0,71.0,2014
330120,41.0,39.0,2014
330130,104.0,104.0,2014
330140,52.0,52.0,2014
330150,66.0,57.0,2014
330160,16.0,16.0,2014
330170,1184.0,756.0,2014
330180,50.0,39.0,2014
330185,69.0,65.0,2014
330190,347.0,332.0,2014
330200,138.0,97.0,2014
330210,82.0,58.0,2014
330220,552.0,300.0,2014
330225,100.0,34.0,2014
330227,145.0,63.0,2014
330230,51.0,51.0,2014
330240,389.0,224.0,2014
330250,255.0,187.0,2014
330260,62.0,62.0,2014
330270,83.0,73.0,2014
330280,27.0,17.0,2014
330285,140.0,85.0,2014
330290,99.0,71.0,2014
330300,71.0,39.0,2014
330310,51.0,45.0,2014
330320,425.0,167.0,2014
330330,2581.0,1264.0,2014
330340,615.0,421.0,2014
330350,770.0,517.0,2014
330360,313.0,292.0,2014
330370,119.0,116.0,2014
330380,35.0,35.0,2014
330390,1514.0,1067.0,2014
330395,41.0,41.0,2014
330400,58.0,48.0,2014
330410,60.0,54.0,2014
330411,45.0,45.0,2014
330412,243.0,234.0,2014
330414,76.0,76.0,2014
330415,74.0,74.0,2014
330420,337.0,138.0,2014
330430,121.0,101.0,2014
330440,30.0,30.0,2014
330450,15.0,15.0,2014
330452,60.0,50.0,2014
330455,22318.0,11230.0,2014
330460,79.0,50.0,2014
330470,192.0,147.0,2014
330475,36.0,36.0,2014
330480,111.0,102.0,2014
330490,2421.0,1536.0,2014
330500,42.0,40.0,2014
330510,414.0,330.0,2014
330515,56.0,54.0,2014
330520,62.0,45.0,2014
330530,48.0,39.0,2014
330550,116.0,116.0,2014
330555,27.0,27.0,2014
330560,40.0,40.0,2014
330570,25.0,25.0,2014
330575,214.0,172.0,2014
330580,359.0,292.0,2014
330590,38.0,31.0,2014
330600,318.0,269.0,2014
330610,285.0,256.0,2014
330615,42.0,39.0,2014
330620,435.0,403.0,2014
330630,821.0,350.0,2014
350010,279.0,240.0,2014
350050,42.0,30.0,2014
350060,4.0,4.0,2014
350070,60.0,38.0,2014
350100,31.0,25.0,2014
350110,22.0,19.0,2014
350130,20.0,18.0,2014
350160,702.0,340.0,2014
350170,204.0,204.0,2014
350190,358.0,243.0,2014
350210,135.0,110.0,2014
350220,57.0,54.0,2014
350250,104.0,70.0,2014
350260,30.0,8.0,2014
350270,51.0,45.0,2014
350275,4.0,,2014
350280,616.0,478.0,2014
350290,126.0,,2014
350310,16.0,16.0,2014
350320,576.0,262.0,2014
350330,565.0,307.0,2014
350340,28.0,17.0,2014
350370,25.0,4.0,2014
350380,12.0,,2014
350390,82.0,15.0,2014
350400,314.0,195.0,2014
350410,300.0,55.0,2014
350420,51.0,30.0,2014
350450,153.0,95.0,2014
350490,15.0,15.0,2014
350520,68.0,52.0,2014
350530,101.0,68.0,2014
350550,604.0,501.0,2014
350570,497.0,401.0,2014
350580,35.0,28.0,2014
350590,139.0,94.0,2014
350600,1128.0,723.0,2014
350610,129.0,81.0,2014
350630,50.0,20.0,2014
350635,46.0,46.0,2014
350640,36.0,36.0,2014
350650,242.0,155.0,2014
350670,15.0,13.0,2014
350680,35.0,30.0,2014
350700,55.0,39.0,2014
350710,11.0,11.0,2014
350740,27.0,17.0,2014
350750,604.0,497.0,2014
350760,333.0,230.0,2014
350790,41.0,35.0,2014
350810,42.0,22.0,2014
350840,36.0,28.0,2014
350850,145.0,77.0,2014
350860,47.0,40.0,2014
350870,64.0,64.0,2014
350880,58.0,47.0,2014
350900,112.0,58.0,2014
350920,171.0,71.0,2014
350925,13.0,13.0,2014
350930,32.0,26.0,2014
350940,73.0,55.0,2014
350950,2959.0,1445.0,2014
350960,56.0,56.0,2014
350970,242.0,195.0,2014
351000,30.0,25.0,2014
351020,67.0,49.0,2014
351040,96.0,46.0,2014
351050,158.0,120.0,2014
351060,353.0,263.0,2014
351070,31.0,14.0,2014
351080,412.0,395.0,2014
351100,31.0,30.0,2014
351110,514.0,373.0,2014
351140,51.0,33.0,2014
351150,43.0,31.0,2014
351160,30.0,17.0,2014
351170,33.0,26.0,2014
351190,30.0,20.0,2014
351200,47.0,40.0,2014
351210,30.0,20.0,2014
351220,52.0,41.0,2014
351230,42.0,42.0,2014
351280,90.0,63.0,2014
351300,287.0,109.0,2014
351310,15.0,13.0,2014
351340,156.0,111.0,2014
351350,138.0,134.0,2014
351360,44.0,29.0,2014
351370,38.0,23.0,2014
351380,635.0,566.0,2014
351390,198.0,198.0,2014
351410,67.0,47.0,2014
351430,18.0,12.0,2014
351440,143.0,108.0,2014
351450,82.0,77.0,2014
351480,2.0,2.0,2014
351490,6.0,6.0,2014
351500,72.0,72.0,2014
351510,16.0,16.0,2014
351518,458.0,369.0,2014
351520,50.0,30.0,2014
351540,26.0,17.0,2014
351550,180.0,90.0,2014
351570,258.0,258.0,2014
351600,47.0,30.0,2014
351620,720.0,456.0,2014
351630,144.0,111.0,2014
351640,719.0,427.0,2014
351660,45.0,24.0,2014
351670,376.0,331.0,2014
351690,32.0,8.0,2014
351700,51.0,42.0,2014
351740,60.0,42.0,2014
351760,19.0,19.0,2014
351770,30.0,22.0,2014
351780,27.0,20.0,2014
351820,74.0,30.0,2014
351830,35.0,29.0,2014
351840,303.0,210.0,2014
351860,72.0,50.0,2014
351870,331.0,263.0,2014
351880,1846.0,1428.0,2014
351900,32.0,32.0,2014
351907,91.0,62.0,2014
351910,27.0,25.0,2014
351920,19.0,15.0,2014
351930,32.0,32.0,2014
351940,27.0,8.0,2014
351960,99.0,46.0,2014
351970,67.0,63.0,2014
351990,20.0,20.0,2014
352000,63.0,55.0,2014
352010,50.0,32.0,2014
352020,15.0,15.0,2014
352030,13.0,13.0,2014
352040,40.0,37.0,2014
352044,116.0,74.0,2014
352050,372.0,268.0,2014
352070,40.0,5.0,2014
352090,49.0,29.0,2014
352100,15.0,15.0,2014
352130,49.0,39.0,2014
352170,70.0,65.0,2014
352180,41.0,40.0,2014
352190,30.0,13.0,2014
352210,74.0,74.0,2014
352220,444.0,197.0,2014
352230,129.0,107.0,2014
352240,164.0,122.0,2014
352250,269.0,205.0,2014
352260,1276.0,737.0,2014
352270,76.0,45.0,2014
352280,46.0,27.0,2014
352290,33.0,22.0,2014
352310,224.0,224.0,2014
352320,93.0,78.0,2014
352340,112.0,60.0,2014
352350,14.0,7.0,2014
352360,8.0,8.0,2014
352390,426.0,391.0,2014
352400,86.0,48.0,2014
352410,120.0,58.0,2014
352420,17.0,17.0,2014
352430,143.0,56.0,2014
352440,421.0,211.0,2014
352450,179.0,151.0,2014
352470,80.0,78.0,2014
352480,165.0,112.0,2014
352500,40.0,26.0,2014
352520,33.0,12.0,2014
352530,860.0,705.0,2014
352550,24.0,17.0,2014
352570,61.0,40.0,2014
352590,695.0,321.0,2014
352600,52.0,26.0,2014
352610,15.0,15.0,2014
352620,9.0,,2014
352640,47.0,32.0,2014
352670,127.0,76.0,2014
352680,80.0,57.0,2014
352690,407.0,216.0,2014
352710,446.0,349.0,2014
352720,165.0,84.0,2014
352730,41.0,34.0,2014
352740,58.0,38.0,2014
352770,32.0,15.0,2014
352800,31.0,18.0,2014
352810,24.0,13.0,2014
352850,47.0,47.0,2014
352880,26.0,26.0,2014
352900,860.0,729.0,2014
352920,66.0,41.0,2014
352930,169.0,101.0,2014
352940,592.0,316.0,2014
352970,66.0,47.0,2014
353010,90.0,90.0,2014
353030,93.0,29.0,2014
353050,135.0,86.0,2014
353060,832.0,607.0,2014
353070,333.0,154.0,2014
353080,254.0,131.0,2014
353110,44.0,44.0,2014
353130,109.0,58.0,2014
353140,80.0,30.0,2014
353150,70.0,51.0,2014
353180,36.0,29.0,2014
353190,45.0,31.0,2014
353200,13.0,13.0,2014
353240,24.0,24.0,2014
353250,35.0,11.0,2014
353260,129.0,37.0,2014
353290,12.0,7.0,2014
353300,193.0,37.0,2014
353340,53.0,53.0,2014
353350,105.0,35.0,2014
353390,99.0,79.0,2014
353430,98.0,59.0,2014
353440,992.0,592.0,2014
353460,90.0,59.0,2014
353470,315.0,230.0,2014
353475,39.0,10.0,2014
353490,37.0,32.0,2014
353520,24.0,10.0,2014
353530,68.0,44.0,2014
353540,36.0,35.0,2014
353550,97.0,78.0,2014
353560,14.0,12.0,2014
353580,30.0,30.0,2014
353600,32.0,26.0,2014
353620,151.0,151.0,2014
353630,35.0,23.0,2014
353650,84.0,84.0,2014
353660,24.0,4.0,2014
353670,72.0,52.0,2014
353700,53.0,33.0,2014
353710,49.0,49.0,2014
353730,238.0,168.0,2014
353740,98.0,65.0,2014
353760,39.0,39.0,2014
353780,521.0,471.0,2014
353790,35.0,27.0,2014
353800,199.0,127.0,2014
353860,37.0,29.0,2014
353870,801.0,309.0,2014
353880,72.0,54.0,2014
353890,299.0,289.0,2014
353900,41.0,9.0,2014
353920,59.0,59.0,2014
353930,91.0,55.0,2014
353940,30.0,26.0,2014
353950,50.0,32.0,2014
353980,30.0,30.0,2014
354000,41.0,41.0,2014
354020,45.0,29.0,2014
354040,18.0,6.0,2014
354060,51.0,39.0,2014
354070,61.0,37.0,2014
354080,31.0,28.0,2014
354100,189.0,113.0,2014
354120,51.0,40.0,2014
354130,78.0,68.0,2014
354140,1538.0,1088.0,2014
354150,97.0,75.0,2014
354160,75.0,75.0,2014
354190,26.0,26.0,2014
354220,98.0,70.0,2014
354240,24.0,17.0,2014
354260,105.0,63.0,2014
354290,17.0,11.0,2014
354300,36.0,35.0,2014
354330,164.0,50.0,2014
354340,2051.0,1387.0,2014
354380,33.0,25.0,2014
354390,482.0,278.0,2014
354400,53.0,38.0,2014
354420,36.0,7.0,2014
354425,57.0,57.0,2014
354430,14.0,14.0,2014
354490,29.0,19.0,2014
354500,24.0,21.0,2014
354520,123.0,70.0,2014
354530,1026.0,1000.0,2014
354540,34.0,22.0,2014
354560,31.0,11.0,2014
354580,159.0,100.0,2014
354630,46.0,25.0,2014
354640,100.0,65.0,2014
354660,76.0,33.0,2014
354680,101.0,82.0,2014
354700,8.0,8.0,2014
354730,16.0,16.0,2014
354750,299.0,276.0,2014
354760,30.0,18.0,2014
354770,56.0,37.0,2014
354780,1548.0,698.0,2014
354790,12.0,12.0,2014
354850,1662.0,800.0,2014
354860,40.0,26.0,2014
354870,1534.0,566.0,2014
354880,560.0,182.0,2014
354890,419.0,204.0,2014
354910,198.0,94.0,2014
354940,115.0,68.0,2014
354970,145.0,89.0,2014
354980,1784.0,997.0,2014
354990,1502.0,834.0,2014
355000,26.0,11.0,2014
355010,43.0,36.0,2014
355020,25.0,25.0,2014
355030,29327.0,15084.0,2014
355040,62.0,37.0,2014
355060,103.0,54.0,2014
355070,101.0,93.0,2014
355080,30.0,26.0,2014
355090,40.0,32.0,2014
355100,287.0,170.0,2014
355150,58.0,43.0,2014
355160,49.0,33.0,2014
355170,157.0,64.0,2014
355200,3.0,3.0,2014
355210,62.0,54.0,2014
355220,2223.0,1516.0,2014
355230,20.0,20.0,2014
355240,189.0,172.0,2014
355250,173.0,88.0,2014
355260,30.0,9.0,2014
355270,35.0,22.0,2014
355280,570.0,339.0,2014
355300,29.0,24.0,2014
355320,4.0,4.0,2014
355330,36.0,25.0,2014
355340,72.0,36.0,2014
355360,24.0,18.0,2014
355370,124.0,73.0,2014
355380,53.0,32.0,2014
355400,205.0,85.0,2014
355410,467.0,325.0,2014
355430,58.0,52.0,2014
355440,34.0,30.0,2014
355450,69.0,42.0,2014
355470,20.0,13.0,2014
355480,41.0,,2014
355500,864.0,791.0,2014
355510,48.0,30.0,2014
355540,76.0,67.0,2014
355580,26.0,24.0,2014
355600,34.0,13.0,2014
355620,169.0,63.0,2014
355630,55.0,31.0,2014
355640,77.0,47.0,2014
355650,29.0,27.0,2014
355670,6.0,4.0,2014
355680,48.0,30.0,2014
355690,9.0,9.0,2014
355700,150.0,88.0,2014
355710,238.0,123.0,2014
355720,50.0,30.0,2014
410010,22.0,21.0,2014
410045,19.0,19.0,2014
410050,37.0,37.0,2014
410060,20.0,19.0,2014
410080,21.0,21.0,2014
410090,13.0,13.0,2014
410100,34.0,34.0,2014
410110,88.0,86.0,2014
410120,31.0,31.0,2014
410140,235.0,166.0,2014
410150,321.0,267.0,2014
410160,39.0,39.0,2014
410170,28.0,22.0,2014
410180,91.0,91.0,2014
410190,69.0,58.0,2014
410200,54.0,40.0,2014
410210,60.0,42.0,2014
410220,10.0,10.0,2014
410230,12.0,12.0,2014
410240,142.0,91.0,2014
410250,30.0,30.0,2014
410280,26.0,26.0,2014
410290,43.0,43.0,2014
410300,10.0,9.0,2014
410305,20.0,20.0,2014
410310,11.0,11.0,2014
410320,29.0,29.0,2014
410330,26.0,26.0,2014
410345,36.0,32.0,2014
410360,100.0,90.0,2014
410370,86.0,43.0,2014
410390,50.0,48.0,2014
410400,310.0,253.0,2014
410410,10.0,10.0,2014
410420,739.0,663.0,2014
410430,209.0,119.0,2014
410440,56.0,56.0,2014
410442,41.0,37.0,2014
410445,51.0,44.0,2014
410450,47.0,41.0,2014
410460,34.0,32.0,2014
410470,28.0,24.0,2014
410480,867.0,474.0,2014
410490,116.0,116.0,2014
410510,25.0,25.0,2014
410520,26.0,26.0,2014
410530,36.0,28.0,2014
410540,77.0,74.0,2014
410550,98.0,69.0,2014
410560,31.0,27.0,2014
410570,50.0,39.0,2014
410580,119.0,109.0,2014
410590,56.0,50.0,2014
410600,29.0,29.0,2014
410610,20.0,20.0,2014
410620,16.0,16.0,2014
410630,29.0,27.0,2014
410640,195.0,131.0,2014
410650,58.0,56.0,2014
410660,32.0,32.0,2014
410670,11.0,11.0,2014
410680,35.0,35.0,2014
410690,5673.0,2953.0,2014
410700,19.0,19.0,2014
410710,19.0,19.0,2014
410715,15.0,15.0,2014
410720,84.0,74.0,2014
410725,28.0,19.0,2014
410730,11.0,11.0,2014
410750,32.0,29.0,2014
410753,30.0,20.0,2014
410760,82.0,30.0,2014
410765,48.0,48.0,2014
410775,28.0,28.0,2014
410780,21.0,21.0,2014
410790,20.0,20.0,2014
410800,22.0,22.0,2014
410820,38.0,31.0,2014
410830,413.0,245.0,2014
410832,24.0,24.0,2014
410840,286.0,156.0,2014
410850,29.0,19.0,2014
410855,10.0,10.0,2014
410860,86.0,72.0,2014
410870,26.0,26.0,2014
410880,88.0,70.0,2014
410890,16.0,16.0,2014
410900,16.0,16.0,2014
410930,98.0,84.0,2014
410940,465.0,299.0,2014
410950,20.0,20.0,2014
410960,50.0,50.0,2014
410970,56.0,54.0,2014
410975,33.0,33.0,2014
410980,127.0,80.0,2014
411030,11.0,11.0,2014
411040,16.0,16.0,2014
411050,29.0,29.0,2014
411060,31.0,31.0,2014
411070,183.0,111.0,2014
411080,31.0,31.0,2014
411090,19.0,17.0,2014
411095,25.0,,2014
411100,21.0,21.0,2014
411110,16.0,16.0,2014
411125,49.0,49.0,2014
411130,17.0,17.0,2014
411140,18.0,18.0,2014
411150,186.0,154.0,2014
411160,16.0,16.0,2014
411170,18.0,18.0,2014
411180,108.0,76.0,2014
411190,29.0,29.0,2014
411200,79.0,79.0,2014
411210,329.0,301.0,2014
411220,29.0,29.0,2014
411240,22.0,19.0,2014
411250,24.0,24.0,2014
411270,19.0,18.0,2014
411275,25.0,18.0,2014
411280,29.0,24.0,2014
411290,14.0,14.0,2014
411295,25.0,25.0,2014
411300,19.0,19.0,2014
411310,23.0,23.0,2014
411320,116.0,116.0,2014
411330,121.0,97.0,2014
411345,20.0,20.0,2014
411350,119.0,103.0,2014
411370,1728.0,1199.0,2014
411375,29.0,20.0,2014
411380,16.0,16.0,2014
411390,32.0,28.0,2014
411410,52.0,30.0,2014
411420,117.0,105.0,2014
411430,50.0,50.0,2014
411440,54.0,46.0,2014
411450,24.0,24.0,2014
411460,343.0,252.0,2014
411500,23.0,22.0,2014
411520,1389.0,755.0,2014
411535,27.0,9.0,2014
411540,82.0,56.0,2014
411550,21.0,21.0,2014
411560,79.0,53.0,2014
411570,12.0,12.0,2014
411580,178.0,75.0,2014
411600,10.0,10.0,2014
411605,45.0,24.0,2014
411620,31.0,29.0,2014
411630,6.0,6.0,2014
411670,24.0,20.0,2014
411680,22.0,20.0,2014
411690,75.0,68.0,2014
411695,10.0,10.0,2014
411700,16.0,14.0,2014
411710,22.0,20.0,2014
411720,16.0,16.0,2014
411722,20.0,9.0,2014
411725,40.0,34.0,2014
411727,32.0,32.0,2014
411730,30.0,26.0,2014
411740,12.0,12.0,2014
411750,15.0,15.0,2014
411760,91.0,90.0,2014
411770,154.0,119.0,2014
411790,69.0,31.0,2014
411800,29.0,25.0,2014
411810,8.0,8.0,2014
411820,223.0,138.0,2014
411830,15.0,15.0,2014
411840,171.0,105.0,2014
411845,25.0,15.0,2014
411850,254.0,188.0,2014
411870,12.0,12.0,2014
411890,19.0,19.0,2014
411910,41.0,40.0,2014
411915,302.0,288.0,2014
411920,27.0,17.0,2014
411930,91.0,82.0,2014
411940,27.0,27.0,2014
411950,641.0,581.0,2014
411960,91.0,81.0,2014
411970,15.0,15.0,2014
411980,47.0,41.0,2014
411990,865.0,626.0,2014
412000,49.0,49.0,2014
412020,9.0,9.0,2014
412033,20.0,20.0,2014
412035,72.0,64.0,2014
412040,18.0,18.0,2014
412050,24.0,24.0,2014
412060,125.0,107.0,2014
412070,28.0,26.0,2014
412085,13.0,,2014
412090,47.0,29.0,2014
412100,26.0,25.0,2014
412120,25.0,25.0,2014
412130,16.0,16.0,2014
412140,29.0,18.0,2014
412150,54.0,50.0,2014
412170,39.0,32.0,2014
412180,55.0,49.0,2014
412190,49.0,45.0,2014
412200,47.0,32.0,2014
412220,55.0,55.0,2014
412230,30.0,27.0,2014
412240,212.0,197.0,2014
412250,31.0,31.0,2014
412260,31.0,25.0,2014
412265,34.0,34.0,2014
412290,20.0,20.0,2014
412300,27.0,21.0,2014
412310,15.0,15.0,2014
412330,26.0,16.0,2014
412340,21.0,18.0,2014
412350,65.0,18.0,2014
412370,27.0,19.0,2014
412380,32.0,32.0,2014
412385,46.0,46.0,2014
412390,36.0,34.0,2014
412400,20.0,20.0,2014
412405,42.0,,2014
412410,181.0,148.0,2014
412420,10.0,10.0,2014
412430,13.0,13.0,2014
412440,45.0,37.0,2014
412450,23.0,,2014
412460,16.0,15.0,2014
412470,20.0,20.0,2014
412480,34.0,29.0,2014
412490,17.0,17.0,2014
412500,20.0,20.0,2014
412510,27.0,26.0,2014
412520,28.0,22.0,2014
412530,30.0,27.0,2014
412535,20.0,20.0,2014
412540,18.0,18.0,2014
412545,19.0,19.0,2014
412550,245.0,192.0,2014
412560,63.0,49.0,2014
412575,24.0,16.0,2014
412580,25.0,23.0,2014
412600,25.0,25.0,2014
412620,19.0,19.0,2014
412625,161.0,115.0,2014
412630,35.0,31.0,2014
412640,23.0,23.0,2014
412650,27.0,25.0,2014
412660,54.0,35.0,2014
412667,21.0,21.0,2014
412670,9.0,9.0,2014
412680,3.0,3.0,2014
412700,17.0,17.0,2014
412710,312.0,243.0,2014
412720,65.0,63.0,2014
412730,29.0,25.0,2014
412750,30.0,30.0,2014
412760,16.0,16.0,2014
412770,321.0,168.0,2014
412780,66.0,50.0,2014
412785,34.0,34.0,2014
412788,6.0,6.0,2014
412790,22.0,22.0,2014
412795,26.0,26.0,2014
412796,53.0,49.0,2014
412800,101.0,48.0,2014
412810,463.0,294.0,2014
412820,223.0,109.0,2014
412840,45.0,38.0,2014
412850,33.0,32.0,2014
412855,26.0,26.0,2014
412860,21.0,18.0,2014
420010,43.0,38.0,2014
420020,23.0,16.0,2014
420040,31.0,23.0,2014
420070,29.0,25.0,2014
420080,20.0,16.0,2014
420090,51.0,44.0,2014
420100,51.0,43.0,2014
420110,48.0,15.0,2014
420127,21.0,14.0,2014
420140,117.0,117.0,2014
420150,32.0,23.0,2014
420160,18.0,11.0,2014
420190,14.0,13.0,2014
420200,320.0,218.0,2014
420220,25.0,21.0,2014
420230,92.0,92.0,2014
420240,687.0,351.0,2014
420243,52.0,16.0,2014
420250,18.0,18.0,2014
420260,40.0,33.0,2014
420280,71.0,51.0,2014
420290,252.0,154.0,2014
420300,124.0,83.0,2014
420310,32.0,29.0,2014
420320,286.0,77.0,2014
420330,34.0,21.0,2014
420340,32.0,26.0,2014
420350,42.0,28.0,2014
420360,89.0,79.0,2014
420370,20.0,20.0,2014
420380,97.0,70.0,2014
420390,79.0,64.0,2014
420400,39.0,31.0,2014
420410,28.0,21.0,2014
420420,414.0,242.0,2014
420430,181.0,109.0,2014
420440,30.0,23.0,2014
420455,27.0,27.0,2014
420460,644.0,423.0,2014
420470,46.0,32.0,2014
420480,126.0,93.0,2014
420490,37.0,33.0,2014
420500,48.0,32.0,2014
420520,32.0,24.0,2014
420530,50.0,45.0,2014
420540,1405.0,1025.0,2014
420550,51.0,43.0,2014
420580,34.0,14.0,2014
420590,100.0,73.0,2014
420630,16.0,13.0,2014
420640,39.0,37.0,2014
420650,54.0,54.0,2014
420660,18.0,18.0,2014
420680,38.0,20.0,2014
420690,77.0,77.0,2014
420700,81.0,74.0,2014
420720,35.0,32.0,2014
420730,73.0,57.0,2014
420740,15.0,14.0,2014
420750,100.0,63.0,2014
420760,27.0,19.0,2014
420765,25.0,24.0,2014
420770,22.0,20.0,2014
420780,44.0,41.0,2014
420790,21.0,15.0,2014
420800,36.0,21.0,2014
420810,36.0,34.0,2014
420820,369.0,270.0,2014
420830,20.0,20.0,2014
420840,50.0,35.0,2014
420845,1.0,1.0,2014
420850,90.0,75.0,2014
420870,38.0,28.0,2014
420880,39.0,34.0,2014
420890,324.0,236.0,2014
420900,153.0,69.0,2014
420910,1096.0,776.0,2014
420930,482.0,375.0,2014
420940,108.0,89.0,2014
420960,66.0,66.0,2014
420970,45.0,45.0,2014
420985,55.0,49.0,2014
421000,38.0,38.0,2014
421003,81.0,66.0,2014
421010,98.0,79.0,2014
421030,37.0,31.0,2014
421050,81.0,73.0,2014
421070,12.0,12.0,2014
421080,50.0,32.0,2014
421090,31.0,24.0,2014
421100,44.0,37.0,2014
421105,16.0,16.0,2014
421110,22.0,20.0,2014
421120,110.0,91.0,2014
421130,39.0,36.0,2014
421140,25.0,17.0,2014
421150,51.0,51.0,2014
421160,49.0,43.0,2014
421170,52.0,33.0,2014
421175,50.0,40.0,2014
421190,34.0,,2014
421200,36.0,30.0,2014
421210,71.0,61.0,2014
421220,35.0,30.0,2014
421250,23.0,23.0,2014
421260,32.0,26.0,2014
421270,22.0,20.0,2014
421290,39.0,24.0,2014
421320,61.0,36.0,2014
421330,55.0,45.0,2014
421340,64.0,54.0,2014
421360,91.0,70.0,2014
421370,41.0,34.0,2014
421380,53.0,50.0,2014
421400,44.0,42.0,2014
421420,47.0,41.0,2014
421450,30.0,27.0,2014
421470,91.0,81.0,2014
421480,267.0,176.0,2014
421490,32.0,26.0,2014
421500,120.0,104.0,2014
421530,43.0,40.0,2014
421540,16.0,14.0,2014
421550,136.0,115.0,2014
421570,56.0,54.0,2014
421580,99.0,68.0,2014
421590,24.0,18.0,2014
421600,66.0,39.0,2014
421620,37.0,37.0,2014
421625,32.0,21.0,2014
421630,30.0,28.0,2014
421650,98.0,73.0,2014
421660,1062.0,764.0,2014
421670,33.0,28.0,2014
421680,25.0,25.0,2014
421690,56.0,48.0,2014
421710,24.0,21.0,2014
421720,172.0,80.0,2014
421725,93.0,93.0,2014
421730,28.0,24.0,2014
421750,51.0,33.0,2014
421770,65.0,45.0,2014
421780,47.0,40.0,2014
421790,54.0,40.0,2014
421800,64.0,39.0,2014
421810,28.0,21.0,2014
421820,84.0,51.0,2014
421830,50.0,41.0,2014
421840,34.0,32.0,2014
421850,19.0,17.0,2014
421860,66.0,55.0,2014
421870,418.0,250.0,2014
421875,37.0,34.0,2014
421880,80.0,34.0,2014
421890,50.0,40.0,2014
421900,116.0,87.0,2014
421910,21.0,17.0,2014
421920,21.0,20.0,2014
421930,104.0,51.0,2014
421935,17.0,15.0,2014
421940,21.0,21.0,2014
421950,151.0,120.0,2014
421960,23.0,16.0,2014
421970,60.0,37.0,2014
430003,42.0,33.0,2014
430010,66.0,53.0,2014
430020,31.0,24.0,2014
430030,38.0,34.0,2014
430040,168.0,121.0,2014
430045,23.0,17.0,2014
430050,27.0,22.0,2014
430060,113.0,83.0,2014
430063,12.0,12.0,2014
430064,28.0,25.0,2014
430070,38.0,23.0,2014
430080,50.0,34.0,2014
430090,36.0,31.0,2014
430100,88.0,79.0,2014
430110,13.0,12.0,2014
430120,68.0,53.0,2014
430130,48.0,36.0,2014
430140,51.0,31.0,2014
430150,50.0,43.0,2014
430155,19.0,19.0,2014
430160,297.0,206.0,2014
430165,24.0,21.0,2014
430180,19.0,12.0,2014
430190,12.0,12.0,2014
430210,287.0,170.0,2014
430220,40.0,27.0,2014
430230,48.0,46.0,2014
430235,43.0,27.0,2014
430240,50.0,33.0,2014
430245,39.0,29.0,2014
430260,34.0,24.0,2014
430265,17.0,5.0,2014
430270,29.0,29.0,2014
430280,79.0,60.0,2014
430290,74.0,58.0,2014
430300,212.0,114.0,2014
430310,63.0,63.0,2014
430320,32.0,22.0,2014
430330,40.0,30.0,2014
430340,64.0,45.0,2014
430350,149.0,122.0,2014
430360,32.0,29.0,2014
430370,55.0,46.0,2014
430380,41.0,39.0,2014
430390,70.0,67.0,2014
430400,35.0,30.0,2014
430410,15.0,10.0,2014
430420,105.0,74.0,2014
430430,39.0,32.0,2014
430440,62.0,53.0,2014
430450,104.0,86.0,2014
430460,901.0,692.0,2014
430463,68.0,64.0,2014
430470,152.0,94.0,2014
430480,99.0,60.0,2014
430490,35.0,25.0,2014
430500,10.0,10.0,2014
430510,1187.0,620.0,2014
430513,31.0,31.0,2014
430520,55.0,34.0,2014
430530,51.0,38.0,2014
430535,171.0,171.0,2014
430540,30.0,25.0,2014
430550,28.0,25.0,2014
430570,19.0,17.0,2014
430580,23.0,18.0,2014
430590,54.0,35.0,2014
430600,58.0,40.0,2014
430610,281.0,123.0,2014
430620,35.0,31.0,2014
430630,32.0,24.0,2014
430640,70.0,62.0,2014
430645,50.0,35.0,2014
430650,22.0,17.0,2014
430660,121.0,75.0,2014
430670,16.0,16.0,2014
430673,13.0,13.0,2014
430680,55.0,33.0,2014
430690,53.0,35.0,2014
430692,21.0,18.0,2014
430700,276.0,159.0,2014
430710,24.0,24.0,2014
430720,31.0,31.0,2014
430730,30.0,28.0,2014
430750,94.0,76.0,2014
430755,42.0,23.0,2014
430760,59.0,55.0,2014
430770,147.0,147.0,2014
430780,102.0,71.0,2014
430790,111.0,71.0,2014
430800,56.0,51.0,2014
430810,43.0,34.0,2014
430820,51.0,31.0,2014
430830,32.0,30.0,2014
430840,24.0,24.0,2014
430845,24.0,24.0,2014
430850,143.0,82.0,2014
430860,75.0,49.0,2014
430870,34.0,29.0,2014
430890,89.0,70.0,2014
430900,49.0,35.0,2014
430910,79.0,48.0,2014
430920,183.0,113.0,2014
430925,4.0,4.0,2014
430930,66.0,42.0,2014
430940,77.0,50.0,2014
430950,45.0,36.0,2014
430960,90.0,66.0,2014
430970,34.0,23.0,2014
430980,30.0,20.0,2014
430990,23.0,17.0,2014
431000,44.0,26.0,2014
431010,65.0,54.0,2014
431020,266.0,192.0,2014
431030,39.0,24.0,2014
431040,19.0,19.0,2014
431050,64.0,49.0,2014
431060,79.0,77.0,2014
431070,13.0,13.0,2014
431075,24.0,21.0,2014
431080,50.0,41.0,2014
431085,41.0,37.0,2014
431090,19.0,13.0,2014
431100,62.0,48.0,2014
431110,47.0,30.0,2014
431112,5.0,5.0,2014
431115,3.0,3.0,2014
431120,67.0,49.0,2014
431125,14.0,14.0,2014
431130,71.0,47.0,2014
431140,160.0,115.0,2014
431150,28.0,22.0,2014
431160,12.0,12.0,2014
431170,36.0,27.0,2014
431180,109.0,71.0,2014
431190,56.0,29.0,2014
431200,14.0,12.0,2014
431205,44.0,31.0,2014
431210,39.0,28.0,2014
431220,39.0,27.0,2014
431240,244.0,159.0,2014
431245,30.0,27.0,2014
431250,30.0,30.0,2014
431260,31.0,25.0,2014
431265,100.0,73.0,2014
431270,94.0,71.0,2014
431275,15.0,11.0,2014
431290,20.0,12.0,2014
431300,37.0,25.0,2014
431310,52.0,31.0,2014
431320,34.0,26.0,2014
431330,71.0,50.0,2014
431340,475.0,290.0,2014
431350,100.0,71.0,2014
431360,60.0,51.0,2014
431365,39.0,30.0,2014
431370,105.0,83.0,2014
431380,59.0,44.0,2014
431390,78.0,56.0,2014
431400,40.0,27.0,2014
431402,32.0,30.0,2014
431405,100.0,100.0,2014
431410,1042.0,677.0,2014
431417,9.0,9.0,2014
431420,50.0,44.0,2014
431430,16.0,15.0,2014
431440,1178.0,832.0,2014
431447,30.0,18.0,2014
431450,51.0,51.0,2014
431460,133.0,112.0,2014
431470,39.0,39.0,2014
431480,51.0,44.0,2014
431490,7401.0,4704.0,2014
431500,50.0,40.0,2014
431510,57.0,32.0,2014
431515,49.0,44.0,2014
431520,26.0,22.0,2014
431530,62.0,51.0,2014
431535,19.0,14.0,2014
431540,39.0,33.0,2014
431550,50.0,30.0,2014
431560,741.0,681.0,2014
431570,93.0,93.0,2014
431575,33.0,30.0,2014
431580,38.0,26.0,2014
431590,59.0,48.0,2014
431600,52.0,50.0,2014
431610,91.0,70.0,2014
431620,31.0,23.0,2014
431630,34.0,31.0,2014
431640,96.0,69.0,2014
431643,16.0,16.0,2014
431645,29.0,21.0,2014
431650,32.0,25.0,2014
431660,72.0,51.0,2014
431670,50.0,40.0,2014
431680,322.0,191.0,2014
431690,1043.0,501.0,2014
431700,33.0,27.0,2014
431710,208.0,90.0,2014
431720,207.0,118.0,2014
431730,65.0,53.0,2014
431740,168.0,101.0,2014
431750,217.0,141.0,2014
431760,82.0,76.0,2014
431780,72.0,50.0,2014
431790,64.0,49.0,2014
431800,104.0,73.0,2014
431805,5.0,5.0,2014
431810,64.0,49.0,2014
431820,63.0,57.0,2014
431830,177.0,128.0,2014
431840,100.0,78.0,2014
431843,16.0,16.0,2014
431846,18.0,18.0,2014
431849,30.0,19.0,2014
431850,51.0,51.0,2014
431860,53.0,40.0,2014
431870,258.0,234.0,2014
431880,189.0,139.0,2014
431890,122.0,99.0,2014
431900,77.0,45.0,2014
431910,39.0,25.0,2014
431915,38.0,30.0,2014
431930,36.0,25.0,2014
431940,54.0,45.0,2014
431950,92.0,53.0,2014
431960,64.0,55.0,2014
431980,35.0,28.0,2014
431990,140.0,102.0,2014
432000,155.0,155.0,2014
432010,81.0,64.0,2014
432020,50.0,40.0,2014
432026,34.0,30.0,2014
432030,32.0,20.0,2014
432040,45.0,33.0,2014
432045,14.0,14.0,2014
432050,50.0,30.0,2014
432060,31.0,26.0,2014
432065,16.0,16.0,2014
432067,55.0,34.0,2014
432070,87.0,67.0,2014
432080,121.0,86.0,2014
432090,92.0,67.0,2014
432100,36.0,23.0,2014
432110,49.0,39.0,2014
432120,129.0,71.0,2014
432130,81.0,64.0,2014
432132,16.0,16.0,2014
432140,110.0,76.0,2014
432145,84.0,74.0,2014
432150,82.0,65.0,2014
432160,94.0,94.0,2014
432163,31.0,27.0,2014
432170,59.0,52.0,2014
432180,69.0,41.0,2014
432190,104.0,69.0,2014
432195,35.0,33.0,2014
432200,50.0,36.0,2014
432210,34.0,25.0,2014
432220,91.0,63.0,2014
432230,37.0,26.0,2014
432240,210.0,165.0,2014
432250,146.0,105.0,2014
432253,39.0,29.0,2014
432260,121.0,85.0,2014
432270,35.0,31.0,2014
432280,64.0,42.0,2014
432290,50.0,33.0,2014
432300,266.0,254.0,2014
432310,27.0,27.0,2014
432320,18.0,18.0,2014
432340,18.0,16.0,2014
432370,23.0,18.0,2014
500020,17.0,17.0,2014
500060,127.0,40.0,2014
500070,26.0,24.0,2014
500080,12.0,8.0,2014
500085,26.0,6.0,2014
500090,7.0,7.0,2014
500100,92.0,92.0,2014
500110,149.0,117.0,2014
500124,21.0,21.0,2014
500150,12.0,12.0,2014
500190,35.0,15.0,2014
500200,17.0,11.0,2014
500210,30.0,22.0,2014
500215,8.0,8.0,2014
500220,30.0,27.0,2014
500230,20.0,11.0,2014
500240,35.0,25.0,2014
500260,18.0,15.0,2014
500270,2322.0,1459.0,2014
500280,8.0,4.0,2014
500290,64.0,37.0,2014
500295,56.0,54.0,2014
500310,6.0,6.0,2014
500315,9.0,9.0,2014
500320,158.0,126.0,2014
500325,52.0,33.0,2014
500330,93.0,65.0,2014
500345,32.0,32.0,2014
500348,9.0,9.0,2014
500370,571.0,338.0,2014
500375,46.0,30.0,2014
500380,97.0,51.0,2014
500390,13.0,13.0,2014
500400,12.0,8.0,2014
500410,26.0,12.0,2014
500430,56.0,43.0,2014
500440,8.0,8.0,2014
500450,14.0,14.0,2014
500460,27.0,14.0,2014
500470,50.0,29.0,2014
500500,43.0,27.0,2014
500510,21.0,19.0,2014
500515,9.0,9.0,2014
500520,10.0,,2014
500525,6.0,6.0,2014
500540,50.0,44.0,2014
500560,46.0,24.0,2014
500568,36.0,36.0,2014
500570,92.0,81.0,2014
500580,6.0,6.0,2014
500600,18.0,18.0,2014
500620,122.0,87.0,2014
500625,14.0,5.0,2014
500630,191.0,112.0,2014
500635,10.0,10.0,2014
500640,8.0,8.0,2014
500660,154.0,104.0,2014
500690,16.0,16.0,2014
500710,16.0,16.0,2014
500720,43.0,38.0,2014
500730,20.0,6.0,2014
500740,29.0,29.0,2014
500750,8.0,8.0,2014
500755,8.0,8.0,2014
500769,58.0,34.0,2014
500770,64.0,18.0,2014
500790,39.0,27.0,2014
500793,22.0,10.0,2014
500795,8.0,8.0,2014
500797,4.0,4.0,2014
500830,238.0,115.0,2014
500840,5.0,5.0,2014
510020,98.0,50.0,2014
510025,129.0,66.0,2014
510030,106.0,87.0,2014
510060,30.0,24.0,2014
510080,28.0,28.0,2014
510100,12.0,12.0,2014
510125,19.0,16.0,2014
510130,24.0,23.0,2014
510140,33.0,33.0,2014
510160,11.0,11.0,2014
510170,78.0,78.0,2014
510180,109.0,73.0,2014
510190,31.0,31.0,2014
510250,236.0,170.0,2014
510260,21.0,21.0,2014
510263,31.0,30.0,2014
510267,45.0,36.0,2014
510268,16.0,16.0,2014
510270,40.0,17.0,2014
510279,20.0,20.0,2014
510300,34.0,34.0,2014
510305,23.0,14.0,2014
510310,16.0,16.0,2014
510320,112.0,83.0,2014
510325,40.0,28.0,2014
510330,42.0,31.0,2014
510335,41.0,41.0,2014
510337,32.0,30.0,2014
510340,1878.0,1272.0,2014
510345,24.0,24.0,2014
510350,51.0,51.0,2014
510360,20.0,15.0,2014
510385,17.0,17.0,2014
510390,15.0,15.0,2014
510410,50.0,36.0,2014
510420,20.0,16.0,2014
510455,16.0,16.0,2014
510460,35.0,35.0,2014
510480,61.0,30.0,2014
510500,37.0,32.0,2014
510510,97.0,32.0,2014
510515,150.0,84.0,2014
510517,19.0,19.0,2014
510520,17.0,13.0,2014
510525,77.0,49.0,2014
510550,28.0,24.0,2014
510558,21.0,21.0,2014
510560,39.0,25.0,2014
510562,84.0,39.0,2014
510590,41.0,34.0,2014
510600,35.0,30.0,2014
510610,14.0,14.0,2014
510615,15.0,15.0,2014
510620,13.0,13.0,2014
510621,27.0,8.0,2014
510622,43.0,41.0,2014
510623,43.0,20.0,2014
510625,46.0,25.0,2014
510627,16.0,16.0,2014
510628,26.0,26.0,2014
510629,26.0,26.0,2014
510630,35.0,35.0,2014
510637,28.0,28.0,2014
510642,64.0,64.0,2014
510650,64.0,58.0,2014
510670,21.0,21.0,2014
510675,68.0,50.0,2014
510677,18.0,18.0,2014
510680,20.0,20.0,2014
510700,94.0,79.0,2014
510704,112.0,46.0,2014
510706,31.0,26.0,2014
510710,54.0,48.0,2014
510718,28.0,28.0,2014
510719,15.0,15.0,2014
510720,20.0,20.0,2014
510730,37.0,25.0,2014
510735,29.0,10.0,2014
510760,430.0,343.0,2014
510770,63.0,55.0,2014
510775,14.0,14.0,2014
510777,17.0,17.0,2014
510780,20.0,20.0,2014
510785,40.0,40.0,2014
510787,49.0,40.0,2014
510790,235.0,97.0,2014
510792,157.0,113.0,2014
510794,21.0,15.0,2014
510795,151.0,88.0,2014
510800,21.0,21.0,2014
510805,37.0,37.0,2014
510810,14.0,14.0,2014
510820,23.0,22.0,2014
510840,284.0,245.0,2014
510850,30.0,,2014
510860,24.0,19.0,2014
510885,8.0,8.0,2014
510890,6.0,6.0,2014
510895,13.0,13.0,2014
520013,72.0,38.0,2014
520025,39.0,39.0,2014
520030,34.0,34.0,2014
520050,14.0,14.0,2014
520060,15.0,15.0,2014
520080,32.0,32.0,2014
520085,33.0,29.0,2014
520090,16.0,16.0,2014
520110,1087.0,805.0,2014
520130,27.0,27.0,2014
520140,733.0,557.0,2014
520150,13.0,13.0,2014
520160,17.0,17.0,2014
520170,53.0,53.0,2014
520180,16.0,16.0,2014
520215,10.0,10.0,2014
520235,17.0,17.0,2014
520250,15.0,15.0,2014
520280,12.0,12.0,2014
520320,22.0,22.0,2014
520330,48.0,38.0,2014
520340,39.0,29.0,2014
520350,19.0,19.0,2014
520380,23.0,23.0,2014
520390,32.0,25.0,2014
520393,14.0,14.0,2014
520400,16.0,16.0,2014
520410,26.0,26.0,2014
520425,20.0,20.0,2014
520430,46.0,30.0,2014
520440,35.0,23.0,2014
520450,129.0,84.0,2014
520465,19.0,19.0,2014
520470,16.0,16.0,2014
520480,18.0,18.0,2014
520490,48.0,34.0,2014
520495,42.0,42.0,2014
520500,17.0,17.0,2014
520505,15.0,15.0,2014
520510,324.0,183.0,2014
520520,20.0,20.0,2014
520530,15.0,15.0,2014
520540,289.0,124.0,2014
520545,15.0,15.0,2014
520547,25.0,25.0,2014
520549,57.0,24.0,2014
520551,25.0,25.0,2014
520552,15.0,15.0,2014
520570,16.0,16.0,2014
520580,24.0,13.0,2014
520590,26.0,26.0,2014
520620,61.0,44.0,2014
520630,8.0,8.0,2014
520640,97.0,68.0,2014
520650,11.0,11.0,2014
520660,14.0,14.0,2014
520670,13.0,13.0,2014
520680,14.0,14.0,2014
520710,16.0,16.0,2014
520725,24.0,24.0,2014
520735,10.0,10.0,2014
520740,23.0,18.0,2014
520750,22.0,22.0,2014
520753,15.0,15.0,2014
520760,20.0,20.0,2014
520780,37.0,26.0,2014
520790,7.0,7.0,2014
520800,135.0,90.0,2014
520810,25.0,25.0,2014
520830,20.0,20.0,2014
520840,18.0,18.0,2014
520850,33.0,26.0,2014
520860,274.0,206.0,2014
520870,6243.0,3219.0,2014
520880,44.0,28.0,2014
520890,111.0,68.0,2014
520910,127.0,59.0,2014
520960,19.0,19.0,2014
520970,21.0,21.0,2014
520980,28.0,28.0,2014
520990,30.0,30.0,2014
520993,16.0,16.0,2014
520995,51.0,20.0,2014
521000,305.0,96.0,2014
521010,68.0,52.0,2014
521020,118.0,51.0,2014
521030,9.0,9.0,2014
521040,71.0,64.0,2014
521060,19.0,19.0,2014
521080,18.0,18.0,2014
521090,66.0,61.0,2014
521100,23.0,23.0,2014
521120,133.0,81.0,2014
521130,17.0,17.0,2014
521140,18.0,18.0,2014
521150,252.0,104.0,2014
521160,10.0,10.0,2014
521170,13.0,13.0,2014
521180,97.0,82.0,2014
521190,210.0,144.0,2014
521200,10.0,10.0,2014
521210,15.0,15.0,2014
521220,68.0,30.0,2014
521230,29.0,29.0,2014
521250,163.0,85.0,2014
521260,18.0,18.0,2014
521270,16.0,16.0,2014
521280,32.0,18.0,2014
521290,29.0,29.0,2014
521295,14.0,14.0,2014
521300,12.0,12.0,2014
521308,81.0,28.0,2014
521310,249.0,79.0,2014
521350,16.0,16.0,2014
521370,30.0,30.0,2014
521375,13.0,13.0,2014
521380,106.0,74.0,2014
521385,19.0,19.0,2014
521390,20.0,20.0,2014
521400,20.0,20.0,2014
521405,18.0,18.0,2014
521410,19.0,19.0,2014
521440,16.0,16.0,2014
521450,104.0,69.0,2014
521460,105.0,89.0,2014
521483,45.0,45.0,2014
521500,18.0,18.0,2014
521520,11.0,11.0,2014
521530,29.0,20.0,2014
521550,31.0,31.0,2014
521560,33.0,28.0,2014
521565,19.0,19.0,2014
521570,33.0,33.0,2014
521580,14.0,14.0,2014
521590,16.0,16.0,2014
521630,30.0,30.0,2014
521640,20.0,20.0,2014
521680,23.0,17.0,2014
521710,66.0,56.0,2014
521720,28.0,28.0,2014
521730,74.0,68.0,2014
521740,41.0,41.0,2014
521760,73.0,71.0,2014
521770,50.0,22.0,2014
521800,115.0,70.0,2014
521810,17.0,17.0,2014
521830,54.0,52.0,2014
521850,136.0,51.0,2014
521860,24.0,24.0,2014
521880,401.0,262.0,2014
521890,108.0,104.0,2014
521900,17.0,17.0,2014
521910,15.0,15.0,2014
521920,12.0,12.0,2014
521925,15.0,15.0,2014
521930,156.0,136.0,2014
521950,16.0,16.0,2014
521960,17.0,17.0,2014
521970,38.0,38.0,2014
521973,19.0,19.0,2014
521975,138.0,27.0,2014
521980,22.0,22.0,2014
522000,76.0,26.0,2014
522010,99.0,50.0,2014
522015,10.0,10.0,2014
522020,99.0,80.0,2014
522026,10.0,10.0,2014
522040,50.0,50.0,2014
522045,87.0,79.0,2014
522050,21.0,21.0,2014
522060,40.0,40.0,2014
522068,16.0,16.0,2014
522100,41.0,20.0,2014
522140,520.0,422.0,2014
522145,15.0,15.0,2014
522150,17.0,17.0,2014
522155,14.0,14.0,2014
522160,95.0,79.0,2014
522170,27.0,20.0,2014
522185,67.0,30.0,2014
522200,37.0,29.0,2014
522205,39.0,34.0,2014
522220,13.0,13.0,2014
530010,6905.0,4618.0,2014
110001,51.0,45.0,2015
110002,218.0,110.0,2015
110003,8.0,8.0,2015
110004,343.0,246.0,2015
110005,40.0,40.0,2015
110006,56.0,55.0,2015
110007,16.0,16.0,2015
110009,54.0,36.0,2015
110010,120.0,107.0,2015
110011,97.0,86.0,2015
110012,273.0,148.0,2015
110013,44.0,44.0,2015
110014,44.0,44.0,2015
110015,87.0,45.0,2015
110018,58.0,46.0,2015
110020,1659.0,1168.0,2015
110025,49.0,49.0,2015
110026,12.0,12.0,2015
110028,94.0,78.0,2015
110029,25.0,25.0,2015
110030,207.0,188.0,2015
110032,44.0,44.0,2015
110033,42.0,42.0,2015
110034,35.0,35.0,2015
110037,16.0,16.0,2015
110040,15.0,15.0,2015
110045,54.0,32.0,2015
110050,18.0,18.0,2015
110060,26.0,26.0,2015
110070,19.0,19.0,2015
110080,15.0,15.0,2015
110090,7.0,7.0,2015
110092,10.0,10.0,2015
110094,11.0,11.0,2015
110100,21.0,21.0,2015
110110,20.0,20.0,2015
110120,16.0,16.0,2015
110130,33.0,25.0,2015
110140,40.0,40.0,2015
110143,18.0,18.0,2015
110145,8.0,8.0,2015
110146,9.0,9.0,2015
110148,16.0,16.0,2015
110149,29.0,29.0,2015
110150,36.0,36.0,2015
110155,9.0,9.0,2015
110160,13.0,13.0,2015
110170,25.0,25.0,2015
110175,12.0,12.0,2015
110180,16.0,16.0,2015
120001,16.0,16.0,2015
120005,12.0,12.0,2015
120010,42.0,42.0,2015
120020,195.0,193.0,2015
120030,29.0,29.0,2015
120032,10.0,10.0,2015
120033,25.0,25.0,2015
120034,23.0,23.0,2015
120035,13.0,13.0,2015
120038,46.0,46.0,2015
120039,14.0,14.0,2015
120040,824.0,643.0,2015
120042,16.0,16.0,2015
120043,15.0,15.0,2015
120045,30.0,30.0,2015
120050,52.0,52.0,2015
120060,42.0,42.0,2015
120070,25.0,25.0,2015
130002,22.0,22.0,2015
130006,19.0,19.0,2015
130008,20.0,20.0,2015
130010,23.0,23.0,2015
130014,42.0,42.0,2015
130020,30.0,30.0,2015
130030,31.0,31.0,2015
130040,26.0,26.0,2015
130050,32.0,32.0,2015
130060,34.0,34.0,2015
130063,13.0,13.0,2015
130068,20.0,20.0,2015
130070,61.0,61.0,2015
130080,38.0,38.0,2015
130083,17.0,17.0,2015
130090,16.0,16.0,2015
130100,50.0,50.0,2015
130110,20.0,20.0,2015
130120,105.0,105.0,2015
130130,46.0,44.0,2015
130140,80.0,80.0,2015
130150,21.0,21.0,2015
130160,58.0,58.0,2015
130165,19.0,19.0,2015
130170,39.0,39.0,2015
130180,26.0,26.0,2015
130185,32.0,32.0,2015
130190,108.0,108.0,2015
130195,15.0,15.0,2015
130200,18.0,18.0,2015
130210,20.0,20.0,2015
130220,20.0,20.0,2015
130230,19.0,19.0,2015
130240,50.0,50.0,2015
130250,63.0,63.0,2015
130255,20.0,20.0,2015
130260,3425.0,2598.0,2015
130270,60.0,60.0,2015
130280,20.0,20.0,2015
130290,90.0,90.0,2015
130300,30.0,30.0,2015
130310,30.0,30.0,2015
130320,20.0,20.0,2015
130330,31.0,31.0,2015
130340,140.0,140.0,2015
130350,26.0,26.0,2015
130353,35.0,29.0,2015
130356,29.0,29.0,2015
130360,20.0,20.0,2015
130370,52.0,24.0,2015
130380,103.0,97.0,2015
130390,20.0,20.0,2015
130395,20.0,20.0,2015
130400,20.0,20.0,2015
130406,54.0,54.0,2015
130410,35.0,35.0,2015
130420,109.0,97.0,2015
130423,33.0,33.0,2015
130426,20.0,20.0,2015
130430,40.0,40.0,2015
130440,32.0,32.0,2015
140005,29.0,22.0,2015
140010,689.0,636.0,2015
140015,14.0,8.0,2015
140020,28.0,28.0,2015
140023,16.0,16.0,2015
140028,7.0,7.0,2015
140030,22.0,14.0,2015
140040,20.0,19.0,2015
140045,14.0,12.0,2015
140047,35.0,35.0,2015
140050,13.0,12.0,2015
140060,13.0,12.0,2015
150010,257.0,195.0,2015
150013,17.0,17.0,2015
150020,33.0,33.0,2015
150030,30.0,30.0,2015
150034,40.0,40.0,2015
150040,127.0,100.0,2015
150050,94.0,87.0,2015
150060,322.0,226.0,2015
150070,20.0,20.0,2015
150080,990.0,719.0,2015
150085,27.0,27.0,2015
150090,77.0,57.0,2015
150095,64.0,64.0,2015
150110,15.0,15.0,2015
150120,30.0,30.0,2015
150125,10.0,10.0,2015
150130,89.0,71.0,2015
150140,4830.0,2478.0,2015
150145,20.0,20.0,2015
150150,78.0,78.0,2015
150157,31.0,31.0,2015
150170,355.0,266.0,2015
150172,70.0,66.0,2015
150175,24.0,24.0,2015
150178,58.0,44.0,2015
150180,157.0,157.0,2015
150190,43.0,28.0,2015
150200,20.0,20.0,2015
150210,183.0,156.0,2015
150215,71.0,44.0,2015
150220,219.0,112.0,2015
150230,190.0,147.0,2015
150240,433.0,385.0,2015
150250,9.0,9.0,2015
150270,173.0,157.0,2015
150275,25.0,25.0,2015
150276,11.0,11.0,2015
150277,50.0,50.0,2015
150280,25.0,25.0,2015
150290,27.0,27.0,2015
150293,81.0,75.0,2015
150295,41.0,41.0,2015
150300,10.0,10.0,2015
150304,20.0,20.0,2015
150307,5.0,5.0,2015
150309,24.0,24.0,2015
150310,23.0,23.0,2015
150320,45.0,45.0,2015
150330,139.0,139.0,2015
150340,19.0,19.0,2015
150345,55.0,55.0,2015
150350,42.0,42.0,2015
150360,431.0,145.0,2015
150370,61.0,53.0,2015
150375,24.0,24.0,2015
150380,120.0,81.0,2015
150390,57.0,34.0,2015
150400,20.0,20.0,2015
150405,52.0,52.0,2015
150420,264.0,187.0,2015
150430,27.0,27.0,2015
150440,18.0,18.0,2015
150442,150.0,92.0,2015
150445,41.0,41.0,2015
150450,15.0,15.0,2015
150460,27.0,27.0,2015
150470,50.0,50.0,2015
150480,81.0,54.0,2015
150490,26.0,26.0,2015
150495,32.0,32.0,2015
150503,42.0,34.0,2015
150506,54.0,54.0,2015
150510,80.0,78.0,2015
150520,15.0,15.0,2015
150530,79.0,64.0,2015
150540,24.0,24.0,2015
150543,52.0,50.0,2015
150548,29.0,29.0,2015
150549,20.0,20.0,2015
150550,201.0,109.0,2015
150553,297.0,69.0,2015
150555,22.0,22.0,2015
150563,20.0,20.0,2015
150565,29.0,29.0,2015
150570,20.0,20.0,2015
150580,29.0,29.0,2015
150590,49.0,49.0,2015
150600,20.0,20.0,2015
150613,275.0,176.0,2015
150616,54.0,29.0,2015
150618,142.0,136.0,2015
150619,27.0,27.0,2015
150620,87.0,82.0,2015
150630,19.0,19.0,2015
150640,15.0,15.0,2015
150650,130.0,130.0,2015
150658,23.0,23.0,2015
150660,35.0,35.0,2015
150670,60.0,60.0,2015
150680,547.0,431.0,2015
150700,85.0,79.0,2015
150710,20.0,20.0,2015
150715,48.0,21.0,2015
150720,31.0,31.0,2015
150730,98.0,91.0,2015
150745,41.0,41.0,2015
150747,24.0,24.0,2015
150750,19.0,19.0,2015
150760,63.0,63.0,2015
150770,32.0,32.0,2015
150775,11.0,11.0,2015
150780,15.0,15.0,2015
150790,48.0,48.0,2015
150795,40.0,40.0,2015
150797,21.0,21.0,2015
150800,171.0,150.0,2015
150803,15.0,15.0,2015
150805,21.0,21.0,2015
150808,157.0,113.0,2015
150810,304.0,222.0,2015
150812,89.0,88.0,2015
150815,61.0,58.0,2015
150820,35.0,35.0,2015
150830,65.0,65.0,2015
150835,16.0,16.0,2015
150840,152.0,60.0,2015
160005,30.0,30.0,2015
160010,37.0,37.0,2015
160015,15.0,15.0,2015
160020,20.0,20.0,2015
160023,12.0,12.0,2015
160027,47.0,47.0,2015
160030,764.0,638.0,2015
160040,14.0,14.0,2015
160050,41.0,41.0,2015
160053,34.0,34.0,2015
160060,115.0,95.0,2015
160070,10.0,10.0,2015
160080,8.0,8.0,2015
170070,22.0,22.0,2015
170100,14.0,14.0,2015
170190,17.0,17.0,2015
170200,29.0,29.0,2015
170210,523.0,419.0,2015
170220,25.0,25.0,2015
170230,27.0,27.0,2015
170240,45.0,45.0,2015
170255,93.0,93.0,2015
170370,5.0,5.0,2015
170550,81.0,69.0,2015
170610,7.0,7.0,2015
170700,39.0,39.0,2015
170710,14.0,14.0,2015
170720,9.0,9.0,2015
170730,5.0,5.0,2015
170765,5.0,5.0,2015
170820,40.0,40.0,2015
170900,10.0,10.0,2015
170930,57.0,57.0,2015
170950,215.0,101.0,2015
171050,27.0,27.0,2015
171190,30.0,30.0,2015
171320,68.0,68.0,2015
171330,26.0,26.0,2015
171360,5.0,5.0,2015
171420,9.0,9.0,2015
171430,31.0,31.0,2015
171575,5.0,5.0,2015
171610,80.0,70.0,2015
171620,24.0,24.0,2015
171650,31.0,31.0,2015
171660,26.0,26.0,2015
171670,21.0,21.0,2015
171700,6.0,6.0,2015
171750,5.0,5.0,2015
171790,7.0,7.0,2015
171820,126.0,126.0,2015
171886,6.0,6.0,2015
172065,25.0,25.0,2015
172090,47.0,47.0,2015
172100,610.0,422.0,2015
172120,40.0,40.0,2015
172210,28.0,28.0,2015
210005,334.0,121.0,2015
210010,15.0,15.0,2015
210015,15.0,15.0,2015
210020,24.0,24.0,2015
210030,25.0,25.0,2015
210043,48.0,48.0,2015
210047,69.0,69.0,2015
210050,54.0,22.0,2015
210060,70.0,66.0,2015
210070,32.0,32.0,2015
210080,16.0,16.0,2015
210083,15.0,15.0,2015
210087,17.0,17.0,2015
210090,33.0,33.0,2015
210095,58.0,58.0,2015
210100,59.0,50.0,2015
210110,20.0,20.0,2015
210120,166.0,156.0,2015
210130,39.0,39.0,2015
210140,116.0,88.0,2015
210150,31.0,31.0,2015
210160,157.0,131.0,2015
210170,52.0,47.0,2015
210177,15.0,15.0,2015
210180,15.0,15.0,2015
210190,18.0,18.0,2015
210193,15.0,15.0,2015
210197,15.0,15.0,2015
210200,36.0,36.0,2015
210203,25.0,25.0,2015
210210,69.0,69.0,2015
210220,35.0,35.0,2015
210230,44.0,44.0,2015
210232,74.0,74.0,2015
210240,19.0,19.0,2015
210250,20.0,20.0,2015
210255,17.0,17.0,2015
210260,10.0,10.0,2015
210270,34.0,34.0,2015
210275,12.0,12.0,2015
210280,53.0,53.0,2015
210290,38.0,38.0,2015
210300,322.0,315.0,2015
210310,15.0,15.0,2015
210312,19.0,19.0,2015
210320,122.0,90.0,2015
210325,21.0,21.0,2015
210330,115.0,115.0,2015
210340,120.0,100.0,2015
210350,163.0,163.0,2015
210355,15.0,15.0,2015
210360,51.0,51.0,2015
210370,99.0,93.0,2015
210375,14.0,14.0,2015
210380,29.0,29.0,2015
210390,26.0,26.0,2015
210400,44.0,44.0,2015
210405,61.0,53.0,2015
210407,20.0,20.0,2015
210408,18.0,18.0,2015
210409,13.0,13.0,2015
210410,31.0,31.0,2015
210420,17.0,17.0,2015
210440,29.0,29.0,2015
210450,24.0,24.0,2015
210455,13.0,13.0,2015
210460,30.0,30.0,2015
210462,22.0,22.0,2015
210465,33.0,33.0,2015
210467,204.0,200.0,2015
210470,18.0,18.0,2015
210480,167.0,164.0,2015
210490,36.0,32.0,2015
210500,30.0,30.0,2015
210510,34.0,34.0,2015
210515,37.0,37.0,2015
210520,37.0,37.0,2015
210530,779.0,522.0,2015
210535,33.0,33.0,2015
210540,69.0,69.0,2015
210542,76.0,76.0,2015
210545,16.0,16.0,2015
210547,17.0,17.0,2015
210550,60.0,60.0,2015
210560,22.0,22.0,2015
210565,16.0,16.0,2015
210570,144.0,98.0,2015
210580,20.0,20.0,2015
210590,45.0,45.0,2015
210592,32.0,32.0,2015
210594,20.0,20.0,2015
210596,13.0,13.0,2015
210600,38.0,38.0,2015
210610,20.0,20.0,2015
210620,2.0,2.0,2015
210630,20.0,20.0,2015
210632,15.0,15.0,2015
210637,18.0,18.0,2015
210640,23.0,23.0,2015
210650,17.0,17.0,2015
210660,50.0,50.0,2015
210663,25.0,25.0,2015
210667,9.0,9.0,2015
210670,20.0,20.0,2015
210675,52.0,44.0,2015
210680,22.0,22.0,2015
210690,83.0,83.0,2015
210700,30.0,30.0,2015
210710,20.0,20.0,2015
210720,20.0,20.0,2015
210725,14.0,14.0,2015
210730,15.0,15.0,2015
210735,37.0,37.0,2015
210740,20.0,20.0,2015
210745,38.0,38.0,2015
210750,17.0,17.0,2015
210760,36.0,36.0,2015
210770,48.0,48.0,2015
210780,68.0,68.0,2015
210790,123.0,123.0,2015
210800,27.0,27.0,2015
210805,20.0,20.0,2015
210810,39.0,35.0,2015
210820,116.0,85.0,2015
210825,34.0,34.0,2015
210830,71.0,71.0,2015
210840,27.0,27.0,2015
210845,52.0,48.0,2015
210850,40.0,40.0,2015
210860,221.0,215.0,2015
210870,35.0,35.0,2015
210880,18.0,18.0,2015
210890,39.0,39.0,2015
210900,50.0,50.0,2015
210910,194.0,190.0,2015
210920,15.0,15.0,2015
210927,15.0,15.0,2015
210930,14.0,14.0,2015
210940,14.0,14.0,2015
210945,48.0,32.0,2015
210950,50.0,50.0,2015
210955,15.0,15.0,2015
210960,123.0,113.0,2015
210970,9.0,9.0,2015
210975,17.0,17.0,2015
210980,46.0,46.0,2015
210990,271.0,251.0,2015
211000,86.0,86.0,2015
211003,58.0,58.0,2015
211010,42.0,42.0,2015
211020,42.0,35.0,2015
211023,16.0,16.0,2015
211027,15.0,15.0,2015
211030,30.0,30.0,2015
211040,24.0,24.0,2015
211050,49.0,49.0,2015
211060,45.0,41.0,2015
211065,21.0,21.0,2015
211070,34.0,30.0,2015
211080,18.0,18.0,2015
211085,24.0,24.0,2015
211090,18.0,18.0,2015
211100,50.0,50.0,2015
211102,35.0,35.0,2015
211105,16.0,16.0,2015
211107,19.0,19.0,2015
211110,54.0,52.0,2015
211120,124.0,72.0,2015
211125,13.0,13.0,2015
211130,3954.0,3197.0,2015
211140,29.0,29.0,2015
211150,49.0,49.0,2015
211153,26.0,26.0,2015
211157,18.0,18.0,2015
211160,23.0,19.0,2015
211163,16.0,16.0,2015
211170,56.0,56.0,2015
211172,36.0,36.0,2015
211174,20.0,20.0,2015
211178,20.0,20.0,2015
211180,59.0,55.0,2015
211190,15.0,15.0,2015
211195,16.0,16.0,2015
211200,16.0,16.0,2015
211210,84.0,84.0,2015
211220,120.0,115.0,2015
211223,29.0,29.0,2015
211227,17.0,17.0,2015
211230,50.0,50.0,2015
211240,52.0,52.0,2015
211250,52.0,52.0,2015
211260,46.0,46.0,2015
211270,37.0,37.0,2015
211280,73.0,73.0,2015
211285,21.0,21.0,2015
211290,54.0,50.0,2015
211300,48.0,44.0,2015
211400,77.0,77.0,2015
220010,15.0,15.0,2015
220020,27.0,27.0,2015
220025,12.0,12.0,2015
220030,22.0,22.0,2015
220040,37.0,37.0,2015
220050,45.0,45.0,2015
220070,10.0,10.0,2015
220090,6.0,6.0,2015
220100,4.0,4.0,2015
220110,18.0,18.0,2015
220115,6.0,6.0,2015
220120,74.0,70.0,2015
220140,25.0,25.0,2015
220150,33.0,33.0,2015
220160,15.0,15.0,2015
220170,4.0,4.0,2015
220180,21.0,21.0,2015
220190,53.0,53.0,2015
220191,6.0,6.0,2015
220196,10.0,10.0,2015
220200,27.0,27.0,2015
220202,16.0,16.0,2015
220220,253.0,253.0,2015
220225,4.0,4.0,2015
220230,23.0,23.0,2015
220240,9.0,9.0,2015
220250,11.0,11.0,2015
220260,46.0,46.0,2015
220270,23.0,23.0,2015
220277,7.0,7.0,2015
220280,45.0,45.0,2015
220290,41.0,41.0,2015
220300,25.0,25.0,2015
220310,26.0,26.0,2015
220320,35.0,35.0,2015
220330,21.0,21.0,2015
220335,7.0,7.0,2015
220350,34.0,34.0,2015
220360,8.0,8.0,2015
220370,60.0,40.0,2015
220375,16.0,16.0,2015
220380,2.0,2.0,2015
220390,161.0,144.0,2015
220400,14.0,14.0,2015
220410,4.0,4.0,2015
220420,14.0,14.0,2015
220430,25.0,25.0,2015
220440,12.0,12.0,2015
220450,32.0,32.0,2015
220470,11.0,11.0,2015
220480,15.0,15.0,2015
220490,20.0,20.0,2015
220500,21.0,21.0,2015
220510,26.0,26.0,2015
220520,35.0,31.0,2015
220530,7.0,7.0,2015
220540,17.0,17.0,2015
220550,23.0,23.0,2015
220553,13.0,13.0,2015
220555,10.0,10.0,2015
220560,8.0,8.0,2015
220570,32.0,32.0,2015
220580,60.0,60.0,2015
220585,7.0,7.0,2015
220590,11.0,11.0,2015
220595,38.0,38.0,2015
220600,5.0,5.0,2015
220610,15.0,15.0,2015
220620,23.0,23.0,2015
220640,13.0,13.0,2015
220650,20.0,20.0,2015
220660,25.0,25.0,2015
220670,6.0,6.0,2015
220680,13.0,13.0,2015
220690,12.0,12.0,2015
220700,148.0,104.0,2015
220720,81.0,81.0,2015
220730,8.0,8.0,2015
220740,12.0,12.0,2015
220750,17.0,17.0,2015
220760,25.0,25.0,2015
220770,543.0,460.0,2015
220780,66.0,63.0,2015
220790,70.0,49.0,2015
220800,422.0,370.0,2015
220810,16.0,16.0,2015
220820,35.0,35.0,2015
220830,65.0,65.0,2015
220840,92.0,92.0,2015
220850,17.0,17.0,2015
220855,3.0,3.0,2015
220860,16.0,16.0,2015
220870,19.0,19.0,2015
220880,27.0,27.0,2015
220890,8.0,8.0,2015
220900,2.0,2.0,2015
220910,31.0,30.0,2015
220920,10.0,10.0,2015
220937,16.0,8.0,2015
220940,6.0,6.0,2015
220950,7.0,7.0,2015
220960,20.0,20.0,2015
220970,7.0,7.0,2015
220980,15.0,15.0,2015
220987,14.0,14.0,2015
220990,12.0,12.0,2015
221000,64.0,64.0,2015
221010,3.0,3.0,2015
221020,8.0,8.0,2015
221030,29.0,29.0,2015
221040,44.0,39.0,2015
221050,41.0,41.0,2015
221060,289.0,268.0,2015
221065,16.0,,2015
221070,52.0,52.0,2015
221080,32.0,32.0,2015
221090,12.0,12.0,2015
221100,2906.0,2258.0,2015
221110,35.0,35.0,2015
221120,37.0,37.0,2015
221130,46.0,46.0,2015
221140,14.0,14.0,2015
221170,19.0,19.0,2015
230020,70.0,70.0,2015
230030,150.0,146.0,2015
230040,27.0,27.0,2015
230060,19.0,19.0,2015
230070,33.0,33.0,2015
230075,36.0,36.0,2015
230080,16.0,16.0,2015
230090,12.0,12.0,2015
230100,93.0,40.0,2015
230110,109.0,96.0,2015
230120,50.0,50.0,2015
230125,18.0,18.0,2015
230130,42.0,42.0,2015
230140,12.0,12.0,2015
230150,16.0,16.0,2015
230160,46.0,46.0,2015
230170,89.0,89.0,2015
230180,19.0,19.0,2015
230185,17.0,17.0,2015
230190,358.0,327.0,2015
230195,25.0,25.0,2015
230200,30.0,30.0,2015
230205,9.0,9.0,2015
230210,66.0,52.0,2015
230220,25.0,25.0,2015
230230,30.0,30.0,2015
230240,66.0,66.0,2015
230250,224.0,202.0,2015
230260,79.0,79.0,2015
230270,87.0,87.0,2015
230280,122.0,101.0,2015
230290,14.0,14.0,2015
230300,21.0,21.0,2015
230310,18.0,18.0,2015
230320,33.0,33.0,2015
230330,26.0,26.0,2015
230340,16.0,16.0,2015
230350,69.0,65.0,2015
230360,18.0,18.0,2015
230365,23.0,23.0,2015
230370,278.0,278.0,2015
230380,62.0,52.0,2015
230390,33.0,33.0,2015
230393,16.0,16.0,2015
230395,11.0,11.0,2015
230400,14.0,14.0,2015
230410,138.0,110.0,2015
230420,608.0,388.0,2015
230423,30.0,30.0,2015
230425,56.0,56.0,2015
230426,12.0,12.0,2015
230427,9.0,9.0,2015
230428,90.0,56.0,2015
230430,42.0,42.0,2015
230435,8.0,8.0,2015
230440,7509.0,5353.0,2015
230445,12.0,12.0,2015
230450,31.0,31.0,2015
230460,13.0,13.0,2015
230470,32.0,32.0,2015
230480,25.0,25.0,2015
230490,19.0,19.0,2015
230495,13.0,13.0,2015
230500,45.0,45.0,2015
230510,5.0,5.0,2015
230520,21.0,21.0,2015
230523,46.0,46.0,2015
230526,21.0,21.0,2015
230530,29.0,29.0,2015
230533,8.0,8.0,2015
230535,16.0,16.0,2015
230540,119.0,54.0,2015
230550,221.0,181.0,2015
230560,19.0,19.0,2015
230565,18.0,18.0,2015
230570,26.0,26.0,2015
230580,172.0,45.0,2015
230590,40.0,40.0,2015
230600,30.0,30.0,2015
230610,18.0,18.0,2015
230620,17.0,17.0,2015
230625,26.0,26.0,2015
230630,34.0,34.0,2015
230640,152.0,138.0,2015
230650,28.0,28.0,2015
230655,30.0,30.0,2015
230670,19.0,19.0,2015
230680,40.0,40.0,2015
230690,31.0,31.0,2015
230700,24.0,24.0,2015
230710,64.0,64.0,2015
230720,33.0,33.0,2015
230725,17.0,,2015
230730,447.0,336.0,2015
230740,25.0,25.0,2015
230750,47.0,43.0,2015
230760,115.0,97.0,2015
230763,24.0,24.0,2015
230765,266.0,239.0,2015
230770,119.0,51.0,2015
230780,32.0,32.0,2015
230790,9.0,9.0,2015
230800,30.0,30.0,2015
230810,70.0,70.0,2015
230820,20.0,20.0,2015
230830,77.0,33.0,2015
230835,28.0,28.0,2015
230837,11.0,11.0,2015
230840,72.0,72.0,2015
230850,30.0,30.0,2015
230860,25.0,25.0,2015
230870,149.0,119.0,2015
230880,12.0,12.0,2015
230890,20.0,20.0,2015
230900,40.0,40.0,2015
230910,9.0,9.0,2015
230920,20.0,20.0,2015
230930,43.0,43.0,2015
230940,20.0,20.0,2015
230945,19.0,19.0,2015
230950,37.0,37.0,2015
230960,82.0,80.0,2015
230970,24.0,24.0,2015
230980,20.0,20.0,2015
231000,9.0,9.0,2015
231010,16.0,16.0,2015
231020,41.0,41.0,2015
231025,25.0,25.0,2015
231030,38.0,38.0,2015
231040,28.0,28.0,2015
231050,54.0,54.0,2015
231060,12.0,12.0,2015
231070,51.0,51.0,2015
231080,19.0,19.0,2015
231085,14.0,14.0,2015
231090,18.0,18.0,2015
231100,21.0,21.0,2015
231110,22.0,22.0,2015
231120,18.0,18.0,2015
231123,13.0,13.0,2015
231126,17.0,17.0,2015
231130,104.0,97.0,2015
231135,24.0,24.0,2015
231140,286.0,286.0,2015
231150,28.0,28.0,2015
231160,59.0,56.0,2015
231170,28.0,28.0,2015
231180,262.0,209.0,2015
231190,37.0,37.0,2015
231195,14.0,14.0,2015
231200,40.0,40.0,2015
231210,19.0,19.0,2015
231220,46.0,46.0,2015
231230,94.0,80.0,2015
231240,37.0,37.0,2015
231250,30.0,30.0,2015
231260,20.0,20.0,2015
231270,52.0,48.0,2015
231280,7.0,7.0,2015
231290,847.0,759.0,2015
231300,26.0,26.0,2015
231310,48.0,48.0,2015
231320,39.0,39.0,2015
231325,16.0,16.0,2015
231330,81.0,81.0,2015
231335,16.0,16.0,2015
231340,65.0,65.0,2015
231350,12.0,12.0,2015
231355,13.0,13.0,2015
231360,22.0,22.0,2015
231370,20.0,20.0,2015
231375,13.0,13.0,2015
231380,25.0,25.0,2015
231390,12.0,12.0,2015
231395,20.0,20.0,2015
231400,61.0,53.0,2015
231410,69.0,69.0,2015
240010,72.0,66.0,2015
240020,68.0,34.0,2015
240030,27.0,27.0,2015
240050,109.0,109.0,2015
240060,50.0,50.0,2015
240070,21.0,21.0,2015
240080,28.0,28.0,2015
240090,32.0,32.0,2015
240100,73.0,69.0,2015
240110,34.0,34.0,2015
240120,20.0,20.0,2015
240140,9.0,9.0,2015
240145,21.0,21.0,2015
240150,12.0,12.0,2015
240160,35.0,35.0,2015
240170,15.0,15.0,2015
240180,15.0,15.0,2015
240190,8.0,8.0,2015
240200,184.0,146.0,2015
240220,40.0,40.0,2015
240230,30.0,26.0,2015
240240,33.0,33.0,2015
240250,21.0,21.0,2015
240260,47.0,47.0,2015
240270,24.0,24.0,2015
240280,12.0,12.0,2015
240290,9.0,9.0,2015
240300,12.0,12.0,2015
240310,86.0,86.0,2015
240320,16.0,16.0,2015
240325,141.0,141.0,2015
240330,25.0,25.0,2015
240340,20.0,20.0,2015
240360,26.0,26.0,2015
240370,15.0,15.0,2015
240380,25.0,25.0,2015
240390,6.0,6.0,2015
240400,28.0,28.0,2015
240420,14.0,14.0,2015
240430,12.0,12.0,2015
240440,13.0,13.0,2015
240450,27.0,27.0,2015
240490,15.0,15.0,2015
240500,17.0,17.0,2015
240510,16.0,16.0,2015
240520,20.0,20.0,2015
240530,18.0,18.0,2015
240540,1.0,1.0,2015
240560,25.0,25.0,2015
240570,33.0,33.0,2015
240580,34.0,34.0,2015
240600,21.0,21.0,2015
240610,48.0,48.0,2015
240620,10.0,10.0,2015
240640,8.0,8.0,2015
240650,29.0,29.0,2015
240670,31.0,31.0,2015
240680,8.0,8.0,2015
240690,12.0,12.0,2015
240700,30.0,30.0,2015
240710,38.0,34.0,2015
240720,75.0,75.0,2015
240725,12.0,12.0,2015
240730,19.0,19.0,2015
240740,30.0,30.0,2015
240760,16.0,16.0,2015
240770,11.0,11.0,2015
240780,21.0,21.0,2015
240790,13.0,13.0,2015
240800,646.0,553.0,2015
240810,3106.0,2097.0,2015
240820,24.0,,2015
240830,38.0,38.0,2015
240840,14.0,14.0,2015
240850,16.0,16.0,2015
240860,8.0,8.0,2015
240880,6.0,6.0,2015
240890,50.0,50.0,2015
240910,30.0,30.0,2015
240930,40.0,40.0,2015
240940,120.0,105.0,2015
240950,14.0,14.0,2015
240960,4.0,4.0,2015
240980,11.0,11.0,2015
240990,13.0,13.0,2015
241000,10.0,10.0,2015
241010,30.0,30.0,2015
241020,31.0,31.0,2015
241030,22.0,22.0,2015
241040,1.0,1.0,2015
241050,8.0,8.0,2015
241060,15.0,15.0,2015
241070,17.0,17.0,2015
241080,15.0,15.0,2015
241100,18.0,18.0,2015
241110,13.0,13.0,2015
241120,101.0,101.0,2015
241140,25.0,25.0,2015
241142,13.0,13.0,2015
241150,40.0,40.0,2015
241170,10.0,10.0,2015
241200,64.0,64.0,2015
241210,26.0,8.0,2015
241220,126.0,80.0,2015
241230,16.0,16.0,2015
241240,26.0,26.0,2015
241250,91.0,91.0,2015
241255,7.0,7.0,2015
241260,40.0,36.0,2015
241270,4.0,4.0,2015
241280,19.0,19.0,2015
241290,32.0,32.0,2015
241300,14.0,14.0,2015
241310,7.0,7.0,2015
241330,12.0,12.0,2015
241335,17.0,17.0,2015
241340,22.0,22.0,2015
241355,13.0,13.0,2015
241360,15.0,15.0,2015
241370,12.0,12.0,2015
241380,14.0,7.0,2015
241390,6.0,6.0,2015
241400,17.0,17.0,2015
241410,27.0,27.0,2015
241415,3.0,3.0,2015
241420,15.0,15.0,2015
241440,30.0,30.0,2015
241445,12.0,12.0,2015
241450,16.0,16.0,2015
241460,13.0,13.0,2015
241475,8.0,8.0,2015
241480,12.0,12.0,2015
241490,15.0,15.0,2015
241500,21.0,21.0,2015
250010,20.0,20.0,2015
250020,12.0,12.0,2015
250030,46.0,46.0,2015
250040,28.0,28.0,2015
250060,15.0,15.0,2015
250070,28.0,28.0,2015
250080,4.0,4.0,2015
250090,13.0,13.0,2015
250100,76.0,76.0,2015
250110,36.0,36.0,2015
250130,40.0,40.0,2015
250150,37.0,37.0,2015
250180,48.0,48.0,2015
250190,23.0,23.0,2015
250200,31.0,28.0,2015
250210,3.0,,2015
250230,16.0,16.0,2015
250240,19.0,19.0,2015
250250,33.0,33.0,2015
250260,19.0,19.0,2015
250280,25.0,25.0,2015
250290,18.0,18.0,2015
250300,38.0,35.0,2015
250320,63.0,35.0,2015
250340,5.0,5.0,2015
250350,22.0,22.0,2015
250370,210.0,148.0,2015
250400,1754.0,1434.0,2015
250420,9.0,9.0,2015
250430,64.0,64.0,2015
250440,58.0,58.0,2015
250480,34.0,34.0,2015
250500,16.0,16.0,2015
250510,62.0,62.0,2015
250540,23.0,23.0,2015
250570,16.0,16.0,2015
250600,60.0,27.0,2015
250610,16.0,16.0,2015
250620,18.0,18.0,2015
250630,117.0,105.0,2015
250640,29.0,29.0,2015
250650,4.0,4.0,2015
250660,12.0,12.0,2015
250680,32.0,32.0,2015
250690,128.0,106.0,2015
250700,49.0,49.0,2015
250710,18.0,18.0,2015
250730,8.0,8.0,2015
250740,12.0,12.0,2015
250750,2855.0,2007.0,2015
250770,70.0,70.0,2015
250780,14.0,14.0,2015
250790,12.0,12.0,2015
250800,16.0,16.0,2015
250820,19.0,19.0,2015
250830,38.0,38.0,2015
250840,10.0,10.0,2015
250860,2.0,2.0,2015
250890,104.0,104.0,2015
250920,51.0,51.0,2015
250970,55.0,55.0,2015
250990,19.0,19.0,2015
251010,22.0,22.0,2015
251020,22.0,22.0,2015
251040,21.0,21.0,2015
251080,288.0,246.0,2015
251090,17.0,17.0,2015
251110,28.0,28.0,2015
251120,47.0,47.0,2015
251130,86.0,78.0,2015
251140,100.0,100.0,2015
251150,19.0,18.0,2015
251180,17.0,17.0,2015
251200,57.0,57.0,2015
251210,94.0,94.0,2015
251230,74.0,70.0,2015
251250,41.0,41.0,2015
251280,8.0,8.0,2015
251320,18.0,18.0,2015
251335,10.0,10.0,2015
251340,36.0,36.0,2015
251370,106.0,92.0,2015
251385,6.0,6.0,2015
251390,37.0,37.0,2015
251400,12.0,12.0,2015
251420,3.0,3.0,2015
251430,15.0,15.0,2015
251450,23.0,23.0,2015
251470,4.0,4.0,2015
251490,26.0,26.0,2015
251530,58.0,58.0,2015
251540,36.0,36.0,2015
251550,58.0,58.0,2015
251570,12.0,12.0,2015
251590,15.0,15.0,2015
251600,34.0,34.0,2015
251610,22.0,22.0,2015
251620,204.0,131.0,2015
251630,41.0,41.0,2015
251650,52.0,52.0,2015
251660,23.0,23.0,2015
251670,39.0,39.0,2015
251690,44.0,44.0,2015
251710,8.0,8.0,2015
260005,63.0,49.0,2015
260010,197.0,151.0,2015
260020,40.0,40.0,2015
260030,88.0,67.0,2015
260040,50.0,50.0,2015
260050,43.0,43.0,2015
260060,11.0,11.0,2015
260070,26.0,26.0,2015
260080,18.0,18.0,2015
260090,31.0,31.0,2015
260100,17.0,17.0,2015
260105,3.0,3.0,2015
260110,187.0,164.0,2015
260120,164.0,122.0,2015
260130,11.0,11.0,2015
260140,210.0,210.0,2015
260150,9.0,9.0,2015
260160,44.0,44.0,2015
260170,65.0,59.0,2015
260180,10.0,10.0,2015
260190,144.0,126.0,2015
260200,28.0,28.0,2015
260210,45.0,45.0,2015
260220,33.0,33.0,2015
260230,52.0,52.0,2015
260240,14.0,14.0,2015
260250,7.0,7.0,2015
260260,31.0,31.0,2015
260270,17.0,17.0,2015
260280,68.0,68.0,2015
260290,415.0,293.0,2015
260300,58.0,58.0,2015
260310,16.0,16.0,2015
260320,35.0,35.0,2015
260330,15.0,15.0,2015
260340,17.0,17.0,2015
260345,117.0,57.0,2015
260350,14.0,14.0,2015
260360,7.0,7.0,2015
260370,32.0,32.0,2015
260380,25.0,25.0,2015
260390,15.0,15.0,2015
260392,11.0,11.0,2015
260400,115.0,113.0,2015
260410,947.0,778.0,2015
260415,28.0,28.0,2015
260420,27.0,27.0,2015
260430,18.0,18.0,2015
260440,19.0,19.0,2015
260450,38.0,38.0,2015
260460,21.0,21.0,2015
260470,23.0,23.0,2015
260480,36.0,36.0,2015
260490,31.0,31.0,2015
260500,20.0,20.0,2015
260510,83.0,71.0,2015
260515,27.0,27.0,2015
260520,164.0,136.0,2015
260530,33.0,33.0,2015
260540,17.0,17.0,2015
260545,8.0,8.0,2015
260550,7.0,7.0,2015
260560,22.0,22.0,2015
260570,53.0,43.0,2015
260580,11.0,11.0,2015
260590,23.0,23.0,2015
260600,481.0,391.0,2015
260610,24.0,24.0,2015
260620,143.0,101.0,2015
260630,19.0,19.0,2015
260640,60.0,60.0,2015
260650,22.0,22.0,2015
260660,19.0,19.0,2015
260670,7.0,7.0,2015
260680,232.0,138.0,2015
260690,16.0,16.0,2015
260700,13.0,13.0,2015
260710,4.0,4.0,2015
260720,18.0,18.0,2015
260730,48.0,48.0,2015
260740,4.0,4.0,2015
260750,32.0,32.0,2015
260760,14.0,14.0,2015
260765,42.0,42.0,2015
260770,25.0,25.0,2015
260775,20.0,20.0,2015
260780,14.0,14.0,2015
260790,576.0,445.0,2015
260795,32.0,32.0,2015
260800,13.0,13.0,2015
260805,23.0,23.0,2015
260810,23.0,23.0,2015
260820,14.0,14.0,2015
260825,6.0,6.0,2015
260830,15.0,15.0,2015
260840,18.0,18.0,2015
260845,13.0,13.0,2015
260850,20.0,20.0,2015
260860,35.0,35.0,2015
260870,17.0,17.0,2015
260875,29.0,29.0,2015
260880,34.0,34.0,2015
260890,241.0,231.0,2015
260900,52.0,52.0,2015
260910,9.0,9.0,2015
260915,16.0,16.0,2015
260920,13.0,13.0,2015
260930,34.0,34.0,2015
260940,43.0,43.0,2015
260950,40.0,40.0,2015
260960,434.0,301.0,2015
260970,20.0,20.0,2015
260980,11.0,11.0,2015
260990,94.0,88.0,2015
261000,341.0,339.0,2015
261010,16.0,16.0,2015
261020,26.0,26.0,2015
261030,20.0,20.0,2015
261040,29.0,29.0,2015
261050,25.0,25.0,2015
261060,93.0,93.0,2015
261070,444.0,407.0,2015
261080,23.0,23.0,2015
261090,177.0,158.0,2015
261100,121.0,119.0,2015
261110,492.0,323.0,2015
261120,14.0,14.0,2015
261130,21.0,21.0,2015
261140,4.0,4.0,2015
261150,50.0,50.0,2015
261160,8529.0,6482.0,2015
261170,30.0,30.0,2015
261180,42.0,42.0,2015
261190,65.0,65.0,2015
261200,20.0,20.0,2015
261210,5.0,5.0,2015
261220,243.0,178.0,2015
261230,19.0,19.0,2015
261240,14.0,14.0,2015
261245,17.0,17.0,2015
261247,15.0,15.0,2015
261250,81.0,75.0,2015
261255,12.0,12.0,2015
261260,43.0,43.0,2015
261280,10.0,10.0,2015
261290,28.0,28.0,2015
261300,46.0,46.0,2015
261310,53.0,53.0,2015
261320,43.0,43.0,2015
261330,46.0,46.0,2015
261340,22.0,22.0,2015
261350,76.0,64.0,2015
261360,73.0,65.0,2015
261370,117.0,87.0,2015
261380,29.0,29.0,2015
261390,587.0,453.0,2015
261400,36.0,36.0,2015
261410,90.0,63.0,2015
261420,50.0,50.0,2015
261430,22.0,22.0,2015
261440,10.0,5.0,2015
261450,191.0,184.0,2015
261460,35.0,35.0,2015
261480,17.0,17.0,2015
261485,16.0,16.0,2015
261500,56.0,56.0,2015
261510,12.0,12.0,2015
261520,11.0,11.0,2015
261530,142.0,142.0,2015
261540,31.0,31.0,2015
261550,11.0,11.0,2015
261560,79.0,35.0,2015
261570,13.0,13.0,2015
261580,19.0,19.0,2015
261590,39.0,39.0,2015
261600,24.0,24.0,2015
261610,15.0,15.0,2015
261620,40.0,40.0,2015
261630,77.0,77.0,2015
261640,421.0,338.0,2015
261650,14.0,14.0,2015
270010,32.0,32.0,2015
270020,25.0,25.0,2015
270030,850.0,592.0,2015
270040,44.0,44.0,2015
270070,35.0,35.0,2015
270100,23.0,23.0,2015
270120,3.0,3.0,2015
270130,26.0,26.0,2015
270140,40.0,40.0,2015
270170,37.0,37.0,2015
270190,8.0,8.0,2015
270210,34.0,34.0,2015
270230,358.0,358.0,2015
270235,8.0,8.0,2015
270240,44.0,44.0,2015
270280,16.0,16.0,2015
270290,48.0,48.0,2015
270300,3.0,3.0,2015
270310,14.0,14.0,2015
270375,2.0,2.0,2015
270380,50.0,50.0,2015
270400,35.0,35.0,2015
270410,3.0,3.0,2015
270420,14.0,14.0,2015
270430,3384.0,2257.0,2015
270440,32.0,32.0,2015
270450,8.0,8.0,2015
270470,14.0,14.0,2015
270500,36.0,36.0,2015
270510,24.0,24.0,2015
270550,54.0,53.0,2015
270570,47.0,46.0,2015
270630,126.0,110.0,2015
270640,52.0,52.0,2015
270660,16.0,16.0,2015
270670,130.0,124.0,2015
270680,18.0,18.0,2015
270690,54.0,54.0,2015
270710,39.0,39.0,2015
270730,45.0,45.0,2015
270760,28.0,28.0,2015
270770,84.0,44.0,2015
270800,112.0,106.0,2015
270820,18.0,18.0,2015
270830,50.0,50.0,2015
270840,20.0,20.0,2015
270850,28.0,28.0,2015
270860,119.0,111.0,2015
270880,6.0,6.0,2015
270915,40.0,40.0,2015
270920,9.0,9.0,2015
270930,69.0,65.0,2015
270940,40.0,40.0,2015
280020,44.0,44.0,2015
280030,2072.0,1384.0,2015
280040,1.0,1.0,2015
280120,27.0,27.0,2015
280130,65.0,65.0,2015
280140,1.0,1.0,2015
280150,1.0,1.0,2015
280210,218.0,211.0,2015
280230,1.0,1.0,2015
280280,1.0,1.0,2015
280290,162.0,120.0,2015
280300,1.0,1.0,2015
280340,21.0,21.0,2015
280350,194.0,193.0,2015
280360,1.0,1.0,2015
280420,1.0,1.0,2015
280440,27.0,27.0,2015
280450,49.0,49.0,2015
280480,61.0,61.0,2015
280540,18.0,18.0,2015
280550,17.0,17.0,2015
280560,18.0,18.0,2015
280570,49.0,49.0,2015
280580,1.0,1.0,2015
280590,57.0,57.0,2015
280610,3.0,3.0,2015
280670,31.0,21.0,2015
280710,15.0,15.0,2015
280740,2.0,2.0,2015
280760,5.0,1.0,2015
290010,9.0,9.0,2015
290020,24.0,24.0,2015
290030,14.0,14.0,2015
290035,19.0,19.0,2015
290040,20.0,20.0,2015
290050,12.0,12.0,2015
290060,13.0,13.0,2015
290070,254.0,180.0,2015
290080,59.0,51.0,2015
290100,53.0,53.0,2015
290110,16.0,16.0,2015
290115,29.0,29.0,2015
290120,33.0,33.0,2015
290130,32.0,32.0,2015
290140,6.0,6.0,2015
290150,6.0,6.0,2015
290160,138.0,138.0,2015
290200,41.0,33.0,2015
290205,27.0,27.0,2015
290210,52.0,48.0,2015
290240,40.0,40.0,2015
290250,28.0,28.0,2015
290260,36.0,36.0,2015
290270,88.0,88.0,2015
290280,84.0,67.0,2015
290290,32.0,32.0,2015
290300,26.0,26.0,2015
290320,387.0,347.0,2015
290323,23.0,22.0,2015
290327,29.0,29.0,2015
290330,33.0,33.0,2015
290340,40.0,40.0,2015
290350,36.0,36.0,2015
290360,14.0,14.0,2015
290380,14.0,14.0,2015
290390,106.0,87.0,2015
290395,19.0,19.0,2015
290400,24.0,24.0,2015
290405,16.0,16.0,2015
290410,26.0,26.0,2015
290420,62.0,60.0,2015
290430,19.0,19.0,2015
290440,35.0,35.0,2015
290450,11.0,11.0,2015
290460,123.0,100.0,2015
290475,15.0,15.0,2015
290480,14.0,14.0,2015
290490,83.0,83.0,2015
290500,51.0,49.0,2015
290510,36.0,36.0,2015
290520,156.0,134.0,2015
290530,33.0,33.0,2015
290550,39.0,39.0,2015
290560,126.0,124.0,2015
290570,256.0,153.0,2015
290580,17.0,17.0,2015
290590,77.0,77.0,2015
290600,84.0,72.0,2015
290610,24.0,24.0,2015
290620,36.0,36.0,2015
290630,75.0,65.0,2015
290640,16.0,16.0,2015
290650,115.0,72.0,2015
290660,37.0,26.0,2015
290670,55.0,55.0,2015
290680,40.0,40.0,2015
290682,61.0,61.0,2015
290685,21.0,21.0,2015
290687,67.0,67.0,2015
290689,3.0,3.0,2015
290690,75.0,61.0,2015
290710,30.0,30.0,2015
290720,41.0,41.0,2015
290730,57.0,57.0,2015
290750,108.0,54.0,2015
290755,8.0,8.0,2015
290760,42.0,42.0,2015
290770,15.0,15.0,2015
290780,67.0,46.0,2015
290790,30.0,30.0,2015
290800,35.0,35.0,2015
290810,31.0,31.0,2015
290820,20.0,20.0,2015
290830,64.0,64.0,2015
290840,214.0,154.0,2015
290850,94.0,76.0,2015
290860,17.0,17.0,2015
290870,16.0,16.0,2015
290890,28.0,28.0,2015
290900,5.0,5.0,2015
290910,38.0,38.0,2015
290930,35.0,35.0,2015
290950,24.0,24.0,2015
290960,23.0,23.0,2015
290970,69.0,69.0,2015
290980,140.0,131.0,2015
290990,26.0,26.0,2015
291005,37.0,24.0,2015
291010,7.0,7.0,2015
291030,13.0,13.0,2015
291040,49.0,49.0,2015
291050,65.0,65.0,2015
291060,40.0,40.0,2015
291070,85.0,79.0,2015
291072,260.0,145.0,2015
291080,1373.0,1003.0,2015
291085,30.0,30.0,2015
291110,29.0,29.0,2015
291120,76.0,72.0,2015
291125,8.0,8.0,2015
291130,16.0,16.0,2015
291150,5.0,5.0,2015
291170,171.0,125.0,2015
291180,32.0,32.0,2015
291190,34.0,34.0,2015
291200,29.0,29.0,2015
291210,32.0,32.0,2015
291230,21.0,21.0,2015
291240,33.0,29.0,2015
291250,9.0,9.0,2015
291270,30.0,30.0,2015
291280,23.0,23.0,2015
291290,91.0,91.0,2015
291300,62.0,62.0,2015
291310,32.0,31.0,2015
291320,78.0,50.0,2015
291330,22.0,22.0,2015
291340,29.0,29.0,2015
291345,8.0,8.0,2015
291350,80.0,80.0,2015
291360,493.0,325.0,2015
291370,46.0,46.0,2015
291380,12.0,12.0,2015
291390,119.0,88.0,2015
291400,67.0,65.0,2015
291410,24.0,24.0,2015
291420,29.0,29.0,2015
291430,16.0,16.0,2015
291440,47.0,47.0,2015
291450,24.0,24.0,2015
291460,166.0,125.0,2015
291465,39.0,39.0,2015
291470,189.0,154.0,2015
291480,741.0,607.0,2015
291490,61.0,61.0,2015
291500,15.0,15.0,2015
291510,8.0,8.0,2015
291520,17.0,17.0,2015
291530,20.0,20.0,2015
291535,24.0,24.0,2015
291540,12.0,12.0,2015
291550,60.0,60.0,2015
291560,58.0,57.0,2015
291570,28.0,28.0,2015
291580,42.0,42.0,2015
291600,54.0,52.0,2015
291610,52.0,52.0,2015
291630,12.0,12.0,2015
291640,114.0,69.0,2015
291650,54.0,50.0,2015
291660,16.0,16.0,2015
291670,17.0,17.0,2015
291680,30.0,30.0,2015
291685,30.0,30.0,2015
291690,85.0,85.0,2015
291700,45.0,42.0,2015
291710,45.0,45.0,2015
291720,24.0,24.0,2015
291730,33.0,33.0,2015
291733,14.0,14.0,2015
291735,30.0,30.0,2015
291740,29.0,29.0,2015
291750,283.0,103.0,2015
291760,124.0,114.0,2015
291770,28.0,28.0,2015
291800,442.0,293.0,2015
291810,28.0,28.0,2015
291820,23.0,23.0,2015
291830,26.0,26.0,2015
291835,36.0,36.0,2015
291840,450.0,382.0,2015
291845,24.0,24.0,2015
291850,31.0,31.0,2015
291855,37.0,37.0,2015
291860,5.0,5.0,2015
291875,1.0,1.0,2015
291880,41.0,41.0,2015
291905,27.0,27.0,2015
291915,44.0,44.0,2015
291920,255.0,129.0,2015
291930,14.0,14.0,2015
291940,20.0,20.0,2015
291950,92.0,54.0,2015
291955,69.0,33.0,2015
291960,20.0,20.0,2015
291970,27.0,27.0,2015
291980,63.0,48.0,2015
291990,38.0,38.0,2015
291992,29.0,29.0,2015
292000,14.0,14.0,2015
292010,32.0,32.0,2015
292020,21.0,21.0,2015
292050,89.0,89.0,2015
292080,19.0,19.0,2015
292100,69.0,47.0,2015
292105,21.0,21.0,2015
292110,32.0,32.0,2015
292120,78.0,78.0,2015
292130,21.0,21.0,2015
292140,19.0,19.0,2015
292150,60.0,60.0,2015
292160,2.0,2.0,2015
292170,102.0,94.0,2015
292180,24.0,24.0,2015
292190,32.0,32.0,2015
292200,91.0,52.0,2015
292205,34.0,34.0,2015
292210,32.0,32.0,2015
292230,40.0,17.0,2015
292240,45.0,45.0,2015
292250,91.0,91.0,2015
292265,30.0,30.0,2015
292270,30.0,30.0,2015
292273,15.0,15.0,2015
292290,39.0,39.0,2015
292300,61.0,61.0,2015
292310,23.0,23.0,2015
292320,13.0,13.0,2015
292330,15.0,15.0,2015
292335,17.0,17.0,2015
292340,54.0,54.0,2015
292360,85.0,81.0,2015
292370,36.0,36.0,2015
292380,18.0,18.0,2015
292390,7.0,7.0,2015
292400,170.0,144.0,2015
292405,9.0,9.0,2015
292420,3.0,3.0,2015
292430,26.0,26.0,2015
292440,30.0,30.0,2015
292450,24.0,24.0,2015
292460,58.0,58.0,2015
292465,16.0,16.0,2015
292470,17.0,17.0,2015
292480,37.0,37.0,2015
292490,30.0,27.0,2015
292500,59.0,59.0,2015
292510,70.0,70.0,2015
292520,165.0,135.0,2015
292525,30.0,30.0,2015
292530,158.0,139.0,2015
292540,21.0,21.0,2015
292550,42.0,42.0,2015
292560,17.0,17.0,2015
292575,17.0,17.0,2015
292580,53.0,53.0,2015
292590,17.0,17.0,2015
292595,22.0,22.0,2015
292600,117.0,96.0,2015
292610,24.0,24.0,2015
292620,29.0,29.0,2015
292630,121.0,115.0,2015
292640,68.0,68.0,2015
292650,5.0,5.0,2015
292660,95.0,83.0,2015
292670,17.0,17.0,2015
292690,27.0,27.0,2015
292700,55.0,55.0,2015
292720,105.0,100.0,2015
292730,16.0,16.0,2015
292740,7789.0,5324.0,2015
292750,13.0,13.0,2015
292770,22.0,22.0,2015
292790,23.0,23.0,2015
292800,99.0,97.0,2015
292810,57.0,57.0,2015
292820,36.0,36.0,2015
292830,13.0,13.0,2015
292840,24.0,24.0,2015
292850,28.0,28.0,2015
292860,84.0,77.0,2015
292870,396.0,313.0,2015
292880,50.0,27.0,2015
292890,24.0,24.0,2015
292895,20.0,20.0,2015
292900,90.0,85.0,2015
292905,49.0,22.0,2015
292910,18.0,18.0,2015
292920,36.0,35.0,2015
292925,34.0,34.0,2015
292930,36.0,36.0,2015
292950,36.0,36.0,2015
292960,62.0,62.0,2015
292970,25.0,25.0,2015
292975,13.0,13.0,2015
292980,39.0,39.0,2015
292990,85.0,61.0,2015
293000,20.0,20.0,2015
293010,130.0,84.0,2015
293015,31.0,31.0,2015
293020,32.0,32.0,2015
293030,45.0,45.0,2015
293040,25.0,25.0,2015
293050,247.0,213.0,2015
293060,33.0,33.0,2015
293070,53.0,53.0,2015
293075,18.0,18.0,2015
293077,31.0,31.0,2015
293080,14.0,14.0,2015
293090,32.0,32.0,2015
293105,30.0,30.0,2015
293110,20.0,20.0,2015
293120,26.0,26.0,2015
293130,31.0,31.0,2015
293135,278.0,209.0,2015
293150,18.0,18.0,2015
293160,24.0,24.0,2015
293180,19.0,19.0,2015
293190,58.0,30.0,2015
293200,24.0,24.0,2015
293210,71.0,71.0,2015
293220,100.0,100.0,2015
293230,37.0,37.0,2015
293240,30.0,30.0,2015
293245,5.0,5.0,2015
293250,49.0,49.0,2015
293260,34.0,34.0,2015
293280,20.0,20.0,2015
293290,143.0,142.0,2015
293300,66.0,62.0,2015
293305,21.0,21.0,2015
293310,30.0,30.0,2015
293315,17.0,17.0,2015
293320,26.0,26.0,2015
293325,12.0,12.0,2015
293330,1160.0,793.0,2015
293340,37.0,37.0,2015
293345,28.0,28.0,2015
293350,44.0,44.0,2015
293360,131.0,129.0,2015
310010,17.0,12.0,2015
310020,49.0,42.0,2015
310030,66.0,59.0,2015
310060,15.0,15.0,2015
310090,55.0,49.0,2015
310100,47.0,46.0,2015
310110,52.0,43.0,2015
310120,30.0,28.0,2015
310130,17.0,13.0,2015
310150,83.0,56.0,2015
310160,343.0,155.0,2015
310170,140.0,69.0,2015
310190,35.0,31.0,2015
310200,32.0,27.0,2015
310210,17.0,16.0,2015
310230,55.0,48.0,2015
310260,65.0,50.0,2015
310270,30.0,30.0,2015
310280,58.0,19.0,2015
310290,12.0,12.0,2015
310340,87.0,71.0,2015
310350,171.0,102.0,2015
310375,13.0,13.0,2015
310400,257.0,184.0,2015
310410,10.0,10.0,2015
310420,76.0,49.0,2015
310430,14.0,14.0,2015
310450,24.0,24.0,2015
310470,50.0,48.0,2015
310490,58.0,47.0,2015
310510,261.0,180.0,2015
310530,30.0,21.0,2015
310540,34.0,34.0,2015
310560,1137.0,568.0,2015
310590,52.0,43.0,2015
310620,8917.0,5217.0,2015
310630,35.0,35.0,2015
310640,33.0,27.0,2015
310650,40.0,39.0,2015
310670,608.0,462.0,2015
310690,35.0,28.0,2015
310710,71.0,55.0,2015
310730,64.0,64.0,2015
310740,86.0,52.0,2015
310750,22.0,22.0,2015
310780,50.0,48.0,2015
310800,66.0,50.0,2015
310820,7.0,7.0,2015
310830,8.0,,2015
310840,19.0,15.0,2015
310860,109.0,108.0,2015
310890,18.0,14.0,2015
310900,37.0,37.0,2015
310910,23.0,19.0,2015
310930,27.0,22.0,2015
310940,55.0,42.0,2015
310950,41.0,31.0,2015
310990,44.0,37.0,2015
311000,56.0,50.0,2015
311030,49.0,30.0,2015
311050,37.0,25.0,2015
311060,65.0,57.0,2015
311070,46.0,40.0,2015
311090,39.0,32.0,2015
311100,45.0,38.0,2015
311110,41.0,27.0,2015
311120,86.0,60.0,2015
311130,25.0,25.0,2015
311150,38.0,35.0,2015
311160,49.0,38.0,2015
311180,25.0,23.0,2015
311200,22.0,21.0,2015
311230,62.0,54.0,2015
311260,26.0,26.0,2015
311270,20.0,20.0,2015
311280,22.0,11.0,2015
311300,34.0,34.0,2015
311320,46.0,41.0,2015
311330,201.0,146.0,2015
311340,173.0,116.0,2015
311350,21.0,21.0,2015
311360,20.0,14.0,2015
311370,35.0,35.0,2015
311380,10.0,10.0,2015
311390,37.0,37.0,2015
311400,32.0,31.0,2015
311410,21.0,19.0,2015
311430,49.0,36.0,2015
311440,30.0,27.0,2015
311450,41.0,29.0,2015
311460,19.0,17.0,2015
311480,13.0,11.0,2015
311510,50.0,36.0,2015
311530,115.0,73.0,2015
311550,30.0,26.0,2015
311570,22.0,22.0,2015
311615,14.0,14.0,2015
311630,16.0,16.0,2015
311660,40.0,35.0,2015
311680,38.0,38.0,2015
311710,22.0,22.0,2015
311730,21.0,21.0,2015
311740,23.0,23.0,2015
311750,42.0,42.0,2015
311770,32.0,24.0,2015
311800,72.0,45.0,2015
311820,29.0,25.0,2015
311830,258.0,182.0,2015
311840,38.0,34.0,2015
311860,488.0,192.0,2015
311880,33.0,33.0,2015
311930,30.0,30.0,2015
311940,151.0,50.0,2015
312020,17.0,17.0,2015
312050,39.0,34.0,2015
312080,66.0,61.0,2015
312090,163.0,103.0,2015
312100,21.0,21.0,2015
312120,19.0,14.0,2015
312160,158.0,132.0,2015
312180,9.0,9.0,2015
312200,36.0,26.0,2015
312210,21.0,21.0,2015
312230,728.0,347.0,2015
312240,7.0,7.0,2015
312245,18.0,18.0,2015
312260,26.0,26.0,2015
312270,30.0,22.0,2015
312320,47.0,39.0,2015
312360,36.0,28.0,2015
312390,54.0,47.0,2015
312400,22.0,18.0,2015
312410,40.0,39.0,2015
312420,53.0,43.0,2015
312430,30.0,30.0,2015
312470,20.0,16.0,2015
312480,4.0,4.0,2015
312490,31.0,30.0,2015
312510,40.0,36.0,2015
312550,8.0,8.0,2015
312560,43.0,41.0,2015
312590,25.0,23.0,2015
312595,19.0,19.0,2015
312610,91.0,52.0,2015
312620,10.0,10.0,2015
312670,50.0,50.0,2015
312690,28.0,28.0,2015
312710,80.0,41.0,2015
312730,18.0,18.0,2015
312760,26.0,26.0,2015
312770,566.0,369.0,2015
312780,51.0,48.0,2015
312800,70.0,64.0,2015
312810,29.0,13.0,2015
312820,23.0,23.0,2015
312830,39.0,27.0,2015
312840,45.0,33.0,2015
312860,16.0,16.0,2015
312870,93.0,60.0,2015
312910,27.0,27.0,2015
312940,33.0,31.0,2015
312950,29.0,28.0,2015
312970,12.0,12.0,2015
312980,85.0,85.0,2015
313030,25.0,23.0,2015
313050,30.0,28.0,2015
313090,52.0,37.0,2015
313120,47.0,39.0,2015
313130,614.0,414.0,2015
313150,18.0,15.0,2015
313170,214.0,141.0,2015
313180,20.0,17.0,2015
313190,59.0,46.0,2015
313210,30.0,30.0,2015
313220,44.0,39.0,2015
313230,27.0,27.0,2015
313240,222.0,152.0,2015
313250,110.0,106.0,2015
313270,100.0,80.0,2015
313290,24.0,12.0,2015
313300,53.0,37.0,2015
313310,62.0,47.0,2015
313320,20.0,18.0,2015
313330,63.0,59.0,2015
313350,60.0,53.0,2015
313375,34.0,20.0,2015
313380,99.0,61.0,2015
313420,220.0,150.0,2015
313440,50.0,39.0,2015
313460,31.0,31.0,2015
313470,38.0,38.0,2015
313480,12.0,3.0,2015
313490,37.0,26.0,2015
313505,25.0,25.0,2015
313510,148.0,124.0,2015
313520,63.0,63.0,2015
313540,23.0,22.0,2015
313580,81.0,56.0,2015
313600,32.0,30.0,2015
313620,112.0,66.0,2015
313630,60.0,48.0,2015
313650,27.0,27.0,2015
313670,2278.0,1564.0,2015
313690,14.0,11.0,2015
313700,22.0,22.0,2015
313710,9.0,9.0,2015
313720,49.0,45.0,2015
313750,30.0,26.0,2015
313760,106.0,69.0,2015
313770,50.0,40.0,2015
313780,50.0,46.0,2015
313790,8.0,8.0,2015
313800,23.0,20.0,2015
313820,187.0,105.0,2015
313840,242.0,83.0,2015
313860,40.0,35.0,2015
313880,55.0,43.0,2015
313890,47.0,44.0,2015
313900,43.0,43.0,2015
313920,55.0,53.0,2015
313930,34.0,34.0,2015
313940,198.0,136.0,2015
313950,97.0,65.0,2015
313960,82.0,66.0,2015
313980,43.0,30.0,2015
313990,16.0,16.0,2015
314000,67.0,56.0,2015
314050,20.0,18.0,2015
314070,65.0,52.0,2015
314090,36.0,34.0,2015
314110,50.0,37.0,2015
314120,9.0,9.0,2015
314140,56.0,52.0,2015
314150,18.0,18.0,2015
314160,50.0,13.0,2015
314180,58.0,55.0,2015
314190,22.0,19.0,2015
314200,30.0,30.0,2015
314220,48.0,36.0,2015
314240,26.0,26.0,2015
314260,28.0,28.0,2015
314270,30.0,30.0,2015
314280,22.0,18.0,2015
314290,39.0,37.0,2015
314300,20.0,17.0,2015
314310,106.0,87.0,2015
314320,52.0,37.0,2015
314330,1160.0,852.0,2015
314350,20.0,19.0,2015
314390,525.0,311.0,2015
314400,78.0,68.0,2015
314410,50.0,27.0,2015
314430,61.0,37.0,2015
314450,15.0,15.0,2015
314460,34.0,28.0,2015
314470,65.0,47.0,2015
314480,226.0,72.0,2015
314500,23.0,23.0,2015
314510,26.0,26.0,2015
314520,50.0,47.0,2015
314530,43.0,43.0,2015
314560,82.0,69.0,2015
314590,65.0,26.0,2015
314600,52.0,37.0,2015
314610,87.0,73.0,2015
314630,37.0,37.0,2015
314650,18.0,18.0,2015
314670,22.0,16.0,2015
314700,316.0,117.0,2015
314710,103.0,73.0,2015
314720,33.0,30.0,2015
314730,34.0,31.0,2015
314750,17.0,15.0,2015
314760,49.0,29.0,2015
314770,30.0,26.0,2015
314790,406.0,290.0,2015
314800,324.0,187.0,2015
314810,174.0,89.0,2015
314830,42.0,,2015
314860,34.0,34.0,2015
314870,69.0,60.0,2015
314910,13.0,12.0,2015
314920,20.0,20.0,2015
314930,74.0,61.0,2015
314980,23.0,21.0,2015
314990,50.0,36.0,2015
315030,14.0,14.0,2015
315050,12.0,12.0,2015
315080,23.0,23.0,2015
315110,36.0,31.0,2015
315120,208.0,92.0,2015
315140,56.0,42.0,2015
315150,96.0,68.0,2015
315170,41.0,29.0,2015
315180,448.0,206.0,2015
315190,27.0,27.0,2015
315200,26.0,22.0,2015
315210,212.0,137.0,2015
315220,50.0,50.0,2015
315240,27.0,26.0,2015
315250,327.0,182.0,2015
315260,26.0,26.0,2015
315270,30.0,27.0,2015
315280,30.0,25.0,2015
315290,16.0,14.0,2015
315310,18.0,18.0,2015
315340,18.0,18.0,2015
315400,56.0,40.0,2015
315410,29.0,25.0,2015
315420,70.0,53.0,2015
315430,65.0,53.0,2015
315460,113.0,102.0,2015
315470,12.0,11.0,2015
315490,40.0,31.0,2015
315510,9.0,9.0,2015
315520,18.0,18.0,2015
315550,19.0,19.0,2015
315560,40.0,40.0,2015
315570,38.0,28.0,2015
315580,59.0,55.0,2015
315590,15.0,15.0,2015
315600,32.0,32.0,2015
315660,47.0,44.0,2015
315670,113.0,113.0,2015
315680,42.0,36.0,2015
315690,50.0,30.0,2015
315700,78.0,52.0,2015
315710,52.0,45.0,2015
315720,53.0,41.0,2015
315770,30.0,30.0,2015
315780,128.0,128.0,2015
315790,34.0,34.0,2015
315800,15.0,12.0,2015
315810,6.0,6.0,2015
315820,41.0,38.0,2015
315930,22.0,15.0,2015
315960,59.0,41.0,2015
315980,32.0,25.0,2015
315990,52.0,49.0,2015
316030,8.0,,2015
316040,54.0,45.0,2015
316070,74.0,50.0,2015
316100,49.0,35.0,2015
316110,66.0,66.0,2015
316200,65.0,43.0,2015
316210,44.0,24.0,2015
316220,23.0,17.0,2015
316240,37.0,37.0,2015
316250,233.0,148.0,2015
316270,50.0,50.0,2015
316280,52.0,50.0,2015
316290,42.0,34.0,2015
316370,78.0,57.0,2015
316390,9.0,9.0,2015
316420,18.0,18.0,2015
316430,10.0,4.0,2015
316470,298.0,242.0,2015
316500,45.0,30.0,2015
316510,1.0,,2015
316530,30.0,23.0,2015
316570,25.0,23.0,2015
316690,14.0,13.0,2015
316710,56.0,37.0,2015
316720,345.0,241.0,2015
316740,13.0,9.0,2015
316800,71.0,64.0,2015
316840,30.0,27.0,2015
316850,15.0,15.0,2015
316860,310.0,246.0,2015
316870,69.0,33.0,2015
316890,14.0,14.0,2015
316920,28.0,20.0,2015
316930,230.0,209.0,2015
316935,32.0,25.0,2015
316940,111.0,72.0,2015
316960,12.0,12.0,2015
316970,56.0,53.0,2015
316990,519.0,401.0,2015
317010,980.0,641.0,2015
317020,1272.0,831.0,2015
317040,132.0,64.0,2015
317043,34.0,32.0,2015
317052,30.0,30.0,2015
317070,348.0,183.0,2015
317080,75.0,52.0,2015
317090,27.0,27.0,2015
317100,42.0,29.0,2015
317120,71.0,61.0,2015
317130,186.0,115.0,2015
317160,39.0,39.0,2015
317170,27.0,25.0,2015
317180,51.0,48.0,2015
317200,152.0,72.0,2015
320010,67.0,53.0,2015
320020,62.0,52.0,2015
320040,57.0,55.0,2015
320050,30.0,30.0,2015
320060,126.0,93.0,2015
320070,13.0,13.0,2015
320080,67.0,67.0,2015
320090,113.0,88.0,2015
320100,39.0,31.0,2015
320120,676.0,493.0,2015
320130,281.0,175.0,2015
320140,58.0,42.0,2015
320150,457.0,290.0,2015
320160,30.0,30.0,2015
320170,20.0,20.0,2015
320190,124.0,117.0,2015
320210,56.0,46.0,2015
320220,51.0,1.0,2015
320230,82.0,67.0,2015
320240,74.0,71.0,2015
320245,50.0,41.0,2015
320260,28.0,26.0,2015
320270,51.0,47.0,2015
320280,105.0,95.0,2015
320290,35.0,30.0,2015
320300,76.0,65.0,2015
320305,23.0,23.0,2015
320310,26.0,26.0,2015
320313,50.0,39.0,2015
320316,23.0,23.0,2015
320320,253.0,165.0,2015
320332,64.0,,2015
320340,51.0,44.0,2015
320350,30.0,28.0,2015
320360,19.0,19.0,2015
320370,35.0,34.0,2015
320390,50.0,37.0,2015
320400,50.0,50.0,2015
320405,26.0,25.0,2015
320410,36.0,32.0,2015
320420,26.0,26.0,2015
320435,26.0,26.0,2015
320450,20.0,20.0,2015
320455,59.0,56.0,2015
320460,67.0,57.0,2015
320470,148.0,80.0,2015
320480,82.0,82.0,2015
320490,235.0,225.0,2015
320500,727.0,422.0,2015
320503,30.0,29.0,2015
320506,63.0,53.0,2015
320520,815.0,440.0,2015
320530,1834.0,1386.0,2015
330010,364.0,294.0,2015
330015,37.0,37.0,2015
330020,228.0,193.0,2015
330022,21.0,21.0,2015
330023,48.0,48.0,2015
330025,76.0,76.0,2015
330030,236.0,201.0,2015
330040,401.0,233.0,2015
330045,402.0,332.0,2015
330050,65.0,60.0,2015
330060,129.0,79.0,2015
330070,540.0,324.0,2015
330080,103.0,103.0,2015
330090,47.0,47.0,2015
330100,1812.0,1209.0,2015
330110,83.0,71.0,2015
330120,41.0,39.0,2015
330130,104.0,104.0,2015
330140,52.0,52.0,2015
330150,66.0,57.0,2015
330160,16.0,16.0,2015
330170,1168.0,753.0,2015
330180,50.0,36.0,2015
330185,104.0,69.0,2015
330190,347.0,332.0,2015
330200,138.0,97.0,2015
330210,82.0,58.0,2015
330220,489.0,211.0,2015
330225,100.0,34.0,2015
330227,22.0,22.0,2015
330230,51.0,51.0,2015
330240,470.0,236.0,2015
330250,140.0,136.0,2015
330260,62.0,62.0,2015
330270,88.0,88.0,2015
330280,27.0,17.0,2015
330285,140.0,85.0,2015
330290,99.0,71.0,2015
330300,72.0,43.0,2015
330310,68.0,67.0,2015
330320,424.0,166.0,2015
330330,2642.0,1280.0,2015
330340,615.0,405.0,2015
330350,945.0,483.0,2015
330360,102.0,81.0,2015
330370,119.0,116.0,2015
330380,35.0,35.0,2015
330390,1442.0,1026.0,2015
330395,45.0,43.0,2015
330400,57.0,48.0,2015
330410,60.0,54.0,2015
330411,45.0,45.0,2015
330412,199.0,190.0,2015
330414,76.0,76.0,2015
330415,74.0,74.0,2015
330420,363.0,138.0,2015
330430,121.0,101.0,2015
330440,41.0,41.0,2015
330450,15.0,15.0,2015
330452,91.0,81.0,2015
330455,18417.0,10492.0,2015
330460,79.0,50.0,2015
330470,172.0,105.0,2015
330475,36.0,36.0,2015
330480,111.0,102.0,2015
330490,2095.0,1207.0,2015
330500,42.0,40.0,2015
330510,355.0,271.0,2015
330515,56.0,54.0,2015
330520,61.0,45.0,2015
330530,48.0,39.0,2015
330550,140.0,140.0,2015
330555,27.0,27.0,2015
330560,40.0,40.0,2015
330570,25.0,25.0,2015
330575,214.0,174.0,2015
330580,359.0,292.0,2015
330590,38.0,31.0,2015
330600,306.0,258.0,2015
330610,285.0,256.0,2015
330615,42.0,39.0,2015
330620,439.0,403.0,2015
330630,621.0,307.0,2015
350010,279.0,240.0,2015
350050,42.0,30.0,2015
350060,4.0,4.0,2015
350070,60.0,38.0,2015
350100,31.0,25.0,2015
350110,22.0,19.0,2015
350130,20.0,18.0,2015
350160,698.0,343.0,2015
350170,206.0,206.0,2015
350190,357.0,242.0,2015
350210,136.0,110.0,2015
350220,57.0,54.0,2015
350250,104.0,70.0,2015
350260,21.0,20.0,2015
350270,51.0,45.0,2015
350280,635.0,478.0,2015
350290,288.0,,2015
350310,16.0,16.0,2015
350320,510.0,199.0,2015
350330,567.0,307.0,2015
350340,28.0,17.0,2015
350370,25.0,4.0,2015
350380,12.0,,2015
350390,82.0,15.0,2015
350400,290.0,179.0,2015
350410,192.0,55.0,2015
350420,51.0,30.0,2015
350450,153.0,95.0,2015
350490,15.0,15.0,2015
350520,68.0,52.0,2015
350530,101.0,68.0,2015
350550,604.0,501.0,2015
350570,519.0,371.0,2015
350580,35.0,28.0,2015
350590,139.0,94.0,2015
350600,1008.0,638.0,2015
350610,129.0,81.0,2015
350630,50.0,20.0,2015
350635,49.0,49.0,2015
350640,36.0,36.0,2015
350650,146.0,66.0,2015
350670,15.0,13.0,2015
350680,35.0,30.0,2015
350700,55.0,36.0,2015
350710,11.0,11.0,2015
350740,26.0,16.0,2015
350750,742.0,542.0,2015
350760,334.0,208.0,2015
350790,41.0,35.0,2015
350810,42.0,22.0,2015
350840,13.0,9.0,2015
350850,151.0,73.0,2015
350860,47.0,40.0,2015
350870,62.0,62.0,2015
350880,58.0,47.0,2015
350900,117.0,58.0,2015
350920,171.0,71.0,2015
350925,8.0,8.0,2015
350930,32.0,26.0,2015
350940,73.0,55.0,2015
350950,2957.0,1395.0,2015
350960,56.0,56.0,2015
350970,242.0,195.0,2015
351000,30.0,25.0,2015
351020,67.0,49.0,2015
351040,96.0,46.0,2015
351050,157.0,102.0,2015
351060,370.0,280.0,2015
351070,31.0,14.0,2015
351080,372.0,355.0,2015
351100,31.0,30.0,2015
351110,534.0,375.0,2015
351130,30.0,,2015
351140,52.0,34.0,2015
351150,43.0,31.0,2015
351160,30.0,17.0,2015
351170,33.0,26.0,2015
351190,30.0,20.0,2015
351200,47.0,35.0,2015
351210,30.0,20.0,2015
351220,52.0,41.0,2015
351230,32.0,32.0,2015
351280,90.0,63.0,2015
351300,289.0,111.0,2015
351310,15.0,13.0,2015
351340,120.0,77.0,2015
351350,138.0,134.0,2015
351360,40.0,25.0,2015
351370,40.0,25.0,2015
351380,635.0,566.0,2015
351390,192.0,192.0,2015
351410,67.0,47.0,2015
351430,19.0,16.0,2015
351440,143.0,108.0,2015
351450,87.0,77.0,2015
351480,2.0,2.0,2015
351490,6.0,6.0,2015
351500,81.0,76.0,2015
351510,16.0,16.0,2015
351518,458.0,369.0,2015
351520,50.0,30.0,2015
351540,20.0,12.0,2015
351550,180.0,84.0,2015
351570,191.0,191.0,2015
351600,47.0,30.0,2015
351620,739.0,487.0,2015
351630,144.0,95.0,2015
351640,396.0,314.0,2015
351660,45.0,24.0,2015
351670,377.0,332.0,2015
351690,32.0,8.0,2015
351700,48.0,36.0,2015
351740,60.0,42.0,2015
351760,19.0,19.0,2015
351770,30.0,22.0,2015
351780,27.0,20.0,2015
351820,74.0,30.0,2015
351830,35.0,29.0,2015
351840,278.0,162.0,2015
351860,72.0,65.0,2015
351870,321.0,234.0,2015
351880,1847.0,1429.0,2015
351900,51.0,51.0,2015
351907,91.0,62.0,2015
351910,27.0,25.0,2015
351920,19.0,15.0,2015
351930,32.0,32.0,2015
351940,25.0,8.0,2015
351960,99.0,46.0,2015
351970,67.0,63.0,2015
351990,20.0,20.0,2015
352000,63.0,55.0,2015
352010,60.0,32.0,2015
352020,15.0,15.0,2015
352030,13.0,13.0,2015
352040,49.0,46.0,2015
352044,116.0,74.0,2015
352050,378.0,268.0,2015
352070,46.0,4.0,2015
352090,49.0,29.0,2015
352100,15.0,15.0,2015
352130,49.0,39.0,2015
352170,35.0,35.0,2015
352180,39.0,36.0,2015
352190,30.0,13.0,2015
352210,77.0,77.0,2015
352220,501.0,196.0,2015
352230,122.0,100.0,2015
352240,164.0,122.0,2015
352250,265.0,205.0,2015
352260,1284.0,749.0,2015
352270,76.0,45.0,2015
352280,46.0,27.0,2015
352290,40.0,33.0,2015
352310,224.0,224.0,2015
352320,93.0,78.0,2015
352340,119.0,60.0,2015
352350,14.0,7.0,2015
352360,8.0,8.0,2015
352390,426.0,391.0,2015
352400,86.0,48.0,2015
352410,121.0,55.0,2015
352420,17.0,17.0,2015
352430,172.0,56.0,2015
352440,440.0,211.0,2015
352450,191.0,150.0,2015
352470,80.0,78.0,2015
352480,165.0,112.0,2015
352500,40.0,26.0,2015
352520,33.0,12.0,2015
352530,860.0,705.0,2015
352550,24.0,17.0,2015
352570,61.0,29.0,2015
352590,800.0,376.0,2015
352600,52.0,26.0,2015
352610,15.0,15.0,2015
352620,9.0,,2015
352640,47.0,32.0,2015
352670,124.0,76.0,2015
352680,81.0,54.0,2015
352690,404.0,200.0,2015
352710,444.0,349.0,2015
352720,170.0,82.0,2015
352730,41.0,34.0,2015
352740,25.0,15.0,2015
352770,32.0,15.0,2015
352800,31.0,18.0,2015
352810,24.0,13.0,2015
352850,47.0,47.0,2015
352880,26.0,26.0,2015
352900,854.0,709.0,2015
352920,51.0,43.0,2015
352930,162.0,96.0,2015
352940,415.0,272.0,2015
352970,66.0,47.0,2015
353010,90.0,90.0,2015
353030,81.0,29.0,2015
353050,135.0,86.0,2015
353060,828.0,650.0,2015
353070,333.0,154.0,2015
353080,241.0,133.0,2015
353110,44.0,44.0,2015
353130,109.0,58.0,2015
353140,80.0,31.0,2015
353150,70.0,51.0,2015
353180,36.0,29.0,2015
353190,45.0,31.0,2015
353200,23.0,13.0,2015
353240,24.0,24.0,2015
353250,35.0,11.0,2015
353260,129.0,35.0,2015
353290,12.0,7.0,2015
353300,193.0,19.0,2015
353340,53.0,53.0,2015
353350,105.0,35.0,2015
353390,99.0,63.0,2015
353430,98.0,59.0,2015
353440,1008.0,605.0,2015
353460,90.0,59.0,2015
353470,328.0,143.0,2015
353475,39.0,10.0,2015
353490,37.0,32.0,2015
353520,24.0,10.0,2015
353530,68.0,44.0,2015
353540,36.0,35.0,2015
353550,97.0,78.0,2015
353580,30.0,30.0,2015
353600,32.0,26.0,2015
353620,151.0,151.0,2015
353630,35.0,23.0,2015
353650,85.0,85.0,2015
353660,24.0,9.0,2015
353670,72.0,52.0,2015
353700,53.0,33.0,2015
353710,98.0,98.0,2015
353730,238.0,168.0,2015
353740,104.0,71.0,2015
353780,521.0,471.0,2015
353790,35.0,27.0,2015
353800,201.0,127.0,2015
353860,37.0,29.0,2015
353870,761.0,309.0,2015
353880,73.0,55.0,2015
353890,299.0,289.0,2015
353900,41.0,9.0,2015
353930,94.0,57.0,2015
353940,30.0,26.0,2015
353950,50.0,32.0,2015
353980,33.0,33.0,2015
354000,42.0,36.0,2015
354020,45.0,29.0,2015
354040,18.0,8.0,2015
354060,51.0,39.0,2015
354070,61.0,33.0,2015
354080,31.0,28.0,2015
354100,194.0,118.0,2015
354120,51.0,40.0,2015
354130,78.0,68.0,2015
354140,1559.0,1088.0,2015
354150,97.0,75.0,2015
354160,58.0,58.0,2015
354190,19.0,19.0,2015
354220,98.0,70.0,2015
354240,24.0,17.0,2015
354260,110.0,68.0,2015
354290,17.0,11.0,2015
354300,36.0,35.0,2015
354330,164.0,50.0,2015
354340,2044.0,1399.0,2015
354380,33.0,25.0,2015
354390,482.0,278.0,2015
354400,53.0,38.0,2015
354420,36.0,7.0,2015
354425,57.0,57.0,2015
354430,14.0,14.0,2015
354490,29.0,19.0,2015
354500,19.0,17.0,2015
354520,123.0,70.0,2015
354530,1026.0,1000.0,2015
354540,34.0,22.0,2015
354560,23.0,7.0,2015
354580,149.0,84.0,2015
354630,46.0,25.0,2015
354640,100.0,65.0,2015
354660,76.0,33.0,2015
354680,101.0,82.0,2015
354700,6.0,6.0,2015
354730,35.0,35.0,2015
354750,299.0,276.0,2015
354760,30.0,18.0,2015
354770,56.0,37.0,2015
354780,1245.0,706.0,2015
354790,12.0,12.0,2015
354850,1636.0,799.0,2015
354860,40.0,26.0,2015
354870,1528.0,569.0,2015
354880,424.0,182.0,2015
354890,419.0,204.0,2015
354910,199.0,94.0,2015
354940,115.0,68.0,2015
354970,145.0,89.0,2015
354980,1861.0,997.0,2015
354990,1421.0,740.0,2015
355000,26.0,11.0,2015
355010,43.0,36.0,2015
355020,50.0,50.0,2015
355030,29392.0,15698.0,2015
355040,62.0,37.0,2015
355060,89.0,41.0,2015
355070,101.0,93.0,2015
355080,30.0,26.0,2015
355090,50.0,38.0,2015
355100,287.0,170.0,2015
355150,58.0,43.0,2015
355160,49.0,33.0,2015
355170,157.0,64.0,2015
355200,3.0,3.0,2015
355210,62.0,54.0,2015
355220,1924.0,1165.0,2015
355230,20.0,20.0,2015
355240,189.0,172.0,2015
355250,173.0,84.0,2015
355260,30.0,9.0,2015
355270,35.0,22.0,2015
355280,505.0,334.0,2015
355300,29.0,24.0,2015
355320,4.0,4.0,2015
355330,36.0,25.0,2015
355340,72.0,32.0,2015
355360,24.0,19.0,2015
355370,124.0,73.0,2015
355380,53.0,32.0,2015
355400,198.0,85.0,2015
355410,497.0,325.0,2015
355430,58.0,52.0,2015
355440,34.0,30.0,2015
355450,69.0,42.0,2015
355470,20.0,13.0,2015
355500,864.0,781.0,2015
355510,48.0,30.0,2015
355540,79.0,74.0,2015
355580,26.0,24.0,2015
355600,34.0,13.0,2015
355620,169.0,63.0,2015
355630,55.0,31.0,2015
355640,77.0,47.0,2015
355650,35.0,27.0,2015
355670,32.0,20.0,2015
355680,48.0,30.0,2015
355700,150.0,88.0,2015
355710,208.0,125.0,2015
355720,50.0,30.0,2015
410010,22.0,21.0,2015
410045,19.0,19.0,2015
410050,37.0,37.0,2015
410060,20.0,19.0,2015
410080,21.0,21.0,2015
410090,13.0,13.0,2015
410100,34.0,34.0,2015
410110,62.0,57.0,2015
410120,31.0,31.0,2015
410140,235.0,166.0,2015
410150,333.0,279.0,2015
410160,24.0,24.0,2015
410170,28.0,22.0,2015
410180,91.0,91.0,2015
410190,69.0,58.0,2015
410200,54.0,40.0,2015
410210,60.0,42.0,2015
410220,10.0,10.0,2015
410230,12.0,12.0,2015
410240,142.0,91.0,2015
410250,28.0,28.0,2015
410280,26.0,26.0,2015
410290,43.0,43.0,2015
410300,10.0,9.0,2015
410305,20.0,20.0,2015
410310,11.0,11.0,2015
410320,29.0,29.0,2015
410330,26.0,26.0,2015
410345,36.0,32.0,2015
410360,100.0,90.0,2015
410370,86.0,43.0,2015
410390,50.0,48.0,2015
410400,359.0,314.0,2015
410420,739.0,663.0,2015
410430,209.0,119.0,2015
410440,56.0,56.0,2015
410442,48.0,37.0,2015
410445,51.0,44.0,2015
410450,44.0,33.0,2015
410460,34.0,32.0,2015
410480,981.0,487.0,2015
410490,26.0,26.0,2015
410510,25.0,25.0,2015
410520,26.0,26.0,2015
410530,36.0,28.0,2015
410540,77.0,67.0,2015
410550,146.0,109.0,2015
410560,36.0,32.0,2015
410570,50.0,39.0,2015
410580,119.0,109.0,2015
410590,56.0,50.0,2015
410600,29.0,29.0,2015
410610,20.0,20.0,2015
410620,16.0,16.0,2015
410630,29.0,27.0,2015
410640,195.0,123.0,2015
410650,55.0,53.0,2015
410660,32.0,32.0,2015
410670,11.0,11.0,2015
410680,35.0,35.0,2015
410690,5580.0,2884.0,2015
410700,19.0,16.0,2015
410710,19.0,19.0,2015
410715,15.0,15.0,2015
410720,91.0,69.0,2015
410725,28.0,19.0,2015
410730,11.0,11.0,2015
410750,36.0,33.0,2015
410753,30.0,20.0,2015
410760,82.0,30.0,2015
410765,48.0,48.0,2015
410775,28.0,28.0,2015
410780,19.0,19.0,2015
410790,20.0,20.0,2015
410800,22.0,22.0,2015
410820,38.0,31.0,2015
410830,438.0,277.0,2015
410832,24.0,24.0,2015
410840,287.0,156.0,2015
410850,29.0,19.0,2015
410855,10.0,10.0,2015
410860,102.0,55.0,2015
410870,26.0,26.0,2015
410880,88.0,70.0,2015
410890,16.0,16.0,2015
410900,16.0,16.0,2015
410930,98.0,84.0,2015
410940,422.0,268.0,2015
410950,20.0,20.0,2015
410960,50.0,50.0,2015
410970,56.0,54.0,2015
410975,33.0,33.0,2015
410980,127.0,66.0,2015
411030,11.0,11.0,2015
411040,16.0,16.0,2015
411050,29.0,29.0,2015
411060,31.0,31.0,2015
411070,157.0,111.0,2015
411080,31.0,31.0,2015
411090,19.0,17.0,2015
411095,25.0,25.0,2015
411100,21.0,21.0,2015
411110,16.0,16.0,2015
411125,49.0,49.0,2015
411130,17.0,17.0,2015
411140,18.0,18.0,2015
411150,186.0,154.0,2015
411160,16.0,16.0,2015
411170,18.0,18.0,2015
411180,108.0,76.0,2015
411190,29.0,29.0,2015
411200,79.0,79.0,2015
411210,329.0,301.0,2015
411220,29.0,29.0,2015
411230,3.0,3.0,2015
411240,22.0,19.0,2015
411250,24.0,24.0,2015
411270,19.0,18.0,2015
411275,25.0,18.0,2015
411280,29.0,24.0,2015
411290,14.0,14.0,2015
411295,25.0,25.0,2015
411300,19.0,19.0,2015
411310,23.0,23.0,2015
411320,157.0,117.0,2015
411330,109.0,86.0,2015
411345,20.0,20.0,2015
411350,119.0,103.0,2015
411370,1867.0,1199.0,2015
411375,29.0,20.0,2015
411380,16.0,16.0,2015
411390,32.0,28.0,2015
411410,52.0,32.0,2015
411420,64.0,51.0,2015
411430,50.0,50.0,2015
411440,54.0,46.0,2015
411450,24.0,24.0,2015
411460,82.0,18.0,2015
411500,23.0,22.0,2015
411520,1393.0,759.0,2015
411535,27.0,16.0,2015
411540,62.0,47.0,2015
411550,21.0,21.0,2015
411560,48.0,33.0,2015
411570,12.0,12.0,2015
411580,178.0,76.0,2015
411600,10.0,10.0,2015
411605,45.0,24.0,2015
411620,31.0,29.0,2015
411630,6.0,6.0,2015
411670,24.0,20.0,2015
411680,22.0,20.0,2015
411690,75.0,68.0,2015
411695,12.0,12.0,2015
411700,16.0,14.0,2015
411710,22.0,20.0,2015
411720,16.0,16.0,2015
411722,20.0,9.0,2015
411725,17.0,12.0,2015
411727,32.0,32.0,2015
411730,30.0,26.0,2015
411740,12.0,12.0,2015
411750,15.0,15.0,2015
411760,91.0,90.0,2015
411770,147.0,118.0,2015
411790,69.0,31.0,2015
411800,29.0,25.0,2015
411810,8.0,8.0,2015
411820,223.0,138.0,2015
411830,15.0,15.0,2015
411840,169.0,110.0,2015
411845,25.0,15.0,2015
411850,253.0,193.0,2015
411870,12.0,12.0,2015
411890,19.0,19.0,2015
411910,41.0,40.0,2015
411915,302.0,288.0,2015
411920,27.0,17.0,2015
411930,91.0,82.0,2015
411940,27.0,27.0,2015
411950,502.0,474.0,2015
411960,91.0,81.0,2015
411970,15.0,15.0,2015
411980,47.0,41.0,2015
411990,796.0,569.0,2015
412000,49.0,49.0,2015
412020,9.0,9.0,2015
412033,20.0,20.0,2015
412035,72.0,64.0,2015
412040,18.0,18.0,2015
412050,24.0,24.0,2015
412060,125.0,107.0,2015
412070,28.0,26.0,2015
412085,13.0,,2015
412090,47.0,31.0,2015
412100,26.0,25.0,2015
412120,25.0,25.0,2015
412130,16.0,16.0,2015
412140,29.0,16.0,2015
412150,54.0,50.0,2015
412170,39.0,32.0,2015
412180,55.0,49.0,2015
412190,49.0,44.0,2015
412200,47.0,32.0,2015
412220,30.0,30.0,2015
412230,30.0,27.0,2015
412240,212.0,197.0,2015
412250,31.0,31.0,2015
412260,31.0,24.0,2015
412265,34.0,34.0,2015
412290,20.0,20.0,2015
412300,21.0,21.0,2015
412310,15.0,15.0,2015
412330,26.0,16.0,2015
412340,21.0,18.0,2015
412350,65.0,18.0,2015
412370,27.0,19.0,2015
412380,32.0,32.0,2015
412385,46.0,46.0,2015
412390,36.0,34.0,2015
412400,20.0,20.0,2015
412410,181.0,148.0,2015
412420,10.0,10.0,2015
412430,13.0,13.0,2015
412440,28.0,22.0,2015
412460,16.0,15.0,2015
412470,20.0,20.0,2015
412480,34.0,29.0,2015
412490,17.0,17.0,2015
412500,20.0,20.0,2015
412510,27.0,26.0,2015
412520,28.0,23.0,2015
412530,30.0,27.0,2015
412535,20.0,20.0,2015
412540,18.0,18.0,2015
412545,22.0,19.0,2015
412550,245.0,192.0,2015
412560,50.0,38.0,2015
412580,25.0,23.0,2015
412600,25.0,25.0,2015
412620,31.0,31.0,2015
412625,167.0,115.0,2015
412630,38.0,35.0,2015
412640,23.0,23.0,2015
412650,27.0,25.0,2015
412660,54.0,35.0,2015
412667,21.0,21.0,2015
412670,9.0,9.0,2015
412680,3.0,3.0,2015
412700,17.0,17.0,2015
412710,169.0,100.0,2015
412720,65.0,63.0,2015
412730,29.0,25.0,2015
412740,21.0,14.0,2015
412750,30.0,30.0,2015
412760,16.0,16.0,2015
412770,314.0,160.0,2015
412780,66.0,50.0,2015
412785,34.0,34.0,2015
412788,6.0,6.0,2015
412790,22.0,22.0,2015
412795,23.0,23.0,2015
412796,53.0,49.0,2015
412800,101.0,48.0,2015
412810,678.0,294.0,2015
412820,223.0,109.0,2015
412840,45.0,38.0,2015
412850,33.0,32.0,2015
412855,27.0,26.0,2015
412860,20.0,18.0,2015
420010,43.0,38.0,2015
420020,21.0,17.0,2015
420040,31.0,23.0,2015
420070,24.0,19.0,2015
420090,51.0,44.0,2015
420100,39.0,35.0,2015
420110,48.0,15.0,2015
420127,21.0,14.0,2015
420140,117.0,117.0,2015
420150,32.0,23.0,2015
420160,18.0,11.0,2015
420190,14.0,13.0,2015
420200,320.0,218.0,2015
420220,25.0,21.0,2015
420230,82.0,82.0,2015
420240,685.0,370.0,2015
420243,52.0,16.0,2015
420250,18.0,18.0,2015
420260,40.0,33.0,2015
420280,73.0,53.0,2015
420290,302.0,158.0,2015
420300,120.0,73.0,2015
420310,32.0,29.0,2015
420320,234.0,37.0,2015
420330,32.0,21.0,2015
420340,32.0,26.0,2015
420350,42.0,28.0,2015
420360,89.0,79.0,2015
420370,20.0,20.0,2015
420380,97.0,70.0,2015
420390,59.0,40.0,2015
420400,33.0,23.0,2015
420410,28.0,21.0,2015
420420,377.0,250.0,2015
420430,184.0,109.0,2015
420440,30.0,23.0,2015
420455,27.0,27.0,2015
420460,644.0,423.0,2015
420470,46.0,32.0,2015
420480,126.0,93.0,2015
420490,37.0,33.0,2015
420500,48.0,32.0,2015
420520,32.0,24.0,2015
420530,50.0,45.0,2015
420540,1474.0,1067.0,2015
420550,51.0,43.0,2015
420580,34.0,14.0,2015
420590,100.0,73.0,2015
420630,16.0,13.0,2015
420640,43.0,41.0,2015
420650,54.0,54.0,2015
420660,18.0,13.0,2015
420680,38.0,20.0,2015
420690,77.0,77.0,2015
420700,81.0,74.0,2015
420720,35.0,32.0,2015
420730,73.0,57.0,2015
420740,15.0,14.0,2015
420750,100.0,65.0,2015
420760,27.0,19.0,2015
420765,25.0,24.0,2015
420770,22.0,20.0,2015
420780,44.0,41.0,2015
420790,21.0,15.0,2015
420800,36.0,21.0,2015
420810,46.0,43.0,2015
420820,415.0,305.0,2015
420830,20.0,20.0,2015
420840,50.0,34.0,2015
420845,1.0,1.0,2015
420850,60.0,50.0,2015
420870,38.0,28.0,2015
420880,39.0,34.0,2015
420890,319.0,231.0,2015
420900,167.0,98.0,2015
420910,1136.0,791.0,2015
420930,453.0,351.0,2015
420940,108.0,89.0,2015
420960,38.0,38.0,2015
420970,45.0,45.0,2015
420985,59.0,53.0,2015
421000,39.0,38.0,2015
421003,80.0,78.0,2015
421010,103.0,91.0,2015
421030,37.0,31.0,2015
421050,81.0,73.0,2015
421060,23.0,23.0,2015
421080,50.0,32.0,2015
421090,31.0,24.0,2015
421100,48.0,34.0,2015
421105,16.0,16.0,2015
421110,22.0,20.0,2015
421120,107.0,89.0,2015
421130,38.0,36.0,2015
421140,25.0,17.0,2015
421150,51.0,51.0,2015
421160,49.0,43.0,2015
421170,52.0,33.0,2015
421175,50.0,40.0,2015
421190,87.0,,2015
421200,36.0,30.0,2015
421210,71.0,61.0,2015
421220,35.0,30.0,2015
421250,23.0,23.0,2015
421260,32.0,26.0,2015
421270,22.0,20.0,2015
421290,39.0,24.0,2015
421320,61.0,36.0,2015
421330,55.0,45.0,2015
421340,64.0,54.0,2015
421360,91.0,70.0,2015
421370,41.0,34.0,2015
421380,53.0,50.0,2015
421400,44.0,42.0,2015
421420,47.0,41.0,2015
421450,30.0,27.0,2015
421470,91.0,81.0,2015
421480,267.0,181.0,2015
421490,32.0,26.0,2015
421500,120.0,104.0,2015
421530,43.0,40.0,2015
421540,16.0,14.0,2015
421550,120.0,99.0,2015
421570,55.0,53.0,2015
421580,113.0,68.0,2015
421590,24.0,18.0,2015
421600,66.0,39.0,2015
421620,37.0,37.0,2015
421625,32.0,21.0,2015
421630,30.0,30.0,2015
421650,104.0,86.0,2015
421660,1029.0,759.0,2015
421670,33.0,28.0,2015
421680,25.0,25.0,2015
421690,56.0,48.0,2015
421710,24.0,21.0,2015
421720,172.0,80.0,2015
421725,93.0,93.0,2015
421730,28.0,24.0,2015
421750,51.0,33.0,2015
421770,65.0,45.0,2015
421780,52.0,40.0,2015
421790,54.0,40.0,2015
421800,64.0,39.0,2015
421810,28.0,21.0,2015
421820,98.0,49.0,2015
421830,52.0,40.0,2015
421840,34.0,32.0,2015
421850,19.0,17.0,2015
421860,68.0,55.0,2015
421870,418.0,250.0,2015
421875,36.0,30.0,2015
421880,80.0,34.0,2015
421890,50.0,40.0,2015
421900,116.0,87.0,2015
421910,21.0,17.0,2015
421920,21.0,20.0,2015
421930,126.0,65.0,2015
421935,17.0,15.0,2015
421940,21.0,21.0,2015
421950,151.0,120.0,2015
421960,23.0,16.0,2015
421970,60.0,37.0,2015
430003,42.0,33.0,2015
430010,62.0,50.0,2015
430020,49.0,39.0,2015
430030,38.0,34.0,2015
430040,168.0,121.0,2015
430045,23.0,23.0,2015
430050,27.0,22.0,2015
430060,113.0,83.0,2015
430063,11.0,11.0,2015
430064,28.0,25.0,2015
430070,38.0,23.0,2015
430080,50.0,34.0,2015
430090,36.0,31.0,2015
430100,88.0,79.0,2015
430110,13.0,12.0,2015
430120,76.0,61.0,2015
430130,48.0,36.0,2015
430140,51.0,31.0,2015
430150,50.0,43.0,2015
430160,297.0,206.0,2015
430165,24.0,21.0,2015
430180,19.0,12.0,2015
430210,298.0,132.0,2015
430220,40.0,27.0,2015
430230,52.0,50.0,2015
430235,43.0,27.0,2015
430240,50.0,33.0,2015
430245,39.0,29.0,2015
430260,35.0,25.0,2015
430265,17.0,5.0,2015
430270,29.0,29.0,2015
430280,79.0,60.0,2015
430290,74.0,58.0,2015
430300,212.0,114.0,2015
430310,63.0,63.0,2015
430320,32.0,22.0,2015
430330,40.0,30.0,2015
430340,50.0,30.0,2015
430350,149.0,122.0,2015
430360,32.0,29.0,2015
430370,55.0,46.0,2015
430380,41.0,39.0,2015
430390,102.0,85.0,2015
430400,35.0,30.0,2015
430410,15.0,10.0,2015
430420,105.0,74.0,2015
430430,39.0,32.0,2015
430440,62.0,53.0,2015
430450,104.0,86.0,2015
430460,818.0,637.0,2015
430463,68.0,64.0,2015
430470,143.0,85.0,2015
430480,99.0,60.0,2015
430490,30.0,23.0,2015
430500,10.0,10.0,2015
430510,1181.0,569.0,2015
430513,31.0,23.0,2015
430520,55.0,34.0,2015
430530,49.0,36.0,2015
430535,171.0,171.0,2015
430540,30.0,25.0,2015
430550,28.0,25.0,2015
430570,18.0,16.0,2015
430580,23.0,18.0,2015
430590,52.0,36.0,2015
430600,57.0,41.0,2015
430610,281.0,123.0,2015
430620,35.0,31.0,2015
430630,32.0,24.0,2015
430640,53.0,49.0,2015
430645,50.0,35.0,2015
430650,25.0,20.0,2015
430660,121.0,75.0,2015
430670,16.0,16.0,2015
430673,13.0,13.0,2015
430680,55.0,33.0,2015
430690,53.0,35.0,2015
430692,21.0,18.0,2015
430700,281.0,159.0,2015
430710,30.0,30.0,2015
430720,31.0,31.0,2015
430730,22.0,20.0,2015
430750,94.0,76.0,2015
430755,42.0,23.0,2015
430760,59.0,55.0,2015
430770,147.0,147.0,2015
430780,102.0,71.0,2015
430790,102.0,63.0,2015
430800,50.0,44.0,2015
430810,43.0,34.0,2015
430820,51.0,31.0,2015
430830,32.0,30.0,2015
430840,24.0,24.0,2015
430845,24.0,24.0,2015
430850,143.0,82.0,2015
430860,75.0,49.0,2015
430870,34.0,29.0,2015
430890,89.0,70.0,2015
430900,50.0,36.0,2015
430910,91.0,58.0,2015
430920,189.0,119.0,2015
430925,4.0,4.0,2015
430930,24.0,,2015
430940,77.0,50.0,2015
430950,45.0,36.0,2015
430960,111.0,82.0,2015
430970,34.0,23.0,2015
430980,30.0,20.0,2015
430990,23.0,17.0,2015
431000,41.0,25.0,2015
431010,65.0,54.0,2015
431020,306.0,138.0,2015
431030,51.0,30.0,2015
431050,64.0,49.0,2015
431060,79.0,77.0,2015
431070,13.0,13.0,2015
431075,24.0,21.0,2015
431080,50.0,41.0,2015
431085,50.0,46.0,2015
431090,19.0,13.0,2015
431100,62.0,48.0,2015
431110,51.0,32.0,2015
431112,5.0,5.0,2015
431115,3.0,3.0,2015
431120,67.0,49.0,2015
431125,14.0,14.0,2015
431130,71.0,47.0,2015
431140,151.0,106.0,2015
431150,28.0,22.0,2015
431160,12.0,12.0,2015
431170,36.0,27.0,2015
431180,109.0,71.0,2015
431190,56.0,29.0,2015
431200,14.0,12.0,2015
431205,51.0,37.0,2015
431210,39.0,28.0,2015
431220,39.0,37.0,2015
431240,244.0,159.0,2015
431245,19.0,19.0,2015
431250,30.0,30.0,2015
431260,31.0,25.0,2015
431265,100.0,73.0,2015
431270,94.0,71.0,2015
431275,15.0,11.0,2015
431290,20.0,12.0,2015
431300,37.0,25.0,2015
431310,52.0,36.0,2015
431320,39.0,30.0,2015
431330,71.0,50.0,2015
431340,460.0,279.0,2015
431350,74.0,52.0,2015
431360,43.0,38.0,2015
431365,39.0,30.0,2015
431370,107.0,85.0,2015
431380,59.0,44.0,2015
431390,78.0,56.0,2015
431400,39.0,29.0,2015
431402,32.0,30.0,2015
431405,99.0,99.0,2015
431410,1042.0,677.0,2015
431417,9.0,9.0,2015
431420,50.0,44.0,2015
431430,16.0,15.0,2015
431440,1182.0,827.0,2015
431447,30.0,18.0,2015
431450,59.0,59.0,2015
431460,133.0,112.0,2015
431470,50.0,44.0,2015
431480,51.0,51.0,2015
431490,7176.0,4532.0,2015
431500,50.0,40.0,2015
431510,58.0,35.0,2015
431515,49.0,44.0,2015
431520,30.0,25.0,2015
431530,62.0,51.0,2015
431535,19.0,14.0,2015
431540,39.0,33.0,2015
431550,50.0,40.0,2015
431560,700.0,592.0,2015
431570,93.0,93.0,2015
431575,33.0,30.0,2015
431580,38.0,26.0,2015
431590,59.0,48.0,2015
431600,52.0,50.0,2015
431610,92.0,67.0,2015
431620,32.0,23.0,2015
431630,34.0,34.0,2015
431640,96.0,69.0,2015
431643,16.0,16.0,2015
431645,32.0,23.0,2015
431650,32.0,25.0,2015
431660,73.0,52.0,2015
431670,50.0,40.0,2015
431680,312.0,187.0,2015
431690,1016.0,605.0,2015
431700,33.0,27.0,2015
431710,204.0,90.0,2015
431720,209.0,119.0,2015
431730,65.0,53.0,2015
431740,168.0,101.0,2015
431750,217.0,141.0,2015
431760,82.0,76.0,2015
431780,72.0,50.0,2015
431790,64.0,49.0,2015
431800,107.0,77.0,2015
431805,5.0,5.0,2015
431810,64.0,49.0,2015
431820,63.0,57.0,2015
431830,177.0,128.0,2015
431840,100.0,78.0,2015
431843,16.0,16.0,2015
431846,31.0,31.0,2015
431849,30.0,19.0,2015
431850,51.0,51.0,2015
431860,53.0,40.0,2015
431870,258.0,234.0,2015
431880,189.0,139.0,2015
431890,122.0,99.0,2015
431900,77.0,45.0,2015
431910,39.0,25.0,2015
431915,38.0,30.0,2015
431930,36.0,25.0,2015
431940,54.0,45.0,2015
431950,89.0,53.0,2015
431960,64.0,55.0,2015
431980,35.0,28.0,2015
431990,140.0,102.0,2015
432000,126.0,126.0,2015
432010,81.0,67.0,2015
432020,50.0,40.0,2015
432026,34.0,30.0,2015
432030,32.0,20.0,2015
432040,52.0,33.0,2015
432045,14.0,14.0,2015
432050,50.0,30.0,2015
432060,31.0,26.0,2015
432065,11.0,11.0,2015
432067,48.0,28.0,2015
432070,87.0,67.0,2015
432080,117.0,82.0,2015
432090,92.0,67.0,2015
432100,35.0,22.0,2015
432110,49.0,39.0,2015
432120,89.0,71.0,2015
432130,81.0,64.0,2015
432132,16.0,16.0,2015
432140,121.0,93.0,2015
432145,99.0,79.0,2015
432150,82.0,65.0,2015
432160,94.0,94.0,2015
432163,31.0,27.0,2015
432170,58.0,52.0,2015
432180,69.0,41.0,2015
432190,104.0,69.0,2015
432195,35.0,33.0,2015
432200,50.0,36.0,2015
432210,34.0,25.0,2015
432220,91.0,63.0,2015
432230,37.0,26.0,2015
432240,210.0,165.0,2015
432250,146.0,105.0,2015
432253,39.0,29.0,2015
432260,128.0,91.0,2015
432270,35.0,31.0,2015
432280,64.0,42.0,2015
432290,50.0,33.0,2015
432300,287.0,275.0,2015
432310,27.0,27.0,2015
432320,18.0,18.0,2015
432340,18.0,16.0,2015
432370,23.0,18.0,2015
500020,17.0,17.0,2015
500060,127.0,40.0,2015
500070,26.0,24.0,2015
500080,12.0,8.0,2015
500085,26.0,6.0,2015
500090,7.0,7.0,2015
500100,46.0,46.0,2015
500110,149.0,117.0,2015
500124,11.0,11.0,2015
500150,12.0,12.0,2015
500190,35.0,15.0,2015
500200,17.0,11.0,2015
500210,32.0,28.0,2015
500215,8.0,8.0,2015
500220,30.0,27.0,2015
500230,20.0,11.0,2015
500240,35.0,25.0,2015
500260,18.0,15.0,2015
500270,2352.0,1471.0,2015
500280,8.0,4.0,2015
500290,64.0,37.0,2015
500295,56.0,54.0,2015
500310,6.0,6.0,2015
500315,9.0,9.0,2015
500320,185.0,138.0,2015
500325,66.0,43.0,2015
500330,93.0,65.0,2015
500345,32.0,32.0,2015
500348,9.0,9.0,2015
500370,603.0,372.0,2015
500375,2.0,2.0,2015
500380,97.0,51.0,2015
500390,21.0,21.0,2015
500400,12.0,8.0,2015
500410,26.0,12.0,2015
500430,33.0,25.0,2015
500440,8.0,8.0,2015
500450,14.0,14.0,2015
500460,27.0,14.0,2015
500470,50.0,29.0,2015
500500,43.0,27.0,2015
500510,21.0,19.0,2015
500515,9.0,9.0,2015
500520,10.0,,2015
500525,6.0,6.0,2015
500540,50.0,44.0,2015
500560,24.0,24.0,2015
500568,36.0,36.0,2015
500570,95.0,84.0,2015
500580,6.0,6.0,2015
500600,18.0,18.0,2015
500620,113.0,78.0,2015
500625,14.0,5.0,2015
500630,191.0,112.0,2015
500635,10.0,10.0,2015
500640,8.0,8.0,2015
500660,154.0,104.0,2015
500690,16.0,16.0,2015
500710,16.0,16.0,2015
500720,43.0,38.0,2015
500730,20.0,6.0,2015
500740,29.0,29.0,2015
500750,8.0,8.0,2015
500755,8.0,8.0,2015
500769,58.0,34.0,2015
500770,64.0,18.0,2015
500790,39.0,27.0,2015
500793,22.0,10.0,2015
500795,8.0,8.0,2015
500797,4.0,4.0,2015
500830,223.0,115.0,2015
500840,5.0,5.0,2015
510020,98.0,50.0,2015
510025,102.0,66.0,2015
510030,106.0,87.0,2015
510060,30.0,24.0,2015
510080,28.0,28.0,2015
510100,12.0,12.0,2015
510125,19.0,16.0,2015
510130,34.0,33.0,2015
510140,33.0,33.0,2015
510160,11.0,11.0,2015
510170,78.0,78.0,2015
510180,109.0,73.0,2015
510190,31.0,31.0,2015
510250,231.0,186.0,2015
510260,21.0,21.0,2015
510263,31.0,30.0,2015
510267,45.0,36.0,2015
510268,16.0,16.0,2015
510270,53.0,31.0,2015
510300,34.0,34.0,2015
510305,23.0,14.0,2015
510310,16.0,16.0,2015
510320,112.0,83.0,2015
510325,40.0,28.0,2015
510330,42.0,31.0,2015
510335,46.0,46.0,2015
510337,32.0,30.0,2015
510340,1945.0,1250.0,2015
510345,24.0,24.0,2015
510350,51.0,51.0,2015
510360,20.0,15.0,2015
510385,17.0,17.0,2015
510390,15.0,15.0,2015
510410,50.0,36.0,2015
510420,22.0,18.0,2015
510455,16.0,16.0,2015
510460,35.0,35.0,2015
510480,61.0,30.0,2015
510500,37.0,32.0,2015
510510,98.0,33.0,2015
510515,147.0,81.0,2015
510517,19.0,19.0,2015
510520,17.0,13.0,2015
510525,77.0,49.0,2015
510550,28.0,24.0,2015
510558,21.0,21.0,2015
510560,39.0,25.0,2015
510562,84.0,39.0,2015
510590,41.0,34.0,2015
510600,35.0,30.0,2015
510610,14.0,14.0,2015
510615,15.0,15.0,2015
510620,13.0,13.0,2015
510622,41.0,27.0,2015
510623,50.0,27.0,2015
510625,25.0,25.0,2015
510627,16.0,16.0,2015
510628,26.0,26.0,2015
510629,30.0,30.0,2015
510630,35.0,35.0,2015
510637,28.0,28.0,2015
510642,58.0,58.0,2015
510650,64.0,58.0,2015
510670,21.0,21.0,2015
510675,76.0,56.0,2015
510677,18.0,18.0,2015
510680,20.0,20.0,2015
510700,94.0,80.0,2015
510704,120.0,54.0,2015
510706,31.0,26.0,2015
510710,54.0,48.0,2015
510718,28.0,28.0,2015
510719,15.0,15.0,2015
510720,20.0,20.0,2015
510730,37.0,25.0,2015
510760,446.0,359.0,2015
510770,63.0,55.0,2015
510775,14.0,14.0,2015
510777,22.0,22.0,2015
510780,20.0,20.0,2015
510785,44.0,44.0,2015
510787,49.0,40.0,2015
510790,296.0,158.0,2015
510792,157.0,112.0,2015
510794,15.0,15.0,2015
510795,150.0,88.0,2015
510800,21.0,21.0,2015
510805,37.0,37.0,2015
510810,14.0,14.0,2015
510820,23.0,22.0,2015
510840,318.0,279.0,2015
510850,30.0,,2015
510860,24.0,19.0,2015
510885,8.0,8.0,2015
510890,6.0,6.0,2015
510895,13.0,13.0,2015
520013,42.0,38.0,2015
520025,39.0,39.0,2015
520030,34.0,34.0,2015
520050,14.0,14.0,2015
520060,8.0,8.0,2015
520080,32.0,32.0,2015
520085,17.0,17.0,2015
520090,16.0,16.0,2015
520110,1075.0,777.0,2015
520130,27.0,27.0,2015
520140,763.0,587.0,2015
520150,19.0,19.0,2015
520160,17.0,17.0,2015
520170,53.0,53.0,2015
520180,16.0,16.0,2015
520215,10.0,10.0,2015
520235,13.0,13.0,2015
520250,15.0,15.0,2015
520280,12.0,12.0,2015
520320,22.0,22.0,2015
520330,40.0,30.0,2015
520340,23.0,23.0,2015
520350,19.0,19.0,2015
520380,23.0,23.0,2015
520390,32.0,25.0,2015
520393,14.0,14.0,2015
520400,16.0,16.0,2015
520410,26.0,26.0,2015
520425,20.0,20.0,2015
520430,36.0,28.0,2015
520440,35.0,23.0,2015
520450,130.0,85.0,2015
520465,19.0,19.0,2015
520470,16.0,16.0,2015
520480,18.0,18.0,2015
520490,48.0,34.0,2015
520495,42.0,42.0,2015
520500,17.0,17.0,2015
520505,15.0,15.0,2015
520510,307.0,202.0,2015
520520,18.0,18.0,2015
520530,15.0,15.0,2015
520540,309.0,122.0,2015
520545,15.0,15.0,2015
520547,25.0,25.0,2015
520549,57.0,24.0,2015
520551,43.0,22.0,2015
520552,15.0,15.0,2015
520570,16.0,16.0,2015
520580,24.0,13.0,2015
520590,26.0,26.0,2015
520620,61.0,44.0,2015
520630,8.0,8.0,2015
520640,100.0,71.0,2015
520650,11.0,11.0,2015
520660,14.0,14.0,2015
520670,13.0,13.0,2015
520680,14.0,14.0,2015
520710,16.0,16.0,2015
520725,24.0,24.0,2015
520735,5.0,5.0,2015
520740,40.0,35.0,2015
520750,22.0,22.0,2015
520753,15.0,15.0,2015
520760,20.0,20.0,2015
520780,37.0,26.0,2015
520790,7.0,7.0,2015
520800,133.0,88.0,2015
520810,25.0,25.0,2015
520830,24.0,24.0,2015
520840,18.0,18.0,2015
520850,33.0,26.0,2015
520860,285.0,217.0,2015
520870,6547.0,3203.0,2015
520880,44.0,28.0,2015
520890,111.0,68.0,2015
520910,129.0,59.0,2015
520960,19.0,19.0,2015
520970,21.0,21.0,2015
520980,28.0,28.0,2015
520990,16.0,16.0,2015
520993,16.0,16.0,2015
520995,51.0,20.0,2015
521000,208.0,96.0,2015
521010,76.0,60.0,2015
521020,119.0,52.0,2015
521030,9.0,9.0,2015
521040,71.0,64.0,2015
521060,19.0,19.0,2015
521080,18.0,18.0,2015
521090,66.0,61.0,2015
521100,23.0,23.0,2015
521120,133.0,81.0,2015
521130,17.0,17.0,2015
521140,18.0,18.0,2015
521150,245.0,119.0,2015
521160,10.0,10.0,2015
521170,13.0,13.0,2015
521180,97.0,82.0,2015
521190,199.0,130.0,2015
521200,10.0,10.0,2015
521210,16.0,16.0,2015
521220,68.0,30.0,2015
521230,29.0,29.0,2015
521250,166.0,85.0,2015
521260,18.0,18.0,2015
521270,16.0,16.0,2015
521280,32.0,18.0,2015
521290,29.0,29.0,2015
521295,14.0,14.0,2015
521300,12.0,12.0,2015
521308,81.0,28.0,2015
521310,249.0,106.0,2015
521350,16.0,16.0,2015
521370,30.0,30.0,2015
521375,13.0,13.0,2015
521380,110.0,78.0,2015
521385,19.0,19.0,2015
521390,20.0,20.0,2015
521400,20.0,20.0,2015
521405,18.0,18.0,2015
521410,19.0,19.0,2015
521440,16.0,16.0,2015
521450,104.0,69.0,2015
521460,105.0,89.0,2015
521470,4.0,4.0,2015
521483,45.0,45.0,2015
521500,18.0,18.0,2015
521520,11.0,11.0,2015
521530,29.0,20.0,2015
521550,31.0,31.0,2015
521560,33.0,28.0,2015
521565,19.0,19.0,2015
521570,33.0,6.0,2015
521580,14.0,14.0,2015
521590,16.0,16.0,2015
521630,30.0,30.0,2015
521640,20.0,20.0,2015
521680,23.0,17.0,2015
521710,70.0,60.0,2015
521720,28.0,28.0,2015
521730,83.0,77.0,2015
521740,41.0,41.0,2015
521760,72.0,70.0,2015
521770,50.0,22.0,2015
521800,115.0,58.0,2015
521810,17.0,17.0,2015
521830,54.0,52.0,2015
521850,136.0,51.0,2015
521860,24.0,24.0,2015
521878,8.0,8.0,2015
521880,454.0,264.0,2015
521890,108.0,104.0,2015
521900,17.0,17.0,2015
521910,15.0,15.0,2015
521920,12.0,12.0,2015
521925,15.0,15.0,2015
521930,156.0,136.0,2015
521950,16.0,16.0,2015
521960,17.0,17.0,2015
521970,38.0,38.0,2015
521973,19.0,19.0,2015
521975,178.0,27.0,2015
521980,22.0,22.0,2015
522000,26.0,26.0,2015
522010,99.0,50.0,2015
522015,10.0,10.0,2015
522020,95.0,80.0,2015
522026,10.0,10.0,2015
522040,50.0,50.0,2015
522045,87.0,79.0,2015
522050,21.0,21.0,2015
522060,40.0,40.0,2015
522068,16.0,16.0,2015
522100,41.0,20.0,2015
522140,519.0,421.0,2015
522145,15.0,15.0,2015
522150,17.0,17.0,2015
522155,14.0,14.0,2015
522160,95.0,57.0,2015
522170,27.0,20.0,2015
522185,67.0,30.0,2015
522200,37.0,29.0,2015
522205,16.0,16.0,2015
522220,13.0,13.0,2015
530010,6258.0,4055.0,2015
110001,51.0,45.0,2016
110002,222.0,128.0,2016
110003,8.0,8.0,2016
110004,369.0,272.0,2016
110005,40.0,40.0,2016
110006,56.0,55.0,2016
110007,16.0,16.0,2016
110008,45.0,45.0,2016
110009,54.0,36.0,2016
110010,97.0,88.0,2016
110011,105.0,89.0,2016
110012,263.0,148.0,2016
110013,44.0,44.0,2016
110014,44.0,44.0,2016
110015,87.0,45.0,2016
110018,58.0,46.0,2016
110020,1666.0,1187.0,2016
110025,46.0,46.0,2016
110026,12.0,12.0,2016
110028,94.0,78.0,2016
110029,25.0,25.0,2016
110030,212.0,188.0,2016
110032,44.0,44.0,2016
110033,42.0,42.0,2016
110034,35.0,35.0,2016
110037,16.0,16.0,2016
110040,15.0,15.0,2016
110045,54.0,32.0,2016
110050,18.0,18.0,2016
110060,26.0,26.0,2016
110070,19.0,19.0,2016
110080,15.0,15.0,2016
110090,7.0,7.0,2016
110092,10.0,10.0,2016
110094,11.0,11.0,2016
110100,21.0,21.0,2016
110110,20.0,20.0,2016
110120,16.0,16.0,2016
110130,33.0,25.0,2016
110140,40.0,40.0,2016
110143,15.0,15.0,2016
110145,8.0,8.0,2016
110146,9.0,9.0,2016
110148,1.0,1.0,2016
110149,29.0,29.0,2016
110150,36.0,36.0,2016
110155,9.0,9.0,2016
110160,13.0,13.0,2016
110170,25.0,25.0,2016
110175,12.0,12.0,2016
110180,16.0,16.0,2016
120001,16.0,16.0,2016
120005,12.0,12.0,2016
120010,42.0,42.0,2016
120020,209.0,161.0,2016
120030,29.0,29.0,2016
120032,10.0,10.0,2016
120033,25.0,25.0,2016
120034,23.0,23.0,2016
120035,13.0,13.0,2016
120038,52.0,52.0,2016
120039,14.0,14.0,2016
120040,835.0,662.0,2016
120042,16.0,16.0,2016
120043,15.0,15.0,2016
120045,30.0,30.0,2016
120050,50.0,50.0,2016
120060,42.0,42.0,2016
120070,30.0,30.0,2016
130002,22.0,22.0,2016
130006,19.0,19.0,2016
130008,20.0,20.0,2016
130010,23.0,23.0,2016
130014,42.0,42.0,2016
130020,30.0,30.0,2016
130030,31.0,31.0,2016
130040,26.0,26.0,2016
130050,32.0,32.0,2016
130060,34.0,34.0,2016
130063,13.0,13.0,2016
130068,20.0,20.0,2016
130070,61.0,61.0,2016
130080,38.0,38.0,2016
130083,17.0,17.0,2016
130090,16.0,16.0,2016
130100,50.0,50.0,2016
130110,20.0,20.0,2016
130120,105.0,101.0,2016
130130,47.0,47.0,2016
130140,80.0,80.0,2016
130150,21.0,21.0,2016
130160,58.0,58.0,2016
130165,19.0,19.0,2016
130170,41.0,41.0,2016
130180,26.0,26.0,2016
130185,32.0,32.0,2016
130190,108.0,108.0,2016
130195,15.0,15.0,2016
130200,18.0,18.0,2016
130210,20.0,20.0,2016
130220,20.0,20.0,2016
130230,18.0,18.0,2016
130240,50.0,50.0,2016
130250,64.0,64.0,2016
130255,20.0,20.0,2016
130260,3415.0,2640.0,2016
130270,60.0,60.0,2016
130280,20.0,20.0,2016
130290,90.0,90.0,2016
130300,30.0,30.0,2016
130310,30.0,30.0,2016
130320,20.0,20.0,2016
130330,31.0,31.0,2016
130340,141.0,141.0,2016
130350,26.0,26.0,2016
130353,29.0,29.0,2016
130356,29.0,29.0,2016
130360,20.0,20.0,2016
130370,52.0,24.0,2016
130380,103.0,97.0,2016
130390,20.0,20.0,2016
130395,20.0,20.0,2016
130400,20.0,20.0,2016
130406,54.0,54.0,2016
130410,35.0,35.0,2016
130420,109.0,97.0,2016
130423,33.0,33.0,2016
130426,20.0,20.0,2016
130430,40.0,40.0,2016
130440,32.0,32.0,2016
140005,29.0,22.0,2016
140010,705.0,652.0,2016
140015,14.0,8.0,2016
140020,28.0,28.0,2016
140023,16.0,16.0,2016
140028,7.0,7.0,2016
140030,22.0,14.0,2016
140040,20.0,19.0,2016
140045,14.0,12.0,2016
140047,37.0,37.0,2016
140050,15.0,15.0,2016
140060,13.0,12.0,2016
150010,263.0,195.0,2016
150013,17.0,17.0,2016
150020,33.0,33.0,2016
150030,30.0,30.0,2016
150034,40.0,40.0,2016
150040,127.0,100.0,2016
150050,94.0,87.0,2016
150060,322.0,226.0,2016
150070,20.0,20.0,2016
150080,990.0,719.0,2016
150085,33.0,33.0,2016
150090,77.0,57.0,2016
150095,64.0,64.0,2016
150110,15.0,15.0,2016
150120,30.0,30.0,2016
150125,10.0,10.0,2016
150130,89.0,71.0,2016
150140,4979.0,2523.0,2016
150145,20.0,20.0,2016
150150,78.0,78.0,2016
150157,31.0,31.0,2016
150170,370.0,278.0,2016
150172,45.0,45.0,2016
150175,24.0,24.0,2016
150178,44.0,44.0,2016
150180,157.0,157.0,2016
150190,43.0,28.0,2016
150200,20.0,20.0,2016
150210,183.0,156.0,2016
150215,71.0,44.0,2016
150220,140.0,112.0,2016
150230,190.0,147.0,2016
150240,357.0,272.0,2016
150250,9.0,9.0,2016
150260,8.0,8.0,2016
150270,198.0,182.0,2016
150275,25.0,25.0,2016
150276,11.0,11.0,2016
150277,50.0,50.0,2016
150280,26.0,26.0,2016
150290,27.0,27.0,2016
150293,81.0,75.0,2016
150295,41.0,41.0,2016
150300,10.0,10.0,2016
150304,20.0,20.0,2016
150307,5.0,5.0,2016
150309,24.0,24.0,2016
150310,23.0,23.0,2016
150320,45.0,45.0,2016
150330,139.0,139.0,2016
150340,19.0,19.0,2016
150345,55.0,55.0,2016
150350,42.0,42.0,2016
150360,431.0,145.0,2016
150370,61.0,53.0,2016
150375,24.0,24.0,2016
150380,128.0,89.0,2016
150390,57.0,34.0,2016
150400,20.0,20.0,2016
150405,52.0,52.0,2016
150420,267.0,196.0,2016
150430,27.0,27.0,2016
150440,18.0,18.0,2016
150442,160.0,116.0,2016
150445,41.0,41.0,2016
150450,15.0,15.0,2016
150460,27.0,27.0,2016
150470,50.0,50.0,2016
150480,81.0,54.0,2016
150490,26.0,26.0,2016
150495,32.0,32.0,2016
150503,42.0,34.0,2016
150506,54.0,54.0,2016
150510,80.0,78.0,2016
150520,15.0,15.0,2016
150530,79.0,64.0,2016
150540,24.0,24.0,2016
150543,67.0,65.0,2016
150548,34.0,29.0,2016
150549,20.0,20.0,2016
150550,201.0,109.0,2016
150553,390.0,170.0,2016
150555,22.0,22.0,2016
150563,20.0,20.0,2016
150565,29.0,29.0,2016
150570,20.0,20.0,2016
150580,29.0,29.0,2016
150590,49.0,49.0,2016
150600,20.0,20.0,2016
150613,272.0,178.0,2016
150616,54.0,29.0,2016
150618,148.0,135.0,2016
150619,27.0,27.0,2016
150620,40.0,40.0,2016
150630,19.0,19.0,2016
150640,15.0,15.0,2016
150658,23.0,23.0,2016
150660,37.0,37.0,2016
150670,61.0,61.0,2016
150680,507.0,432.0,2016
150700,100.0,83.0,2016
150710,20.0,20.0,2016
150715,48.0,21.0,2016
150720,31.0,31.0,2016
150730,104.0,91.0,2016
150745,41.0,41.0,2016
150747,24.0,24.0,2016
150750,19.0,19.0,2016
150760,63.0,63.0,2016
150770,32.0,32.0,2016
150775,11.0,11.0,2016
150780,15.0,15.0,2016
150790,48.0,48.0,2016
150795,40.0,40.0,2016
150797,21.0,21.0,2016
150800,171.0,150.0,2016
150803,15.0,15.0,2016
150805,21.0,21.0,2016
150808,157.0,113.0,2016
150810,304.0,222.0,2016
150812,89.0,88.0,2016
150815,61.0,58.0,2016
150820,35.0,35.0,2016
150830,65.0,65.0,2016
150835,31.0,31.0,2016
150840,154.0,62.0,2016
160005,30.0,30.0,2016
160010,37.0,37.0,2016
160015,15.0,15.0,2016
160020,20.0,20.0,2016
160023,12.0,12.0,2016
160027,47.0,47.0,2016
160030,733.0,638.0,2016
160040,14.0,14.0,2016
160050,41.0,41.0,2016
160053,34.0,34.0,2016
160060,115.0,95.0,2016
160070,10.0,10.0,2016
160080,8.0,8.0,2016
170070,22.0,22.0,2016
170100,14.0,14.0,2016
170190,17.0,17.0,2016
170200,29.0,29.0,2016
170210,553.0,429.0,2016
170220,25.0,25.0,2016
170230,27.0,27.0,2016
170240,45.0,45.0,2016
170255,93.0,93.0,2016
170370,5.0,5.0,2016
170550,81.0,69.0,2016
170610,7.0,7.0,2016
170700,39.0,39.0,2016
170710,14.0,14.0,2016
170720,18.0,18.0,2016
170730,5.0,5.0,2016
170765,5.0,5.0,2016
170820,40.0,40.0,2016
170900,10.0,10.0,2016
170930,57.0,57.0,2016
170950,215.0,101.0,2016
171050,27.0,27.0,2016
171190,30.0,30.0,2016
171320,68.0,68.0,2016
171330,26.0,26.0,2016
171360,5.0,5.0,2016
171420,9.0,9.0,2016
171430,31.0,31.0,2016
171575,5.0,5.0,2016
171610,104.0,94.0,2016
171620,24.0,24.0,2016
171650,31.0,31.0,2016
171660,26.0,26.0,2016
171670,21.0,21.0,2016
171700,6.0,6.0,2016
171750,5.0,5.0,2016
171790,7.0,7.0,2016
171820,150.0,150.0,2016
172065,25.0,25.0,2016
172090,47.0,47.0,2016
172100,527.0,433.0,2016
172120,40.0,40.0,2016
172210,28.0,28.0,2016
210005,334.0,121.0,2016
210010,15.0,15.0,2016
210015,15.0,15.0,2016
210020,24.0,24.0,2016
210030,25.0,25.0,2016
210043,48.0,48.0,2016
210047,69.0,69.0,2016
210050,54.0,22.0,2016
210060,71.0,67.0,2016
210070,25.0,25.0,2016
210080,16.0,16.0,2016
210083,15.0,15.0,2016
210087,17.0,17.0,2016
210090,33.0,33.0,2016
210095,58.0,58.0,2016
210100,59.0,50.0,2016
210110,20.0,20.0,2016
210120,223.0,202.0,2016
210130,39.0,39.0,2016
210140,116.0,85.0,2016
210150,31.0,31.0,2016
210160,157.0,131.0,2016
210170,52.0,47.0,2016
210177,15.0,15.0,2016
210180,15.0,15.0,2016
210190,18.0,18.0,2016
210193,15.0,15.0,2016
210197,15.0,15.0,2016
210200,36.0,36.0,2016
210203,25.0,25.0,2016
210210,69.0,69.0,2016
210220,35.0,35.0,2016
210230,44.0,44.0,2016
210232,84.0,84.0,2016
210240,19.0,19.0,2016
210250,20.0,20.0,2016
210255,17.0,17.0,2016
210260,10.0,10.0,2016
210270,34.0,34.0,2016
210275,12.0,12.0,2016
210280,53.0,53.0,2016
210290,38.0,38.0,2016
210300,322.0,315.0,2016
210310,15.0,15.0,2016
210312,19.0,19.0,2016
210320,122.0,90.0,2016
210325,21.0,21.0,2016
210330,125.0,125.0,2016
210340,120.0,100.0,2016
210350,163.0,163.0,2016
210355,15.0,15.0,2016
210360,51.0,51.0,2016
210370,99.0,93.0,2016
210375,14.0,14.0,2016
210380,29.0,29.0,2016
210390,26.0,26.0,2016
210400,44.0,44.0,2016
210405,61.0,57.0,2016
210407,20.0,20.0,2016
210408,18.0,18.0,2016
210409,13.0,13.0,2016
210410,31.0,31.0,2016
210420,17.0,17.0,2016
210440,29.0,29.0,2016
210450,24.0,24.0,2016
210455,13.0,13.0,2016
210460,30.0,30.0,2016
210462,22.0,22.0,2016
210465,33.0,33.0,2016
210467,204.0,200.0,2016
210470,18.0,18.0,2016
210480,130.0,130.0,2016
210490,36.0,32.0,2016
210500,30.0,30.0,2016
210510,34.0,34.0,2016
210515,37.0,37.0,2016
210520,37.0,37.0,2016
210530,883.0,626.0,2016
210535,33.0,33.0,2016
210540,69.0,69.0,2016
210542,76.0,76.0,2016
210545,16.0,16.0,2016
210550,62.0,62.0,2016
210560,22.0,22.0,2016
210565,16.0,16.0,2016
210570,144.0,98.0,2016
210580,20.0,20.0,2016
210590,45.0,45.0,2016
210592,42.0,42.0,2016
210594,20.0,20.0,2016
210596,32.0,32.0,2016
210600,38.0,38.0,2016
210610,20.0,20.0,2016
210620,2.0,2.0,2016
210630,20.0,20.0,2016
210632,15.0,15.0,2016
210637,18.0,18.0,2016
210640,23.0,23.0,2016
210650,17.0,17.0,2016
210660,50.0,50.0,2016
210663,25.0,25.0,2016
210667,9.0,9.0,2016
210670,20.0,20.0,2016
210675,52.0,44.0,2016
210680,22.0,22.0,2016
210690,83.0,83.0,2016
210700,30.0,30.0,2016
210710,20.0,20.0,2016
210720,20.0,20.0,2016
210725,14.0,14.0,2016
210730,15.0,15.0,2016
210735,37.0,37.0,2016
210740,20.0,20.0,2016
210745,50.0,50.0,2016
210750,17.0,17.0,2016
210760,36.0,36.0,2016
210770,48.0,48.0,2016
210780,68.0,68.0,2016
210790,116.0,116.0,2016
210800,27.0,27.0,2016
210805,20.0,20.0,2016
210810,39.0,35.0,2016
210820,126.0,100.0,2016
210825,34.0,34.0,2016
210830,71.0,71.0,2016
210840,27.0,27.0,2016
210845,52.0,48.0,2016
210850,40.0,40.0,2016
210860,221.0,215.0,2016
210870,35.0,35.0,2016
210880,18.0,18.0,2016
210890,39.0,39.0,2016
210900,73.0,73.0,2016
210910,224.0,220.0,2016
210920,15.0,15.0,2016
210927,15.0,15.0,2016
210930,14.0,14.0,2016
210940,14.0,14.0,2016
210945,48.0,32.0,2016
210950,50.0,50.0,2016
210960,123.0,113.0,2016
210970,9.0,9.0,2016
210975,17.0,17.0,2016
210980,46.0,46.0,2016
210990,295.0,275.0,2016
211000,86.0,86.0,2016
211003,58.0,58.0,2016
211010,42.0,42.0,2016
211020,42.0,35.0,2016
211023,16.0,16.0,2016
211027,15.0,15.0,2016
211030,30.0,30.0,2016
211040,24.0,24.0,2016
211050,49.0,49.0,2016
211060,45.0,41.0,2016
211065,21.0,21.0,2016
211070,41.0,37.0,2016
211080,18.0,18.0,2016
211085,24.0,24.0,2016
211090,18.0,18.0,2016
211100,50.0,50.0,2016
211102,35.0,35.0,2016
211105,16.0,16.0,2016
211107,19.0,19.0,2016
211110,54.0,52.0,2016
211120,124.0,72.0,2016
211125,13.0,13.0,2016
211130,3863.0,3158.0,2016
211140,29.0,29.0,2016
211150,49.0,49.0,2016
211153,26.0,26.0,2016
211157,18.0,18.0,2016
211160,23.0,19.0,2016
211163,16.0,16.0,2016
211170,56.0,56.0,2016
211172,36.0,36.0,2016
211174,20.0,20.0,2016
211178,20.0,20.0,2016
211180,19.0,19.0,2016
211190,15.0,15.0,2016
211195,16.0,16.0,2016
211200,16.0,16.0,2016
211210,84.0,84.0,2016
211220,120.0,115.0,2016
211223,29.0,29.0,2016
211227,17.0,17.0,2016
211230,50.0,50.0,2016
211240,52.0,52.0,2016
211250,52.0,52.0,2016
211260,37.0,37.0,2016
211270,37.0,37.0,2016
211280,73.0,73.0,2016
211285,21.0,21.0,2016
211290,50.0,46.0,2016
211300,48.0,44.0,2016
211400,77.0,77.0,2016
220010,15.0,15.0,2016
220020,27.0,27.0,2016
220025,12.0,12.0,2016
220030,22.0,22.0,2016
220040,37.0,37.0,2016
220050,45.0,45.0,2016
220060,11.0,11.0,2016
220070,10.0,10.0,2016
220090,6.0,6.0,2016
220100,4.0,4.0,2016
220110,18.0,18.0,2016
220115,6.0,6.0,2016
220120,74.0,70.0,2016
220140,25.0,25.0,2016
220150,33.0,33.0,2016
220160,15.0,15.0,2016
220170,4.0,4.0,2016
220180,21.0,21.0,2016
220190,53.0,53.0,2016
220191,6.0,6.0,2016
220196,10.0,10.0,2016
220200,27.0,27.0,2016
220202,16.0,16.0,2016
220220,253.0,253.0,2016
220225,4.0,4.0,2016
220230,23.0,23.0,2016
220240,9.0,9.0,2016
220250,11.0,11.0,2016
220260,46.0,46.0,2016
220270,23.0,23.0,2016
220277,7.0,7.0,2016
220280,45.0,45.0,2016
220290,45.0,45.0,2016
220300,25.0,25.0,2016
220310,26.0,26.0,2016
220320,35.0,35.0,2016
220330,21.0,21.0,2016
220335,7.0,7.0,2016
220350,34.0,34.0,2016
220360,8.0,8.0,2016
220370,60.0,40.0,2016
220375,16.0,16.0,2016
220380,2.0,2.0,2016
220390,168.0,151.0,2016
220400,14.0,14.0,2016
220410,4.0,4.0,2016
220420,14.0,14.0,2016
220430,25.0,25.0,2016
220440,12.0,12.0,2016
220450,32.0,32.0,2016
220470,11.0,11.0,2016
220480,15.0,15.0,2016
220490,20.0,20.0,2016
220500,21.0,21.0,2016
220510,26.0,26.0,2016
220520,35.0,31.0,2016
220530,7.0,7.0,2016
220540,17.0,17.0,2016
220550,23.0,23.0,2016
220553,13.0,13.0,2016
220555,10.0,10.0,2016
220560,8.0,8.0,2016
220570,45.0,45.0,2016
220580,61.0,61.0,2016
220585,7.0,7.0,2016
220590,11.0,11.0,2016
220595,38.0,38.0,2016
220610,15.0,15.0,2016
220620,22.0,20.0,2016
220640,13.0,13.0,2016
220650,20.0,20.0,2016
220660,25.0,25.0,2016
220670,6.0,6.0,2016
220680,13.0,13.0,2016
220690,12.0,12.0,2016
220700,135.0,90.0,2016
220720,81.0,81.0,2016
220730,8.0,8.0,2016
220740,12.0,12.0,2016
220750,17.0,17.0,2016
220760,25.0,25.0,2016
220770,555.0,472.0,2016
220780,66.0,59.0,2016
220790,70.0,49.0,2016
220800,422.0,370.0,2016
220810,16.0,16.0,2016
220820,35.0,35.0,2016
220830,65.0,65.0,2016
220840,74.0,74.0,2016
220850,17.0,17.0,2016
220855,3.0,3.0,2016
220860,16.0,16.0,2016
220870,19.0,19.0,2016
220880,29.0,29.0,2016
220890,17.0,17.0,2016
220900,2.0,2.0,2016
220910,31.0,30.0,2016
220920,10.0,10.0,2016
220937,16.0,8.0,2016
220950,7.0,7.0,2016
220960,20.0,20.0,2016
220970,7.0,7.0,2016
220987,14.0,14.0,2016
220990,12.0,12.0,2016
220995,1.0,1.0,2016
221000,64.0,64.0,2016
221010,6.0,6.0,2016
221020,8.0,8.0,2016
221030,29.0,29.0,2016
221040,44.0,39.0,2016
221050,41.0,41.0,2016
221060,276.0,273.0,2016
221065,16.0,,2016
221070,52.0,52.0,2016
221080,32.0,32.0,2016
221090,12.0,12.0,2016
221100,3024.0,2440.0,2016
221110,50.0,50.0,2016
221120,37.0,37.0,2016
221130,46.0,46.0,2016
221140,14.0,14.0,2016
221170,19.0,19.0,2016
230020,73.0,70.0,2016
230030,150.0,146.0,2016
230040,27.0,27.0,2016
230060,19.0,19.0,2016
230070,33.0,33.0,2016
230075,36.0,36.0,2016
230080,16.0,16.0,2016
230090,12.0,12.0,2016
230100,93.0,40.0,2016
230110,109.0,96.0,2016
230120,50.0,50.0,2016
230125,18.0,18.0,2016
230130,42.0,42.0,2016
230140,12.0,12.0,2016
230150,16.0,16.0,2016
230160,46.0,46.0,2016
230170,89.0,89.0,2016
230180,19.0,19.0,2016
230185,17.0,17.0,2016
230190,368.0,343.0,2016
230195,25.0,25.0,2016
230200,30.0,30.0,2016
230205,9.0,9.0,2016
230210,66.0,52.0,2016
230220,25.0,25.0,2016
230230,30.0,30.0,2016
230240,66.0,66.0,2016
230250,224.0,202.0,2016
230260,100.0,99.0,2016
230270,87.0,87.0,2016
230280,122.0,101.0,2016
230290,14.0,14.0,2016
230300,21.0,21.0,2016
230310,18.0,18.0,2016
230320,33.0,33.0,2016
230330,26.0,26.0,2016
230340,16.0,16.0,2016
230350,68.0,65.0,2016
230360,18.0,18.0,2016
230365,23.0,23.0,2016
230370,145.0,145.0,2016
230380,62.0,52.0,2016
230390,33.0,33.0,2016
230393,17.0,17.0,2016
230395,11.0,11.0,2016
230400,14.0,14.0,2016
230410,138.0,110.0,2016
230420,382.0,188.0,2016
230423,30.0,30.0,2016
230425,56.0,56.0,2016
230426,12.0,12.0,2016
230427,9.0,9.0,2016
230428,149.0,56.0,2016
230430,42.0,42.0,2016
230435,8.0,8.0,2016
230440,7463.0,5385.0,2016
230445,12.0,12.0,2016
230450,31.0,31.0,2016
230460,13.0,13.0,2016
230470,37.0,37.0,2016
230480,25.0,25.0,2016
230490,19.0,19.0,2016
230495,13.0,13.0,2016
230500,45.0,45.0,2016
230510,5.0,5.0,2016
230520,21.0,21.0,2016
230523,46.0,46.0,2016
230526,21.0,21.0,2016
230530,37.0,37.0,2016
230533,8.0,8.0,2016
230535,16.0,16.0,2016
230540,56.0,54.0,2016
230550,223.0,181.0,2016
230560,19.0,19.0,2016
230565,18.0,18.0,2016
230570,26.0,26.0,2016
230580,172.0,45.0,2016
230590,40.0,40.0,2016
230600,30.0,30.0,2016
230610,18.0,18.0,2016
230620,17.0,17.0,2016
230625,26.0,26.0,2016
230630,34.0,34.0,2016
230640,152.0,138.0,2016
230650,28.0,28.0,2016
230655,30.0,30.0,2016
230670,20.0,20.0,2016
230680,40.0,40.0,2016
230690,31.0,31.0,2016
230700,24.0,24.0,2016
230710,64.0,64.0,2016
230720,33.0,33.0,2016
230725,17.0,,2016
230730,481.0,370.0,2016
230740,25.0,25.0,2016
230750,47.0,43.0,2016
230760,120.0,102.0,2016
230763,24.0,24.0,2016
230765,327.0,279.0,2016
230770,119.0,51.0,2016
230780,32.0,32.0,2016
230790,9.0,9.0,2016
230800,30.0,30.0,2016
230810,70.0,70.0,2016
230820,20.0,20.0,2016
230830,77.0,33.0,2016
230835,28.0,28.0,2016
230840,72.0,72.0,2016
230850,32.0,32.0,2016
230860,25.0,25.0,2016
230870,149.0,119.0,2016
230880,12.0,12.0,2016
230890,20.0,20.0,2016
230900,40.0,40.0,2016
230910,9.0,9.0,2016
230920,20.0,20.0,2016
230930,43.0,43.0,2016
230940,20.0,20.0,2016
230945,19.0,19.0,2016
230950,37.0,37.0,2016
230960,82.0,53.0,2016
230970,24.0,24.0,2016
230980,20.0,20.0,2016
231000,9.0,9.0,2016
231010,16.0,16.0,2016
231020,43.0,41.0,2016
231025,25.0,25.0,2016
231030,38.0,38.0,2016
231040,28.0,28.0,2016
231050,54.0,54.0,2016
231060,12.0,12.0,2016
231070,51.0,51.0,2016
231080,19.0,19.0,2016
231085,14.0,14.0,2016
231090,18.0,18.0,2016
231100,21.0,21.0,2016
231110,22.0,22.0,2016
231120,18.0,18.0,2016
231123,13.0,13.0,2016
231126,17.0,17.0,2016
231130,104.0,97.0,2016
231135,24.0,24.0,2016
231140,286.0,286.0,2016
231150,28.0,28.0,2016
231160,59.0,56.0,2016
231170,28.0,28.0,2016
231180,251.0,198.0,2016
231190,37.0,37.0,2016
231195,14.0,14.0,2016
231200,40.0,40.0,2016
231210,21.0,21.0,2016
231220,46.0,46.0,2016
231230,94.0,80.0,2016
231240,42.0,42.0,2016
231250,30.0,30.0,2016
231260,20.0,20.0,2016
231270,52.0,48.0,2016
231280,7.0,7.0,2016
231290,822.0,744.0,2016
231300,26.0,26.0,2016
231310,68.0,52.0,2016
231320,39.0,39.0,2016
231325,16.0,16.0,2016
231330,74.0,74.0,2016
231335,16.0,16.0,2016
231340,90.0,90.0,2016
231350,30.0,20.0,2016
231355,13.0,13.0,2016
231360,22.0,22.0,2016
231370,20.0,20.0,2016
231375,13.0,13.0,2016
231380,25.0,25.0,2016
231390,12.0,12.0,2016
231395,20.0,20.0,2016
231400,61.0,53.0,2016
231410,69.0,69.0,2016
240010,72.0,66.0,2016
240020,65.0,31.0,2016
240030,27.0,27.0,2016
240050,109.0,109.0,2016
240060,50.0,50.0,2016
240070,21.0,21.0,2016
240080,28.0,28.0,2016
240090,32.0,32.0,2016
240100,73.0,69.0,2016
240110,34.0,34.0,2016
240120,26.0,24.0,2016
240140,9.0,9.0,2016
240145,21.0,21.0,2016
240150,12.0,12.0,2016
240160,15.0,15.0,2016
240170,15.0,15.0,2016
240180,14.0,14.0,2016
240190,8.0,8.0,2016
240200,184.0,146.0,2016
240210,8.0,8.0,2016
240220,40.0,40.0,2016
240230,30.0,26.0,2016
240240,33.0,33.0,2016
240250,21.0,21.0,2016
240260,47.0,47.0,2016
240270,24.0,24.0,2016
240280,12.0,12.0,2016
240290,9.0,9.0,2016
240300,12.0,12.0,2016
240310,86.0,86.0,2016
240320,12.0,12.0,2016
240325,143.0,143.0,2016
240330,25.0,25.0,2016
240340,20.0,20.0,2016
240360,28.0,28.0,2016
240370,15.0,15.0,2016
240390,6.0,6.0,2016
240400,28.0,28.0,2016
240420,14.0,14.0,2016
240430,12.0,12.0,2016
240440,13.0,13.0,2016
240450,27.0,27.0,2016
240490,15.0,15.0,2016
240500,17.0,17.0,2016
240510,16.0,16.0,2016
240520,20.0,20.0,2016
240530,18.0,18.0,2016
240540,1.0,1.0,2016
240550,3.0,3.0,2016
240560,25.0,25.0,2016
240570,33.0,33.0,2016
240580,34.0,34.0,2016
240600,21.0,21.0,2016
240610,48.0,48.0,2016
240620,10.0,10.0,2016
240640,8.0,8.0,2016
240650,29.0,29.0,2016
240670,31.0,31.0,2016
240680,8.0,8.0,2016
240690,12.0,12.0,2016
240700,30.0,30.0,2016
240710,39.0,35.0,2016
240720,75.0,75.0,2016
240725,12.0,12.0,2016
240730,19.0,19.0,2016
240740,30.0,30.0,2016
240760,16.0,16.0,2016
240770,11.0,11.0,2016
240780,21.0,21.0,2016
240790,13.0,13.0,2016
240800,622.0,520.0,2016
240810,2960.0,1950.0,2016
240820,24.0,,2016
240830,38.0,38.0,2016
240840,14.0,14.0,2016
240850,16.0,16.0,2016
240860,8.0,8.0,2016
240880,6.0,6.0,2016
240890,55.0,50.0,2016
240895,2.0,2.0,2016
240910,30.0,30.0,2016
240930,40.0,40.0,2016
240940,107.0,98.0,2016
240950,14.0,14.0,2016
240960,4.0,4.0,2016
240980,11.0,11.0,2016
240990,13.0,13.0,2016
241000,10.0,10.0,2016
241010,30.0,30.0,2016
241020,31.0,31.0,2016
241030,22.0,22.0,2016
241040,1.0,1.0,2016
241050,8.0,8.0,2016
241060,15.0,15.0,2016
241070,17.0,17.0,2016
241100,18.0,18.0,2016
241110,13.0,13.0,2016
241120,136.0,136.0,2016
241140,25.0,25.0,2016
241142,13.0,13.0,2016
241150,40.0,40.0,2016
241170,10.0,10.0,2016
241200,64.0,64.0,2016
241210,8.0,8.0,2016
241220,126.0,80.0,2016
241230,16.0,16.0,2016
241240,29.0,29.0,2016
241250,91.0,91.0,2016
241255,7.0,7.0,2016
241260,40.0,36.0,2016
241270,4.0,4.0,2016
241280,19.0,19.0,2016
241290,32.0,32.0,2016
241300,14.0,14.0,2016
241310,7.0,7.0,2016
241330,12.0,12.0,2016
241335,17.0,17.0,2016
241340,22.0,22.0,2016
241355,13.0,13.0,2016
241360,15.0,15.0,2016
241370,12.0,12.0,2016
241380,14.0,14.0,2016
241390,6.0,6.0,2016
241400,17.0,17.0,2016
241410,27.0,27.0,2016
241415,3.0,3.0,2016
241420,15.0,15.0,2016
241440,30.0,30.0,2016
241445,12.0,12.0,2016
241450,16.0,16.0,2016
241460,13.0,13.0,2016
241475,8.0,8.0,2016
241480,12.0,12.0,2016
241490,15.0,15.0,2016
241500,21.0,21.0,2016
250010,20.0,20.0,2016
250020,12.0,12.0,2016
250030,46.0,46.0,2016
250040,28.0,28.0,2016
250060,15.0,15.0,2016
250070,28.0,28.0,2016
250080,4.0,4.0,2016
250090,13.0,13.0,2016
250100,76.0,76.0,2016
250110,36.0,36.0,2016
250130,40.0,40.0,2016
250150,37.0,37.0,2016
250180,62.0,62.0,2016
250190,8.0,8.0,2016
250200,31.0,28.0,2016
250210,3.0,,2016
250230,16.0,16.0,2016
250240,19.0,19.0,2016
250250,33.0,33.0,2016
250260,19.0,19.0,2016
250280,25.0,25.0,2016
250290,18.0,18.0,2016
250300,38.0,34.0,2016
250320,63.0,35.0,2016
250340,5.0,5.0,2016
250350,22.0,22.0,2016
250370,210.0,148.0,2016
250400,1803.0,1458.0,2016
250420,9.0,9.0,2016
250430,64.0,64.0,2016
250440,58.0,58.0,2016
250460,40.0,,2016
250480,34.0,34.0,2016
250500,16.0,16.0,2016
250510,62.0,62.0,2016
250540,23.0,23.0,2016
250570,16.0,16.0,2016
250600,30.0,28.0,2016
250610,16.0,16.0,2016
250620,18.0,18.0,2016
250630,195.0,105.0,2016
250640,29.0,29.0,2016
250650,4.0,4.0,2016
250660,12.0,12.0,2016
250680,32.0,32.0,2016
250690,128.0,106.0,2016
250700,49.0,49.0,2016
250710,18.0,18.0,2016
250730,8.0,8.0,2016
250740,12.0,12.0,2016
250750,2939.0,2031.0,2016
250770,70.0,70.0,2016
250780,14.0,14.0,2016
250790,12.0,12.0,2016
250800,16.0,16.0,2016
250820,19.0,19.0,2016
250830,38.0,38.0,2016
250840,10.0,10.0,2016
250860,2.0,2.0,2016
250890,104.0,104.0,2016
250920,51.0,51.0,2016
250970,63.0,63.0,2016
250990,19.0,19.0,2016
251010,22.0,22.0,2016
251020,22.0,22.0,2016
251040,21.0,21.0,2016
251080,288.0,246.0,2016
251090,17.0,17.0,2016
251110,28.0,28.0,2016
251120,47.0,47.0,2016
251130,86.0,78.0,2016
251140,100.0,100.0,2016
251150,19.0,18.0,2016
251180,17.0,17.0,2016
251200,57.0,57.0,2016
251210,94.0,94.0,2016
251230,74.0,70.0,2016
251250,41.0,41.0,2016
251280,8.0,8.0,2016
251320,13.0,13.0,2016
251335,10.0,10.0,2016
251340,36.0,36.0,2016
251370,106.0,92.0,2016
251385,6.0,6.0,2016
251390,37.0,37.0,2016
251420,3.0,3.0,2016
251430,15.0,15.0,2016
251450,23.0,23.0,2016
251470,4.0,4.0,2016
251490,26.0,26.0,2016
251530,78.0,78.0,2016
251540,36.0,36.0,2016
251550,58.0,58.0,2016
251570,12.0,12.0,2016
251590,13.0,13.0,2016
251600,34.0,34.0,2016
251610,22.0,22.0,2016
251620,179.0,106.0,2016
251630,41.0,41.0,2016
251650,52.0,52.0,2016
251660,23.0,23.0,2016
251670,39.0,39.0,2016
251690,44.0,44.0,2016
260005,40.0,40.0,2016
260010,197.0,151.0,2016
260020,45.0,45.0,2016
260030,88.0,66.0,2016
260040,50.0,50.0,2016
260050,43.0,43.0,2016
260060,11.0,11.0,2016
260070,26.0,26.0,2016
260080,18.0,18.0,2016
260090,31.0,31.0,2016
260100,17.0,17.0,2016
260105,3.0,3.0,2016
260110,205.0,172.0,2016
260120,147.0,109.0,2016
260130,11.0,11.0,2016
260140,210.0,210.0,2016
260150,9.0,9.0,2016
260160,44.0,44.0,2016
260170,65.0,59.0,2016
260180,10.0,10.0,2016
260190,144.0,126.0,2016
260200,28.0,28.0,2016
260210,40.0,40.0,2016
260220,33.0,33.0,2016
260230,52.0,52.0,2016
260240,14.0,14.0,2016
260250,7.0,7.0,2016
260260,31.0,31.0,2016
260270,17.0,17.0,2016
260280,68.0,68.0,2016
260290,407.0,293.0,2016
260300,66.0,66.0,2016
260310,16.0,16.0,2016
260320,35.0,35.0,2016
260330,15.0,15.0,2016
260340,17.0,17.0,2016
260345,117.0,57.0,2016
260350,14.0,14.0,2016
260360,7.0,7.0,2016
260370,32.0,32.0,2016
260380,25.0,25.0,2016
260390,15.0,15.0,2016
260392,11.0,11.0,2016
260400,115.0,113.0,2016
260410,961.0,755.0,2016
260415,28.0,28.0,2016
260420,27.0,27.0,2016
260430,18.0,18.0,2016
260440,19.0,19.0,2016
260450,38.0,38.0,2016
260460,21.0,21.0,2016
260470,23.0,23.0,2016
260480,36.0,36.0,2016
260490,31.0,31.0,2016
260500,20.0,20.0,2016
260510,83.0,38.0,2016
260515,27.0,27.0,2016
260520,164.0,136.0,2016
260530,33.0,33.0,2016
260540,17.0,17.0,2016
260545,8.0,8.0,2016
260550,7.0,7.0,2016
260560,22.0,22.0,2016
260570,53.0,43.0,2016
260580,11.0,11.0,2016
260590,23.0,23.0,2016
260600,463.0,373.0,2016
260610,24.0,24.0,2016
260620,144.0,98.0,2016
260630,19.0,19.0,2016
260640,56.0,56.0,2016
260650,22.0,22.0,2016
260660,19.0,19.0,2016
260670,16.0,16.0,2016
260680,232.0,138.0,2016
260690,16.0,16.0,2016
260700,13.0,13.0,2016
260710,4.0,4.0,2016
260720,32.0,32.0,2016
260730,48.0,48.0,2016
260740,4.0,4.0,2016
260750,32.0,32.0,2016
260760,14.0,14.0,2016
260765,42.0,42.0,2016
260770,25.0,25.0,2016
260775,1.0,1.0,2016
260780,14.0,14.0,2016
260790,523.0,415.0,2016
260795,32.0,32.0,2016
260800,13.0,13.0,2016
260805,23.0,23.0,2016
260810,23.0,23.0,2016
260820,14.0,14.0,2016
260825,6.0,6.0,2016
260830,15.0,15.0,2016
260840,18.0,18.0,2016
260845,13.0,13.0,2016
260850,20.0,20.0,2016
260860,35.0,35.0,2016
260870,17.0,17.0,2016
260875,29.0,29.0,2016
260880,34.0,34.0,2016
260890,241.0,231.0,2016
260900,52.0,52.0,2016
260910,9.0,9.0,2016
260915,16.0,16.0,2016
260920,13.0,13.0,2016
260930,34.0,34.0,2016
260940,43.0,43.0,2016
260950,40.0,40.0,2016
260960,435.0,302.0,2016
260970,20.0,20.0,2016
260980,11.0,11.0,2016
260990,98.0,92.0,2016
261000,370.0,339.0,2016
261010,16.0,16.0,2016
261020,26.0,26.0,2016
261030,20.0,20.0,2016
261040,29.0,29.0,2016
261050,25.0,25.0,2016
261060,93.0,93.0,2016
261070,394.0,365.0,2016
261080,23.0,23.0,2016
261090,177.0,158.0,2016
261100,121.0,119.0,2016
261110,511.0,349.0,2016
261120,14.0,14.0,2016
261130,21.0,21.0,2016
261140,4.0,4.0,2016
261150,50.0,50.0,2016
261160,8855.0,6594.0,2016
261170,30.0,30.0,2016
261180,42.0,42.0,2016
261190,65.0,65.0,2016
261200,20.0,20.0,2016
261210,5.0,5.0,2016
261220,232.0,167.0,2016
261230,19.0,19.0,2016
261240,14.0,14.0,2016
261245,17.0,17.0,2016
261247,15.0,15.0,2016
261250,92.0,86.0,2016
261255,21.0,21.0,2016
261260,43.0,43.0,2016
261280,10.0,10.0,2016
261290,28.0,28.0,2016
261300,46.0,46.0,2016
261310,53.0,53.0,2016
261320,43.0,43.0,2016
261330,46.0,46.0,2016
261340,22.0,22.0,2016
261350,76.0,64.0,2016
261360,73.0,65.0,2016
261370,147.0,117.0,2016
261380,29.0,29.0,2016
261390,587.0,453.0,2016
261400,32.0,32.0,2016
261410,90.0,63.0,2016
261420,50.0,50.0,2016
261430,22.0,22.0,2016
261440,10.0,5.0,2016
261450,199.0,194.0,2016
261460,55.0,35.0,2016
261480,17.0,17.0,2016
261485,16.0,16.0,2016
261500,56.0,56.0,2016
261510,12.0,12.0,2016
261520,11.0,11.0,2016
261530,142.0,142.0,2016
261540,31.0,31.0,2016
261550,11.0,11.0,2016
261560,79.0,35.0,2016
261570,13.0,13.0,2016
261580,19.0,19.0,2016
261590,39.0,39.0,2016
261600,24.0,24.0,2016
261610,15.0,15.0,2016
261620,40.0,40.0,2016
261630,77.0,77.0,2016
261640,376.0,309.0,2016
261650,14.0,14.0,2016
270010,32.0,32.0,2016
270020,25.0,25.0,2016
270030,839.0,580.0,2016
270040,44.0,44.0,2016
270070,35.0,35.0,2016
270100,23.0,23.0,2016
270120,3.0,3.0,2016
270130,26.0,26.0,2016
270140,40.0,40.0,2016
270170,37.0,37.0,2016
270190,8.0,8.0,2016
270210,34.0,34.0,2016
270230,358.0,358.0,2016
270235,8.0,8.0,2016
270240,44.0,44.0,2016
270280,16.0,16.0,2016
270290,48.0,48.0,2016
270300,3.0,3.0,2016
270310,14.0,14.0,2016
270375,2.0,2.0,2016
270380,50.0,50.0,2016
270400,35.0,35.0,2016
270410,3.0,3.0,2016
270420,14.0,14.0,2016
270430,3405.0,2255.0,2016
270440,32.0,32.0,2016
270450,2.0,2.0,2016
270470,14.0,14.0,2016
270500,36.0,36.0,2016
270510,24.0,24.0,2016
270550,53.0,53.0,2016
270570,47.0,46.0,2016
270630,126.0,110.0,2016
270640,52.0,52.0,2016
270660,16.0,16.0,2016
270670,130.0,124.0,2016
270680,18.0,18.0,2016
270690,54.0,54.0,2016
270710,39.0,39.0,2016
270730,45.0,45.0,2016
270760,28.0,28.0,2016
270770,81.0,41.0,2016
270800,112.0,106.0,2016
270820,18.0,18.0,2016
270830,50.0,50.0,2016
270840,20.0,20.0,2016
270850,28.0,28.0,2016
270860,119.0,111.0,2016
270880,6.0,6.0,2016
270915,40.0,40.0,2016
270920,9.0,9.0,2016
270930,63.0,59.0,2016
270940,40.0,40.0,2016
280020,32.0,32.0,2016
280030,2117.0,1398.0,2016
280040,1.0,1.0,2016
280120,27.0,27.0,2016
280130,65.0,65.0,2016
280140,1.0,1.0,2016
280150,1.0,1.0,2016
280210,218.0,211.0,2016
280230,1.0,1.0,2016
280280,1.0,1.0,2016
280290,162.0,120.0,2016
280300,1.0,1.0,2016
280340,21.0,21.0,2016
280350,166.0,150.0,2016
280360,1.0,1.0,2016
280420,1.0,1.0,2016
280440,27.0,27.0,2016
280450,49.0,49.0,2016
280480,61.0,61.0,2016
280540,18.0,18.0,2016
280550,17.0,17.0,2016
280560,18.0,18.0,2016
280570,49.0,49.0,2016
280580,1.0,1.0,2016
280590,57.0,57.0,2016
280610,3.0,3.0,2016
280670,31.0,21.0,2016
280740,2.0,2.0,2016
280760,5.0,1.0,2016
290010,9.0,9.0,2016
290020,24.0,24.0,2016
290030,8.0,8.0,2016
290035,19.0,19.0,2016
290040,20.0,20.0,2016
290050,15.0,15.0,2016
290060,13.0,13.0,2016
290070,254.0,175.0,2016
290080,59.0,51.0,2016
290100,53.0,53.0,2016
290110,16.0,16.0,2016
290115,29.0,29.0,2016
290120,33.0,33.0,2016
290130,32.0,32.0,2016
290140,6.0,6.0,2016
290150,6.0,6.0,2016
290160,138.0,138.0,2016
290200,41.0,33.0,2016
290205,16.0,16.0,2016
290210,52.0,48.0,2016
290240,40.0,40.0,2016
290250,28.0,28.0,2016
290260,36.0,36.0,2016
290270,88.0,88.0,2016
290280,84.0,67.0,2016
290290,32.0,32.0,2016
290300,26.0,26.0,2016
290320,471.0,431.0,2016
290323,23.0,22.0,2016
290327,29.0,29.0,2016
290330,33.0,33.0,2016
290340,40.0,40.0,2016
290350,36.0,36.0,2016
290360,14.0,14.0,2016
290380,14.0,14.0,2016
290390,109.0,90.0,2016
290395,19.0,19.0,2016
290400,24.0,24.0,2016
290405,16.0,16.0,2016
290410,26.0,26.0,2016
290420,75.0,73.0,2016
290430,19.0,19.0,2016
290440,35.0,35.0,2016
290450,11.0,11.0,2016
290460,112.0,100.0,2016
290475,15.0,15.0,2016
290480,14.0,14.0,2016
290490,83.0,83.0,2016
290500,51.0,49.0,2016
290510,36.0,36.0,2016
290520,156.0,134.0,2016
290530,33.0,33.0,2016
290550,39.0,39.0,2016
290560,126.0,124.0,2016
290570,246.0,155.0,2016
290580,17.0,17.0,2016
290590,77.0,77.0,2016
290600,84.0,72.0,2016
290610,24.0,24.0,2016
290620,36.0,36.0,2016
290630,75.0,65.0,2016
290640,16.0,16.0,2016
290650,127.0,72.0,2016
290660,37.0,26.0,2016
290670,55.0,55.0,2016
290680,40.0,40.0,2016
290682,61.0,61.0,2016
290685,21.0,21.0,2016
290687,62.0,62.0,2016
290689,3.0,3.0,2016
290690,75.0,61.0,2016
290710,30.0,30.0,2016
290720,41.0,41.0,2016
290730,60.0,60.0,2016
290750,108.0,54.0,2016
290755,8.0,8.0,2016
290760,42.0,42.0,2016
290770,15.0,15.0,2016
290780,46.0,46.0,2016
290790,30.0,30.0,2016
290800,35.0,35.0,2016
290810,31.0,31.0,2016
290820,20.0,20.0,2016
290830,32.0,32.0,2016
290840,214.0,119.0,2016
290850,94.0,76.0,2016
290860,17.0,17.0,2016
290870,16.0,16.0,2016
290890,28.0,28.0,2016
290900,5.0,5.0,2016
290910,38.0,38.0,2016
290920,4.0,4.0,2016
290930,35.0,35.0,2016
290950,24.0,24.0,2016
290960,23.0,23.0,2016
290970,69.0,69.0,2016
290980,140.0,131.0,2016
290990,26.0,26.0,2016
291005,48.0,48.0,2016
291010,14.0,14.0,2016
291030,13.0,13.0,2016
291040,49.0,49.0,2016
291050,65.0,65.0,2016
291060,40.0,40.0,2016
291070,53.0,47.0,2016
291072,257.0,147.0,2016
291080,1358.0,978.0,2016
291085,30.0,30.0,2016
291110,29.0,29.0,2016
291120,76.0,72.0,2016
291125,8.0,8.0,2016
291130,16.0,16.0,2016
291150,5.0,5.0,2016
291170,203.0,157.0,2016
291180,32.0,32.0,2016
291190,34.0,34.0,2016
291200,29.0,29.0,2016
291210,32.0,32.0,2016
291230,21.0,21.0,2016
291240,33.0,29.0,2016
291250,13.0,13.0,2016
291270,30.0,30.0,2016
291280,23.0,23.0,2016
291290,91.0,91.0,2016
291300,62.0,35.0,2016
291310,32.0,31.0,2016
291320,78.0,50.0,2016
291330,22.0,22.0,2016
291340,29.0,29.0,2016
291345,8.0,8.0,2016
291350,84.0,84.0,2016
291360,517.0,344.0,2016
291370,46.0,46.0,2016
291380,12.0,12.0,2016
291390,126.0,87.0,2016
291400,43.0,43.0,2016
291410,24.0,24.0,2016
291420,29.0,29.0,2016
291430,16.0,16.0,2016
291440,47.0,47.0,2016
291450,24.0,24.0,2016
291460,176.0,135.0,2016
291465,37.0,37.0,2016
291470,151.0,116.0,2016
291480,786.0,485.0,2016
291490,61.0,61.0,2016
291500,15.0,15.0,2016
291510,8.0,8.0,2016
291520,17.0,17.0,2016
291530,20.0,20.0,2016
291535,24.0,24.0,2016
291540,12.0,12.0,2016
291550,60.0,60.0,2016
291560,89.0,88.0,2016
291570,28.0,28.0,2016
291580,42.0,42.0,2016
291600,54.0,52.0,2016
291610,52.0,52.0,2016
291630,12.0,12.0,2016
291640,113.0,68.0,2016
291650,54.0,53.0,2016
291660,16.0,16.0,2016
291670,17.0,17.0,2016
291680,30.0,30.0,2016
291685,30.0,30.0,2016
291690,85.0,85.0,2016
291700,45.0,42.0,2016
291710,45.0,45.0,2016
291720,24.0,24.0,2016
291730,33.0,33.0,2016
291733,14.0,14.0,2016
291735,30.0,30.0,2016
291740,29.0,29.0,2016
291750,283.0,103.0,2016
291760,124.0,114.0,2016
291770,28.0,28.0,2016
291800,522.0,377.0,2016
291810,28.0,28.0,2016
291820,23.0,23.0,2016
291830,14.0,14.0,2016
291835,36.0,36.0,2016
291840,441.0,366.0,2016
291845,24.0,24.0,2016
291850,31.0,31.0,2016
291855,37.0,37.0,2016
291860,12.0,12.0,2016
291875,1.0,1.0,2016
291880,41.0,41.0,2016
291905,27.0,27.0,2016
291915,44.0,44.0,2016
291920,290.0,151.0,2016
291930,14.0,14.0,2016
291940,20.0,20.0,2016
291950,89.0,51.0,2016
291955,68.0,33.0,2016
291960,20.0,20.0,2016
291970,27.0,27.0,2016
291980,63.0,48.0,2016
291990,38.0,38.0,2016
291992,29.0,29.0,2016
292000,14.0,14.0,2016
292010,32.0,32.0,2016
292020,21.0,21.0,2016
292050,89.0,89.0,2016
292080,19.0,19.0,2016
292100,69.0,47.0,2016
292105,21.0,21.0,2016
292110,32.0,32.0,2016
292120,78.0,78.0,2016
292130,21.0,21.0,2016
292140,19.0,19.0,2016
292150,60.0,60.0,2016
292160,2.0,2.0,2016
292170,64.0,56.0,2016
292180,24.0,24.0,2016
292190,32.0,32.0,2016
292200,91.0,52.0,2016
292205,34.0,34.0,2016
292210,32.0,32.0,2016
292230,40.0,17.0,2016
292240,45.0,45.0,2016
292250,81.0,81.0,2016
292265,30.0,30.0,2016
292270,30.0,30.0,2016
292273,15.0,15.0,2016
292290,39.0,39.0,2016
292300,61.0,61.0,2016
292310,23.0,23.0,2016
292320,13.0,13.0,2016
292330,15.0,15.0,2016
292335,17.0,17.0,2016
292340,54.0,54.0,2016
292360,85.0,81.0,2016
292370,36.0,36.0,2016
292380,18.0,18.0,2016
292390,7.0,7.0,2016
292400,170.0,144.0,2016
292405,9.0,9.0,2016
292420,3.0,3.0,2016
292430,26.0,26.0,2016
292440,30.0,30.0,2016
292450,24.0,24.0,2016
292460,58.0,58.0,2016
292465,16.0,16.0,2016
292470,17.0,17.0,2016
292480,37.0,37.0,2016
292490,27.0,27.0,2016
292500,59.0,59.0,2016
292510,70.0,68.0,2016
292520,165.0,135.0,2016
292525,30.0,30.0,2016
292530,164.0,140.0,2016
292540,21.0,21.0,2016
292550,42.0,42.0,2016
292560,17.0,17.0,2016
292575,17.0,17.0,2016
292580,53.0,53.0,2016
292590,17.0,17.0,2016
292595,22.0,22.0,2016
292600,84.0,67.0,2016
292610,24.0,24.0,2016
292620,29.0,29.0,2016
292630,121.0,115.0,2016
292640,59.0,59.0,2016
292650,5.0,5.0,2016
292660,95.0,83.0,2016
292670,17.0,17.0,2016
292690,27.0,27.0,2016
292700,55.0,55.0,2016
292720,105.0,100.0,2016
292730,16.0,16.0,2016
292740,7861.0,5387.0,2016
292750,13.0,13.0,2016
292770,22.0,22.0,2016
292790,23.0,23.0,2016
292800,99.0,97.0,2016
292810,64.0,57.0,2016
292820,36.0,36.0,2016
292830,13.0,13.0,2016
292840,24.0,24.0,2016
292850,28.0,28.0,2016
292860,51.0,51.0,2016
292870,328.0,223.0,2016
292880,50.0,27.0,2016
292890,24.0,24.0,2016
292895,20.0,20.0,2016
292900,90.0,85.0,2016
292905,49.0,22.0,2016
292910,18.0,18.0,2016
292920,35.0,35.0,2016
292925,34.0,34.0,2016
292930,36.0,36.0,2016
292950,36.0,36.0,2016
292960,77.0,77.0,2016
292970,25.0,25.0,2016
292975,13.0,13.0,2016
292980,39.0,39.0,2016
292990,85.0,61.0,2016
293000,20.0,20.0,2016
293010,130.0,84.0,2016
293015,31.0,31.0,2016
293020,32.0,32.0,2016
293030,45.0,45.0,2016
293040,25.0,25.0,2016
293050,165.0,149.0,2016
293060,33.0,33.0,2016
293070,53.0,53.0,2016
293075,18.0,18.0,2016
293077,31.0,31.0,2016
293080,14.0,14.0,2016
293090,32.0,32.0,2016
293105,30.0,30.0,2016
293110,20.0,20.0,2016
293120,26.0,26.0,2016
293130,33.0,33.0,2016
293135,278.0,209.0,2016
293150,18.0,18.0,2016
293160,24.0,24.0,2016
293180,19.0,19.0,2016
293190,58.0,30.0,2016
293200,24.0,24.0,2016
293210,71.0,71.0,2016
293220,100.0,100.0,2016
293230,37.0,37.0,2016
293240,30.0,30.0,2016
293245,5.0,5.0,2016
293250,47.0,47.0,2016
293260,34.0,34.0,2016
293280,20.0,20.0,2016
293290,142.0,142.0,2016
293300,66.0,62.0,2016
293305,21.0,21.0,2016
293310,30.0,30.0,2016
293315,17.0,17.0,2016
293320,27.0,27.0,2016
293325,12.0,12.0,2016
293330,1052.0,717.0,2016
293340,37.0,37.0,2016
293345,28.0,28.0,2016
293350,44.0,44.0,2016
293360,131.0,129.0,2016
310010,17.0,12.0,2016
310020,49.0,42.0,2016
310030,66.0,59.0,2016
310060,15.0,15.0,2016
310090,65.0,59.0,2016
310100,47.0,46.0,2016
310110,53.0,41.0,2016
310120,30.0,28.0,2016
310130,17.0,13.0,2016
310150,83.0,56.0,2016
310160,390.0,169.0,2016
310170,142.0,71.0,2016
310190,35.0,31.0,2016
310200,32.0,27.0,2016
310210,17.0,16.0,2016
310230,32.0,25.0,2016
310260,65.0,50.0,2016
310270,29.0,29.0,2016
310280,35.0,19.0,2016
310290,12.0,12.0,2016
310340,87.0,71.0,2016
310350,171.0,81.0,2016
310375,13.0,13.0,2016
310400,462.0,283.0,2016
310410,10.0,10.0,2016
310420,64.0,47.0,2016
310430,14.0,14.0,2016
310450,24.0,24.0,2016
310470,35.0,32.0,2016
310490,59.0,47.0,2016
310510,261.0,180.0,2016
310530,30.0,21.0,2016
310540,34.0,34.0,2016
310560,1137.0,506.0,2016
310590,52.0,43.0,2016
310620,8831.0,5191.0,2016
310640,33.0,27.0,2016
310650,40.0,39.0,2016
310670,624.0,462.0,2016
310690,35.0,28.0,2016
310710,71.0,55.0,2016
310730,64.0,64.0,2016
310740,80.0,52.0,2016
310750,22.0,22.0,2016
310780,50.0,48.0,2016
310800,66.0,50.0,2016
310820,7.0,7.0,2016
310830,8.0,,2016
310840,19.0,15.0,2016
310860,91.0,91.0,2016
310890,18.0,14.0,2016
310900,37.0,37.0,2016
310910,23.0,19.0,2016
310930,27.0,22.0,2016
310940,55.0,42.0,2016
310950,41.0,31.0,2016
310990,44.0,37.0,2016
311000,56.0,50.0,2016
311030,49.0,30.0,2016
311050,37.0,25.0,2016
311060,65.0,57.0,2016
311070,46.0,40.0,2016
311090,39.0,33.0,2016
311100,45.0,38.0,2016
311110,41.0,27.0,2016
311120,86.0,60.0,2016
311130,25.0,25.0,2016
311150,38.0,35.0,2016
311160,49.0,38.0,2016
311180,25.0,23.0,2016
311200,22.0,21.0,2016
311230,56.0,49.0,2016
311260,26.0,26.0,2016
311270,20.0,20.0,2016
311280,22.0,11.0,2016
311300,36.0,36.0,2016
311320,46.0,41.0,2016
311330,205.0,146.0,2016
311340,233.0,176.0,2016
311350,21.0,21.0,2016
311360,20.0,14.0,2016
311370,35.0,35.0,2016
311380,10.0,10.0,2016
311390,37.0,37.0,2016
311400,37.0,35.0,2016
311410,21.0,19.0,2016
311430,49.0,36.0,2016
311440,30.0,27.0,2016
311450,41.0,29.0,2016
311460,19.0,17.0,2016
311480,13.0,11.0,2016
311510,50.0,36.0,2016
311530,139.0,91.0,2016
311550,30.0,26.0,2016
311570,22.0,22.0,2016
311615,14.0,14.0,2016
311630,16.0,16.0,2016
311660,51.0,39.0,2016
311680,38.0,38.0,2016
311710,22.0,22.0,2016
311730,21.0,21.0,2016
311750,42.0,42.0,2016
311770,32.0,24.0,2016
311800,72.0,45.0,2016
311820,29.0,25.0,2016
311830,258.0,187.0,2016
311840,38.0,34.0,2016
311860,501.0,226.0,2016
311880,33.0,30.0,2016
311930,30.0,30.0,2016
311940,151.0,50.0,2016
312020,17.0,17.0,2016
312050,39.0,34.0,2016
312080,66.0,61.0,2016
312090,163.0,93.0,2016
312100,21.0,21.0,2016
312120,19.0,14.0,2016
312160,148.0,137.0,2016
312180,9.0,9.0,2016
312200,36.0,26.0,2016
312210,21.0,21.0,2016
312230,731.0,347.0,2016
312240,7.0,7.0,2016
312245,18.0,18.0,2016
312260,26.0,26.0,2016
312270,30.0,22.0,2016
312320,47.0,39.0,2016
312360,36.0,28.0,2016
312390,54.0,47.0,2016
312400,22.0,20.0,2016
312410,40.0,39.0,2016
312420,53.0,43.0,2016
312430,30.0,30.0,2016
312450,25.0,20.0,2016
312470,20.0,16.0,2016
312480,4.0,4.0,2016
312490,32.0,30.0,2016
312510,40.0,36.0,2016
312550,8.0,8.0,2016
312560,43.0,41.0,2016
312590,25.0,23.0,2016
312595,19.0,19.0,2016
312610,110.0,70.0,2016
312620,10.0,10.0,2016
312670,50.0,47.0,2016
312690,28.0,28.0,2016
312710,125.0,86.0,2016
312760,26.0,26.0,2016
312770,514.0,341.0,2016
312780,51.0,48.0,2016
312800,70.0,64.0,2016
312810,29.0,24.0,2016
312820,23.0,23.0,2016
312830,39.0,27.0,2016
312840,45.0,33.0,2016
312860,16.0,16.0,2016
312870,93.0,60.0,2016
312910,27.0,27.0,2016
312940,33.0,33.0,2016
312950,26.0,23.0,2016
312970,12.0,12.0,2016
312980,92.0,83.0,2016
313030,37.0,23.0,2016
313050,30.0,28.0,2016
313090,52.0,37.0,2016
313120,47.0,39.0,2016
313130,589.0,406.0,2016
313150,18.0,15.0,2016
313170,229.0,169.0,2016
313180,20.0,17.0,2016
313190,59.0,44.0,2016
313210,30.0,30.0,2016
313220,44.0,39.0,2016
313230,27.0,27.0,2016
313240,222.0,152.0,2016
313250,100.0,96.0,2016
313270,100.0,78.0,2016
313290,24.0,12.0,2016
313300,53.0,37.0,2016
313310,62.0,47.0,2016
313320,20.0,18.0,2016
313330,63.0,59.0,2016
313350,60.0,53.0,2016
313375,34.0,20.0,2016
313380,91.0,61.0,2016
313420,212.0,138.0,2016
313440,75.0,39.0,2016
313460,31.0,31.0,2016
313470,38.0,38.0,2016
313480,12.0,3.0,2016
313490,37.0,26.0,2016
313505,25.0,25.0,2016
313510,148.0,124.0,2016
313520,63.0,63.0,2016
313540,18.0,17.0,2016
313580,81.0,56.0,2016
313600,33.0,31.0,2016
313620,112.0,66.0,2016
313630,60.0,48.0,2016
313650,27.0,27.0,2016
313670,2477.0,1459.0,2016
313690,14.0,11.0,2016
313700,22.0,22.0,2016
313710,9.0,9.0,2016
313720,49.0,45.0,2016
313750,30.0,26.0,2016
313760,73.0,40.0,2016
313770,50.0,40.0,2016
313780,50.0,46.0,2016
313790,8.0,8.0,2016
313800,23.0,20.0,2016
313820,174.0,98.0,2016
313840,87.0,62.0,2016
313860,35.0,28.0,2016
313880,53.0,39.0,2016
313890,44.0,43.0,2016
313900,43.0,43.0,2016
313920,34.0,34.0,2016
313930,34.0,34.0,2016
313940,195.0,134.0,2016
313950,97.0,65.0,2016
313960,82.0,66.0,2016
313980,43.0,30.0,2016
313990,16.0,16.0,2016
314000,67.0,54.0,2016
314050,20.0,18.0,2016
314070,65.0,52.0,2016
314090,36.0,34.0,2016
314110,52.0,38.0,2016
314120,10.0,10.0,2016
314140,56.0,52.0,2016
314150,18.0,18.0,2016
314160,50.0,13.0,2016
314180,58.0,55.0,2016
314190,20.0,17.0,2016
314200,30.0,30.0,2016
314220,48.0,36.0,2016
314240,26.0,26.0,2016
314260,28.0,28.0,2016
314270,30.0,30.0,2016
314280,22.0,18.0,2016
314290,39.0,37.0,2016
314300,20.0,17.0,2016
314310,106.0,86.0,2016
314320,50.0,37.0,2016
314330,1096.0,678.0,2016
314350,20.0,19.0,2016
314390,471.0,329.0,2016
314400,79.0,68.0,2016
314410,50.0,27.0,2016
314430,61.0,37.0,2016
314450,15.0,15.0,2016
314460,34.0,28.0,2016
314470,43.0,30.0,2016
314480,229.0,75.0,2016
314500,23.0,23.0,2016
314510,26.0,26.0,2016
314520,50.0,47.0,2016
314530,44.0,43.0,2016
314560,84.0,69.0,2016
314590,65.0,26.0,2016
314600,52.0,37.0,2016
314610,104.0,67.0,2016
314630,45.0,45.0,2016
314650,18.0,18.0,2016
314670,22.0,16.0,2016
314700,152.0,117.0,2016
314710,105.0,73.0,2016
314720,33.0,30.0,2016
314730,34.0,31.0,2016
314750,17.0,15.0,2016
314760,49.0,29.0,2016
314770,30.0,26.0,2016
314790,436.0,304.0,2016
314800,325.0,188.0,2016
314810,171.0,89.0,2016
314860,34.0,34.0,2016
314870,69.0,60.0,2016
314910,13.0,12.0,2016
314920,20.0,20.0,2016
314930,74.0,61.0,2016
314980,23.0,21.0,2016
314990,50.0,36.0,2016
315030,14.0,14.0,2016
315050,12.0,12.0,2016
315080,23.0,23.0,2016
315110,36.0,31.0,2016
315120,158.0,92.0,2016
315140,56.0,42.0,2016
315150,96.0,68.0,2016
315170,41.0,29.0,2016
315180,431.0,189.0,2016
315190,27.0,27.0,2016
315200,26.0,19.0,2016
315210,219.0,147.0,2016
315220,46.0,39.0,2016
315240,29.0,28.0,2016
315250,314.0,182.0,2016
315260,26.0,26.0,2016
315270,30.0,27.0,2016
315280,30.0,25.0,2016
315290,16.0,14.0,2016
315310,18.0,18.0,2016
315340,18.0,18.0,2016
315400,56.0,40.0,2016
315410,29.0,25.0,2016
315420,70.0,53.0,2016
315430,65.0,56.0,2016
315460,113.0,102.0,2016
315470,12.0,11.0,2016
315490,40.0,31.0,2016
315510,9.0,9.0,2016
315520,18.0,18.0,2016
315550,19.0,19.0,2016
315560,40.0,40.0,2016
315570,38.0,28.0,2016
315580,59.0,55.0,2016
315590,15.0,14.0,2016
315600,32.0,32.0,2016
315660,47.0,44.0,2016
315670,113.0,113.0,2016
315680,42.0,36.0,2016
315690,50.0,30.0,2016
315700,78.0,52.0,2016
315710,52.0,45.0,2016
315720,53.0,41.0,2016
315770,30.0,30.0,2016
315780,146.0,146.0,2016
315790,34.0,34.0,2016
315800,15.0,12.0,2016
315810,6.0,6.0,2016
315820,41.0,38.0,2016
315920,43.0,,2016
315930,22.0,15.0,2016
315960,59.0,41.0,2016
315980,32.0,25.0,2016
315990,52.0,49.0,2016
316030,8.0,,2016
316040,54.0,45.0,2016
316070,75.0,56.0,2016
316100,49.0,35.0,2016
316110,66.0,66.0,2016
316200,65.0,43.0,2016
316210,55.0,24.0,2016
316220,23.0,17.0,2016
316240,37.0,37.0,2016
316250,231.0,148.0,2016
316270,50.0,48.0,2016
316280,52.0,50.0,2016
316290,45.0,35.0,2016
316370,88.0,67.0,2016
316390,9.0,9.0,2016
316420,18.0,18.0,2016
316430,10.0,4.0,2016
316470,298.0,242.0,2016
316500,45.0,30.0,2016
316510,1.0,,2016
316530,30.0,23.0,2016
316570,25.0,6.0,2016
316690,14.0,13.0,2016
316710,56.0,37.0,2016
316720,346.0,242.0,2016
316800,71.0,64.0,2016
316840,52.0,49.0,2016
316850,15.0,15.0,2016
316860,304.0,241.0,2016
316870,69.0,33.0,2016
316890,14.0,14.0,2016
316920,28.0,20.0,2016
316930,206.0,165.0,2016
316935,32.0,25.0,2016
316940,111.0,76.0,2016
316970,56.0,49.0,2016
316990,521.0,420.0,2016
317010,946.0,590.0,2016
317020,1284.0,831.0,2016
317040,132.0,64.0,2016
317043,34.0,32.0,2016
317052,30.0,30.0,2016
317070,353.0,152.0,2016
317080,75.0,52.0,2016
317090,23.0,23.0,2016
317100,40.0,27.0,2016
317120,71.0,61.0,2016
317130,202.0,119.0,2016
317160,39.0,39.0,2016
317170,27.0,25.0,2016
317180,49.0,47.0,2016
317200,126.0,74.0,2016
320010,59.0,53.0,2016
320020,64.0,55.0,2016
320040,57.0,55.0,2016
320050,30.0,30.0,2016
320060,126.0,93.0,2016
320070,13.0,13.0,2016
320080,43.0,43.0,2016
320090,86.0,61.0,2016
320100,39.0,31.0,2016
320120,515.0,353.0,2016
320130,343.0,186.0,2016
320140,58.0,42.0,2016
320150,500.0,352.0,2016
320160,30.0,30.0,2016
320170,20.0,20.0,2016
320190,124.0,117.0,2016
320210,56.0,46.0,2016
320220,51.0,1.0,2016
320230,82.0,67.0,2016
320240,43.0,43.0,2016
320245,50.0,41.0,2016
320260,28.0,26.0,2016
320270,51.0,47.0,2016
320280,126.0,120.0,2016
320290,35.0,30.0,2016
320300,76.0,65.0,2016
320305,23.0,23.0,2016
320310,26.0,26.0,2016
320313,50.0,39.0,2016
320316,23.0,23.0,2016
320320,225.0,146.0,2016
320332,64.0,,2016
320340,51.0,44.0,2016
320350,30.0,28.0,2016
320360,19.0,19.0,2016
320370,35.0,34.0,2016
320380,42.0,38.0,2016
320390,61.0,48.0,2016
320400,50.0,50.0,2016
320405,26.0,25.0,2016
320410,32.0,32.0,2016
320420,26.0,26.0,2016
320435,26.0,26.0,2016
320440,10.0,,2016
320450,20.0,20.0,2016
320455,59.0,56.0,2016
320460,67.0,57.0,2016
320470,160.0,150.0,2016
320480,77.0,77.0,2016
320490,294.0,215.0,2016
320500,759.0,454.0,2016
320503,30.0,29.0,2016
320506,63.0,53.0,2016
320520,803.0,428.0,2016
320530,1763.0,1223.0,2016
330010,372.0,303.0,2016
330015,37.0,37.0,2016
330020,228.0,193.0,2016
330022,21.0,21.0,2016
330023,48.0,48.0,2016
330025,76.0,76.0,2016
330030,221.0,181.0,2016
330040,401.0,237.0,2016
330045,348.0,332.0,2016
330050,65.0,60.0,2016
330060,129.0,79.0,2016
330070,559.0,323.0,2016
330080,103.0,103.0,2016
330090,44.0,44.0,2016
330100,1753.0,1145.0,2016
330110,83.0,71.0,2016
330120,41.0,39.0,2016
330130,78.0,78.0,2016
330140,52.0,52.0,2016
330150,66.0,57.0,2016
330160,16.0,16.0,2016
330170,1128.0,729.0,2016
330180,60.0,46.0,2016
330185,108.0,73.0,2016
330190,347.0,332.0,2016
330200,166.0,97.0,2016
330205,56.0,26.0,2016
330210,82.0,58.0,2016
330220,489.0,211.0,2016
330225,104.0,38.0,2016
330227,18.0,18.0,2016
330230,49.0,49.0,2016
330240,505.0,271.0,2016
330250,175.0,128.0,2016
330260,62.0,62.0,2016
330270,88.0,88.0,2016
330280,27.0,17.0,2016
330285,170.0,115.0,2016
330290,99.0,71.0,2016
330300,72.0,43.0,2016
330310,70.0,69.0,2016
330320,426.0,168.0,2016
330330,2616.0,1290.0,2016
330340,641.0,390.0,2016
330350,952.0,510.0,2016
330360,102.0,81.0,2016
330370,119.0,116.0,2016
330380,35.0,35.0,2016
330390,1489.0,1006.0,2016
330395,45.0,43.0,2016
330400,57.0,48.0,2016
330410,60.0,54.0,2016
330411,45.0,45.0,2016
330412,201.0,197.0,2016
330414,76.0,76.0,2016
330415,74.0,74.0,2016
330420,361.0,138.0,2016
330430,121.0,101.0,2016
330440,41.0,41.0,2016
330450,15.0,15.0,2016
330452,91.0,81.0,2016
330455,16945.0,9858.0,2016
330460,79.0,79.0,2016
330470,172.0,105.0,2016
330475,36.0,36.0,2016
330480,111.0,102.0,2016
330490,2125.0,1242.0,2016
330500,42.0,40.0,2016
330510,358.0,274.0,2016
330515,56.0,54.0,2016
330520,61.0,45.0,2016
330530,48.0,39.0,2016
330550,112.0,112.0,2016
330555,27.0,27.0,2016
330560,40.0,40.0,2016
330570,25.0,25.0,2016
330575,214.0,174.0,2016
330580,359.0,292.0,2016
330590,38.0,31.0,2016
330600,312.0,264.0,2016
330610,298.0,269.0,2016
330615,42.0,39.0,2016
330620,466.0,404.0,2016
330630,710.0,452.0,2016
350010,279.0,240.0,2016
350030,10.0,,2016
350050,42.0,30.0,2016
350060,4.0,4.0,2016
350070,60.0,38.0,2016
350100,31.0,25.0,2016
350110,22.0,19.0,2016
350130,20.0,18.0,2016
350160,640.0,251.0,2016
350170,230.0,230.0,2016
350190,395.0,242.0,2016
350210,136.0,110.0,2016
350220,57.0,54.0,2016
350250,104.0,70.0,2016
350260,21.0,20.0,2016
350270,51.0,45.0,2016
350280,474.0,328.0,2016
350290,351.0,,2016
350310,16.0,16.0,2016
350320,509.0,188.0,2016
350330,557.0,300.0,2016
350340,28.0,17.0,2016
350370,25.0,4.0,2016
350380,12.0,,2016
350390,92.0,24.0,2016
350400,307.0,183.0,2016
350410,192.0,55.0,2016
350420,51.0,30.0,2016
350450,159.0,95.0,2016
350490,15.0,15.0,2016
350520,68.0,52.0,2016
350530,101.0,68.0,2016
350550,581.0,464.0,2016
350570,499.0,351.0,2016
350580,35.0,28.0,2016
350590,139.0,94.0,2016
350600,1107.0,612.0,2016
350610,129.0,81.0,2016
350630,50.0,20.0,2016
350635,49.0,49.0,2016
350640,36.0,36.0,2016
350650,146.0,66.0,2016
350670,15.0,13.0,2016
350680,35.0,29.0,2016
350700,53.0,36.0,2016
350710,11.0,11.0,2016
350740,26.0,16.0,2016
350750,702.0,502.0,2016
350760,395.0,210.0,2016
350790,41.0,35.0,2016
350810,42.0,22.0,2016
350840,13.0,9.0,2016
350850,151.0,73.0,2016
350860,47.0,40.0,2016
350870,62.0,62.0,2016
350880,58.0,47.0,2016
350900,117.0,58.0,2016
350920,155.0,55.0,2016
350930,32.0,26.0,2016
350940,73.0,55.0,2016
350950,2918.0,1332.0,2016
350960,56.0,56.0,2016
350970,297.0,250.0,2016
351000,30.0,25.0,2016
351020,67.0,49.0,2016
351030,14.0,14.0,2016
351040,96.0,46.0,2016
351050,165.0,107.0,2016
351060,370.0,220.0,2016
351070,31.0,13.0,2016
351080,372.0,355.0,2016
351100,31.0,30.0,2016
351110,535.0,374.0,2016
351130,30.0,,2016
351140,52.0,34.0,2016
351150,37.0,29.0,2016
351160,30.0,17.0,2016
351170,33.0,26.0,2016
351190,30.0,20.0,2016
351200,47.0,35.0,2016
351210,20.0,20.0,2016
351220,52.0,41.0,2016
351230,32.0,32.0,2016
351280,90.0,63.0,2016
351300,177.0,111.0,2016
351310,15.0,13.0,2016
351340,120.0,77.0,2016
351350,145.0,141.0,2016
351360,40.0,25.0,2016
351370,40.0,25.0,2016
351380,624.0,555.0,2016
351390,192.0,192.0,2016
351410,67.0,47.0,2016
351430,19.0,16.0,2016
351440,143.0,108.0,2016
351450,87.0,77.0,2016
351480,2.0,2.0,2016
351490,6.0,6.0,2016
351500,94.0,89.0,2016
351510,16.0,16.0,2016
351518,454.0,366.0,2016
351520,50.0,30.0,2016
351540,20.0,12.0,2016
351550,130.0,84.0,2016
351570,189.0,189.0,2016
351600,47.0,30.0,2016
351620,747.0,471.0,2016
351630,147.0,98.0,2016
351640,692.0,610.0,2016
351660,45.0,24.0,2016
351670,377.0,332.0,2016
351690,32.0,8.0,2016
351700,48.0,36.0,2016
351740,60.0,42.0,2016
351760,19.0,19.0,2016
351770,30.0,22.0,2016
351780,23.0,15.0,2016
351820,74.0,30.0,2016
351830,35.0,29.0,2016
351840,272.0,162.0,2016
351860,72.0,65.0,2016
351870,323.0,217.0,2016
351880,1909.0,1453.0,2016
351900,58.0,58.0,2016
351907,91.0,62.0,2016
351910,27.0,25.0,2016
351920,19.0,15.0,2016
351930,32.0,32.0,2016
351940,25.0,8.0,2016
351960,99.0,46.0,2016
351970,67.0,63.0,2016
351990,20.0,20.0,2016
352000,63.0,,2016
352010,60.0,32.0,2016
352020,15.0,15.0,2016
352030,13.0,13.0,2016
352040,49.0,46.0,2016
352044,116.0,74.0,2016
352050,342.0,232.0,2016
352070,36.0,4.0,2016
352090,49.0,29.0,2016
352100,15.0,15.0,2016
352130,49.0,39.0,2016
352170,35.0,35.0,2016
352180,39.0,36.0,2016
352190,27.0,15.0,2016
352210,77.0,77.0,2016
352220,501.0,176.0,2016
352230,122.0,100.0,2016
352240,159.0,117.0,2016
352250,286.0,205.0,2016
352260,1046.0,587.0,2016
352270,76.0,46.0,2016
352280,46.0,27.0,2016
352290,30.0,25.0,2016
352310,224.0,224.0,2016
352320,97.0,82.0,2016
352340,119.0,60.0,2016
352350,14.0,7.0,2016
352360,25.0,25.0,2016
352390,385.0,345.0,2016
352400,86.0,48.0,2016
352410,121.0,55.0,2016
352420,17.0,17.0,2016
352430,172.0,56.0,2016
352440,440.0,211.0,2016
352450,191.0,150.0,2016
352470,80.0,78.0,2016
352480,165.0,112.0,2016
352500,14.0,,2016
352520,37.0,17.0,2016
352530,860.0,705.0,2016
352550,24.0,17.0,2016
352570,61.0,28.0,2016
352590,796.0,386.0,2016
352600,52.0,26.0,2016
352610,15.0,15.0,2016
352620,9.0,,2016
352640,47.0,32.0,2016
352670,130.0,83.0,2016
352680,81.0,54.0,2016
352690,398.0,199.0,2016
352710,451.0,349.0,2016
352720,172.0,81.0,2016
352730,36.0,29.0,2016
352740,25.0,15.0,2016
352770,32.0,15.0,2016
352800,31.0,18.0,2016
352810,18.0,15.0,2016
352850,72.0,47.0,2016
352880,26.0,22.0,2016
352900,890.0,709.0,2016
352920,51.0,43.0,2016
352930,162.0,96.0,2016
352940,445.0,302.0,2016
352970,66.0,47.0,2016
353010,90.0,90.0,2016
353030,78.0,29.0,2016
353050,135.0,86.0,2016
353060,759.0,636.0,2016
353070,333.0,154.0,2016
353080,225.0,123.0,2016
353110,44.0,44.0,2016
353130,109.0,58.0,2016
353140,80.0,30.0,2016
353150,70.0,51.0,2016
353180,36.0,29.0,2016
353190,45.0,31.0,2016
353200,20.0,10.0,2016
353240,24.0,24.0,2016
353250,35.0,11.0,2016
353260,129.0,35.0,2016
353290,12.0,7.0,2016
353300,193.0,19.0,2016
353340,53.0,53.0,2016
353350,105.0,35.0,2016
353390,99.0,63.0,2016
353430,98.0,59.0,2016
353440,1006.0,604.0,2016
353460,90.0,59.0,2016
353470,185.0,83.0,2016
353475,33.0,28.0,2016
353490,37.0,32.0,2016
353520,20.0,9.0,2016
353530,68.0,44.0,2016
353540,36.0,35.0,2016
353550,97.0,78.0,2016
353580,30.0,30.0,2016
353600,32.0,26.0,2016
353620,151.0,151.0,2016
353630,35.0,23.0,2016
353650,85.0,85.0,2016
353660,24.0,9.0,2016
353670,72.0,52.0,2016
353700,75.0,55.0,2016
353710,98.0,98.0,2016
353730,220.0,150.0,2016
353740,92.0,62.0,2016
353780,525.0,406.0,2016
353790,35.0,27.0,2016
353800,201.0,127.0,2016
353860,37.0,29.0,2016
353870,704.0,315.0,2016
353880,77.0,58.0,2016
353890,299.0,289.0,2016
353900,41.0,9.0,2016
353930,94.0,57.0,2016
353940,28.0,25.0,2016
353950,50.0,32.0,2016
353980,35.0,35.0,2016
354000,42.0,36.0,2016
354020,45.0,29.0,2016
354040,18.0,8.0,2016
354060,51.0,39.0,2016
354070,61.0,33.0,2016
354080,31.0,28.0,2016
354100,192.0,179.0,2016
354120,51.0,40.0,2016
354130,78.0,68.0,2016
354140,1138.0,760.0,2016
354150,99.0,57.0,2016
354160,58.0,58.0,2016
354190,20.0,20.0,2016
354220,98.0,70.0,2016
354240,24.0,17.0,2016
354260,115.0,63.0,2016
354290,17.0,11.0,2016
354300,36.0,35.0,2016
354330,164.0,50.0,2016
354340,2160.0,1405.0,2016
354380,23.0,20.0,2016
354390,477.0,267.0,2016
354400,47.0,28.0,2016
354420,36.0,7.0,2016
354425,57.0,57.0,2016
354430,14.0,14.0,2016
354490,29.0,19.0,2016
354500,19.0,17.0,2016
354520,125.0,72.0,2016
354530,921.0,723.0,2016
354540,34.0,22.0,2016
354560,24.0,7.0,2016
354580,146.0,73.0,2016
354630,46.0,25.0,2016
354640,100.0,65.0,2016
354660,68.0,33.0,2016
354680,101.0,82.0,2016
354700,6.0,6.0,2016
354730,35.0,35.0,2016
354750,299.0,276.0,2016
354760,30.0,18.0,2016
354770,56.0,37.0,2016
354780,1335.0,684.0,2016
354790,12.0,12.0,2016
354850,1644.0,814.0,2016
354860,40.0,26.0,2016
354870,1543.0,560.0,2016
354880,426.0,184.0,2016
354890,417.0,198.0,2016
354910,199.0,94.0,2016
354940,115.0,68.0,2016
354970,136.0,81.0,2016
354980,1820.0,916.0,2016
354990,1502.0,736.0,2016
355000,26.0,11.0,2016
355010,43.0,36.0,2016
355020,42.0,42.0,2016
355030,28766.0,15147.0,2016
355040,62.0,37.0,2016
355060,89.0,41.0,2016
355070,101.0,93.0,2016
355080,30.0,26.0,2016
355090,50.0,38.0,2016
355100,283.0,166.0,2016
355150,58.0,43.0,2016
355160,49.0,33.0,2016
355170,157.0,64.0,2016
355200,3.0,3.0,2016
355210,62.0,54.0,2016
355220,1572.0,1021.0,2016
355230,20.0,20.0,2016
355240,181.0,172.0,2016
355250,184.0,84.0,2016
355260,30.0,9.0,2016
355270,35.0,22.0,2016
355280,387.0,334.0,2016
355300,29.0,24.0,2016
355320,4.0,4.0,2016
355330,36.0,25.0,2016
355340,72.0,30.0,2016
355360,24.0,19.0,2016
355370,124.0,73.0,2016
355380,53.0,32.0,2016
355400,179.0,91.0,2016
355410,479.0,325.0,2016
355430,58.0,52.0,2016
355440,34.0,30.0,2016
355450,69.0,42.0,2016
355470,20.0,13.0,2016
355500,640.0,571.0,2016
355510,48.0,30.0,2016
355540,80.0,74.0,2016
355580,26.0,24.0,2016
355600,34.0,13.0,2016
355620,169.0,63.0,2016
355630,55.0,31.0,2016
355640,77.0,47.0,2016
355650,35.0,33.0,2016
355660,36.0,,2016
355670,67.0,48.0,2016
355680,48.0,30.0,2016
355700,172.0,88.0,2016
355710,204.0,115.0,2016
355720,50.0,30.0,2016
410010,22.0,21.0,2016
410020,3.0,3.0,2016
410045,19.0,19.0,2016
410050,37.0,37.0,2016
410060,20.0,19.0,2016
410080,16.0,16.0,2016
410090,13.0,13.0,2016
410100,34.0,34.0,2016
410110,62.0,57.0,2016
410120,31.0,31.0,2016
410140,235.0,166.0,2016
410150,333.0,279.0,2016
410160,7.0,7.0,2016
410170,28.0,22.0,2016
410180,91.0,91.0,2016
410190,69.0,58.0,2016
410200,57.0,42.0,2016
410210,60.0,52.0,2016
410220,10.0,10.0,2016
410230,12.0,12.0,2016
410240,142.0,91.0,2016
410250,29.0,29.0,2016
410280,26.0,26.0,2016
410290,43.0,43.0,2016
410300,10.0,9.0,2016
410305,20.0,20.0,2016
410310,11.0,11.0,2016
410320,29.0,29.0,2016
410330,26.0,26.0,2016
410345,36.0,32.0,2016
410360,100.0,90.0,2016
410370,90.0,47.0,2016
410390,50.0,48.0,2016
410400,372.0,325.0,2016
410420,704.0,647.0,2016
410430,212.0,122.0,2016
410440,37.0,37.0,2016
410442,49.0,38.0,2016
410445,30.0,25.0,2016
410450,38.0,29.0,2016
410460,34.0,32.0,2016
410480,990.0,486.0,2016
410490,46.0,46.0,2016
410510,25.0,25.0,2016
410520,26.0,26.0,2016
410530,36.0,28.0,2016
410540,77.0,67.0,2016
410550,152.0,114.0,2016
410560,36.0,32.0,2016
410570,50.0,39.0,2016
410580,119.0,109.0,2016
410590,56.0,50.0,2016
410600,29.0,29.0,2016
410610,20.0,20.0,2016
410620,16.0,16.0,2016
410630,29.0,27.0,2016
410640,195.0,123.0,2016
410650,59.0,57.0,2016
410660,32.0,32.0,2016
410670,11.0,11.0,2016
410680,35.0,35.0,2016
410690,5469.0,2745.0,2016
410700,19.0,19.0,2016
410710,19.0,19.0,2016
410715,15.0,15.0,2016
410720,92.0,78.0,2016
410725,28.0,19.0,2016
410730,13.0,13.0,2016
410750,36.0,33.0,2016
410753,30.0,20.0,2016
410760,30.0,30.0,2016
410765,48.0,48.0,2016
410775,28.0,28.0,2016
410780,20.0,20.0,2016
410790,19.0,19.0,2016
410800,22.0,22.0,2016
410820,38.0,31.0,2016
410830,456.0,308.0,2016
410832,24.0,24.0,2016
410840,287.0,156.0,2016
410850,30.0,20.0,2016
410855,10.0,10.0,2016
410860,102.0,55.0,2016
410870,26.0,26.0,2016
410880,88.0,70.0,2016
410890,16.0,16.0,2016
410900,15.0,15.0,2016
410930,79.0,64.0,2016
410940,427.0,271.0,2016
410950,20.0,20.0,2016
410960,50.0,50.0,2016
410970,55.0,55.0,2016
410975,33.0,33.0,2016
410980,127.0,63.0,2016
411030,11.0,11.0,2016
411040,16.0,16.0,2016
411050,29.0,29.0,2016
411070,157.0,111.0,2016
411080,31.0,31.0,2016
411090,17.0,17.0,2016
411095,25.0,25.0,2016
411100,21.0,21.0,2016
411110,16.0,16.0,2016
411125,49.0,49.0,2016
411130,17.0,17.0,2016
411140,18.0,18.0,2016
411150,186.0,154.0,2016
411160,16.0,16.0,2016
411170,18.0,18.0,2016
411180,108.0,76.0,2016
411190,29.0,29.0,2016
411200,79.0,79.0,2016
411210,338.0,301.0,2016
411220,29.0,29.0,2016
411230,3.0,3.0,2016
411240,22.0,19.0,2016
411250,24.0,24.0,2016
411270,19.0,18.0,2016
411275,25.0,18.0,2016
411280,31.0,26.0,2016
411290,14.0,14.0,2016
411295,25.0,25.0,2016
411300,19.0,19.0,2016
411310,19.0,19.0,2016
411320,157.0,117.0,2016
411330,109.0,93.0,2016
411345,20.0,20.0,2016
411350,119.0,103.0,2016
411370,1865.0,1213.0,2016
411375,29.0,20.0,2016
411380,16.0,16.0,2016
411390,32.0,28.0,2016
411410,52.0,32.0,2016
411420,64.0,51.0,2016
411430,50.0,50.0,2016
411440,54.0,46.0,2016
411450,24.0,24.0,2016
411460,82.0,18.0,2016
411500,23.0,22.0,2016
411520,1463.0,751.0,2016
411535,29.0,18.0,2016
411540,62.0,47.0,2016
411550,21.0,21.0,2016
411560,48.0,33.0,2016
411570,9.0,9.0,2016
411580,178.0,76.0,2016
411600,10.0,10.0,2016
411605,45.0,24.0,2016
411620,31.0,31.0,2016
411670,33.0,25.0,2016
411680,22.0,20.0,2016
411690,59.0,56.0,2016
411695,12.0,12.0,2016
411700,16.0,14.0,2016
411710,32.0,30.0,2016
411720,16.0,16.0,2016
411722,9.0,6.0,2016
411725,17.0,16.0,2016
411727,32.0,32.0,2016
411730,30.0,26.0,2016
411740,12.0,12.0,2016
411750,22.0,22.0,2016
411760,91.0,90.0,2016
411770,147.0,118.0,2016
411790,69.0,31.0,2016
411800,29.0,25.0,2016
411810,7.0,7.0,2016
411820,223.0,138.0,2016
411830,15.0,15.0,2016
411840,177.0,110.0,2016
411845,25.0,15.0,2016
411850,265.0,205.0,2016
411870,12.0,12.0,2016
411890,19.0,19.0,2016
411910,49.0,48.0,2016
411915,295.0,281.0,2016
411920,27.0,17.0,2016
411930,91.0,82.0,2016
411940,26.0,26.0,2016
411950,552.0,474.0,2016
411960,91.0,81.0,2016
411970,15.0,15.0,2016
411980,47.0,41.0,2016
411990,830.0,603.0,2016
412000,49.0,49.0,2016
412020,10.0,10.0,2016
412033,20.0,20.0,2016
412035,48.0,40.0,2016
412040,18.0,18.0,2016
412050,24.0,24.0,2016
412060,123.0,105.0,2016
412070,28.0,26.0,2016
412085,13.0,,2016
412090,47.0,31.0,2016
412100,26.0,25.0,2016
412120,25.0,25.0,2016
412130,16.0,16.0,2016
412140,29.0,16.0,2016
412150,56.0,52.0,2016
412170,39.0,32.0,2016
412180,55.0,49.0,2016
412190,49.0,44.0,2016
412200,47.0,32.0,2016
412220,30.0,30.0,2016
412230,30.0,27.0,2016
412240,213.0,197.0,2016
412250,31.0,31.0,2016
412260,31.0,24.0,2016
412265,34.0,34.0,2016
412290,20.0,20.0,2016
412300,24.0,24.0,2016
412310,15.0,15.0,2016
412350,59.0,12.0,2016
412370,27.0,19.0,2016
412380,32.0,32.0,2016
412385,53.0,53.0,2016
412390,36.0,36.0,2016
412400,20.0,20.0,2016
412410,163.0,130.0,2016
412420,10.0,10.0,2016
412430,13.0,13.0,2016
412440,27.0,22.0,2016
412460,16.0,15.0,2016
412470,20.0,20.0,2016
412490,17.0,17.0,2016
412500,20.0,20.0,2016
412510,25.0,24.0,2016
412520,28.0,23.0,2016
412530,30.0,27.0,2016
412535,22.0,22.0,2016
412540,18.0,18.0,2016
412545,22.0,19.0,2016
412550,245.0,192.0,2016
412560,50.0,38.0,2016
412570,24.0,15.0,2016
412580,25.0,23.0,2016
412600,25.0,25.0,2016
412620,31.0,31.0,2016
412625,167.0,115.0,2016
412630,39.0,36.0,2016
412640,23.0,23.0,2016
412650,27.0,27.0,2016
412660,54.0,35.0,2016
412667,21.0,21.0,2016
412670,9.0,9.0,2016
412680,3.0,3.0,2016
412700,17.0,17.0,2016
412710,169.0,100.0,2016
412720,65.0,63.0,2016
412730,29.0,25.0,2016
412740,21.0,14.0,2016
412750,30.0,30.0,2016
412760,16.0,16.0,2016
412770,314.0,141.0,2016
412780,66.0,50.0,2016
412785,34.0,34.0,2016
412788,6.0,6.0,2016
412790,22.0,22.0,2016
412795,23.0,23.0,2016
412796,53.0,49.0,2016
412800,102.0,51.0,2016
412810,674.0,496.0,2016
412820,223.0,109.0,2016
412840,45.0,38.0,2016
412850,33.0,32.0,2016
412853,3.0,3.0,2016
412855,27.0,26.0,2016
412860,20.0,18.0,2016
420010,43.0,38.0,2016
420020,21.0,17.0,2016
420040,31.0,23.0,2016
420070,24.0,19.0,2016
420090,51.0,45.0,2016
420100,39.0,35.0,2016
420110,48.0,15.0,2016
420127,21.0,14.0,2016
420140,117.0,117.0,2016
420150,32.0,23.0,2016
420160,18.0,11.0,2016
420190,14.0,13.0,2016
420200,286.0,105.0,2016
420220,25.0,21.0,2016
420230,86.0,86.0,2016
420240,691.0,360.0,2016
420243,52.0,16.0,2016
420250,18.0,18.0,2016
420260,50.0,43.0,2016
420280,73.0,53.0,2016
420290,248.0,158.0,2016
420300,120.0,73.0,2016
420310,32.0,29.0,2016
420320,234.0,37.0,2016
420330,32.0,21.0,2016
420340,32.0,26.0,2016
420350,42.0,28.0,2016
420360,89.0,79.0,2016
420370,20.0,20.0,2016
420380,81.0,56.0,2016
420390,63.0,52.0,2016
420400,33.0,23.0,2016
420410,28.0,21.0,2016
420420,374.0,250.0,2016
420430,184.0,109.0,2016
420440,30.0,23.0,2016
420455,27.0,27.0,2016
420460,644.0,423.0,2016
420470,46.0,32.0,2016
420480,126.0,93.0,2016
420490,37.0,33.0,2016
420500,48.0,32.0,2016
420520,35.0,21.0,2016
420530,50.0,45.0,2016
420540,1422.0,961.0,2016
420550,51.0,48.0,2016
420580,34.0,14.0,2016
420590,100.0,73.0,2016
420630,16.0,13.0,2016
420640,43.0,41.0,2016
420650,50.0,50.0,2016
420660,18.0,13.0,2016
420680,38.0,25.0,2016
420690,77.0,77.0,2016
420700,81.0,74.0,2016
420720,35.0,32.0,2016
420730,73.0,57.0,2016
420740,15.0,14.0,2016
420750,109.0,74.0,2016
420760,27.0,19.0,2016
420765,25.0,24.0,2016
420770,11.0,9.0,2016
420780,44.0,41.0,2016
420790,21.0,15.0,2016
420800,36.0,21.0,2016
420810,46.0,43.0,2016
420820,415.0,344.0,2016
420830,20.0,20.0,2016
420840,50.0,39.0,2016
420845,1.0,1.0,2016
420850,58.0,43.0,2016
420870,38.0,28.0,2016
420880,39.0,34.0,2016
420890,319.0,231.0,2016
420900,169.0,97.0,2016
420910,1060.0,766.0,2016
420930,453.0,351.0,2016
420940,108.0,89.0,2016
420960,39.0,39.0,2016
420970,45.0,45.0,2016
420985,59.0,53.0,2016
421000,39.0,38.0,2016
421003,80.0,78.0,2016
421010,104.0,77.0,2016
421030,37.0,31.0,2016
421050,81.0,73.0,2016
421060,28.0,28.0,2016
421080,50.0,32.0,2016
421090,31.0,24.0,2016
421100,48.0,34.0,2016
421105,16.0,16.0,2016
421110,22.0,20.0,2016
421120,107.0,89.0,2016
421130,39.0,36.0,2016
421140,25.0,17.0,2016
421150,51.0,51.0,2016
421160,53.0,43.0,2016
421170,52.0,33.0,2016
421175,50.0,40.0,2016
421190,34.0,,2016
421200,36.0,30.0,2016
421210,71.0,61.0,2016
421220,35.0,30.0,2016
421250,26.0,26.0,2016
421260,32.0,26.0,2016
421270,22.0,20.0,2016
421290,42.0,27.0,2016
421320,58.0,35.0,2016
421330,55.0,45.0,2016
421340,64.0,54.0,2016
421360,91.0,70.0,2016
421370,41.0,34.0,2016
421380,50.0,48.0,2016
421400,44.0,42.0,2016
421420,47.0,41.0,2016
421450,30.0,29.0,2016
421470,91.0,81.0,2016
421480,264.0,178.0,2016
421490,32.0,26.0,2016
421500,120.0,104.0,2016
421530,43.0,40.0,2016
421540,16.0,14.0,2016
421550,122.0,101.0,2016
421570,52.0,50.0,2016
421580,95.0,47.0,2016
421590,24.0,18.0,2016
421600,62.0,38.0,2016
421620,37.0,37.0,2016
421625,32.0,21.0,2016
421630,30.0,30.0,2016
421650,104.0,86.0,2016
421660,1017.0,745.0,2016
421670,33.0,28.0,2016
421680,25.0,25.0,2016
421690,56.0,44.0,2016
421710,24.0,21.0,2016
421720,174.0,82.0,2016
421725,93.0,93.0,2016
421730,28.0,24.0,2016
421750,51.0,33.0,2016
421770,65.0,45.0,2016
421780,48.0,43.0,2016
421790,54.0,40.0,2016
421800,64.0,39.0,2016
421810,28.0,21.0,2016
421820,100.0,80.0,2016
421830,52.0,40.0,2016
421840,34.0,32.0,2016
421860,68.0,55.0,2016
421870,418.0,250.0,2016
421875,37.0,31.0,2016
421880,65.0,39.0,2016
421890,50.0,40.0,2016
421900,116.0,87.0,2016
421910,21.0,17.0,2016
421920,21.0,20.0,2016
421930,106.0,52.0,2016
421935,17.0,15.0,2016
421940,21.0,21.0,2016
421950,151.0,120.0,2016
421960,23.0,16.0,2016
421970,60.0,37.0,2016
430003,42.0,33.0,2016
430010,62.0,50.0,2016
430020,49.0,39.0,2016
430030,38.0,34.0,2016
430040,168.0,121.0,2016
430045,13.0,13.0,2016
430050,27.0,22.0,2016
430060,119.0,83.0,2016
430063,11.0,11.0,2016
430064,28.0,25.0,2016
430070,40.0,25.0,2016
430080,50.0,34.0,2016
430090,36.0,31.0,2016
430100,88.0,79.0,2016
430110,13.0,12.0,2016
430120,76.0,60.0,2016
430130,48.0,36.0,2016
430140,51.0,33.0,2016
430150,50.0,43.0,2016
430160,297.0,166.0,2016
430165,24.0,21.0,2016
430180,8.0,6.0,2016
430210,298.0,132.0,2016
430220,40.0,27.0,2016
430230,52.0,50.0,2016
430235,43.0,27.0,2016
430240,50.0,33.0,2016
430245,39.0,29.0,2016
430260,35.0,25.0,2016
430265,17.0,14.0,2016
430270,29.0,29.0,2016
430280,79.0,58.0,2016
430290,36.0,30.0,2016
430300,212.0,114.0,2016
430310,63.0,63.0,2016
430320,10.0,10.0,2016
430330,40.0,30.0,2016
430340,31.0,15.0,2016
430350,149.0,122.0,2016
430360,32.0,32.0,2016
430370,55.0,46.0,2016
430380,41.0,39.0,2016
430390,81.0,68.0,2016
430400,35.0,30.0,2016
430410,15.0,10.0,2016
430420,105.0,76.0,2016
430430,39.0,32.0,2016
430440,61.0,52.0,2016
430450,104.0,86.0,2016
430460,813.0,618.0,2016
430463,71.0,58.0,2016
430470,143.0,85.0,2016
430480,99.0,60.0,2016
430490,33.0,22.0,2016
430500,10.0,10.0,2016
430510,1231.0,577.0,2016
430513,31.0,23.0,2016
430520,55.0,34.0,2016
430530,49.0,36.0,2016
430535,116.0,116.0,2016
430540,30.0,25.0,2016
430550,31.0,26.0,2016
430570,18.0,16.0,2016
430580,23.0,18.0,2016
430590,52.0,36.0,2016
430600,57.0,41.0,2016
430610,281.0,123.0,2016
430620,35.0,31.0,2016
430630,32.0,24.0,2016
430640,64.0,50.0,2016
430645,50.0,35.0,2016
430650,25.0,20.0,2016
430660,120.0,79.0,2016
430673,13.0,13.0,2016
430680,100.0,33.0,2016
430690,53.0,35.0,2016
430692,21.0,18.0,2016
430700,279.0,159.0,2016
430710,30.0,30.0,2016
430720,31.0,31.0,2016
430730,22.0,22.0,2016
430750,94.0,76.0,2016
430755,42.0,23.0,2016
430760,61.0,55.0,2016
430770,147.0,147.0,2016
430780,99.0,71.0,2016
430790,102.0,63.0,2016
430800,56.0,51.0,2016
430810,43.0,34.0,2016
430820,50.0,30.0,2016
430830,32.0,30.0,2016
430840,24.0,24.0,2016
430845,24.0,24.0,2016
430850,130.0,77.0,2016
430860,75.0,49.0,2016
430870,28.0,27.0,2016
430890,89.0,70.0,2016
430900,50.0,36.0,2016
430910,91.0,58.0,2016
430920,189.0,119.0,2016
430925,4.0,4.0,2016
430930,24.0,,2016
430940,71.0,46.0,2016
430950,45.0,36.0,2016
430960,112.0,83.0,2016
430970,34.0,23.0,2016
430980,30.0,20.0,2016
430990,10.0,10.0,2016
431000,41.0,25.0,2016
431010,70.0,55.0,2016
431020,298.0,127.0,2016
431030,49.0,29.0,2016
431050,64.0,49.0,2016
431060,79.0,77.0,2016
431070,13.0,13.0,2016
431075,24.0,19.0,2016
431080,46.0,39.0,2016
431085,50.0,46.0,2016
431090,19.0,13.0,2016
431100,62.0,48.0,2016
431110,51.0,32.0,2016
431112,5.0,5.0,2016
431115,3.0,3.0,2016
431120,67.0,49.0,2016
431125,14.0,14.0,2016
431130,71.0,47.0,2016
431140,150.0,105.0,2016
431150,28.0,22.0,2016
431160,12.0,12.0,2016
431170,36.0,27.0,2016
431180,103.0,57.0,2016
431190,56.0,29.0,2016
431205,44.0,34.0,2016
431210,39.0,28.0,2016
431220,39.0,37.0,2016
431240,239.0,159.0,2016
431245,19.0,19.0,2016
431250,29.0,29.0,2016
431260,31.0,25.0,2016
431265,74.0,51.0,2016
431270,94.0,71.0,2016
431275,7.0,7.0,2016
431290,20.0,12.0,2016
431300,37.0,25.0,2016
431310,52.0,36.0,2016
431320,39.0,30.0,2016
431330,78.0,50.0,2016
431340,460.0,279.0,2016
431350,94.0,72.0,2016
431360,49.0,44.0,2016
431365,39.0,30.0,2016
431370,107.0,85.0,2016
431380,51.0,43.0,2016
431390,80.0,61.0,2016
431400,39.0,29.0,2016
431402,32.0,30.0,2016
431405,99.0,99.0,2016
431410,1088.0,719.0,2016
431417,9.0,9.0,2016
431420,50.0,44.0,2016
431430,16.0,15.0,2016
431440,1158.0,800.0,2016
431447,30.0,18.0,2016
431450,59.0,59.0,2016
431460,133.0,112.0,2016
431470,50.0,44.0,2016
431480,52.0,50.0,2016
431490,7136.0,4479.0,2016
431500,50.0,40.0,2016
431510,58.0,35.0,2016
431515,49.0,44.0,2016
431520,30.0,25.0,2016
431530,62.0,51.0,2016
431535,19.0,14.0,2016
431540,39.0,33.0,2016
431550,51.0,41.0,2016
431560,700.0,592.0,2016
431570,93.0,93.0,2016
431575,33.0,30.0,2016
431580,38.0,26.0,2016
431590,51.0,39.0,2016
431600,52.0,50.0,2016
431610,111.0,92.0,2016
431620,32.0,23.0,2016
431630,34.0,34.0,2016
431640,96.0,69.0,2016
431643,16.0,16.0,2016
431645,32.0,23.0,2016
431650,32.0,25.0,2016
431660,73.0,52.0,2016
431670,50.0,40.0,2016
431680,312.0,187.0,2016
431690,941.0,465.0,2016
431700,33.0,27.0,2016
431710,204.0,98.0,2016
431720,209.0,119.0,2016
431730,65.0,53.0,2016
431740,168.0,101.0,2016
431750,224.0,141.0,2016
431760,82.0,82.0,2016
431780,72.0,50.0,2016
431790,64.0,49.0,2016
431800,104.0,77.0,2016
431805,5.0,5.0,2016
431810,60.0,45.0,2016
431820,65.0,59.0,2016
431830,177.0,128.0,2016
431840,100.0,78.0,2016
431843,20.0,16.0,2016
431846,31.0,31.0,2016
431849,30.0,19.0,2016
431850,51.0,51.0,2016
431860,53.0,40.0,2016
431870,259.0,221.0,2016
431880,189.0,139.0,2016
431890,122.0,99.0,2016
431900,77.0,45.0,2016
431910,39.0,25.0,2016
431915,38.0,30.0,2016
431930,36.0,25.0,2016
431940,54.0,45.0,2016
431950,89.0,53.0,2016
431960,64.0,55.0,2016
431980,41.0,40.0,2016
431990,126.0,92.0,2016
432000,138.0,138.0,2016
432010,81.0,67.0,2016
432020,50.0,40.0,2016
432026,35.0,32.0,2016
432030,32.0,20.0,2016
432040,53.0,34.0,2016
432045,10.0,10.0,2016
432050,50.0,30.0,2016
432060,31.0,26.0,2016
432065,11.0,11.0,2016
432067,48.0,31.0,2016
432070,152.0,108.0,2016
432080,117.0,82.0,2016
432090,92.0,67.0,2016
432100,35.0,22.0,2016
432110,49.0,39.0,2016
432120,89.0,71.0,2016
432130,81.0,64.0,2016
432132,16.0,16.0,2016
432140,121.0,93.0,2016
432145,78.0,61.0,2016
432150,78.0,70.0,2016
432160,94.0,94.0,2016
432163,31.0,27.0,2016
432170,50.0,45.0,2016
432180,69.0,41.0,2016
432190,104.0,69.0,2016
432195,35.0,33.0,2016
432200,50.0,36.0,2016
432210,34.0,25.0,2016
432220,91.0,63.0,2016
432230,37.0,26.0,2016
432240,196.0,150.0,2016
432250,149.0,105.0,2016
432253,39.0,29.0,2016
432260,128.0,91.0,2016
432270,35.0,31.0,2016
432280,64.0,42.0,2016
432290,50.0,33.0,2016
432300,347.0,275.0,2016
432310,27.0,27.0,2016
432320,5.0,5.0,2016
432340,18.0,16.0,2016
432370,23.0,18.0,2016
500020,17.0,17.0,2016
500060,127.0,40.0,2016
500070,26.0,24.0,2016
500080,12.0,8.0,2016
500085,26.0,6.0,2016
500090,7.0,7.0,2016
500100,64.0,46.0,2016
500110,149.0,117.0,2016
500124,11.0,11.0,2016
500150,12.0,12.0,2016
500190,35.0,15.0,2016
500200,17.0,11.0,2016
500210,32.0,28.0,2016
500215,8.0,8.0,2016
500220,30.0,27.0,2016
500230,20.0,11.0,2016
500240,35.0,25.0,2016
500260,18.0,15.0,2016
500270,2265.0,1380.0,2016
500280,8.0,4.0,2016
500290,64.0,37.0,2016
500295,62.0,54.0,2016
500310,2.0,2.0,2016
500315,9.0,9.0,2016
500320,185.0,138.0,2016
500325,66.0,43.0,2016
500330,93.0,65.0,2016
500345,32.0,32.0,2016
500348,19.0,19.0,2016
500370,611.0,387.0,2016
500375,2.0,2.0,2016
500380,97.0,51.0,2016
500390,10.0,10.0,2016
500400,12.0,8.0,2016
500410,26.0,12.0,2016
500430,34.0,25.0,2016
500440,8.0,8.0,2016
500450,14.0,14.0,2016
500460,27.0,14.0,2016
500470,67.0,46.0,2016
500500,43.0,27.0,2016
500510,21.0,19.0,2016
500515,9.0,9.0,2016
500520,10.0,,2016
500525,6.0,6.0,2016
500540,50.0,44.0,2016
500560,23.0,23.0,2016
500568,36.0,36.0,2016
500570,95.0,84.0,2016
500580,6.0,6.0,2016
500600,18.0,18.0,2016
500620,122.0,87.0,2016
500625,15.0,15.0,2016
500630,191.0,112.0,2016
500635,10.0,10.0,2016
500640,8.0,8.0,2016
500660,154.0,104.0,2016
500690,16.0,16.0,2016
500710,16.0,16.0,2016
500720,43.0,38.0,2016
500730,20.0,6.0,2016
500740,29.0,29.0,2016
500750,9.0,9.0,2016
500755,8.0,8.0,2016
500769,58.0,34.0,2016
500770,64.0,18.0,2016
500790,39.0,27.0,2016
500793,22.0,10.0,2016
500795,8.0,8.0,2016
500797,4.0,4.0,2016
500830,199.0,114.0,2016
500840,5.0,5.0,2016
510020,98.0,50.0,2016
510025,129.0,66.0,2016
510030,98.0,79.0,2016
510060,30.0,24.0,2016
510080,28.0,28.0,2016
510100,12.0,12.0,2016
510125,19.0,16.0,2016
510130,34.0,33.0,2016
510140,33.0,33.0,2016
510160,11.0,11.0,2016
510170,69.0,69.0,2016
510180,104.0,68.0,2016
510190,31.0,31.0,2016
510250,224.0,186.0,2016
510260,21.0,21.0,2016
510263,31.0,30.0,2016
510267,56.0,25.0,2016
510268,16.0,16.0,2016
510270,53.0,31.0,2016
510300,34.0,34.0,2016
510305,23.0,14.0,2016
510310,16.0,16.0,2016
510320,112.0,83.0,2016
510325,40.0,28.0,2016
510330,42.0,31.0,2016
510335,46.0,46.0,2016
510337,33.0,33.0,2016
510340,1922.0,1185.0,2016
510345,24.0,24.0,2016
510350,47.0,47.0,2016
510360,20.0,15.0,2016
510385,17.0,17.0,2016
510390,15.0,15.0,2016
510410,50.0,36.0,2016
510420,22.0,18.0,2016
510455,16.0,16.0,2016
510460,35.0,35.0,2016
510480,61.0,30.0,2016
510500,37.0,32.0,2016
510510,69.0,33.0,2016
510515,151.0,85.0,2016
510517,19.0,19.0,2016
510520,17.0,13.0,2016
510525,126.0,95.0,2016
510550,28.0,24.0,2016
510558,21.0,21.0,2016
510560,43.0,25.0,2016
510562,84.0,39.0,2016
510590,41.0,34.0,2016
510600,35.0,30.0,2016
510610,14.0,14.0,2016
510615,15.0,15.0,2016
510620,13.0,13.0,2016
510622,39.0,27.0,2016
510623,65.0,42.0,2016
510625,25.0,25.0,2016
510627,16.0,16.0,2016
510628,26.0,26.0,2016
510629,32.0,32.0,2016
510630,35.0,35.0,2016
510637,28.0,28.0,2016
510642,58.0,58.0,2016
510650,64.0,58.0,2016
510670,21.0,21.0,2016
510675,76.0,56.0,2016
510677,18.0,18.0,2016
510680,20.0,20.0,2016
510700,96.0,77.0,2016
510704,120.0,54.0,2016
510706,31.0,26.0,2016
510710,49.0,43.0,2016
510718,28.0,28.0,2016
510719,15.0,15.0,2016
510720,18.0,18.0,2016
510730,37.0,25.0,2016
510735,17.0,,2016
510760,446.0,362.0,2016
510770,63.0,55.0,2016
510775,14.0,14.0,2016
510777,22.0,22.0,2016
510780,20.0,20.0,2016
510785,44.0,44.0,2016
510787,49.0,40.0,2016
510790,296.0,158.0,2016
510792,172.0,108.0,2016
510794,15.0,15.0,2016
510795,148.0,93.0,2016
510800,21.0,21.0,2016
510805,37.0,37.0,2016
510810,14.0,14.0,2016
510820,23.0,22.0,2016
510835,5.0,5.0,2016
510840,337.0,290.0,2016
510860,24.0,24.0,2016
510885,8.0,8.0,2016
510890,6.0,6.0,2016
510895,13.0,13.0,2016
520013,42.0,38.0,2016
520025,39.0,39.0,2016
520030,34.0,34.0,2016
520050,14.0,14.0,2016
520060,8.0,8.0,2016
520080,32.0,32.0,2016
520085,17.0,17.0,2016
520090,16.0,16.0,2016
520110,1076.0,780.0,2016
520130,50.0,50.0,2016
520140,770.0,594.0,2016
520150,19.0,19.0,2016
520160,17.0,17.0,2016
520170,53.0,53.0,2016
520180,16.0,16.0,2016
520215,10.0,10.0,2016
520235,13.0,13.0,2016
520250,15.0,15.0,2016
520280,12.0,12.0,2016
520320,22.0,22.0,2016
520330,36.0,30.0,2016
520340,23.0,23.0,2016
520350,18.0,18.0,2016
520380,23.0,23.0,2016
520390,32.0,25.0,2016
520393,14.0,14.0,2016
520400,16.0,16.0,2016
520410,26.0,26.0,2016
520425,20.0,20.0,2016
520430,36.0,28.0,2016
520440,35.0,23.0,2016
520450,130.0,85.0,2016
520465,19.0,19.0,2016
520470,16.0,16.0,2016
520480,18.0,18.0,2016
520490,48.0,34.0,2016
520495,42.0,42.0,2016
520500,17.0,17.0,2016
520505,15.0,15.0,2016
520510,310.0,205.0,2016
520520,18.0,18.0,2016
520530,15.0,15.0,2016
520540,319.0,128.0,2016
520545,15.0,15.0,2016
520547,25.0,25.0,2016
520549,57.0,24.0,2016
520551,22.0,22.0,2016
520552,15.0,15.0,2016
520570,16.0,16.0,2016
520580,24.0,13.0,2016
520590,26.0,26.0,2016
520620,61.0,44.0,2016
520630,8.0,8.0,2016
520640,104.0,75.0,2016
520650,11.0,11.0,2016
520660,14.0,14.0,2016
520670,13.0,13.0,2016
520680,14.0,14.0,2016
520710,16.0,16.0,2016
520725,24.0,24.0,2016
520735,5.0,5.0,2016
520740,40.0,19.0,2016
520750,22.0,22.0,2016
520753,15.0,15.0,2016
520760,20.0,20.0,2016
520780,37.0,26.0,2016
520790,7.0,7.0,2016
520800,133.0,88.0,2016
520810,25.0,25.0,2016
520830,24.0,24.0,2016
520840,18.0,18.0,2016
520850,33.0,26.0,2016
520860,309.0,222.0,2016
520870,6713.0,3250.0,2016
520880,44.0,28.0,2016
520890,111.0,51.0,2016
520910,129.0,59.0,2016
520960,19.0,19.0,2016
520970,21.0,21.0,2016
520980,28.0,28.0,2016
520990,16.0,16.0,2016
520993,16.0,16.0,2016
520995,51.0,20.0,2016
521000,200.0,91.0,2016
521010,76.0,60.0,2016
521020,119.0,52.0,2016
521030,9.0,9.0,2016
521040,71.0,64.0,2016
521060,19.0,19.0,2016
521080,18.0,18.0,2016
521090,66.0,61.0,2016
521100,23.0,23.0,2016
521120,133.0,81.0,2016
521130,17.0,17.0,2016
521140,18.0,18.0,2016
521150,238.0,119.0,2016
521160,10.0,10.0,2016
521170,13.0,13.0,2016
521180,97.0,82.0,2016
521190,160.0,98.0,2016
521200,10.0,10.0,2016
521210,16.0,16.0,2016
521220,68.0,30.0,2016
521230,29.0,29.0,2016
521250,125.0,44.0,2016
521260,18.0,18.0,2016
521270,16.0,16.0,2016
521280,32.0,18.0,2016
521290,29.0,29.0,2016
521295,14.0,14.0,2016
521300,12.0,12.0,2016
521308,81.0,28.0,2016
521310,266.0,91.0,2016
521350,16.0,16.0,2016
521370,30.0,30.0,2016
521375,13.0,13.0,2016
521380,110.0,78.0,2016
521385,19.0,19.0,2016
521390,20.0,20.0,2016
521400,20.0,20.0,2016
521405,18.0,18.0,2016
521410,19.0,19.0,2016
521440,16.0,16.0,2016
521450,104.0,69.0,2016
521460,105.0,89.0,2016
521470,4.0,4.0,2016
521483,45.0,45.0,2016
521500,18.0,18.0,2016
521520,11.0,11.0,2016
521530,29.0,20.0,2016
521550,31.0,31.0,2016
521560,33.0,28.0,2016
521565,19.0,19.0,2016
521570,33.0,6.0,2016
521580,14.0,14.0,2016
521590,19.0,19.0,2016
521630,30.0,30.0,2016
521640,20.0,20.0,2016
521680,23.0,17.0,2016
521710,70.0,60.0,2016
521720,28.0,28.0,2016
521730,48.0,42.0,2016
521740,41.0,41.0,2016
521760,72.0,70.0,2016
521770,50.0,22.0,2016
521800,115.0,58.0,2016
521810,17.0,17.0,2016
521830,54.0,52.0,2016
521850,136.0,51.0,2016
521860,24.0,24.0,2016
521878,8.0,8.0,2016
521880,371.0,217.0,2016
521890,108.0,104.0,2016
521900,17.0,17.0,2016
521910,15.0,15.0,2016
521920,12.0,12.0,2016
521925,15.0,15.0,2016
521930,156.0,136.0,2016
521950,16.0,16.0,2016
521960,17.0,17.0,2016
521970,38.0,38.0,2016
521973,19.0,19.0,2016
521975,178.0,27.0,2016
521980,22.0,22.0,2016
522000,26.0,26.0,2016
522010,99.0,50.0,2016
522015,10.0,10.0,2016
522020,95.0,80.0,2016
522026,10.0,10.0,2016
522040,50.0,50.0,2016
522045,87.0,79.0,2016
522050,21.0,21.0,2016
522060,40.0,40.0,2016
522068,16.0,16.0,2016
522100,41.0,20.0,2016
522130,6.0,,2016
522140,519.0,421.0,2016
522145,15.0,15.0,2016
522150,17.0,17.0,2016
522155,14.0,14.0,2016
522160,86.0,37.0,2016
522170,27.0,20.0,2016
522185,67.0,30.0,2016
522200,40.0,32.0,2016
522205,16.0,16.0,2016
522220,13.0,13.0,2016
530010,6327.0,4168.0,2016
110001,49.0,43.0,2017
110002,210.0,123.0,2017
110003,8.0,8.0,2017
110004,380.0,283.0,2017
110005,40.0,40.0,2017
110006,61.0,60.0,2017
110007,16.0,16.0,2017
110008,45.0,45.0,2017
110009,54.0,36.0,2017
110010,97.0,88.0,2017
110011,105.0,85.0,2017
110012,308.0,193.0,2017
110013,44.0,44.0,2017
110014,44.0,44.0,2017
110015,87.0,45.0,2017
110018,58.0,46.0,2017
110020,1646.0,1161.0,2017
110025,45.0,45.0,2017
110026,12.0,12.0,2017
110028,94.0,78.0,2017
110029,25.0,25.0,2017
110030,212.0,188.0,2017
110032,44.0,44.0,2017
110033,20.0,20.0,2017
110034,35.0,35.0,2017
110037,16.0,16.0,2017
110040,15.0,15.0,2017
110045,66.0,32.0,2017
110050,18.0,18.0,2017
110060,26.0,26.0,2017
110070,19.0,19.0,2017
110080,15.0,15.0,2017
110090,7.0,7.0,2017
110092,10.0,10.0,2017
110094,11.0,11.0,2017
110100,22.0,21.0,2017
110110,20.0,20.0,2017
110120,16.0,16.0,2017
110130,33.0,25.0,2017
110140,40.0,40.0,2017
110143,15.0,15.0,2017
110145,8.0,8.0,2017
110146,9.0,9.0,2017
110148,7.0,7.0,2017
110149,31.0,31.0,2017
110150,36.0,36.0,2017
110155,9.0,9.0,2017
110160,13.0,13.0,2017
110170,25.0,25.0,2017
110175,12.0,12.0,2017
110180,16.0,16.0,2017
120001,16.0,16.0,2017
120005,13.0,13.0,2017
120010,42.0,42.0,2017
120020,150.0,150.0,2017
120030,41.0,41.0,2017
120032,10.0,10.0,2017
120033,25.0,25.0,2017
120034,23.0,23.0,2017
120035,13.0,13.0,2017
120038,52.0,52.0,2017
120039,14.0,14.0,2017
120040,865.0,710.0,2017
120042,16.0,16.0,2017
120043,16.0,16.0,2017
120045,30.0,30.0,2017
120050,54.0,54.0,2017
120060,42.0,42.0,2017
120070,30.0,30.0,2017
130002,22.0,22.0,2017
130006,19.0,19.0,2017
130008,20.0,20.0,2017
130010,23.0,23.0,2017
130014,42.0,42.0,2017
130020,30.0,30.0,2017
130030,31.0,31.0,2017
130040,26.0,26.0,2017
130050,31.0,31.0,2017
130060,34.0,34.0,2017
130063,13.0,13.0,2017
130068,20.0,20.0,2017
130070,61.0,61.0,2017
130080,38.0,38.0,2017
130083,16.0,16.0,2017
130090,16.0,16.0,2017
130100,50.0,50.0,2017
130110,20.0,20.0,2017
130120,105.0,101.0,2017
130130,47.0,47.0,2017
130140,80.0,80.0,2017
130150,21.0,21.0,2017
130160,58.0,58.0,2017
130165,19.0,19.0,2017
130170,41.0,41.0,2017
130180,26.0,26.0,2017
130185,32.0,32.0,2017
130190,108.0,108.0,2017
130195,15.0,15.0,2017
130200,18.0,18.0,2017
130210,20.0,20.0,2017
130220,20.0,20.0,2017
130230,18.0,18.0,2017
130240,50.0,50.0,2017
130250,72.0,72.0,2017
130255,20.0,20.0,2017
130260,3417.0,2662.0,2017
130270,60.0,60.0,2017
130280,19.0,19.0,2017
130290,90.0,90.0,2017
130300,30.0,30.0,2017
130310,31.0,31.0,2017
130320,23.0,22.0,2017
130330,31.0,31.0,2017
130340,133.0,133.0,2017
130350,26.0,26.0,2017
130353,29.0,29.0,2017
130356,29.0,29.0,2017
130360,20.0,20.0,2017
130370,52.0,24.0,2017
130380,103.0,97.0,2017
130390,20.0,20.0,2017
130395,20.0,20.0,2017
130400,20.0,20.0,2017
130406,51.0,51.0,2017
130410,35.0,35.0,2017
130420,109.0,97.0,2017
130423,33.0,33.0,2017
130426,20.0,20.0,2017
130430,40.0,40.0,2017
130440,32.0,32.0,2017
140005,12.0,12.0,2017
140010,744.0,683.0,2017
140015,14.0,8.0,2017
140020,24.0,24.0,2017
140023,16.0,16.0,2017
140028,7.0,7.0,2017
140030,22.0,14.0,2017
140040,20.0,19.0,2017
140045,13.0,7.0,2017
140047,37.0,37.0,2017
140050,15.0,15.0,2017
140060,17.0,14.0,2017
150010,263.0,195.0,2017
150013,17.0,17.0,2017
150020,33.0,33.0,2017
150030,30.0,30.0,2017
150034,40.0,40.0,2017
150040,127.0,100.0,2017
150050,87.0,87.0,2017
150060,297.0,186.0,2017
150070,20.0,20.0,2017
150080,916.0,693.0,2017
150085,33.0,33.0,2017
150090,77.0,60.0,2017
150095,58.0,58.0,2017
150110,15.0,15.0,2017
150120,30.0,30.0,2017
150125,10.0,10.0,2017
150130,108.0,90.0,2017
150140,4699.0,2515.0,2017
150145,20.0,20.0,2017
150150,56.0,56.0,2017
150157,31.0,31.0,2017
150170,358.0,278.0,2017
150172,33.0,33.0,2017
150175,24.0,24.0,2017
150178,44.0,44.0,2017
150180,157.0,157.0,2017
150190,43.0,43.0,2017
150200,20.0,20.0,2017
150210,183.0,156.0,2017
150215,77.0,50.0,2017
150220,248.0,146.0,2017
150230,190.0,147.0,2017
150240,385.0,283.0,2017
150250,9.0,9.0,2017
150260,8.0,8.0,2017
150270,198.0,182.0,2017
150275,25.0,25.0,2017
150276,11.0,11.0,2017
150277,50.0,50.0,2017
150280,26.0,26.0,2017
150290,27.0,27.0,2017
150293,81.0,75.0,2017
150295,41.0,41.0,2017
150300,10.0,10.0,2017
150304,20.0,20.0,2017
150307,5.0,5.0,2017
150309,24.0,24.0,2017
150310,23.0,23.0,2017
150320,45.0,45.0,2017
150330,133.0,128.0,2017
150340,19.0,19.0,2017
150345,55.0,55.0,2017
150350,42.0,42.0,2017
150360,431.0,124.0,2017
150370,61.0,53.0,2017
150375,24.0,24.0,2017
150380,180.0,37.0,2017
150390,57.0,39.0,2017
150400,20.0,20.0,2017
150405,52.0,52.0,2017
150420,268.0,212.0,2017
150430,27.0,27.0,2017
150440,18.0,18.0,2017
150442,160.0,116.0,2017
150445,41.0,41.0,2017
150450,15.0,15.0,2017
150460,27.0,27.0,2017
150470,50.0,50.0,2017
150480,83.0,56.0,2017
150490,26.0,26.0,2017
150495,32.0,32.0,2017
150497,14.0,14.0,2017
150503,42.0,34.0,2017
150506,54.0,54.0,2017
150510,80.0,78.0,2017
150520,15.0,15.0,2017
150530,79.0,64.0,2017
150540,24.0,24.0,2017
150543,67.0,65.0,2017
150548,34.0,29.0,2017
150549,20.0,20.0,2017
150550,209.0,117.0,2017
150553,385.0,165.0,2017
150555,22.0,22.0,2017
150563,20.0,20.0,2017
150565,29.0,29.0,2017
150570,20.0,20.0,2017
150580,29.0,29.0,2017
150590,49.0,49.0,2017
150600,20.0,20.0,2017
150613,281.0,187.0,2017
150616,54.0,29.0,2017
150618,148.0,135.0,2017
150619,27.0,27.0,2017
150620,40.0,40.0,2017
150630,19.0,19.0,2017
150640,15.0,15.0,2017
150650,60.0,60.0,2017
150655,16.0,16.0,2017
150658,23.0,23.0,2017
150660,37.0,37.0,2017
150670,61.0,61.0,2017
150680,507.0,432.0,2017
150700,100.0,83.0,2017
150710,20.0,20.0,2017
150715,48.0,21.0,2017
150720,31.0,31.0,2017
150730,142.0,91.0,2017
150745,41.0,41.0,2017
150747,24.0,24.0,2017
150750,19.0,19.0,2017
150760,63.0,63.0,2017
150770,32.0,32.0,2017
150775,11.0,11.0,2017
150780,15.0,15.0,2017
150790,48.0,48.0,2017
150795,40.0,40.0,2017
150797,21.0,21.0,2017
150800,171.0,150.0,2017
150803,15.0,15.0,2017
150805,21.0,21.0,2017
150808,99.0,87.0,2017
150810,263.0,181.0,2017
150812,89.0,88.0,2017
150815,61.0,58.0,2017
150820,35.0,35.0,2017
150830,65.0,65.0,2017
150835,31.0,31.0,2017
150840,154.0,62.0,2017
160005,30.0,30.0,2017
160010,37.0,37.0,2017
160015,15.0,15.0,2017
160020,20.0,20.0,2017
160023,12.0,12.0,2017
160027,73.0,47.0,2017
160030,474.0,432.0,2017
160040,14.0,14.0,2017
160050,41.0,41.0,2017
160053,34.0,34.0,2017
160060,115.0,95.0,2017
160070,17.0,17.0,2017
160080,8.0,8.0,2017
170070,23.0,23.0,2017
170100,14.0,14.0,2017
170190,17.0,17.0,2017
170200,29.0,29.0,2017
170210,554.0,430.0,2017
170220,25.0,25.0,2017
170230,27.0,27.0,2017
170240,45.0,45.0,2017
170255,93.0,93.0,2017
170370,5.0,5.0,2017
170550,69.0,69.0,2017
170610,7.0,7.0,2017
170700,39.0,39.0,2017
170710,15.0,15.0,2017
170720,9.0,9.0,2017
170730,5.0,5.0,2017
170765,5.0,5.0,2017
170820,40.0,40.0,2017
170900,10.0,10.0,2017
170930,57.0,57.0,2017
170950,215.0,101.0,2017
171050,27.0,27.0,2017
171190,30.0,30.0,2017
171320,68.0,68.0,2017
171330,26.0,26.0,2017
171360,5.0,5.0,2017
171420,9.0,9.0,2017
171430,31.0,31.0,2017
171575,24.0,24.0,2017
171610,104.0,94.0,2017
171620,24.0,24.0,2017
171650,31.0,31.0,2017
171660,22.0,22.0,2017
171670,21.0,21.0,2017
171700,6.0,6.0,2017
171750,5.0,5.0,2017
171790,7.0,7.0,2017
171820,150.0,150.0,2017
172065,19.0,19.0,2017
172090,47.0,47.0,2017
172100,641.0,433.0,2017
172120,40.0,40.0,2017
172210,28.0,28.0,2017
210005,243.0,121.0,2017
210010,15.0,15.0,2017
210020,24.0,24.0,2017
210030,25.0,25.0,2017
210043,48.0,48.0,2017
210047,69.0,69.0,2017
210050,54.0,22.0,2017
210060,76.0,71.0,2017
210070,25.0,25.0,2017
210080,16.0,16.0,2017
210083,15.0,15.0,2017
210087,17.0,17.0,2017
210090,117.0,117.0,2017
210095,58.0,58.0,2017
210100,59.0,50.0,2017
210110,20.0,20.0,2017
210120,226.0,205.0,2017
210130,23.0,23.0,2017
210140,189.0,163.0,2017
210150,31.0,31.0,2017
210160,157.0,131.0,2017
210170,52.0,47.0,2017
210177,15.0,15.0,2017
210180,15.0,15.0,2017
210190,18.0,18.0,2017
210193,15.0,15.0,2017
210197,15.0,15.0,2017
210200,36.0,36.0,2017
210203,25.0,25.0,2017
210210,16.0,16.0,2017
210220,35.0,35.0,2017
210230,44.0,44.0,2017
210232,84.0,84.0,2017
210240,19.0,19.0,2017
210250,20.0,20.0,2017
210255,21.0,21.0,2017
210260,10.0,10.0,2017
210270,59.0,59.0,2017
210275,12.0,12.0,2017
210280,53.0,53.0,2017
210290,38.0,38.0,2017
210300,312.0,305.0,2017
210310,15.0,15.0,2017
210312,15.0,15.0,2017
210320,130.0,98.0,2017
210325,21.0,21.0,2017
210330,114.0,114.0,2017
210340,120.0,100.0,2017
210350,163.0,163.0,2017
210355,15.0,15.0,2017
210360,76.0,76.0,2017
210370,99.0,93.0,2017
210375,14.0,14.0,2017
210380,29.0,29.0,2017
210390,26.0,26.0,2017
210400,44.0,44.0,2017
210405,61.0,53.0,2017
210407,20.0,20.0,2017
210408,18.0,18.0,2017
210409,13.0,13.0,2017
210410,31.0,31.0,2017
210420,17.0,17.0,2017
210440,29.0,29.0,2017
210450,24.0,24.0,2017
210455,23.0,23.0,2017
210460,30.0,30.0,2017
210462,22.0,22.0,2017
210465,21.0,21.0,2017
210467,204.0,200.0,2017
210470,18.0,18.0,2017
210480,188.0,186.0,2017
210490,36.0,32.0,2017
210500,30.0,30.0,2017
210510,34.0,34.0,2017
210515,37.0,37.0,2017
210520,37.0,37.0,2017
210530,877.0,618.0,2017
210535,17.0,17.0,2017
210540,69.0,69.0,2017
210542,76.0,76.0,2017
210545,16.0,16.0,2017
210547,17.0,17.0,2017
210550,62.0,62.0,2017
210560,22.0,22.0,2017
210565,16.0,16.0,2017
210570,144.0,98.0,2017
210580,20.0,20.0,2017
210590,45.0,45.0,2017
210592,42.0,42.0,2017
210594,20.0,20.0,2017
210596,32.0,32.0,2017
210600,38.0,38.0,2017
210610,20.0,20.0,2017
210620,9.0,9.0,2017
210630,20.0,20.0,2017
210632,11.0,11.0,2017
210637,18.0,18.0,2017
210640,23.0,23.0,2017
210650,17.0,17.0,2017
210660,71.0,59.0,2017
210663,25.0,25.0,2017
210667,9.0,9.0,2017
210670,20.0,20.0,2017
210675,52.0,44.0,2017
210680,22.0,22.0,2017
210690,83.0,83.0,2017
210700,30.0,30.0,2017
210710,20.0,20.0,2017
210720,15.0,15.0,2017
210725,14.0,14.0,2017
210730,15.0,15.0,2017
210735,37.0,37.0,2017
210740,20.0,20.0,2017
210745,50.0,50.0,2017
210750,17.0,17.0,2017
210760,36.0,36.0,2017
210770,48.0,48.0,2017
210780,68.0,68.0,2017
210790,116.0,116.0,2017
210800,27.0,27.0,2017
210805,20.0,20.0,2017
210810,39.0,35.0,2017
210820,114.0,88.0,2017
210825,34.0,34.0,2017
210830,71.0,71.0,2017
210840,27.0,27.0,2017
210845,52.0,48.0,2017
210850,40.0,40.0,2017
210860,221.0,215.0,2017
210870,35.0,35.0,2017
210880,18.0,18.0,2017
210890,39.0,39.0,2017
210900,79.0,75.0,2017
210910,197.0,193.0,2017
210920,15.0,15.0,2017
210927,15.0,15.0,2017
210930,22.0,22.0,2017
210940,14.0,14.0,2017
210945,48.0,32.0,2017
210950,50.0,50.0,2017
210960,123.0,113.0,2017
210970,9.0,9.0,2017
210975,17.0,17.0,2017
210980,54.0,54.0,2017
210990,295.0,275.0,2017
211000,86.0,86.0,2017
211003,78.0,78.0,2017
211010,42.0,42.0,2017
211020,42.0,35.0,2017
211023,16.0,16.0,2017
211027,15.0,15.0,2017
211030,30.0,30.0,2017
211040,24.0,24.0,2017
211050,50.0,50.0,2017
211060,27.0,27.0,2017
211065,20.0,20.0,2017
211070,41.0,37.0,2017
211080,18.0,18.0,2017
211085,24.0,24.0,2017
211090,18.0,18.0,2017
211100,50.0,50.0,2017
211102,35.0,19.0,2017
211105,16.0,16.0,2017
211107,19.0,19.0,2017
211110,54.0,52.0,2017
211120,143.0,72.0,2017
211125,13.0,13.0,2017
211130,3889.0,3124.0,2017
211140,29.0,29.0,2017
211150,49.0,49.0,2017
211153,26.0,26.0,2017
211157,18.0,18.0,2017
211160,23.0,19.0,2017
211163,16.0,16.0,2017
211170,56.0,56.0,2017
211172,36.0,36.0,2017
211174,20.0,20.0,2017
211178,20.0,20.0,2017
211180,30.0,30.0,2017
211190,20.0,20.0,2017
211195,16.0,16.0,2017
211200,16.0,16.0,2017
211210,48.0,48.0,2017
211220,120.0,115.0,2017
211223,29.0,29.0,2017
211227,17.0,17.0,2017
211230,50.0,50.0,2017
211240,52.0,52.0,2017
211250,52.0,52.0,2017
211260,37.0,37.0,2017
211270,41.0,41.0,2017
211280,73.0,73.0,2017
211285,21.0,21.0,2017
211290,50.0,46.0,2017
211300,48.0,44.0,2017
211400,77.0,77.0,2017
220010,15.0,15.0,2017
220020,20.0,20.0,2017
220025,12.0,12.0,2017
220030,14.0,14.0,2017
220040,37.0,37.0,2017
220050,45.0,45.0,2017
220060,11.0,11.0,2017
220070,10.0,10.0,2017
220090,6.0,6.0,2017
220100,4.0,4.0,2017
220110,18.0,18.0,2017
220115,6.0,6.0,2017
220120,74.0,70.0,2017
220140,25.0,25.0,2017
220150,33.0,33.0,2017
220160,15.0,15.0,2017
220170,4.0,4.0,2017
220180,21.0,21.0,2017
220190,50.0,50.0,2017
220191,6.0,6.0,2017
220196,10.0,10.0,2017
220200,27.0,27.0,2017
220202,16.0,16.0,2017
220220,230.0,230.0,2017
220225,4.0,4.0,2017
220230,23.0,23.0,2017
220240,9.0,9.0,2017
220250,11.0,11.0,2017
220260,46.0,46.0,2017
220270,23.0,23.0,2017
220277,7.0,7.0,2017
220280,45.0,45.0,2017
220290,45.0,45.0,2017
220300,25.0,25.0,2017
220310,21.0,21.0,2017
220320,34.0,34.0,2017
220330,21.0,21.0,2017
220335,7.0,7.0,2017
220350,34.0,34.0,2017
220360,8.0,8.0,2017
220370,70.0,50.0,2017
220380,2.0,2.0,2017
220390,195.0,178.0,2017
220400,14.0,14.0,2017
220410,4.0,4.0,2017
220420,14.0,14.0,2017
220430,25.0,25.0,2017
220440,9.0,9.0,2017
220450,32.0,32.0,2017
220470,11.0,11.0,2017
220480,15.0,15.0,2017
220490,20.0,20.0,2017
220500,21.0,21.0,2017
220510,26.0,26.0,2017
220520,35.0,31.0,2017
220530,7.0,7.0,2017
220540,17.0,17.0,2017
220545,6.0,6.0,2017
220550,24.0,24.0,2017
220553,13.0,13.0,2017
220555,10.0,10.0,2017
220560,8.0,8.0,2017
220570,45.0,45.0,2017
220580,61.0,61.0,2017
220585,7.0,7.0,2017
220590,11.0,11.0,2017
220595,38.0,38.0,2017
220610,15.0,15.0,2017
220620,22.0,20.0,2017
220640,13.0,13.0,2017
220650,20.0,20.0,2017
220660,25.0,25.0,2017
220670,6.0,6.0,2017
220680,9.0,9.0,2017
220690,12.0,12.0,2017
220700,135.0,90.0,2017
220720,81.0,81.0,2017
220730,8.0,8.0,2017
220740,12.0,12.0,2017
220750,11.0,11.0,2017
220760,17.0,17.0,2017
220770,564.0,483.0,2017
220780,75.0,72.0,2017
220790,70.0,49.0,2017
220800,417.0,365.0,2017
220810,16.0,16.0,2017
220820,35.0,35.0,2017
220830,65.0,65.0,2017
220840,105.0,105.0,2017
220850,17.0,17.0,2017
220855,3.0,3.0,2017
220860,16.0,16.0,2017
220870,19.0,19.0,2017
220880,29.0,29.0,2017
220890,17.0,17.0,2017
220900,2.0,2.0,2017
220910,31.0,30.0,2017
220920,10.0,10.0,2017
220937,16.0,8.0,2017
220950,7.0,7.0,2017
220960,20.0,20.0,2017
220970,7.0,7.0,2017
220980,12.0,12.0,2017
220987,14.0,14.0,2017
220990,12.0,12.0,2017
221000,75.0,75.0,2017
221010,6.0,6.0,2017
221020,8.0,8.0,2017
221030,29.0,29.0,2017
221040,44.0,39.0,2017
221050,41.0,41.0,2017
221060,276.0,273.0,2017
221065,16.0,,2017
221070,52.0,52.0,2017
221080,32.0,32.0,2017
221090,12.0,12.0,2017
221100,3080.0,2396.0,2017
221110,50.0,50.0,2017
221120,37.0,37.0,2017
221130,46.0,46.0,2017
221140,14.0,14.0,2017
221170,19.0,19.0,2017
230010,1.0,1.0,2017
230020,73.0,70.0,2017
230030,183.0,179.0,2017
230040,29.0,29.0,2017
230060,19.0,19.0,2017
230070,33.0,33.0,2017
230075,36.0,36.0,2017
230080,16.0,16.0,2017
230090,12.0,12.0,2017
230100,93.0,40.0,2017
230110,109.0,96.0,2017
230120,50.0,50.0,2017
230125,18.0,18.0,2017
230130,42.0,42.0,2017
230140,12.0,12.0,2017
230150,16.0,16.0,2017
230160,46.0,46.0,2017
230170,89.0,89.0,2017
230180,19.0,19.0,2017
230185,17.0,17.0,2017
230190,413.0,349.0,2017
230195,25.0,25.0,2017
230200,30.0,30.0,2017
230205,9.0,9.0,2017
230210,66.0,52.0,2017
230220,25.0,25.0,2017
230230,30.0,30.0,2017
230240,66.0,66.0,2017
230250,235.0,205.0,2017
230260,100.0,99.0,2017
230270,87.0,87.0,2017
230280,122.0,108.0,2017
230290,14.0,14.0,2017
230300,21.0,21.0,2017
230310,18.0,18.0,2017
230320,33.0,33.0,2017
230330,26.0,26.0,2017
230340,16.0,16.0,2017
230350,68.0,65.0,2017
230360,18.0,18.0,2017
230365,23.0,23.0,2017
230370,145.0,145.0,2017
230380,62.0,52.0,2017
230390,33.0,33.0,2017
230393,16.0,16.0,2017
230395,13.0,13.0,2017
230400,14.0,14.0,2017
230410,138.0,110.0,2017
230420,385.0,189.0,2017
230423,30.0,30.0,2017
230425,56.0,56.0,2017
230426,12.0,12.0,2017
230427,9.0,9.0,2017
230428,149.0,56.0,2017
230430,42.0,42.0,2017
230435,8.0,8.0,2017
230440,7999.0,5139.0,2017
230445,12.0,12.0,2017
230450,31.0,31.0,2017
230460,13.0,13.0,2017
230470,32.0,32.0,2017
230480,25.0,25.0,2017
230490,19.0,19.0,2017
230495,13.0,13.0,2017
230500,36.0,36.0,2017
230510,11.0,11.0,2017
230520,21.0,21.0,2017
230523,48.0,48.0,2017
230526,21.0,21.0,2017
230530,37.0,37.0,2017
230533,8.0,8.0,2017
230535,16.0,16.0,2017
230540,56.0,54.0,2017
230550,223.0,181.0,2017
230560,19.0,19.0,2017
230565,18.0,18.0,2017
230570,26.0,26.0,2017
230580,172.0,45.0,2017
230590,40.0,40.0,2017
230600,30.0,30.0,2017
230610,21.0,21.0,2017
230620,17.0,17.0,2017
230625,26.0,26.0,2017
230630,34.0,34.0,2017
230640,152.0,138.0,2017
230650,28.0,28.0,2017
230655,31.0,31.0,2017
230670,20.0,20.0,2017
230680,40.0,40.0,2017
230690,31.0,31.0,2017
230700,24.0,24.0,2017
230710,64.0,64.0,2017
230720,33.0,33.0,2017
230725,17.0,,2017
230730,481.0,370.0,2017
230740,25.0,25.0,2017
230750,47.0,43.0,2017
230760,122.0,76.0,2017
230763,24.0,24.0,2017
230765,328.0,280.0,2017
230770,120.0,51.0,2017
230780,33.0,33.0,2017
230790,9.0,9.0,2017
230800,30.0,30.0,2017
230810,70.0,70.0,2017
230820,20.0,20.0,2017
230830,77.0,67.0,2017
230835,28.0,28.0,2017
230840,72.0,72.0,2017
230850,32.0,32.0,2017
230860,25.0,25.0,2017
230870,151.0,121.0,2017
230880,12.0,12.0,2017
230890,20.0,20.0,2017
230900,40.0,40.0,2017
230910,9.0,9.0,2017
230920,20.0,20.0,2017
230930,43.0,43.0,2017
230940,20.0,20.0,2017
230945,19.0,19.0,2017
230950,37.0,37.0,2017
230960,82.0,53.0,2017
230970,19.0,19.0,2017
230980,20.0,20.0,2017
231000,9.0,9.0,2017
231010,16.0,16.0,2017
231020,43.0,41.0,2017
231025,25.0,25.0,2017
231030,38.0,38.0,2017
231040,28.0,28.0,2017
231050,51.0,51.0,2017
231060,12.0,12.0,2017
231070,51.0,51.0,2017
231080,25.0,25.0,2017
231085,14.0,14.0,2017
231090,20.0,20.0,2017
231100,21.0,21.0,2017
231110,22.0,22.0,2017
231120,18.0,18.0,2017
231123,13.0,13.0,2017
231126,17.0,17.0,2017
231130,97.0,90.0,2017
231135,24.0,24.0,2017
231140,242.0,242.0,2017
231150,28.0,28.0,2017
231160,59.0,56.0,2017
231170,28.0,28.0,2017
231180,255.0,198.0,2017
231190,37.0,37.0,2017
231195,14.0,14.0,2017
231200,40.0,40.0,2017
231210,21.0,21.0,2017
231220,46.0,46.0,2017
231230,94.0,80.0,2017
231240,42.0,42.0,2017
231250,30.0,30.0,2017
231260,20.0,20.0,2017
231270,53.0,53.0,2017
231280,7.0,7.0,2017
231290,822.0,748.0,2017
231300,26.0,26.0,2017
231310,62.0,55.0,2017
231320,39.0,39.0,2017
231325,16.0,16.0,2017
231330,63.0,62.0,2017
231335,16.0,16.0,2017
231340,90.0,90.0,2017
231350,30.0,20.0,2017
231355,13.0,13.0,2017
231360,21.0,21.0,2017
231370,20.0,20.0,2017
231375,13.0,13.0,2017
231380,25.0,25.0,2017
231390,12.0,12.0,2017
231395,20.0,20.0,2017
231400,61.0,53.0,2017
231410,69.0,69.0,2017
240010,72.0,66.0,2017
240020,53.0,49.0,2017
240030,27.0,27.0,2017
240050,123.0,123.0,2017
240060,50.0,50.0,2017
240070,21.0,21.0,2017
240080,28.0,28.0,2017
240090,32.0,32.0,2017
240100,80.0,80.0,2017
240110,34.0,34.0,2017
240120,26.0,24.0,2017
240140,9.0,9.0,2017
240145,21.0,21.0,2017
240150,12.0,12.0,2017
240160,15.0,15.0,2017
240170,10.0,10.0,2017
240180,14.0,14.0,2017
240190,8.0,8.0,2017
240200,184.0,146.0,2017
240210,8.0,8.0,2017
240220,40.0,40.0,2017
240230,30.0,26.0,2017
240240,33.0,33.0,2017
240250,21.0,21.0,2017
240260,47.0,47.0,2017
240270,24.0,24.0,2017
240280,12.0,12.0,2017
240290,9.0,9.0,2017
240300,12.0,12.0,2017
240310,94.0,94.0,2017
240320,12.0,12.0,2017
240325,143.0,143.0,2017
240330,25.0,25.0,2017
240340,20.0,20.0,2017
240360,26.0,26.0,2017
240370,15.0,15.0,2017
240400,28.0,28.0,2017
240420,14.0,14.0,2017
240430,12.0,12.0,2017
240440,13.0,13.0,2017
240450,27.0,27.0,2017
240460,1.0,1.0,2017
240490,15.0,15.0,2017
240500,17.0,17.0,2017
240510,16.0,16.0,2017
240520,20.0,20.0,2017
240530,18.0,18.0,2017
240540,1.0,1.0,2017
240550,3.0,3.0,2017
240560,25.0,25.0,2017
240570,33.0,33.0,2017
240580,34.0,34.0,2017
240600,21.0,21.0,2017
240610,48.0,48.0,2017
240620,10.0,10.0,2017
240640,8.0,8.0,2017
240650,29.0,29.0,2017
240670,31.0,31.0,2017
240680,8.0,8.0,2017
240690,12.0,12.0,2017
240700,30.0,30.0,2017
240710,55.0,51.0,2017
240720,44.0,44.0,2017
240725,12.0,12.0,2017
240730,19.0,19.0,2017
240740,30.0,30.0,2017
240760,16.0,16.0,2017
240770,19.0,19.0,2017
240780,21.0,21.0,2017
240790,13.0,13.0,2017
240800,738.0,610.0,2017
240810,3136.0,2095.0,2017
240820,24.0,,2017
240830,38.0,38.0,2017
240840,14.0,14.0,2017
240860,8.0,8.0,2017
240880,6.0,6.0,2017
240890,55.0,50.0,2017
240895,8.0,8.0,2017
240910,30.0,30.0,2017
240930,40.0,40.0,2017
240940,134.0,122.0,2017
240950,14.0,14.0,2017
240960,4.0,4.0,2017
240980,11.0,11.0,2017
240990,13.0,13.0,2017
241000,10.0,10.0,2017
241010,30.0,30.0,2017
241020,31.0,31.0,2017
241030,22.0,22.0,2017
241050,8.0,8.0,2017
241060,19.0,19.0,2017
241070,17.0,17.0,2017
241090,12.0,12.0,2017
241100,18.0,18.0,2017
241110,13.0,13.0,2017
241120,138.0,138.0,2017
241140,25.0,25.0,2017
241142,13.0,13.0,2017
241150,40.0,40.0,2017
241170,10.0,10.0,2017
241200,64.0,64.0,2017
241210,8.0,8.0,2017
241220,126.0,80.0,2017
241230,16.0,16.0,2017
241240,16.0,16.0,2017
241250,91.0,91.0,2017
241255,7.0,7.0,2017
241260,40.0,36.0,2017
241270,4.0,4.0,2017
241280,19.0,19.0,2017
241290,14.0,14.0,2017
241300,14.0,14.0,2017
241310,7.0,7.0,2017
241330,12.0,12.0,2017
241335,17.0,17.0,2017
241340,22.0,22.0,2017
241355,13.0,13.0,2017
241360,15.0,15.0,2017
241370,12.0,12.0,2017
241380,14.0,14.0,2017
241390,6.0,6.0,2017
241400,17.0,17.0,2017
241410,27.0,27.0,2017
241415,3.0,3.0,2017
241420,15.0,15.0,2017
241440,30.0,30.0,2017
241445,12.0,12.0,2017
241450,16.0,16.0,2017
241460,13.0,13.0,2017
241475,8.0,8.0,2017
241480,12.0,12.0,2017
241490,15.0,15.0,2017
241500,21.0,21.0,2017
250010,20.0,20.0,2017
250020,12.0,12.0,2017
250030,46.0,46.0,2017
250040,28.0,28.0,2017
250060,15.0,15.0,2017
250070,28.0,28.0,2017
250080,4.0,4.0,2017
250090,13.0,13.0,2017
250110,36.0,36.0,2017
250130,40.0,40.0,2017
250150,37.0,37.0,2017
250180,48.0,48.0,2017
250190,25.0,25.0,2017
250200,31.0,28.0,2017
250210,3.0,,2017
250230,16.0,16.0,2017
250240,19.0,19.0,2017
250250,33.0,33.0,2017
250260,19.0,19.0,2017
250280,25.0,25.0,2017
250290,18.0,18.0,2017
250300,38.0,34.0,2017
250320,49.0,35.0,2017
250340,5.0,5.0,2017
250350,22.0,22.0,2017
250370,215.0,153.0,2017
250400,1780.0,1458.0,2017
250420,9.0,9.0,2017
250430,64.0,64.0,2017
250440,58.0,58.0,2017
250460,40.0,,2017
250480,34.0,34.0,2017
250500,16.0,16.0,2017
250510,67.0,67.0,2017
250570,16.0,16.0,2017
250600,30.0,28.0,2017
250620,18.0,18.0,2017
250630,195.0,105.0,2017
250640,29.0,29.0,2017
250650,4.0,4.0,2017
250660,12.0,12.0,2017
250680,32.0,32.0,2017
250690,128.0,106.0,2017
250700,49.0,49.0,2017
250710,18.0,18.0,2017
250730,8.0,8.0,2017
250740,12.0,12.0,2017
250750,2992.0,2080.0,2017
250770,70.0,70.0,2017
250780,14.0,14.0,2017
250790,12.0,12.0,2017
250800,16.0,16.0,2017
250820,19.0,19.0,2017
250830,38.0,38.0,2017
250840,10.0,10.0,2017
250860,2.0,2.0,2017
250890,104.0,104.0,2017
250910,6.0,6.0,2017
250920,51.0,51.0,2017
250970,63.0,63.0,2017
250990,19.0,19.0,2017
251010,19.0,19.0,2017
251020,22.0,22.0,2017
251040,21.0,21.0,2017
251080,288.0,246.0,2017
251090,17.0,17.0,2017
251110,28.0,28.0,2017
251120,47.0,47.0,2017
251130,110.0,102.0,2017
251140,100.0,100.0,2017
251150,19.0,18.0,2017
251200,57.0,57.0,2017
251210,94.0,94.0,2017
251230,74.0,70.0,2017
251250,41.0,41.0,2017
251280,8.0,8.0,2017
251320,13.0,13.0,2017
251335,10.0,10.0,2017
251340,36.0,36.0,2017
251370,106.0,92.0,2017
251385,6.0,6.0,2017
251390,47.0,47.0,2017
251420,3.0,3.0,2017
251430,15.0,15.0,2017
251450,17.0,17.0,2017
251470,4.0,4.0,2017
251490,26.0,26.0,2017
251530,78.0,78.0,2017
251540,36.0,36.0,2017
251550,58.0,58.0,2017
251570,12.0,12.0,2017
251590,13.0,13.0,2017
251600,34.0,34.0,2017
251610,22.0,22.0,2017
251620,217.0,124.0,2017
251630,41.0,41.0,2017
251650,52.0,52.0,2017
251660,23.0,23.0,2017
251670,39.0,39.0,2017
251690,44.0,44.0,2017
260005,60.0,60.0,2017
260010,181.0,155.0,2017
260020,45.0,45.0,2017
260030,88.0,66.0,2017
260040,50.0,50.0,2017
260050,47.0,47.0,2017
260060,11.0,11.0,2017
260070,26.0,26.0,2017
260080,18.0,18.0,2017
260090,31.0,31.0,2017
260100,17.0,17.0,2017
260105,3.0,3.0,2017
260110,205.0,172.0,2017
260120,181.0,110.0,2017
260130,11.0,11.0,2017
260140,189.0,189.0,2017
260150,9.0,9.0,2017
260160,44.0,44.0,2017
260170,95.0,75.0,2017
260180,10.0,10.0,2017
260190,161.0,144.0,2017
260200,16.0,16.0,2017
260210,46.0,46.0,2017
260220,33.0,33.0,2017
260230,52.0,52.0,2017
260240,14.0,14.0,2017
260250,7.0,7.0,2017
260260,31.0,31.0,2017
260270,17.0,17.0,2017
260280,76.0,76.0,2017
260290,414.0,293.0,2017
260300,66.0,66.0,2017
260310,16.0,16.0,2017
260320,35.0,35.0,2017
260330,15.0,15.0,2017
260340,17.0,17.0,2017
260345,87.0,27.0,2017
260350,14.0,14.0,2017
260360,7.0,7.0,2017
260370,32.0,32.0,2017
260380,25.0,25.0,2017
260390,15.0,15.0,2017
260392,11.0,11.0,2017
260400,115.0,113.0,2017
260410,808.0,626.0,2017
260415,28.0,28.0,2017
260420,27.0,27.0,2017
260430,18.0,18.0,2017
260440,19.0,19.0,2017
260450,38.0,38.0,2017
260460,21.0,21.0,2017
260470,23.0,23.0,2017
260480,36.0,36.0,2017
260490,31.0,31.0,2017
260500,20.0,20.0,2017
260510,84.0,38.0,2017
260515,27.0,27.0,2017
260520,164.0,136.0,2017
260530,33.0,33.0,2017
260540,17.0,17.0,2017
260545,10.0,10.0,2017
260550,7.0,7.0,2017
260560,22.0,22.0,2017
260570,57.0,47.0,2017
260580,11.0,11.0,2017
260590,23.0,23.0,2017
260600,430.0,340.0,2017
260610,24.0,24.0,2017
260620,144.0,98.0,2017
260630,19.0,19.0,2017
260640,56.0,56.0,2017
260650,22.0,22.0,2017
260660,19.0,19.0,2017
260670,16.0,16.0,2017
260680,269.0,100.0,2017
260690,16.0,16.0,2017
260700,13.0,13.0,2017
260710,4.0,4.0,2017
260720,32.0,32.0,2017
260730,48.0,48.0,2017
260740,14.0,14.0,2017
260750,52.0,52.0,2017
260760,14.0,14.0,2017
260765,42.0,42.0,2017
260770,25.0,25.0,2017
260775,1.0,1.0,2017
260780,14.0,14.0,2017
260790,535.0,415.0,2017
260795,32.0,32.0,2017
260800,13.0,13.0,2017
260805,23.0,23.0,2017
260810,23.0,23.0,2017
260820,14.0,14.0,2017
260825,6.0,6.0,2017
260830,15.0,15.0,2017
260840,18.0,18.0,2017
260845,13.0,13.0,2017
260850,20.0,20.0,2017
260860,35.0,35.0,2017
260870,17.0,17.0,2017
260875,29.0,29.0,2017
260880,34.0,34.0,2017
260890,231.0,227.0,2017
260900,52.0,52.0,2017
260910,9.0,9.0,2017
260915,16.0,16.0,2017
260920,13.0,13.0,2017
260930,34.0,34.0,2017
260940,43.0,43.0,2017
260950,40.0,40.0,2017
260960,454.0,230.0,2017
260970,20.0,20.0,2017
260980,11.0,11.0,2017
260990,102.0,96.0,2017
261000,370.0,339.0,2017
261010,16.0,16.0,2017
261020,26.0,26.0,2017
261030,20.0,20.0,2017
261040,29.0,29.0,2017
261050,25.0,25.0,2017
261060,93.0,93.0,2017
261070,519.0,416.0,2017
261080,23.0,23.0,2017
261090,219.0,158.0,2017
261100,119.0,119.0,2017
261110,568.0,399.0,2017
261120,14.0,14.0,2017
261130,21.0,21.0,2017
261140,4.0,4.0,2017
261150,50.0,50.0,2017
261160,8883.0,6397.0,2017
261170,30.0,30.0,2017
261190,16.0,16.0,2017
261200,20.0,20.0,2017
261210,5.0,5.0,2017
261220,243.0,178.0,2017
261230,19.0,19.0,2017
261240,14.0,14.0,2017
261245,16.0,16.0,2017
261247,15.0,15.0,2017
261250,76.0,70.0,2017
261255,21.0,21.0,2017
261260,43.0,43.0,2017
261280,10.0,10.0,2017
261290,28.0,28.0,2017
261300,46.0,46.0,2017
261310,53.0,53.0,2017
261320,43.0,43.0,2017
261330,46.0,46.0,2017
261340,22.0,22.0,2017
261350,37.0,37.0,2017
261360,73.0,65.0,2017
261370,117.0,117.0,2017
261380,29.0,29.0,2017
261390,569.0,430.0,2017
261400,32.0,32.0,2017
261410,63.0,63.0,2017
261420,50.0,50.0,2017
261430,22.0,22.0,2017
261440,13.0,7.0,2017
261450,199.0,194.0,2017
261460,55.0,35.0,2017
261480,17.0,17.0,2017
261485,16.0,16.0,2017
261500,56.0,56.0,2017
261510,12.0,12.0,2017
261520,11.0,11.0,2017
261530,137.0,137.0,2017
261540,28.0,28.0,2017
261550,11.0,11.0,2017
261560,79.0,35.0,2017
261570,13.0,13.0,2017
261580,19.0,19.0,2017
261590,39.0,39.0,2017
261600,24.0,24.0,2017
261610,15.0,15.0,2017
261620,43.0,43.0,2017
261630,77.0,77.0,2017
261640,365.0,314.0,2017
261650,14.0,14.0,2017
270010,25.0,25.0,2017
270020,25.0,25.0,2017
270030,839.0,580.0,2017
270040,44.0,44.0,2017
270070,35.0,35.0,2017
270100,23.0,23.0,2017
270120,3.0,3.0,2017
270130,26.0,26.0,2017
270140,40.0,40.0,2017
270170,37.0,37.0,2017
270210,33.0,33.0,2017
270230,418.0,418.0,2017
270235,8.0,8.0,2017
270240,44.0,44.0,2017
270280,16.0,16.0,2017
270290,48.0,48.0,2017
270300,3.0,3.0,2017
270310,14.0,14.0,2017
270375,2.0,2.0,2017
270380,50.0,50.0,2017
270400,35.0,35.0,2017
270410,3.0,3.0,2017
270420,14.0,14.0,2017
270430,3353.0,2160.0,2017
270440,32.0,32.0,2017
270450,2.0,2.0,2017
270470,14.0,14.0,2017
270500,36.0,36.0,2017
270510,24.0,24.0,2017
270550,53.0,53.0,2017
270570,47.0,46.0,2017
270630,126.0,110.0,2017
270640,52.0,52.0,2017
270660,16.0,16.0,2017
270670,109.0,87.0,2017
270680,18.0,18.0,2017
270690,54.0,54.0,2017
270710,39.0,39.0,2017
270730,45.0,45.0,2017
270760,28.0,28.0,2017
270770,81.0,41.0,2017
270800,102.0,96.0,2017
270820,18.0,18.0,2017
270830,50.0,50.0,2017
270840,20.0,20.0,2017
270850,25.0,25.0,2017
270860,119.0,111.0,2017
270880,6.0,6.0,2017
270910,1.0,1.0,2017
270915,40.0,40.0,2017
270920,9.0,9.0,2017
270930,63.0,59.0,2017
270940,40.0,40.0,2017
280020,32.0,32.0,2017
280030,2122.0,1395.0,2017
280040,1.0,1.0,2017
280120,27.0,27.0,2017
280130,65.0,65.0,2017
280140,8.0,8.0,2017
280150,1.0,1.0,2017
280210,218.0,211.0,2017
280230,1.0,1.0,2017
280280,1.0,1.0,2017
280290,161.0,123.0,2017
280300,25.0,25.0,2017
280340,21.0,21.0,2017
280350,166.0,150.0,2017
280360,1.0,1.0,2017
280420,1.0,1.0,2017
280440,25.0,25.0,2017
280450,49.0,49.0,2017
280480,61.0,61.0,2017
280540,18.0,18.0,2017
280550,12.0,12.0,2017
280560,18.0,18.0,2017
280570,49.0,49.0,2017
280580,1.0,1.0,2017
280590,57.0,57.0,2017
280610,3.0,3.0,2017
280670,30.0,30.0,2017
280740,2.0,2.0,2017
280760,5.0,1.0,2017
290010,9.0,9.0,2017
290020,24.0,24.0,2017
290030,8.0,8.0,2017
290035,19.0,19.0,2017
290040,20.0,20.0,2017
290050,15.0,15.0,2017
290060,13.0,13.0,2017
290070,249.0,175.0,2017
290080,59.0,51.0,2017
290100,52.0,52.0,2017
290110,16.0,16.0,2017
290115,29.0,29.0,2017
290120,33.0,33.0,2017
290130,32.0,32.0,2017
290140,6.0,6.0,2017
290150,6.0,6.0,2017
290160,138.0,138.0,2017
290200,41.0,33.0,2017
290205,23.0,23.0,2017
290210,48.0,48.0,2017
290240,40.0,40.0,2017
290250,28.0,28.0,2017
290260,36.0,36.0,2017
290270,80.0,79.0,2017
290280,84.0,67.0,2017
290290,32.0,32.0,2017
290300,26.0,26.0,2017
290320,378.0,228.0,2017
290323,23.0,22.0,2017
290327,29.0,29.0,2017
290330,33.0,33.0,2017
290340,40.0,40.0,2017
290350,36.0,36.0,2017
290360,14.0,14.0,2017
290380,14.0,14.0,2017
290390,90.0,90.0,2017
290395,25.0,19.0,2017
290400,24.0,24.0,2017
290405,16.0,16.0,2017
290410,26.0,26.0,2017
290420,75.0,73.0,2017
290430,19.0,19.0,2017
290440,35.0,35.0,2017
290450,12.0,12.0,2017
290460,112.0,100.0,2017
290475,19.0,19.0,2017
290480,14.0,14.0,2017
290485,4.0,4.0,2017
290490,83.0,83.0,2017
290500,51.0,49.0,2017
290510,36.0,36.0,2017
290520,156.0,134.0,2017
290530,33.0,33.0,2017
290550,39.0,39.0,2017
290560,84.0,82.0,2017
290570,230.0,155.0,2017
290580,17.0,17.0,2017
290590,77.0,77.0,2017
290600,84.0,72.0,2017
290610,24.0,24.0,2017
290620,36.0,36.0,2017
290630,75.0,65.0,2017
290640,7.0,7.0,2017
290650,129.0,74.0,2017
290660,37.0,26.0,2017
290670,55.0,55.0,2017
290680,40.0,40.0,2017
290682,41.0,41.0,2017
290687,57.0,57.0,2017
290689,3.0,3.0,2017
290690,75.0,61.0,2017
290710,30.0,30.0,2017
290720,41.0,41.0,2017
290730,60.0,60.0,2017
290750,108.0,54.0,2017
290755,8.0,8.0,2017
290760,42.0,42.0,2017
290770,15.0,15.0,2017
290780,49.0,46.0,2017
290790,30.0,30.0,2017
290800,43.0,43.0,2017
290810,31.0,31.0,2017
290820,20.0,20.0,2017
290830,32.0,32.0,2017
290840,214.0,119.0,2017
290850,94.0,76.0,2017
290860,15.0,15.0,2017
290870,16.0,16.0,2017
290890,21.0,21.0,2017
290900,5.0,5.0,2017
290910,38.0,38.0,2017
290920,4.0,4.0,2017
290930,35.0,35.0,2017
290940,29.0,29.0,2017
290950,24.0,24.0,2017
290960,23.0,23.0,2017
290970,69.0,69.0,2017
290980,143.0,131.0,2017
290990,26.0,26.0,2017
291005,80.0,48.0,2017
291010,14.0,14.0,2017
291030,12.0,12.0,2017
291040,49.0,49.0,2017
291050,65.0,65.0,2017
291060,40.0,40.0,2017
291070,47.0,47.0,2017
291072,257.0,147.0,2017
291077,6.0,6.0,2017
291080,1341.0,932.0,2017
291085,30.0,30.0,2017
291110,29.0,29.0,2017
291120,76.0,72.0,2017
291130,16.0,16.0,2017
291150,5.0,5.0,2017
291160,40.0,,2017
291170,203.0,157.0,2017
291180,32.0,32.0,2017
291190,34.0,34.0,2017
291200,29.0,29.0,2017
291210,32.0,32.0,2017
291230,21.0,21.0,2017
291250,13.0,13.0,2017
291260,2.0,2.0,2017
291270,30.0,30.0,2017
291280,23.0,23.0,2017
291290,91.0,91.0,2017
291300,62.0,35.0,2017
291310,32.0,31.0,2017
291320,78.0,50.0,2017
291330,22.0,22.0,2017
291340,29.0,29.0,2017
291345,8.0,8.0,2017
291350,84.0,64.0,2017
291360,672.0,500.0,2017
291370,46.0,46.0,2017
291380,12.0,12.0,2017
291390,117.0,78.0,2017
291400,43.0,43.0,2017
291410,24.0,24.0,2017
291420,29.0,29.0,2017
291430,16.0,16.0,2017
291440,48.0,48.0,2017
291450,29.0,29.0,2017
291460,176.0,135.0,2017
291465,38.0,38.0,2017
291470,149.0,116.0,2017
291480,624.0,498.0,2017
291490,61.0,61.0,2017
291500,15.0,15.0,2017
291510,8.0,8.0,2017
291530,20.0,20.0,2017
291535,24.0,24.0,2017
291540,12.0,12.0,2017
291550,60.0,60.0,2017
291560,94.0,93.0,2017
291570,28.0,28.0,2017
291580,42.0,42.0,2017
291600,54.0,52.0,2017
291610,52.0,52.0,2017
291630,12.0,12.0,2017
291640,115.0,70.0,2017
291650,54.0,53.0,2017
291660,16.0,16.0,2017
291670,19.0,19.0,2017
291680,30.0,30.0,2017
291685,30.0,30.0,2017
291690,85.0,85.0,2017
291700,45.0,42.0,2017
291710,45.0,45.0,2017
291720,24.0,24.0,2017
291730,33.0,33.0,2017
291733,14.0,14.0,2017
291735,30.0,30.0,2017
291740,29.0,29.0,2017
291750,284.0,103.0,2017
291760,117.0,107.0,2017
291770,28.0,28.0,2017
291800,529.0,370.0,2017
291810,28.0,28.0,2017
291820,23.0,23.0,2017
291830,14.0,14.0,2017
291835,36.0,36.0,2017
291840,455.0,374.0,2017
291845,24.0,24.0,2017
291850,31.0,31.0,2017
291855,37.0,37.0,2017
291860,12.0,12.0,2017
291875,17.0,17.0,2017
291880,41.0,41.0,2017
291905,27.0,27.0,2017
291915,44.0,44.0,2017
291920,493.0,310.0,2017
291930,14.0,14.0,2017
291940,20.0,20.0,2017
291950,89.0,51.0,2017
291955,79.0,44.0,2017
291960,20.0,20.0,2017
291970,27.0,27.0,2017
291980,76.0,61.0,2017
291990,18.0,18.0,2017
291992,29.0,29.0,2017
292000,14.0,14.0,2017
292010,32.0,32.0,2017
292020,21.0,21.0,2017
292050,89.0,69.0,2017
292080,19.0,19.0,2017
292100,69.0,47.0,2017
292105,21.0,21.0,2017
292110,32.0,32.0,2017
292120,87.0,87.0,2017
292130,21.0,21.0,2017
292140,19.0,19.0,2017
292150,60.0,60.0,2017
292160,8.0,8.0,2017
292170,56.0,45.0,2017
292180,24.0,24.0,2017
292190,32.0,32.0,2017
292200,97.0,69.0,2017
292205,34.0,34.0,2017
292210,32.0,32.0,2017
292230,40.0,40.0,2017
292240,45.0,45.0,2017
292250,81.0,75.0,2017
292265,30.0,30.0,2017
292270,30.0,30.0,2017
292273,15.0,15.0,2017
292290,39.0,39.0,2017
292300,61.0,61.0,2017
292310,23.0,23.0,2017
292320,13.0,13.0,2017
292330,15.0,15.0,2017
292335,17.0,17.0,2017
292340,54.0,54.0,2017
292360,90.0,86.0,2017
292370,36.0,36.0,2017
292380,18.0,18.0,2017
292390,7.0,7.0,2017
292400,170.0,144.0,2017
292405,9.0,9.0,2017
292420,3.0,3.0,2017
292430,26.0,26.0,2017
292440,30.0,30.0,2017
292450,24.0,24.0,2017
292460,58.0,58.0,2017
292465,16.0,16.0,2017
292470,17.0,17.0,2017
292480,37.0,37.0,2017
292490,27.0,27.0,2017
292500,59.0,59.0,2017
292510,68.0,68.0,2017
292520,165.0,135.0,2017
292525,30.0,30.0,2017
292530,173.0,154.0,2017
292540,21.0,21.0,2017
292550,42.0,42.0,2017
292560,17.0,17.0,2017
292575,17.0,17.0,2017
292580,53.0,53.0,2017
292590,17.0,17.0,2017
292595,22.0,22.0,2017
292600,71.0,41.0,2017
292610,24.0,24.0,2017
292620,29.0,29.0,2017
292630,121.0,115.0,2017
292640,59.0,59.0,2017
292650,5.0,5.0,2017
292660,95.0,83.0,2017
292670,17.0,17.0,2017
292690,27.0,27.0,2017
292700,55.0,55.0,2017
292720,120.0,113.0,2017
292730,9.0,9.0,2017
292740,8129.0,5433.0,2017
292750,13.0,13.0,2017
292770,22.0,22.0,2017
292790,23.0,23.0,2017
292800,99.0,97.0,2017
292810,55.0,48.0,2017
292820,36.0,36.0,2017
292830,13.0,13.0,2017
292840,24.0,24.0,2017
292850,28.0,28.0,2017
292860,88.0,81.0,2017
292870,328.0,226.0,2017
292880,87.0,64.0,2017
292890,24.0,24.0,2017
292895,20.0,20.0,2017
292900,90.0,85.0,2017
292905,49.0,22.0,2017
292910,18.0,18.0,2017
292920,35.0,35.0,2017
292925,34.0,34.0,2017
292930,36.0,36.0,2017
292950,53.0,53.0,2017
292960,77.0,77.0,2017
292970,25.0,25.0,2017
292975,13.0,13.0,2017
292980,39.0,39.0,2017
292990,156.0,152.0,2017
293000,20.0,20.0,2017
293010,136.0,106.0,2017
293015,31.0,31.0,2017
293020,32.0,32.0,2017
293030,45.0,45.0,2017
293040,25.0,25.0,2017
293050,216.0,189.0,2017
293060,33.0,33.0,2017
293070,55.0,55.0,2017
293075,18.0,18.0,2017
293077,31.0,31.0,2017
293080,12.0,12.0,2017
293090,32.0,32.0,2017
293105,30.0,30.0,2017
293110,20.0,20.0,2017
293120,26.0,26.0,2017
293130,33.0,33.0,2017
293135,278.0,209.0,2017
293150,18.0,18.0,2017
293160,24.0,24.0,2017
293180,19.0,19.0,2017
293190,58.0,30.0,2017
293200,24.0,24.0,2017
293210,71.0,71.0,2017
293220,100.0,100.0,2017
293230,37.0,37.0,2017
293240,30.0,30.0,2017
293245,5.0,5.0,2017
293250,47.0,47.0,2017
293260,34.0,34.0,2017
293280,20.0,20.0,2017
293290,153.0,144.0,2017
293300,66.0,62.0,2017
293305,21.0,21.0,2017
293310,30.0,30.0,2017
293315,20.0,20.0,2017
293325,12.0,12.0,2017
293330,1068.0,744.0,2017
293340,37.0,37.0,2017
293345,28.0,28.0,2017
293350,44.0,44.0,2017
293360,85.0,85.0,2017
310010,17.0,12.0,2017
310020,49.0,42.0,2017
310030,66.0,59.0,2017
310060,15.0,15.0,2017
310090,65.0,59.0,2017
310100,47.0,46.0,2017
310110,53.0,41.0,2017
310120,30.0,28.0,2017
310130,17.0,13.0,2017
310150,83.0,56.0,2017
310160,418.0,193.0,2017
310170,142.0,71.0,2017
310190,35.0,31.0,2017
310200,30.0,26.0,2017
310210,17.0,16.0,2017
310230,32.0,25.0,2017
310260,65.0,50.0,2017
310270,29.0,29.0,2017
310280,32.0,19.0,2017
310290,12.0,12.0,2017
310340,71.0,55.0,2017
310350,169.0,91.0,2017
310375,13.0,13.0,2017
310400,452.0,265.0,2017
310410,10.0,10.0,2017
310420,64.0,47.0,2017
310430,14.0,14.0,2017
310450,12.0,12.0,2017
310470,35.0,32.0,2017
310490,59.0,48.0,2017
310510,140.0,72.0,2017
310530,30.0,21.0,2017
310540,34.0,34.0,2017
310560,1099.0,500.0,2017
310590,52.0,43.0,2017
310620,9048.0,5250.0,2017
310640,31.0,27.0,2017
310650,44.0,44.0,2017
310670,514.0,352.0,2017
310690,35.0,28.0,2017
310710,71.0,55.0,2017
310730,64.0,64.0,2017
310740,95.0,62.0,2017
310750,22.0,22.0,2017
310780,50.0,48.0,2017
310800,66.0,50.0,2017
310820,7.0,7.0,2017
310830,8.0,,2017
310840,19.0,15.0,2017
310860,93.0,93.0,2017
310890,18.0,14.0,2017
310900,37.0,37.0,2017
310910,23.0,19.0,2017
310930,27.0,22.0,2017
310940,12.0,12.0,2017
310950,42.0,31.0,2017
310990,44.0,37.0,2017
311000,56.0,50.0,2017
311030,49.0,30.0,2017
311050,37.0,25.0,2017
311060,65.0,57.0,2017
311070,46.0,40.0,2017
311090,39.0,33.0,2017
311100,45.0,38.0,2017
311110,41.0,27.0,2017
311120,87.0,55.0,2017
311130,25.0,25.0,2017
311150,38.0,35.0,2017
311160,51.0,45.0,2017
311180,25.0,23.0,2017
311200,22.0,22.0,2017
311230,56.0,50.0,2017
311260,19.0,19.0,2017
311270,20.0,20.0,2017
311280,22.0,11.0,2017
311300,36.0,36.0,2017
311320,45.0,40.0,2017
311330,203.0,150.0,2017
311340,177.0,94.0,2017
311350,21.0,21.0,2017
311360,20.0,14.0,2017
311370,40.0,40.0,2017
311380,10.0,10.0,2017
311390,37.0,37.0,2017
311400,26.0,24.0,2017
311410,54.0,52.0,2017
311430,49.0,36.0,2017
311440,30.0,27.0,2017
311450,38.0,26.0,2017
311460,19.0,17.0,2017
311480,13.0,11.0,2017
311510,50.0,34.0,2017
311530,139.0,91.0,2017
311550,30.0,26.0,2017
311570,22.0,22.0,2017
311615,14.0,14.0,2017
311630,16.0,16.0,2017
311660,41.0,30.0,2017
311680,38.0,38.0,2017
311710,19.0,19.0,2017
311730,21.0,21.0,2017
311750,42.0,42.0,2017
311770,32.0,24.0,2017
311800,72.0,45.0,2017
311820,15.0,11.0,2017
311830,241.0,173.0,2017
311840,38.0,34.0,2017
311860,554.0,333.0,2017
311880,33.0,30.0,2017
311930,30.0,30.0,2017
311940,113.0,50.0,2017
312020,8.0,8.0,2017
312050,39.0,34.0,2017
312080,66.0,61.0,2017
312090,163.0,93.0,2017
312100,21.0,21.0,2017
312120,19.0,14.0,2017
312160,148.0,137.0,2017
312180,9.0,9.0,2017
312200,36.0,26.0,2017
312210,21.0,21.0,2017
312230,629.0,269.0,2017
312240,7.0,7.0,2017
312260,19.0,19.0,2017
312270,30.0,22.0,2017
312320,25.0,20.0,2017
312360,36.0,28.0,2017
312390,54.0,47.0,2017
312400,22.0,20.0,2017
312410,40.0,37.0,2017
312420,53.0,43.0,2017
312430,30.0,30.0,2017
312450,25.0,20.0,2017
312470,12.0,12.0,2017
312480,4.0,4.0,2017
312490,31.0,28.0,2017
312510,38.0,34.0,2017
312550,8.0,8.0,2017
312560,43.0,41.0,2017
312590,25.0,23.0,2017
312595,19.0,19.0,2017
312610,115.0,70.0,2017
312620,10.0,10.0,2017
312670,50.0,50.0,2017
312690,16.0,16.0,2017
312710,125.0,86.0,2017
312760,26.0,26.0,2017
312770,537.0,353.0,2017
312780,48.0,48.0,2017
312800,70.0,64.0,2017
312810,29.0,24.0,2017
312820,23.0,23.0,2017
312830,39.0,27.0,2017
312840,30.0,27.0,2017
312860,16.0,16.0,2017
312870,93.0,55.0,2017
312910,20.0,20.0,2017
312940,33.0,33.0,2017
312950,26.0,23.0,2017
312970,12.0,12.0,2017
312980,92.0,83.0,2017
313030,28.0,16.0,2017
313050,30.0,28.0,2017
313090,48.0,36.0,2017
313120,47.0,39.0,2017
313130,600.0,367.0,2017
313150,18.0,15.0,2017
313170,230.0,169.0,2017
313180,20.0,17.0,2017
313190,61.0,44.0,2017
313210,30.0,30.0,2017
313220,41.0,35.0,2017
313230,27.0,27.0,2017
313240,222.0,152.0,2017
313250,100.0,98.0,2017
313270,90.0,81.0,2017
313290,24.0,12.0,2017
313300,53.0,37.0,2017
313310,62.0,47.0,2017
313320,20.0,18.0,2017
313330,63.0,59.0,2017
313350,48.0,40.0,2017
313375,34.0,20.0,2017
313380,96.0,61.0,2017
313420,212.0,139.0,2017
313440,83.0,42.0,2017
313460,31.0,31.0,2017
313470,38.0,38.0,2017
313480,12.0,3.0,2017
313490,37.0,26.0,2017
313505,25.0,25.0,2017
313510,151.0,127.0,2017
313520,66.0,66.0,2017
313540,18.0,17.0,2017
313580,81.0,56.0,2017
313600,33.0,31.0,2017
313620,116.0,66.0,2017
313630,65.0,48.0,2017
313650,27.0,27.0,2017
313670,2400.0,1428.0,2017
313690,14.0,11.0,2017
313700,22.0,22.0,2017
313710,9.0,9.0,2017
313720,51.0,48.0,2017
313750,34.0,26.0,2017
313760,76.0,43.0,2017
313770,50.0,40.0,2017
313780,50.0,46.0,2017
313790,8.0,8.0,2017
313800,23.0,20.0,2017
313820,171.0,90.0,2017
313840,87.0,62.0,2017
313860,35.0,28.0,2017
313880,29.0,24.0,2017
313890,44.0,43.0,2017
313900,56.0,42.0,2017
313920,34.0,34.0,2017
313930,34.0,34.0,2017
313940,195.0,134.0,2017
313950,68.0,46.0,2017
313960,82.0,66.0,2017
313980,38.0,30.0,2017
313990,16.0,16.0,2017
314000,67.0,54.0,2017
314050,15.0,12.0,2017
314070,65.0,52.0,2017
314090,36.0,34.0,2017
314110,52.0,38.0,2017
314120,10.0,10.0,2017
314140,56.0,52.0,2017
314150,18.0,18.0,2017
314160,20.0,13.0,2017
314180,58.0,55.0,2017
314190,20.0,17.0,2017
314200,30.0,30.0,2017
314220,48.0,36.0,2017
314240,12.0,12.0,2017
314260,28.0,28.0,2017
314270,30.0,30.0,2017
314280,22.0,18.0,2017
314290,39.0,37.0,2017
314300,20.0,17.0,2017
314310,104.0,84.0,2017
314320,50.0,36.0,2017
314330,1090.0,771.0,2017
314350,20.0,19.0,2017
314390,475.0,337.0,2017
314400,79.0,68.0,2017
314410,50.0,27.0,2017
314430,65.0,41.0,2017
314450,15.0,15.0,2017
314460,34.0,28.0,2017
314470,43.0,30.0,2017
314480,232.0,75.0,2017
314500,23.0,23.0,2017
314510,26.0,26.0,2017
314520,56.0,40.0,2017
314530,44.0,44.0,2017
314560,85.0,70.0,2017
314590,65.0,26.0,2017
314600,52.0,37.0,2017
314610,110.0,67.0,2017
314630,45.0,45.0,2017
314650,18.0,18.0,2017
314670,22.0,16.0,2017
314700,113.0,78.0,2017
314710,105.0,73.0,2017
314720,33.0,30.0,2017
314730,34.0,31.0,2017
314750,17.0,15.0,2017
314760,49.0,29.0,2017
314770,30.0,26.0,2017
314790,482.0,268.0,2017
314800,325.0,188.0,2017
314810,179.0,97.0,2017
314860,34.0,34.0,2017
314870,69.0,60.0,2017
314910,13.0,12.0,2017
314920,20.0,20.0,2017
314930,59.0,48.0,2017
314980,23.0,21.0,2017
314990,50.0,36.0,2017
315030,14.0,14.0,2017
315050,12.0,12.0,2017
315080,23.0,23.0,2017
315110,35.0,32.0,2017
315120,141.0,92.0,2017
315140,56.0,42.0,2017
315150,96.0,68.0,2017
315160,6.0,6.0,2017
315170,41.0,29.0,2017
315180,473.0,187.0,2017
315190,18.0,18.0,2017
315200,26.0,19.0,2017
315210,207.0,139.0,2017
315220,46.0,39.0,2017
315240,29.0,28.0,2017
315250,333.0,202.0,2017
315260,26.0,26.0,2017
315270,30.0,27.0,2017
315280,30.0,25.0,2017
315290,16.0,14.0,2017
315310,18.0,18.0,2017
315340,18.0,18.0,2017
315400,56.0,40.0,2017
315410,29.0,25.0,2017
315420,70.0,53.0,2017
315430,65.0,56.0,2017
315460,113.0,102.0,2017
315470,12.0,11.0,2017
315490,40.0,31.0,2017
315520,18.0,18.0,2017
315550,19.0,19.0,2017
315560,40.0,40.0,2017
315570,38.0,28.0,2017
315580,61.0,55.0,2017
315590,15.0,14.0,2017
315600,32.0,32.0,2017
315660,35.0,31.0,2017
315670,113.0,113.0,2017
315680,42.0,36.0,2017
315690,50.0,30.0,2017
315700,78.0,52.0,2017
315710,20.0,18.0,2017
315720,53.0,41.0,2017
315770,30.0,30.0,2017
315780,71.0,71.0,2017
315790,34.0,34.0,2017
315800,13.0,10.0,2017
315810,6.0,6.0,2017
315820,41.0,38.0,2017
315920,43.0,,2017
315930,20.0,15.0,2017
315960,57.0,36.0,2017
315980,32.0,25.0,2017
315990,52.0,49.0,2017
316030,8.0,,2017
316040,52.0,43.0,2017
316070,75.0,56.0,2017
316100,39.0,33.0,2017
316110,66.0,66.0,2017
316200,65.0,43.0,2017
316210,41.0,23.0,2017
316220,23.0,17.0,2017
316240,37.0,37.0,2017
316250,231.0,148.0,2017
316270,50.0,48.0,2017
316280,52.0,50.0,2017
316290,40.0,36.0,2017
316370,88.0,67.0,2017
316390,9.0,9.0,2017
316420,18.0,18.0,2017
316430,10.0,4.0,2017
316470,334.0,265.0,2017
316500,45.0,30.0,2017
316510,1.0,,2017
316530,30.0,23.0,2017
316570,20.0,6.0,2017
316680,12.0,12.0,2017
316690,14.0,13.0,2017
316710,56.0,37.0,2017
316720,347.0,242.0,2017
316800,81.0,74.0,2017
316840,52.0,49.0,2017
316850,15.0,15.0,2017
316860,305.0,241.0,2017
316870,69.0,33.0,2017
316890,14.0,14.0,2017
316920,28.0,20.0,2017
316930,135.0,101.0,2017
316935,32.0,25.0,2017
316940,111.0,67.0,2017
316970,56.0,39.0,2017
316990,330.0,218.0,2017
317010,969.0,613.0,2017
317020,1288.0,838.0,2017
317040,108.0,56.0,2017
317043,34.0,32.0,2017
317052,30.0,30.0,2017
317070,353.0,152.0,2017
317080,67.0,44.0,2017
317090,23.0,23.0,2017
317100,40.0,27.0,2017
317120,71.0,61.0,2017
317130,204.0,121.0,2017
317160,39.0,39.0,2017
317170,27.0,25.0,2017
317180,49.0,48.0,2017
317200,82.0,54.0,2017
320010,59.0,53.0,2017
320020,64.0,55.0,2017
320040,147.0,55.0,2017
320050,30.0,30.0,2017
320060,122.0,93.0,2017
320070,13.0,13.0,2017
320080,51.0,51.0,2017
320090,86.0,61.0,2017
320100,39.0,31.0,2017
320120,507.0,354.0,2017
320130,333.0,187.0,2017
320140,62.0,42.0,2017
320150,482.0,329.0,2017
320160,53.0,53.0,2017
320170,20.0,20.0,2017
320190,102.0,93.0,2017
320210,56.0,46.0,2017
320220,55.0,1.0,2017
320230,91.0,76.0,2017
320240,43.0,43.0,2017
320245,50.0,41.0,2017
320260,28.0,26.0,2017
320270,51.0,47.0,2017
320280,126.0,120.0,2017
320290,35.0,30.0,2017
320300,76.0,65.0,2017
320305,23.0,23.0,2017
320310,26.0,26.0,2017
320313,50.0,32.0,2017
320316,23.0,23.0,2017
320320,232.0,148.0,2017
320332,64.0,,2017
320340,51.0,44.0,2017
320350,35.0,33.0,2017
320360,19.0,19.0,2017
320370,35.0,34.0,2017
320380,42.0,38.0,2017
320390,61.0,43.0,2017
320405,36.0,30.0,2017
320410,32.0,32.0,2017
320420,26.0,26.0,2017
320435,26.0,26.0,2017
320440,10.0,,2017
320450,20.0,20.0,2017
320455,59.0,56.0,2017
320460,69.0,58.0,2017
320470,90.0,80.0,2017
320480,77.0,77.0,2017
320490,293.0,207.0,2017
320500,755.0,450.0,2017
320503,30.0,29.0,2017
320506,67.0,48.0,2017
320520,794.0,393.0,2017
320530,1734.0,1166.0,2017
330010,372.0,303.0,2017
330015,37.0,37.0,2017
330020,157.0,122.0,2017
330022,21.0,21.0,2017
330023,48.0,48.0,2017
330025,76.0,76.0,2017
330030,221.0,181.0,2017
330040,336.0,237.0,2017
330045,331.0,242.0,2017
330050,65.0,60.0,2017
330060,131.0,71.0,2017
330070,520.0,286.0,2017
330080,103.0,103.0,2017
330090,44.0,44.0,2017
330100,1800.0,1183.0,2017
330110,83.0,71.0,2017
330120,38.0,36.0,2017
330130,75.0,75.0,2017
330140,52.0,52.0,2017
330150,66.0,57.0,2017
330160,16.0,16.0,2017
330170,1042.0,631.0,2017
330180,31.0,22.0,2017
330185,137.0,73.0,2017
330190,342.0,327.0,2017
330200,166.0,97.0,2017
330205,56.0,26.0,2017
330210,82.0,60.0,2017
330220,449.0,256.0,2017
330225,106.0,38.0,2017
330230,49.0,49.0,2017
330240,436.0,271.0,2017
330250,183.0,136.0,2017
330260,62.0,62.0,2017
330270,113.0,88.0,2017
330280,27.0,17.0,2017
330285,170.0,115.0,2017
330290,99.0,99.0,2017
330300,66.0,41.0,2017
330310,52.0,48.0,2017
330320,389.0,131.0,2017
330330,2559.0,1305.0,2017
330340,631.0,380.0,2017
330350,997.0,547.0,2017
330360,87.0,54.0,2017
330370,119.0,113.0,2017
330380,35.0,35.0,2017
330390,1440.0,1006.0,2017
330395,33.0,31.0,2017
330400,59.0,50.0,2017
330411,45.0,45.0,2017
330412,200.0,196.0,2017
330414,76.0,76.0,2017
330415,74.0,74.0,2017
330420,381.0,158.0,2017
330430,112.0,92.0,2017
330440,41.0,41.0,2017
330450,21.0,21.0,2017
330452,94.0,82.0,2017
330455,16694.0,9351.0,2017
330460,79.0,79.0,2017
330470,174.0,103.0,2017
330475,26.0,26.0,2017
330480,111.0,102.0,2017
330490,2022.0,1211.0,2017
330500,33.0,33.0,2017
330510,348.0,264.0,2017
330515,56.0,54.0,2017
330520,61.0,45.0,2017
330530,48.0,39.0,2017
330550,101.0,101.0,2017
330555,27.0,27.0,2017
330560,40.0,40.0,2017
330570,25.0,25.0,2017
330575,214.0,174.0,2017
330580,339.0,268.0,2017
330590,38.0,31.0,2017
330600,266.0,226.0,2017
330610,318.0,289.0,2017
330615,42.0,39.0,2017
330620,457.0,424.0,2017
330630,717.0,459.0,2017
350010,258.0,219.0,2017
350030,10.0,,2017
350050,42.0,30.0,2017
350070,60.0,38.0,2017
350100,31.0,25.0,2017
350110,22.0,19.0,2017
350130,20.0,18.0,2017
350160,571.0,205.0,2017
350170,220.0,220.0,2017
350190,377.0,224.0,2017
350210,136.0,110.0,2017
350220,57.0,54.0,2017
350250,104.0,70.0,2017
350260,22.0,20.0,2017
350270,51.0,45.0,2017
350280,479.0,333.0,2017
350290,411.0,,2017
350310,16.0,16.0,2017
350320,443.0,216.0,2017
350330,557.0,300.0,2017
350340,28.0,17.0,2017
350370,25.0,4.0,2017
350380,24.0,,2017
350390,92.0,24.0,2017
350400,280.0,159.0,2017
350410,192.0,55.0,2017
350420,44.0,35.0,2017
350450,159.0,95.0,2017
350490,15.0,15.0,2017
350520,51.0,34.0,2017
350530,101.0,68.0,2017
350550,513.0,425.0,2017
350570,499.0,351.0,2017
350580,35.0,28.0,2017
350590,133.0,101.0,2017
350600,1161.0,612.0,2017
350610,124.0,75.0,2017
350630,23.0,20.0,2017
350635,49.0,49.0,2017
350640,36.0,36.0,2017
350650,168.0,88.0,2017
350670,15.0,13.0,2017
350680,35.0,29.0,2017
350700,53.0,36.0,2017
350710,11.0,11.0,2017
350740,26.0,16.0,2017
350750,741.0,541.0,2017
350760,454.0,210.0,2017
350790,41.0,35.0,2017
350810,42.0,22.0,2017
350840,16.0,11.0,2017
350850,139.0,63.0,2017
350860,47.0,40.0,2017
350870,62.0,62.0,2017
350880,58.0,47.0,2017
350900,130.0,61.0,2017
350920,155.0,55.0,2017
350930,32.0,26.0,2017
350940,140.0,55.0,2017
350950,2749.0,1311.0,2017
350960,68.0,68.0,2017
350970,201.0,191.0,2017
351000,30.0,25.0,2017
351020,67.0,49.0,2017
351030,14.0,14.0,2017
351040,96.0,46.0,2017
351050,165.0,107.0,2017
351060,270.0,220.0,2017
351070,31.0,13.0,2017
351080,372.0,356.0,2017
351100,31.0,30.0,2017
351110,533.0,374.0,2017
351130,50.0,,2017
351140,52.0,34.0,2017
351150,37.0,29.0,2017
351160,30.0,17.0,2017
351170,33.0,26.0,2017
351190,30.0,20.0,2017
351200,47.0,35.0,2017
351210,20.0,20.0,2017
351220,55.0,50.0,2017
351230,32.0,32.0,2017
351260,6.0,6.0,2017
351280,90.0,,2017
351300,503.0,111.0,2017
351310,15.0,13.0,2017
351340,122.0,77.0,2017
351350,118.0,66.0,2017
351360,40.0,25.0,2017
351370,40.0,25.0,2017
351380,624.0,545.0,2017
351390,186.0,186.0,2017
351410,67.0,47.0,2017
351430,18.0,18.0,2017
351440,143.0,108.0,2017
351450,87.0,77.0,2017
351480,2.0,2.0,2017
351490,6.0,6.0,2017
351500,94.0,89.0,2017
351510,16.0,16.0,2017
351518,453.0,365.0,2017
351520,50.0,45.0,2017
351540,20.0,12.0,2017
351550,135.0,84.0,2017
351570,189.0,189.0,2017
351600,47.0,30.0,2017
351620,738.0,486.0,2017
351630,147.0,98.0,2017
351640,672.0,590.0,2017
351660,45.0,27.0,2017
351670,365.0,332.0,2017
351690,32.0,20.0,2017
351700,48.0,36.0,2017
351740,60.0,42.0,2017
351760,19.0,19.0,2017
351770,30.0,22.0,2017
351780,23.0,15.0,2017
351820,74.0,48.0,2017
351830,35.0,29.0,2017
351840,244.0,156.0,2017
351860,72.0,65.0,2017
351870,391.0,219.0,2017
351880,1991.0,1456.0,2017
351900,58.0,58.0,2017
351907,91.0,62.0,2017
351910,30.0,28.0,2017
351930,32.0,32.0,2017
351940,27.0,10.0,2017
351960,99.0,52.0,2017
351970,67.0,63.0,2017
351990,20.0,20.0,2017
352000,63.0,,2017
352010,60.0,32.0,2017
352020,15.0,15.0,2017
352030,9.0,9.0,2017
352040,49.0,46.0,2017
352044,116.0,74.0,2017
352050,362.0,232.0,2017
352070,36.0,4.0,2017
352090,49.0,29.0,2017
352100,15.0,15.0,2017
352130,49.0,39.0,2017
352170,35.0,35.0,2017
352180,35.0,35.0,2017
352190,30.0,20.0,2017
352210,77.0,77.0,2017
352220,501.0,176.0,2017
352230,122.0,100.0,2017
352240,145.0,103.0,2017
352250,306.0,217.0,2017
352260,1041.0,578.0,2017
352270,76.0,46.0,2017
352280,46.0,27.0,2017
352290,30.0,25.0,2017
352310,224.0,224.0,2017
352320,96.0,78.0,2017
352340,119.0,60.0,2017
352350,14.0,7.0,2017
352360,25.0,25.0,2017
352390,463.0,423.0,2017
352400,86.0,48.0,2017
352410,121.0,55.0,2017
352420,17.0,17.0,2017
352430,212.0,56.0,2017
352440,389.0,161.0,2017
352450,216.0,150.0,2017
352470,80.0,78.0,2017
352480,163.0,112.0,2017
352500,14.0,,2017
352520,37.0,17.0,2017
352530,905.0,715.0,2017
352550,11.0,11.0,2017
352570,61.0,28.0,2017
352590,812.0,440.0,2017
352600,51.0,25.0,2017
352610,15.0,15.0,2017
352620,9.0,,2017
352640,46.0,28.0,2017
352670,144.0,105.0,2017
352680,87.0,60.0,2017
352690,405.0,200.0,2017
352710,453.0,349.0,2017
352720,164.0,85.0,2017
352730,34.0,27.0,2017
352740,15.0,10.0,2017
352800,31.0,18.0,2017
352810,18.0,15.0,2017
352850,72.0,41.0,2017
352880,26.0,22.0,2017
352900,742.0,564.0,2017
352920,36.0,27.0,2017
352930,162.0,96.0,2017
352940,401.0,246.0,2017
352970,66.0,47.0,2017
353010,67.0,61.0,2017
353030,78.0,29.0,2017
353050,135.0,86.0,2017
353060,763.0,601.0,2017
353070,333.0,154.0,2017
353080,213.0,114.0,2017
353110,48.0,48.0,2017
353130,109.0,58.0,2017
353140,80.0,30.0,2017
353150,70.0,51.0,2017
353180,35.0,26.0,2017
353190,45.0,31.0,2017
353200,20.0,10.0,2017
353240,20.0,20.0,2017
353250,21.0,10.0,2017
353260,129.0,35.0,2017
353290,12.0,7.0,2017
353300,62.0,19.0,2017
353340,53.0,53.0,2017
353350,105.0,35.0,2017
353390,99.0,60.0,2017
353430,98.0,59.0,2017
353440,1000.0,591.0,2017
353460,73.0,59.0,2017
353470,169.0,83.0,2017
353475,33.0,28.0,2017
353490,37.0,32.0,2017
353520,20.0,10.0,2017
353530,54.0,36.0,2017
353540,36.0,35.0,2017
353550,97.0,78.0,2017
353580,30.0,30.0,2017
353600,32.0,26.0,2017
353620,149.0,149.0,2017
353630,35.0,23.0,2017
353650,85.0,85.0,2017
353660,24.0,9.0,2017
353670,72.0,52.0,2017
353700,75.0,55.0,2017
353710,98.0,98.0,2017
353730,254.0,175.0,2017
353740,52.0,47.0,2017
353760,14.0,14.0,2017
353780,290.0,258.0,2017
353790,35.0,27.0,2017
353800,201.0,127.0,2017
353860,37.0,29.0,2017
353870,715.0,282.0,2017
353880,77.0,58.0,2017
353890,285.0,78.0,2017
353900,41.0,9.0,2017
353930,151.0,57.0,2017
353940,28.0,25.0,2017
353950,50.0,32.0,2017
353980,35.0,35.0,2017
354000,42.0,36.0,2017
354020,45.0,29.0,2017
354040,18.0,8.0,2017
354060,51.0,39.0,2017
354070,61.0,33.0,2017
354080,31.0,28.0,2017
354100,192.0,179.0,2017
354120,51.0,40.0,2017
354130,78.0,68.0,2017
354140,1041.0,680.0,2017
354150,96.0,60.0,2017
354160,58.0,58.0,2017
354190,38.0,38.0,2017
354220,103.0,71.0,2017
354240,16.0,13.0,2017
354260,110.0,68.0,2017
354290,17.0,11.0,2017
354300,36.0,35.0,2017
354330,164.0,50.0,2017
354340,2157.0,1399.0,2017
354380,23.0,20.0,2017
354390,427.0,238.0,2017
354400,42.0,28.0,2017
354420,36.0,7.0,2017
354425,57.0,57.0,2017
354430,14.0,14.0,2017
354490,29.0,19.0,2017
354500,19.0,17.0,2017
354520,125.0,72.0,2017
354530,669.0,389.0,2017
354540,34.0,22.0,2017
354560,24.0,7.0,2017
354580,156.0,85.0,2017
354630,46.0,25.0,2017
354640,100.0,65.0,2017
354660,70.0,53.0,2017
354680,101.0,82.0,2017
354700,6.0,6.0,2017
354730,35.0,35.0,2017
354750,319.0,296.0,2017
354760,30.0,18.0,2017
354770,56.0,37.0,2017
354780,1317.0,669.0,2017
354790,21.0,21.0,2017
354850,1672.0,852.0,2017
354860,40.0,26.0,2017
354870,1558.0,593.0,2017
354880,571.0,183.0,2017
354890,450.0,231.0,2017
354910,199.0,94.0,2017
354940,115.0,68.0,2017
354970,136.0,81.0,2017
354980,1856.0,870.0,2017
354990,1534.0,736.0,2017
355000,26.0,11.0,2017
355010,35.0,31.0,2017
355020,54.0,54.0,2017
355030,29203.0,15166.0,2017
355040,62.0,37.0,2017
355060,88.0,49.0,2017
355070,101.0,93.0,2017
355080,30.0,26.0,2017
355090,50.0,38.0,2017
355100,283.0,166.0,2017
355150,58.0,43.0,2017
355160,49.0,33.0,2017
355170,162.0,66.0,2017
355200,3.0,3.0,2017
355210,70.0,63.0,2017
355220,1455.0,892.0,2017
355230,22.0,20.0,2017
355240,181.0,172.0,2017
355250,161.0,67.0,2017
355260,30.0,11.0,2017
355270,35.0,22.0,2017
355280,495.0,334.0,2017
355300,29.0,24.0,2017
355320,4.0,4.0,2017
355330,36.0,25.0,2017
355340,72.0,30.0,2017
355360,24.0,19.0,2017
355370,124.0,73.0,2017
355380,53.0,32.0,2017
355400,177.0,114.0,2017
355410,493.0,325.0,2017
355430,58.0,52.0,2017
355440,34.0,30.0,2017
355450,57.0,34.0,2017
355470,20.0,13.0,2017
355500,440.0,373.0,2017
355510,48.0,30.0,2017
355540,81.0,71.0,2017
355580,26.0,24.0,2017
355600,34.0,13.0,2017
355620,140.0,46.0,2017
355630,55.0,31.0,2017
355640,50.0,31.0,2017
355645,40.0,,2017
355650,35.0,31.0,2017
355660,36.0,,2017
355670,88.0,55.0,2017
355680,48.0,30.0,2017
355700,172.0,88.0,2017
355710,204.0,115.0,2017
355720,50.0,30.0,2017
410010,22.0,21.0,2017
410020,3.0,3.0,2017
410045,19.0,19.0,2017
410050,37.0,37.0,2017
410060,20.0,19.0,2017
410080,16.0,16.0,2017
410090,13.0,13.0,2017
410100,34.0,33.0,2017
410110,62.0,57.0,2017
410120,31.0,31.0,2017
410130,2.0,2.0,2017
410140,235.0,166.0,2017
410150,353.0,287.0,2017
410160,1.0,1.0,2017
410170,28.0,22.0,2017
410180,91.0,91.0,2017
410190,49.0,38.0,2017
410200,57.0,42.0,2017
410210,60.0,52.0,2017
410220,10.0,10.0,2017
410240,150.0,99.0,2017
410250,29.0,29.0,2017
410280,26.0,26.0,2017
410290,43.0,43.0,2017
410300,10.0,9.0,2017
410305,20.0,20.0,2017
410310,11.0,11.0,2017
410320,29.0,29.0,2017
410330,26.0,26.0,2017
410360,100.0,90.0,2017
410370,100.0,57.0,2017
410390,50.0,48.0,2017
410400,356.0,323.0,2017
410420,923.0,876.0,2017
410430,228.0,138.0,2017
410440,31.0,31.0,2017
410442,50.0,48.0,2017
410445,47.0,36.0,2017
410450,38.0,29.0,2017
410460,34.0,32.0,2017
410470,21.0,21.0,2017
410480,1005.0,522.0,2017
410490,48.0,48.0,2017
410510,25.0,25.0,2017
410520,26.0,26.0,2017
410530,36.0,28.0,2017
410540,84.0,81.0,2017
410550,152.0,113.0,2017
410560,36.0,32.0,2017
410570,50.0,39.0,2017
410580,119.0,109.0,2017
410590,115.0,82.0,2017
410600,29.0,29.0,2017
410610,20.0,20.0,2017
410620,16.0,16.0,2017
410630,29.0,27.0,2017
410640,203.0,131.0,2017
410650,59.0,52.0,2017
410660,32.0,32.0,2017
410670,11.0,11.0,2017
410680,35.0,35.0,2017
410690,5514.0,2731.0,2017
410700,19.0,16.0,2017
410710,19.0,19.0,2017
410715,15.0,15.0,2017
410720,106.0,93.0,2017
410730,13.0,13.0,2017
410750,36.0,33.0,2017
410753,30.0,20.0,2017
410760,30.0,30.0,2017
410765,48.0,48.0,2017
410775,31.0,31.0,2017
410780,20.0,20.0,2017
410790,19.0,19.0,2017
410800,22.0,22.0,2017
410820,38.0,31.0,2017
410830,397.0,289.0,2017
410832,24.0,24.0,2017
410840,273.0,149.0,2017
410855,10.0,10.0,2017
410860,102.0,55.0,2017
410870,26.0,26.0,2017
410880,50.0,50.0,2017
410890,16.0,16.0,2017
410900,15.0,15.0,2017
410930,79.0,64.0,2017
410940,365.0,248.0,2017
410950,14.0,14.0,2017
410960,50.0,50.0,2017
410970,55.0,55.0,2017
410975,33.0,33.0,2017
410980,127.0,63.0,2017
411030,11.0,11.0,2017
411040,16.0,16.0,2017
411050,29.0,29.0,2017
411060,31.0,31.0,2017
411070,157.0,111.0,2017
411080,31.0,31.0,2017
411090,19.0,17.0,2017
411095,25.0,25.0,2017
411100,21.0,21.0,2017
411110,16.0,16.0,2017
411125,49.0,49.0,2017
411130,17.0,17.0,2017
411140,18.0,18.0,2017
411150,187.0,155.0,2017
411160,16.0,16.0,2017
411170,18.0,18.0,2017
411180,108.0,76.0,2017
411190,28.0,28.0,2017
411200,79.0,79.0,2017
411210,338.0,301.0,2017
411220,29.0,29.0,2017
411230,3.0,3.0,2017
411240,18.0,14.0,2017
411250,23.0,23.0,2017
411270,19.0,18.0,2017
411275,25.0,18.0,2017
411280,31.0,26.0,2017
411290,14.0,14.0,2017
411295,25.0,25.0,2017
411300,19.0,19.0,2017
411310,23.0,23.0,2017
411320,147.0,107.0,2017
411330,115.0,98.0,2017
411345,20.0,20.0,2017
411350,119.0,103.0,2017
411370,1903.0,1235.0,2017
411375,29.0,18.0,2017
411380,16.0,16.0,2017
411390,32.0,28.0,2017
411400,11.0,,2017
411410,55.0,32.0,2017
411420,64.0,47.0,2017
411430,50.0,50.0,2017
411440,57.0,49.0,2017
411450,21.0,21.0,2017
411460,78.0,24.0,2017
411500,23.0,22.0,2017
411520,1421.0,763.0,2017
411535,29.0,18.0,2017
411540,62.0,47.0,2017
411550,21.0,21.0,2017
411560,48.0,33.0,2017
411570,9.0,9.0,2017
411580,178.0,76.0,2017
411600,10.0,10.0,2017
411605,45.0,24.0,2017
411620,31.0,31.0,2017
411670,49.0,40.0,2017
411680,22.0,20.0,2017
411690,67.0,62.0,2017
411695,12.0,12.0,2017
411700,16.0,14.0,2017
411710,33.0,31.0,2017
411720,16.0,16.0,2017
411722,11.0,6.0,2017
411725,17.0,16.0,2017
411727,39.0,39.0,2017
411730,30.0,,2017
411740,12.0,12.0,2017
411750,15.0,15.0,2017
411760,91.0,90.0,2017
411770,147.0,118.0,2017
411790,69.0,31.0,2017
411800,42.0,32.0,2017
411810,7.0,7.0,2017
411820,218.0,138.0,2017
411830,15.0,15.0,2017
411840,177.0,110.0,2017
411845,17.0,15.0,2017
411850,267.0,194.0,2017
411870,12.0,12.0,2017
411890,19.0,19.0,2017
411910,49.0,48.0,2017
411915,287.0,273.0,2017
411920,27.0,17.0,2017
411930,91.0,82.0,2017
411940,25.0,25.0,2017
411950,622.0,484.0,2017
411960,89.0,79.0,2017
411970,15.0,15.0,2017
411980,47.0,41.0,2017
411990,761.0,537.0,2017
412000,49.0,49.0,2017
412020,10.0,10.0,2017
412033,20.0,20.0,2017
412035,49.0,40.0,2017
412040,18.0,18.0,2017
412050,24.0,24.0,2017
412060,123.0,105.0,2017
412070,28.0,26.0,2017
412085,13.0,,2017
412090,47.0,33.0,2017
412100,26.0,25.0,2017
412120,25.0,25.0,2017
412130,16.0,16.0,2017
412150,56.0,52.0,2017
412170,39.0,32.0,2017
412180,55.0,49.0,2017
412190,49.0,44.0,2017
412200,47.0,32.0,2017
412220,30.0,30.0,2017
412230,30.0,27.0,2017
412240,213.0,197.0,2017
412250,31.0,31.0,2017
412260,31.0,24.0,2017
412265,25.0,25.0,2017
412290,20.0,20.0,2017
412300,24.0,24.0,2017
412310,15.0,15.0,2017
412350,67.0,40.0,2017
412370,27.0,19.0,2017
412380,32.0,32.0,2017
412385,41.0,41.0,2017
412390,36.0,36.0,2017
412400,20.0,20.0,2017
412410,164.0,130.0,2017
412420,10.0,10.0,2017
412430,13.0,13.0,2017
412440,30.0,25.0,2017
412460,16.0,15.0,2017
412470,20.0,20.0,2017
412490,17.0,17.0,2017
412500,20.0,20.0,2017
412510,20.0,19.0,2017
412520,28.0,23.0,2017
412530,30.0,27.0,2017
412535,22.0,22.0,2017
412540,18.0,18.0,2017
412545,22.0,19.0,2017
412550,236.0,181.0,2017
412560,50.0,38.0,2017
412570,220.0,220.0,2017
412580,25.0,23.0,2017
412600,25.0,25.0,2017
412620,31.0,31.0,2017
412625,167.0,115.0,2017
412630,39.0,36.0,2017
412640,23.0,23.0,2017
412650,24.0,24.0,2017
412660,54.0,35.0,2017
412667,21.0,21.0,2017
412670,9.0,9.0,2017
412680,3.0,3.0,2017
412700,17.0,17.0,2017
412710,141.0,98.0,2017
412720,65.0,63.0,2017
412730,29.0,25.0,2017
412740,21.0,14.0,2017
412750,30.0,30.0,2017
412760,16.0,16.0,2017
412770,321.0,143.0,2017
412780,66.0,50.0,2017
412785,34.0,34.0,2017
412788,6.0,6.0,2017
412790,22.0,22.0,2017
412795,23.0,23.0,2017
412796,53.0,49.0,2017
412800,102.0,51.0,2017
412810,701.0,471.0,2017
412820,218.0,106.0,2017
412840,45.0,38.0,2017
412850,33.0,32.0,2017
412855,27.0,26.0,2017
412860,20.0,18.0,2017
420010,43.0,40.0,2017
420020,21.0,17.0,2017
420040,30.0,24.0,2017
420070,24.0,19.0,2017
420080,17.0,14.0,2017
420090,80.0,44.0,2017
420100,32.0,25.0,2017
420110,48.0,15.0,2017
420127,21.0,15.0,2017
420140,117.0,117.0,2017
420150,32.0,23.0,2017
420160,18.0,11.0,2017
420190,14.0,13.0,2017
420200,277.0,96.0,2017
420220,25.0,21.0,2017
420230,48.0,48.0,2017
420240,691.0,360.0,2017
420250,18.0,18.0,2017
420260,50.0,43.0,2017
420280,73.0,55.0,2017
420290,226.0,158.0,2017
420300,115.0,77.0,2017
420310,32.0,29.0,2017
420320,217.0,37.0,2017
420330,32.0,21.0,2017
420340,32.0,26.0,2017
420350,42.0,28.0,2017
420360,89.0,67.0,2017
420370,20.0,20.0,2017
420380,81.0,56.0,2017
420390,63.0,52.0,2017
420400,33.0,23.0,2017
420410,27.0,22.0,2017
420420,385.0,251.0,2017
420430,184.0,109.0,2017
420440,30.0,25.0,2017
420455,33.0,23.0,2017
420460,471.0,261.0,2017
420470,52.0,32.0,2017
420480,126.0,93.0,2017
420490,37.0,33.0,2017
420500,48.0,48.0,2017
420520,40.0,1.0,2017
420530,50.0,45.0,2017
420540,1493.0,958.0,2017
420550,51.0,48.0,2017
420580,20.0,,2017
420590,100.0,91.0,2017
420630,16.0,13.0,2017
420640,43.0,41.0,2017
420650,50.0,50.0,2017
420660,18.0,13.0,2017
420680,38.0,30.0,2017
420690,77.0,77.0,2017
420700,81.0,74.0,2017
420720,35.0,32.0,2017
420730,68.0,59.0,2017
420740,11.0,10.0,2017
420750,114.0,88.0,2017
420760,27.0,19.0,2017
420765,25.0,24.0,2017
420770,11.0,9.0,2017
420780,63.0,60.0,2017
420790,21.0,15.0,2017
420800,38.0,26.0,2017
420810,46.0,43.0,2017
420820,415.0,340.0,2017
420830,20.0,20.0,2017
420840,47.0,33.0,2017
420845,1.0,1.0,2017
420850,60.0,52.0,2017
420870,38.0,28.0,2017
420880,39.0,34.0,2017
420890,336.0,248.0,2017
420900,162.0,115.0,2017
420910,1065.0,766.0,2017
420915,6.0,6.0,2017
420930,401.0,291.0,2017
420940,98.0,75.0,2017
420960,39.0,39.0,2017
420970,45.0,45.0,2017
420985,67.0,61.0,2017
421000,39.0,38.0,2017
421003,63.0,59.0,2017
421010,135.0,105.0,2017
421030,37.0,31.0,2017
421050,81.0,73.0,2017
421060,28.0,28.0,2017
421080,50.0,33.0,2017
421090,31.0,24.0,2017
421100,48.0,34.0,2017
421105,16.0,16.0,2017
421110,22.0,20.0,2017
421120,137.0,119.0,2017
421130,39.0,36.0,2017
421140,25.0,17.0,2017
421150,49.0,49.0,2017
421160,53.0,43.0,2017
421170,52.0,33.0,2017
421175,50.0,44.0,2017
421190,34.0,,2017
421200,36.0,30.0,2017
421210,71.0,61.0,2017
421220,35.0,30.0,2017
421250,26.0,26.0,2017
421260,32.0,26.0,2017
421270,16.0,14.0,2017
421290,42.0,27.0,2017
421320,58.0,35.0,2017
421330,55.0,45.0,2017
421340,78.0,64.0,2017
421360,91.0,70.0,2017
421370,41.0,34.0,2017
421380,50.0,48.0,2017
421400,44.0,42.0,2017
421420,47.0,41.0,2017
421450,30.0,29.0,2017
421470,91.0,81.0,2017
421480,264.0,178.0,2017
421490,32.0,26.0,2017
421500,120.0,104.0,2017
421530,31.0,31.0,2017
421540,16.0,14.0,2017
421550,102.0,87.0,2017
421570,50.0,48.0,2017
421580,99.0,47.0,2017
421590,24.0,18.0,2017
421600,62.0,38.0,2017
421620,37.0,26.0,2017
421625,32.0,21.0,2017
421630,30.0,30.0,2017
421650,104.0,86.0,2017
421660,945.0,734.0,2017
421670,33.0,28.0,2017
421690,56.0,44.0,2017
421710,24.0,21.0,2017
421720,174.0,82.0,2017
421725,93.0,93.0,2017
421730,28.0,24.0,2017
421750,49.0,38.0,2017
421770,44.0,44.0,2017
421780,36.0,34.0,2017
421790,54.0,40.0,2017
421800,64.0,39.0,2017
421810,28.0,21.0,2017
421820,100.0,80.0,2017
421830,52.0,40.0,2017
421840,41.0,39.0,2017
421860,83.0,69.0,2017
421870,418.0,250.0,2017
421875,45.0,38.0,2017
421880,65.0,39.0,2017
421890,50.0,40.0,2017
421900,110.0,87.0,2017
421910,21.0,17.0,2017
421920,21.0,20.0,2017
421930,126.0,78.0,2017
421935,17.0,15.0,2017
421940,21.0,21.0,2017
421950,151.0,120.0,2017
421960,23.0,16.0,2017
421970,48.0,37.0,2017
430003,42.0,33.0,2017
430010,54.0,46.0,2017
430020,49.0,39.0,2017
430030,50.0,46.0,2017
430040,168.0,121.0,2017
430045,13.0,13.0,2017
430050,31.0,31.0,2017
430060,119.0,83.0,2017
430063,11.0,11.0,2017
430064,28.0,25.0,2017
430070,40.0,27.0,2017
430080,51.0,35.0,2017
430090,36.0,31.0,2017
430100,88.0,79.0,2017
430110,13.0,12.0,2017
430120,76.0,61.0,2017
430130,48.0,36.0,2017
430140,51.0,33.0,2017
430150,55.0,48.0,2017
430160,257.0,166.0,2017
430165,24.0,21.0,2017
430180,8.0,6.0,2017
430210,298.0,132.0,2017
430220,40.0,27.0,2017
430230,52.0,50.0,2017
430235,43.0,27.0,2017
430240,50.0,33.0,2017
430245,39.0,29.0,2017
430260,35.0,25.0,2017
430265,17.0,14.0,2017
430270,29.0,29.0,2017
430280,79.0,58.0,2017
430290,36.0,30.0,2017
430300,210.0,115.0,2017
430310,63.0,63.0,2017
430320,10.0,10.0,2017
430330,40.0,30.0,2017
430340,31.0,15.0,2017
430350,149.0,122.0,2017
430360,32.0,32.0,2017
430370,55.0,46.0,2017
430380,49.0,47.0,2017
430390,68.0,60.0,2017
430400,35.0,30.0,2017
430410,9.0,9.0,2017
430420,105.0,76.0,2017
430430,39.0,32.0,2017
430440,52.0,43.0,2017
430450,104.0,86.0,2017
430460,813.0,618.0,2017
430463,91.0,86.0,2017
430470,140.0,95.0,2017
430480,99.0,60.0,2017
430490,33.0,22.0,2017
430500,7.0,7.0,2017
430510,1230.0,575.0,2017
430520,55.0,34.0,2017
430530,49.0,36.0,2017
430535,116.0,116.0,2017
430540,30.0,25.0,2017
430550,31.0,26.0,2017
430570,18.0,16.0,2017
430580,23.0,18.0,2017
430590,53.0,37.0,2017
430600,55.0,39.0,2017
430610,233.0,123.0,2017
430620,35.0,31.0,2017
430630,32.0,24.0,2017
430640,64.0,50.0,2017
430645,50.0,35.0,2017
430650,25.0,20.0,2017
430660,120.0,79.0,2017
430673,13.0,13.0,2017
430680,100.0,33.0,2017
430690,53.0,35.0,2017
430692,21.0,18.0,2017
430700,294.0,159.0,2017
430710,33.0,31.0,2017
430720,31.0,31.0,2017
430730,22.0,22.0,2017
430750,94.0,76.0,2017
430755,42.0,23.0,2017
430760,52.0,51.0,2017
430770,147.0,147.0,2017
430780,99.0,71.0,2017
430790,102.0,63.0,2017
430800,45.0,39.0,2017
430810,51.0,40.0,2017
430820,51.0,34.0,2017
430830,32.0,30.0,2017
430840,27.0,27.0,2017
430845,24.0,21.0,2017
430850,130.0,77.0,2017
430860,75.0,49.0,2017
430870,28.0,27.0,2017
430890,89.0,70.0,2017
430900,50.0,36.0,2017
430910,91.0,58.0,2017
430920,191.0,129.0,2017
430925,4.0,4.0,2017
430930,26.0,,2017
430940,73.0,50.0,2017
430950,45.0,36.0,2017
430960,96.0,69.0,2017
430970,30.0,20.0,2017
430980,27.0,17.0,2017
430990,10.0,10.0,2017
431000,41.0,25.0,2017
431010,84.0,61.0,2017
431020,302.0,133.0,2017
431030,49.0,29.0,2017
431050,64.0,49.0,2017
431060,79.0,77.0,2017
431070,13.0,13.0,2017
431075,24.0,19.0,2017
431080,46.0,40.0,2017
431085,50.0,42.0,2017
431090,19.0,13.0,2017
431100,62.0,48.0,2017
431110,51.0,32.0,2017
431112,10.0,10.0,2017
431115,3.0,3.0,2017
431120,67.0,49.0,2017
431125,14.0,14.0,2017
431130,71.0,47.0,2017
431140,150.0,105.0,2017
431150,28.0,22.0,2017
431160,12.0,12.0,2017
431170,36.0,27.0,2017
431180,108.0,57.0,2017
431190,52.0,28.0,2017
431205,40.0,30.0,2017
431210,28.0,20.0,2017
431220,39.0,37.0,2017
431240,219.0,139.0,2017
431245,19.0,19.0,2017
431250,29.0,29.0,2017
431260,31.0,25.0,2017
431265,101.0,69.0,2017
431270,73.0,61.0,2017
431275,14.0,14.0,2017
431290,20.0,12.0,2017
431300,37.0,25.0,2017
431310,52.0,36.0,2017
431320,39.0,30.0,2017
431330,78.0,50.0,2017
431340,457.0,246.0,2017
431350,87.0,59.0,2017
431360,49.0,44.0,2017
431365,39.0,30.0,2017
431370,107.0,85.0,2017
431380,50.0,43.0,2017
431390,80.0,61.0,2017
431400,39.0,29.0,2017
431402,32.0,30.0,2017
431405,99.0,99.0,2017
431410,1088.0,719.0,2017
431417,9.0,9.0,2017
431420,50.0,44.0,2017
431430,16.0,15.0,2017
431440,1158.0,800.0,2017
431447,30.0,18.0,2017
431450,59.0,59.0,2017
431460,133.0,112.0,2017
431470,50.0,44.0,2017
431480,52.0,50.0,2017
431490,7045.0,4373.0,2017
431500,50.0,40.0,2017
431510,58.0,35.0,2017
431515,49.0,44.0,2017
431520,30.0,25.0,2017
431530,62.0,51.0,2017
431535,19.0,14.0,2017
431540,39.0,33.0,2017
431550,51.0,41.0,2017
431560,700.0,592.0,2017
431570,93.0,93.0,2017
431575,33.0,30.0,2017
431580,38.0,26.0,2017
431590,51.0,39.0,2017
431600,52.0,50.0,2017
431610,111.0,92.0,2017
431620,32.0,23.0,2017
431630,35.0,32.0,2017
431640,96.0,69.0,2017
431642,1.0,1.0,2017
431643,19.0,16.0,2017
431645,32.0,23.0,2017
431650,32.0,25.0,2017
431660,73.0,53.0,2017
431670,50.0,40.0,2017
431680,312.0,187.0,2017
431690,912.0,437.0,2017
431710,204.0,98.0,2017
431720,203.0,115.0,2017
431730,65.0,53.0,2017
431740,154.0,101.0,2017
431750,219.0,136.0,2017
431760,82.0,63.0,2017
431780,72.0,50.0,2017
431790,60.0,45.0,2017
431800,131.0,104.0,2017
431805,5.0,5.0,2017
431810,60.0,45.0,2017
431820,60.0,54.0,2017
431830,177.0,128.0,2017
431840,100.0,78.0,2017
431843,20.0,16.0,2017
431846,27.0,27.0,2017
431849,30.0,22.0,2017
431850,51.0,51.0,2017
431860,53.0,40.0,2017
431870,248.0,168.0,2017
431880,167.0,120.0,2017
431890,122.0,99.0,2017
431900,77.0,45.0,2017
431910,39.0,25.0,2017
431915,38.0,30.0,2017
431930,36.0,25.0,2017
431940,54.0,45.0,2017
431950,93.0,57.0,2017
431960,64.0,55.0,2017
431980,41.0,40.0,2017
431990,126.0,92.0,2017
432000,139.0,139.0,2017
432010,81.0,67.0,2017
432020,50.0,40.0,2017
432026,35.0,32.0,2017
432030,32.0,20.0,2017
432040,55.0,36.0,2017
432045,10.0,10.0,2017
432050,50.0,30.0,2017
432060,31.0,26.0,2017
432065,11.0,11.0,2017
432067,48.0,31.0,2017
432070,147.0,104.0,2017
432080,117.0,82.0,2017
432090,92.0,67.0,2017
432100,35.0,22.0,2017
432110,49.0,39.0,2017
432120,89.0,71.0,2017
432130,81.0,64.0,2017
432132,16.0,16.0,2017
432140,121.0,93.0,2017
432145,78.0,61.0,2017
432150,78.0,70.0,2017
432160,94.0,94.0,2017
432163,31.0,27.0,2017
432170,60.0,51.0,2017
432180,69.0,41.0,2017
432190,104.0,69.0,2017
432195,35.0,33.0,2017
432200,50.0,36.0,2017
432210,34.0,25.0,2017
432220,73.0,53.0,2017
432230,37.0,26.0,2017
432240,196.0,150.0,2017
432250,149.0,105.0,2017
432253,39.0,29.0,2017
432260,132.0,95.0,2017
432270,35.0,31.0,2017
432280,64.0,42.0,2017
432290,50.0,33.0,2017
432300,347.0,275.0,2017
432310,27.0,27.0,2017
432320,5.0,5.0,2017
432340,18.0,16.0,2017
432370,23.0,18.0,2017
500020,17.0,17.0,2017
500060,127.0,40.0,2017
500070,26.0,24.0,2017
500080,12.0,8.0,2017
500085,26.0,6.0,2017
500090,7.0,7.0,2017
500100,114.0,86.0,2017
500110,143.0,111.0,2017
500124,9.0,9.0,2017
500150,12.0,12.0,2017
500190,35.0,15.0,2017
500200,17.0,11.0,2017
500210,32.0,28.0,2017
500215,8.0,8.0,2017
500220,26.0,26.0,2017
500230,20.0,11.0,2017
500240,39.0,20.0,2017
500260,22.0,15.0,2017
500270,2215.0,1243.0,2017
500280,8.0,4.0,2017
500290,64.0,37.0,2017
500295,62.0,54.0,2017
500310,2.0,2.0,2017
500315,9.0,9.0,2017
500320,185.0,138.0,2017
500325,53.0,42.0,2017
500330,93.0,65.0,2017
500345,28.0,28.0,2017
500348,19.0,19.0,2017
500370,597.0,373.0,2017
500375,2.0,2.0,2017
500380,61.0,51.0,2017
500390,10.0,10.0,2017
500400,12.0,8.0,2017
500410,26.0,12.0,2017
500430,39.0,32.0,2017
500440,8.0,8.0,2017
500450,14.0,14.0,2017
500460,27.0,14.0,2017
500470,48.0,27.0,2017
500500,43.0,27.0,2017
500510,21.0,19.0,2017
500515,9.0,9.0,2017
500520,10.0,,2017
500525,6.0,6.0,2017
500540,50.0,44.0,2017
500560,23.0,23.0,2017
500568,36.0,36.0,2017
500570,95.0,84.0,2017
500580,6.0,6.0,2017
500600,18.0,18.0,2017
500620,111.0,77.0,2017
500625,15.0,15.0,2017
500630,191.0,112.0,2017
500635,10.0,10.0,2017
500640,8.0,8.0,2017
500660,147.0,97.0,2017
500690,16.0,16.0,2017
500710,16.0,16.0,2017
500720,44.0,39.0,2017
500730,20.0,6.0,2017
500740,29.0,29.0,2017
500750,9.0,9.0,2017
500755,8.0,8.0,2017
500769,37.0,37.0,2017
500770,64.0,18.0,2017
500790,39.0,27.0,2017
500793,22.0,10.0,2017
500795,8.0,8.0,2017
500797,4.0,4.0,2017
500830,199.0,114.0,2017
500840,5.0,5.0,2017
510020,98.0,50.0,2017
510025,111.0,57.0,2017
510030,98.0,79.0,2017
510060,30.0,24.0,2017
510080,28.0,28.0,2017
510100,12.0,12.0,2017
510125,19.0,16.0,2017
510130,34.0,33.0,2017
510140,33.0,33.0,2017
510160,11.0,11.0,2017
510170,69.0,69.0,2017
510180,104.0,68.0,2017
510190,31.0,31.0,2017
510250,224.0,186.0,2017
510260,21.0,21.0,2017
510263,31.0,30.0,2017
510267,56.0,25.0,2017
510268,16.0,16.0,2017
510269,9.0,9.0,2017
510270,53.0,31.0,2017
510300,34.0,34.0,2017
510305,23.0,14.0,2017
510310,16.0,16.0,2017
510320,113.0,84.0,2017
510325,40.0,28.0,2017
510330,42.0,31.0,2017
510335,46.0,46.0,2017
510337,33.0,33.0,2017
510340,2065.0,1394.0,2017
510345,24.0,24.0,2017
510350,47.0,47.0,2017
510360,20.0,15.0,2017
510385,17.0,17.0,2017
510390,15.0,15.0,2017
510410,48.0,34.0,2017
510420,22.0,18.0,2017
510455,16.0,16.0,2017
510460,35.0,35.0,2017
510480,61.0,30.0,2017
510500,37.0,32.0,2017
510510,68.0,34.0,2017
510515,148.0,82.0,2017
510517,19.0,19.0,2017
510520,17.0,15.0,2017
510525,99.0,65.0,2017
510550,50.0,41.0,2017
510558,21.0,21.0,2017
510560,43.0,25.0,2017
510562,84.0,39.0,2017
510590,41.0,34.0,2017
510600,35.0,30.0,2017
510610,14.0,14.0,2017
510615,15.0,15.0,2017
510618,6.0,6.0,2017
510620,13.0,13.0,2017
510622,39.0,27.0,2017
510623,50.0,34.0,2017
510625,25.0,25.0,2017
510627,15.0,15.0,2017
510628,26.0,26.0,2017
510629,32.0,32.0,2017
510630,35.0,35.0,2017
510637,31.0,31.0,2017
510642,61.0,61.0,2017
510650,64.0,58.0,2017
510670,21.0,21.0,2017
510675,69.0,40.0,2017
510677,18.0,18.0,2017
510680,20.0,20.0,2017
510700,96.0,77.0,2017
510704,120.0,54.0,2017
510706,31.0,26.0,2017
510710,49.0,43.0,2017
510718,28.0,28.0,2017
510719,15.0,15.0,2017
510720,18.0,18.0,2017
510730,37.0,25.0,2017
510735,17.0,2.0,2017
510760,448.0,362.0,2017
510770,63.0,55.0,2017
510775,14.0,14.0,2017
510777,22.0,22.0,2017
510780,20.0,20.0,2017
510785,44.0,44.0,2017
510787,49.0,40.0,2017
510790,268.0,143.0,2017
510792,160.0,99.0,2017
510794,15.0,15.0,2017
510795,148.0,93.0,2017
510800,21.0,21.0,2017
510805,37.0,37.0,2017
510810,14.0,14.0,2017
510820,24.0,22.0,2017
510835,5.0,5.0,2017
510840,348.0,253.0,2017
510860,24.0,24.0,2017
510885,8.0,8.0,2017
510890,6.0,6.0,2017
510895,13.0,13.0,2017
520013,72.0,38.0,2017
520017,12.0,12.0,2017
520025,39.0,39.0,2017
520030,34.0,34.0,2017
520050,14.0,14.0,2017
520060,17.0,17.0,2017
520080,32.0,32.0,2017
520085,17.0,17.0,2017
520090,13.0,13.0,2017
520110,1027.0,522.0,2017
520130,50.0,50.0,2017
520140,779.0,603.0,2017
520150,19.0,19.0,2017
520160,17.0,17.0,2017
520170,53.0,53.0,2017
520180,16.0,16.0,2017
520215,10.0,10.0,2017
520235,17.0,17.0,2017
520250,15.0,15.0,2017
520280,12.0,12.0,2017
520320,22.0,22.0,2017
520330,36.0,30.0,2017
520340,23.0,23.0,2017
520350,19.0,19.0,2017
520355,2.0,2.0,2017
520380,23.0,23.0,2017
520390,32.0,25.0,2017
520393,14.0,14.0,2017
520400,16.0,16.0,2017
520410,26.0,26.0,2017
520425,18.0,18.0,2017
520430,36.0,28.0,2017
520440,40.0,28.0,2017
520450,132.0,85.0,2017
520465,22.0,22.0,2017
520470,16.0,16.0,2017
520480,18.0,18.0,2017
520490,48.0,34.0,2017
520495,33.0,33.0,2017
520500,17.0,17.0,2017
520505,15.0,15.0,2017
520510,314.0,209.0,2017
520520,18.0,18.0,2017
520530,16.0,16.0,2017
520540,291.0,132.0,2017
520545,15.0,15.0,2017
520547,25.0,25.0,2017
520549,61.0,35.0,2017
520551,22.0,22.0,2017
520552,11.0,11.0,2017
520570,16.0,16.0,2017
520580,24.0,13.0,2017
520590,26.0,26.0,2017
520620,65.0,48.0,2017
520630,8.0,8.0,2017
520640,86.0,60.0,2017
520650,11.0,11.0,2017
520660,14.0,14.0,2017
520670,13.0,13.0,2017
520680,14.0,14.0,2017
520710,14.0,14.0,2017
520725,24.0,24.0,2017
520735,5.0,5.0,2017
520740,43.0,22.0,2017
520750,22.0,22.0,2017
520753,19.0,19.0,2017
520760,16.0,16.0,2017
520780,37.0,26.0,2017
520790,7.0,7.0,2017
520800,145.0,67.0,2017
520810,25.0,25.0,2017
520830,24.0,24.0,2017
520840,18.0,18.0,2017
520850,33.0,26.0,2017
520860,252.0,170.0,2017
520870,6564.0,2943.0,2017
520880,44.0,28.0,2017
520890,111.0,51.0,2017
520910,127.0,59.0,2017
520960,19.0,19.0,2017
520970,21.0,21.0,2017
520980,28.0,28.0,2017
520990,16.0,16.0,2017
520993,16.0,16.0,2017
520995,51.0,20.0,2017
521000,193.0,87.0,2017
521010,110.0,84.0,2017
521020,148.0,52.0,2017
521030,7.0,7.0,2017
521040,71.0,64.0,2017
521060,19.0,19.0,2017
521080,18.0,18.0,2017
521090,66.0,61.0,2017
521100,23.0,23.0,2017
521120,124.0,81.0,2017
521130,17.0,17.0,2017
521140,18.0,18.0,2017
521150,233.0,114.0,2017
521160,10.0,10.0,2017
521170,13.0,13.0,2017
521180,89.0,89.0,2017
521190,194.0,137.0,2017
521200,10.0,10.0,2017
521210,17.0,17.0,2017
521220,68.0,30.0,2017
521230,29.0,29.0,2017
521250,125.0,44.0,2017
521260,18.0,18.0,2017
521270,16.0,16.0,2017
521280,44.0,18.0,2017
521290,29.0,29.0,2017
521295,14.0,14.0,2017
521300,12.0,12.0,2017
521308,81.0,28.0,2017
521310,233.0,124.0,2017
521350,16.0,16.0,2017
521370,24.0,24.0,2017
521375,13.0,13.0,2017
521380,110.0,78.0,2017
521385,19.0,19.0,2017
521390,20.0,20.0,2017
521400,20.0,20.0,2017
521405,18.0,18.0,2017
521410,19.0,19.0,2017
521440,16.0,16.0,2017
521450,134.0,69.0,2017
521460,107.0,57.0,2017
521470,4.0,4.0,2017
521483,45.0,45.0,2017
521500,18.0,18.0,2017
521520,9.0,9.0,2017
521530,29.0,20.0,2017
521550,31.0,31.0,2017
521560,33.0,28.0,2017
521565,19.0,19.0,2017
521570,33.0,6.0,2017
521580,14.0,14.0,2017
521590,19.0,19.0,2017
521630,30.0,30.0,2017
521640,20.0,20.0,2017
521680,26.0,24.0,2017
521710,70.0,60.0,2017
521720,28.0,28.0,2017
521730,48.0,42.0,2017
521740,41.0,41.0,2017
521760,72.0,70.0,2017
521770,50.0,22.0,2017
521800,107.0,58.0,2017
521805,16.0,16.0,2017
521810,17.0,17.0,2017
521830,54.0,52.0,2017
521850,128.0,43.0,2017
521860,24.0,24.0,2017
521880,401.0,199.0,2017
521890,108.0,104.0,2017
521900,17.0,17.0,2017
521910,15.0,15.0,2017
521920,12.0,12.0,2017
521925,17.0,17.0,2017
521930,156.0,117.0,2017
521950,16.0,16.0,2017
521960,17.0,17.0,2017
521970,38.0,38.0,2017
521973,19.0,19.0,2017
521975,165.0,14.0,2017
521980,22.0,22.0,2017
522000,26.0,26.0,2017
522010,99.0,50.0,2017
522015,10.0,10.0,2017
522020,99.0,58.0,2017
522026,10.0,10.0,2017
522040,50.0,50.0,2017
522045,87.0,79.0,2017
522050,21.0,21.0,2017
522060,40.0,40.0,2017
522068,16.0,16.0,2017
522100,41.0,20.0,2017
522130,6.0,,2017
522140,519.0,421.0,2017
522145,15.0,15.0,2017
522150,17.0,17.0,2017
522155,14.0,14.0,2017
522160,86.0,37.0,2017
522170,27.0,20.0,2017
522185,67.0,30.0,2017
522200,40.0,32.0,2017
522205,16.0,16.0,2017
522220,13.0,13.0,2017
530010,6644.0,4164.0,2017
110001,49.0,43.0,2018
110002,257.0,134.0,2018
110003,9.0,9.0,2018
110004,380.0,283.0,2018
110005,40.0,40.0,2018
110006,50.0,50.0,2018
110007,16.0,16.0,2018
110008,45.0,45.0,2018
110009,54.0,36.0,2018
110010,97.0,88.0,2018
110011,120.0,100.0,2018
110012,289.0,178.0,2018
110013,44.0,44.0,2018
110014,44.0,44.0,2018
110015,87.0,45.0,2018
110018,58.0,46.0,2018
110020,1783.0,1178.0,2018
110025,45.0,45.0,2018
110026,12.0,12.0,2018
110028,94.0,78.0,2018
110029,25.0,25.0,2018
110030,211.0,187.0,2018
110032,44.0,44.0,2018
110033,20.0,20.0,2018
110034,35.0,35.0,2018
110037,16.0,16.0,2018
110040,16.0,16.0,2018
110045,66.0,32.0,2018
110050,18.0,18.0,2018
110060,26.0,26.0,2018
110070,19.0,19.0,2018
110080,15.0,15.0,2018
110090,7.0,7.0,2018
110092,10.0,10.0,2018
110094,11.0,11.0,2018
110100,22.0,21.0,2018
110110,20.0,20.0,2018
110120,16.0,16.0,2018
110130,25.0,25.0,2018
110140,40.0,40.0,2018
110143,15.0,15.0,2018
110145,8.0,8.0,2018
110146,9.0,9.0,2018
110148,7.0,7.0,2018
110149,31.0,31.0,2018
110150,36.0,36.0,2018
110160,13.0,13.0,2018
110170,25.0,25.0,2018
110175,12.0,12.0,2018
110180,16.0,16.0,2018
120001,16.0,16.0,2018
120005,13.0,13.0,2018
120010,42.0,42.0,2018
120020,170.0,156.0,2018
120030,41.0,41.0,2018
120032,10.0,10.0,2018
120033,25.0,25.0,2018
120034,23.0,23.0,2018
120035,13.0,13.0,2018
120038,52.0,52.0,2018
120039,14.0,14.0,2018
120040,816.0,715.0,2018
120042,16.0,16.0,2018
120043,16.0,16.0,2018
120045,30.0,30.0,2018
120050,54.0,54.0,2018
120060,42.0,42.0,2018
120070,30.0,30.0,2018
130002,22.0,22.0,2018
130006,19.0,19.0,2018
130008,20.0,20.0,2018
130010,23.0,23.0,2018
130014,42.0,42.0,2018
130020,30.0,30.0,2018
130030,31.0,31.0,2018
130040,26.0,26.0,2018
130050,31.0,31.0,2018
130060,34.0,34.0,2018
130063,13.0,13.0,2018
130068,22.0,22.0,2018
130070,61.0,61.0,2018
130080,38.0,38.0,2018
130083,16.0,16.0,2018
130090,16.0,16.0,2018
130100,50.0,50.0,2018
130110,20.0,20.0,2018
130120,105.0,101.0,2018
130130,47.0,47.0,2018
130140,80.0,80.0,2018
130150,24.0,24.0,2018
130160,58.0,58.0,2018
130165,20.0,20.0,2018
130170,40.0,40.0,2018
130180,26.0,26.0,2018
130185,32.0,32.0,2018
130190,108.0,108.0,2018
130195,15.0,15.0,2018
130200,18.0,18.0,2018
130210,20.0,20.0,2018
130220,20.0,20.0,2018
130230,18.0,18.0,2018
130240,50.0,50.0,2018
130250,72.0,72.0,2018
130255,20.0,20.0,2018
130260,3492.0,2671.0,2018
130270,60.0,60.0,2018
130280,19.0,19.0,2018
130290,90.0,90.0,2018
130300,19.0,19.0,2018
130310,31.0,31.0,2018
130320,22.0,22.0,2018
130330,31.0,31.0,2018
130340,134.0,134.0,2018
130350,26.0,26.0,2018
130353,29.0,29.0,2018
130356,29.0,29.0,2018
130360,20.0,20.0,2018
130370,52.0,24.0,2018
130380,106.0,100.0,2018
130390,22.0,22.0,2018
130395,20.0,20.0,2018
130400,20.0,20.0,2018
130406,51.0,51.0,2018
130410,35.0,35.0,2018
130420,90.0,78.0,2018
130423,33.0,33.0,2018
130426,20.0,20.0,2018
130430,40.0,40.0,2018
130440,32.0,32.0,2018
140005,12.0,12.0,2018
140010,857.0,816.0,2018
140015,14.0,8.0,2018
140020,24.0,24.0,2018
140023,16.0,16.0,2018
140028,1.0,,2018
140030,22.0,14.0,2018
140040,20.0,19.0,2018
140045,13.0,13.0,2018
140047,37.0,37.0,2018
140050,15.0,15.0,2018
140060,17.0,14.0,2018
150010,263.0,195.0,2018
150013,17.0,17.0,2018
150020,33.0,33.0,2018
150030,30.0,30.0,2018
150034,40.0,40.0,2018
150040,97.0,91.0,2018
150050,94.0,87.0,2018
150060,233.0,143.0,2018
150070,20.0,20.0,2018
150080,853.0,721.0,2018
150085,35.0,35.0,2018
150090,74.0,71.0,2018
150095,58.0,58.0,2018
150110,15.0,15.0,2018
150120,30.0,30.0,2018
150125,10.0,10.0,2018
150130,144.0,126.0,2018
150140,4546.0,2439.0,2018
150145,20.0,20.0,2018
150157,31.0,31.0,2018
150170,360.0,268.0,2018
150172,33.0,33.0,2018
150175,24.0,24.0,2018
150178,44.0,44.0,2018
150180,157.0,157.0,2018
150190,43.0,30.0,2018
150200,20.0,20.0,2018
150210,183.0,166.0,2018
150215,73.0,50.0,2018
150220,252.0,150.0,2018
150230,146.0,118.0,2018
150240,392.0,288.0,2018
150250,9.0,9.0,2018
150260,8.0,8.0,2018
150270,198.0,182.0,2018
150275,25.0,25.0,2018
150276,11.0,11.0,2018
150277,50.0,50.0,2018
150280,26.0,26.0,2018
150290,27.0,27.0,2018
150293,81.0,75.0,2018
150295,41.0,41.0,2018
150300,10.0,10.0,2018
150304,20.0,20.0,2018
150307,20.0,20.0,2018
150309,24.0,24.0,2018
150310,23.0,23.0,2018
150320,45.0,45.0,2018
150330,133.0,129.0,2018
150340,19.0,19.0,2018
150345,76.0,76.0,2018
150350,30.0,30.0,2018
150360,431.0,84.0,2018
150370,61.0,53.0,2018
150375,24.0,24.0,2018
150380,180.0,73.0,2018
150390,57.0,51.0,2018
150400,20.0,20.0,2018
150405,52.0,52.0,2018
150420,277.0,220.0,2018
150430,27.0,27.0,2018
150440,18.0,18.0,2018
150442,164.0,120.0,2018
150445,41.0,41.0,2018
150450,15.0,15.0,2018
150460,27.0,27.0,2018
150470,50.0,50.0,2018
150480,85.0,58.0,2018
150490,26.0,26.0,2018
150495,32.0,32.0,2018
150497,14.0,14.0,2018
150503,45.0,37.0,2018
150506,54.0,54.0,2018
150510,65.0,63.0,2018
150520,15.0,15.0,2018
150530,89.0,74.0,2018
150540,24.0,24.0,2018
150543,67.0,65.0,2018
150548,37.0,32.0,2018
150549,20.0,20.0,2018
150550,176.0,117.0,2018
150553,320.0,100.0,2018
150555,22.0,22.0,2018
150563,20.0,20.0,2018
150565,29.0,29.0,2018
150570,20.0,20.0,2018
150580,29.0,29.0,2018
150590,49.0,49.0,2018
150600,20.0,20.0,2018
150613,281.0,187.0,2018
150616,54.0,29.0,2018
150618,148.0,135.0,2018
150619,27.0,27.0,2018
150620,47.0,47.0,2018
150630,19.0,19.0,2018
150640,15.0,15.0,2018
150650,60.0,60.0,2018
150655,16.0,16.0,2018
150658,23.0,23.0,2018
150660,37.0,37.0,2018
150670,63.0,63.0,2018
150680,505.0,426.0,2018
150700,100.0,83.0,2018
150710,20.0,20.0,2018
150715,21.0,21.0,2018
150720,31.0,31.0,2018
150730,142.0,91.0,2018
150745,41.0,41.0,2018
150747,24.0,24.0,2018
150750,19.0,19.0,2018
150760,54.0,54.0,2018
150770,32.0,32.0,2018
150775,11.0,11.0,2018
150780,15.0,15.0,2018
150790,48.0,48.0,2018
150795,40.0,40.0,2018
150797,21.0,21.0,2018
150800,171.0,150.0,2018
150803,15.0,15.0,2018
150805,21.0,21.0,2018
150808,99.0,87.0,2018
150810,286.0,204.0,2018
150812,89.0,88.0,2018
150815,61.0,58.0,2018
150820,35.0,35.0,2018
150830,65.0,65.0,2018
150835,31.0,31.0,2018
150840,133.0,82.0,2018
160005,30.0,30.0,2018
160010,37.0,37.0,2018
160015,15.0,15.0,2018
160020,20.0,20.0,2018
160023,12.0,12.0,2018
160027,58.0,58.0,2018
160030,752.0,619.0,2018
160040,14.0,14.0,2018
160050,41.0,41.0,2018
160053,34.0,34.0,2018
160060,107.0,107.0,2018
160070,18.0,18.0,2018
160080,8.0,8.0,2018
170070,23.0,23.0,2018
170100,14.0,14.0,2018
170190,17.0,17.0,2018
170200,29.0,29.0,2018
170210,554.0,430.0,2018
170220,25.0,25.0,2018
170230,27.0,27.0,2018
170240,35.0,35.0,2018
170255,93.0,93.0,2018
170370,5.0,5.0,2018
170550,69.0,69.0,2018
170610,7.0,7.0,2018
170700,39.0,39.0,2018
170710,15.0,15.0,2018
170720,9.0,9.0,2018
170730,5.0,5.0,2018
170765,5.0,5.0,2018
170820,40.0,40.0,2018
170900,10.0,10.0,2018
170930,57.0,57.0,2018
170950,246.0,101.0,2018
171050,27.0,27.0,2018
171190,30.0,30.0,2018
171320,69.0,69.0,2018
171330,26.0,26.0,2018
171360,5.0,5.0,2018
171420,9.0,9.0,2018
171430,31.0,31.0,2018
171575,24.0,24.0,2018
171610,140.0,97.0,2018
171620,24.0,24.0,2018
171650,31.0,31.0,2018
171660,40.0,40.0,2018
171670,21.0,21.0,2018
171700,6.0,6.0,2018
171750,5.0,5.0,2018
171790,7.0,7.0,2018
171820,173.0,173.0,2018
172065,19.0,19.0,2018
172090,47.0,47.0,2018
172100,763.0,529.0,2018
172120,40.0,40.0,2018
172210,28.0,28.0,2018
210005,211.0,121.0,2018
210010,15.0,15.0,2018
210020,24.0,24.0,2018
210030,25.0,25.0,2018
210043,48.0,48.0,2018
210047,69.0,69.0,2018
210050,22.0,22.0,2018
210060,81.0,76.0,2018
210070,25.0,25.0,2018
210080,16.0,16.0,2018
210083,15.0,15.0,2018
210087,17.0,17.0,2018
210090,117.0,117.0,2018
210095,58.0,58.0,2018
210100,59.0,50.0,2018
210110,20.0,20.0,2018
210120,230.0,209.0,2018
210130,23.0,23.0,2018
210140,157.0,120.0,2018
210150,31.0,31.0,2018
210160,157.0,131.0,2018
210170,52.0,47.0,2018
210173,12.0,12.0,2018
210177,15.0,15.0,2018
210180,20.0,20.0,2018
210190,18.0,18.0,2018
210193,15.0,15.0,2018
210197,15.0,15.0,2018
210200,36.0,36.0,2018
210203,25.0,25.0,2018
210210,37.0,37.0,2018
210220,35.0,35.0,2018
210230,44.0,44.0,2018
210232,84.0,84.0,2018
210240,19.0,19.0,2018
210250,20.0,20.0,2018
210255,21.0,21.0,2018
210260,10.0,10.0,2018
210270,59.0,59.0,2018
210275,13.0,12.0,2018
210280,53.0,53.0,2018
210290,38.0,38.0,2018
210300,312.0,305.0,2018
210310,15.0,15.0,2018
210312,15.0,15.0,2018
210320,182.0,150.0,2018
210325,21.0,21.0,2018
210330,114.0,114.0,2018
210340,120.0,100.0,2018
210350,166.0,166.0,2018
210355,15.0,15.0,2018
210360,76.0,76.0,2018
210370,109.0,103.0,2018
210375,14.0,14.0,2018
210380,29.0,29.0,2018
210390,26.0,26.0,2018
210400,44.0,44.0,2018
210405,61.0,53.0,2018
210407,20.0,20.0,2018
210408,18.0,18.0,2018
210409,13.0,13.0,2018
210410,31.0,31.0,2018
210420,17.0,17.0,2018
210440,29.0,29.0,2018
210450,24.0,24.0,2018
210455,23.0,23.0,2018
210460,30.0,30.0,2018
210462,22.0,22.0,2018
210465,21.0,21.0,2018
210467,204.0,200.0,2018
210470,18.0,18.0,2018
210480,188.0,186.0,2018
210490,36.0,32.0,2018
210500,30.0,30.0,2018
210510,34.0,30.0,2018
210515,37.0,37.0,2018
210520,37.0,37.0,2018
210530,868.0,637.0,2018
210535,17.0,17.0,2018
210540,69.0,69.0,2018
210542,76.0,76.0,2018
210545,16.0,16.0,2018
210547,17.0,17.0,2018
210550,62.0,62.0,2018
210560,22.0,22.0,2018
210565,16.0,16.0,2018
210570,144.0,98.0,2018
210580,20.0,20.0,2018
210590,45.0,45.0,2018
210592,22.0,22.0,2018
210594,20.0,20.0,2018
210596,19.0,19.0,2018
210600,38.0,38.0,2018
210610,20.0,20.0,2018
210620,9.0,9.0,2018
210630,20.0,20.0,2018
210632,11.0,11.0,2018
210637,18.0,18.0,2018
210640,23.0,23.0,2018
210650,17.0,17.0,2018
210660,71.0,59.0,2018
210663,25.0,25.0,2018
210667,9.0,9.0,2018
210670,20.0,20.0,2018
210675,52.0,44.0,2018
210680,22.0,22.0,2018
210690,52.0,52.0,2018
210700,24.0,24.0,2018
210710,20.0,20.0,2018
210720,15.0,15.0,2018
210725,14.0,14.0,2018
210730,15.0,15.0,2018
210735,37.0,37.0,2018
210740,20.0,20.0,2018
210745,50.0,46.0,2018
210750,17.0,17.0,2018
210760,36.0,36.0,2018
210770,48.0,48.0,2018
210780,68.0,68.0,2018
210790,116.0,116.0,2018
210800,27.0,27.0,2018
210805,20.0,20.0,2018
210810,39.0,35.0,2018
210820,114.0,88.0,2018
210825,34.0,34.0,2018
210830,71.0,71.0,2018
210840,27.0,27.0,2018
210845,52.0,48.0,2018
210850,40.0,40.0,2018
210860,231.0,225.0,2018
210870,35.0,35.0,2018
210880,18.0,18.0,2018
210890,39.0,39.0,2018
210900,79.0,75.0,2018
210910,199.0,195.0,2018
210920,15.0,15.0,2018
210927,15.0,15.0,2018
210930,22.0,22.0,2018
210940,14.0,14.0,2018
210945,13.0,13.0,2018
210950,50.0,50.0,2018
210955,20.0,20.0,2018
210960,123.0,113.0,2018
210970,17.0,17.0,2018
210975,17.0,17.0,2018
210980,38.0,38.0,2018
210990,295.0,213.0,2018
211000,86.0,86.0,2018
211003,78.0,78.0,2018
211010,42.0,42.0,2018
211020,44.0,35.0,2018
211023,16.0,16.0,2018
211027,15.0,15.0,2018
211030,30.0,30.0,2018
211040,32.0,32.0,2018
211050,50.0,50.0,2018
211060,27.0,27.0,2018
211065,20.0,20.0,2018
211070,41.0,37.0,2018
211080,20.0,20.0,2018
211085,24.0,24.0,2018
211090,21.0,21.0,2018
211100,50.0,50.0,2018
211102,35.0,19.0,2018
211105,20.0,20.0,2018
211107,19.0,19.0,2018
211110,54.0,52.0,2018
211120,143.0,72.0,2018
211125,13.0,13.0,2018
211130,3612.0,3038.0,2018
211140,29.0,29.0,2018
211150,49.0,49.0,2018
211153,26.0,26.0,2018
211157,18.0,18.0,2018
211160,23.0,19.0,2018
211163,12.0,12.0,2018
211170,56.0,56.0,2018
211172,36.0,36.0,2018
211174,35.0,35.0,2018
211178,20.0,20.0,2018
211180,30.0,30.0,2018
211190,20.0,20.0,2018
211195,16.0,16.0,2018
211200,16.0,16.0,2018
211210,48.0,48.0,2018
211220,120.0,115.0,2018
211223,29.0,29.0,2018
211227,19.0,19.0,2018
211230,50.0,50.0,2018
211240,52.0,52.0,2018
211250,52.0,52.0,2018
211260,37.0,37.0,2018
211270,41.0,41.0,2018
211280,74.0,74.0,2018
211285,21.0,21.0,2018
211290,50.0,46.0,2018
211300,48.0,44.0,2018
211400,77.0,77.0,2018
220010,15.0,15.0,2018
220020,20.0,20.0,2018
220025,12.0,12.0,2018
220030,14.0,14.0,2018
220040,37.0,37.0,2018
220050,45.0,45.0,2018
220060,11.0,11.0,2018
220070,10.0,10.0,2018
220090,6.0,6.0,2018
220100,4.0,4.0,2018
220110,18.0,18.0,2018
220115,11.0,11.0,2018
220120,74.0,70.0,2018
220140,25.0,25.0,2018
220150,23.0,23.0,2018
220160,15.0,15.0,2018
220170,4.0,4.0,2018
220180,21.0,21.0,2018
220190,50.0,50.0,2018
220191,6.0,6.0,2018
220196,10.0,10.0,2018
220200,40.0,40.0,2018
220202,16.0,16.0,2018
220220,230.0,212.0,2018
220225,4.0,4.0,2018
220230,23.0,23.0,2018
220240,9.0,9.0,2018
220250,11.0,11.0,2018
220260,38.0,38.0,2018
220270,23.0,23.0,2018
220277,7.0,7.0,2018
220280,45.0,45.0,2018
220290,45.0,45.0,2018
220300,25.0,25.0,2018
220310,21.0,21.0,2018
220320,34.0,34.0,2018
220330,24.0,24.0,2018
220335,7.0,7.0,2018
220350,34.0,34.0,2018
220360,8.0,8.0,2018
220370,70.0,50.0,2018
220380,2.0,2.0,2018
220390,218.0,201.0,2018
220400,14.0,14.0,2018
220410,4.0,4.0,2018
220420,14.0,14.0,2018
220430,25.0,25.0,2018
220440,9.0,9.0,2018
220450,32.0,32.0,2018
220470,11.0,11.0,2018
220480,15.0,15.0,2018
220490,20.0,20.0,2018
220500,21.0,21.0,2018
220510,26.0,26.0,2018
220520,35.0,31.0,2018
220530,7.0,7.0,2018
220540,17.0,17.0,2018
220550,24.0,24.0,2018
220553,13.0,13.0,2018
220555,10.0,10.0,2018
220560,8.0,8.0,2018
220570,43.0,43.0,2018
220580,50.0,38.0,2018
220585,7.0,7.0,2018
220590,11.0,11.0,2018
220595,38.0,38.0,2018
220610,15.0,15.0,2018
220620,22.0,20.0,2018
220640,13.0,13.0,2018
220650,20.0,20.0,2018
220660,25.0,25.0,2018
220670,6.0,6.0,2018
220680,9.0,9.0,2018
220690,8.0,8.0,2018
220700,135.0,90.0,2018
220720,81.0,81.0,2018
220730,8.0,8.0,2018
220740,12.0,12.0,2018
220750,16.0,16.0,2018
220760,17.0,17.0,2018
220770,574.0,491.0,2018
220780,75.0,72.0,2018
220790,70.0,49.0,2018
220800,312.0,271.0,2018
220810,16.0,16.0,2018
220820,35.0,35.0,2018
220830,65.0,65.0,2018
220840,105.0,105.0,2018
220850,17.0,17.0,2018
220855,3.0,3.0,2018
220860,16.0,16.0,2018
220870,19.0,19.0,2018
220880,29.0,29.0,2018
220890,17.0,17.0,2018
220900,2.0,2.0,2018
220910,21.0,20.0,2018
220920,10.0,10.0,2018
220937,16.0,8.0,2018
220940,4.0,4.0,2018
220950,7.0,7.0,2018
220960,20.0,20.0,2018
220970,7.0,7.0,2018
220980,12.0,12.0,2018
220990,12.0,12.0,2018
221000,75.0,75.0,2018
221010,6.0,6.0,2018
221020,8.0,8.0,2018
221030,29.0,29.0,2018
221040,44.0,39.0,2018
221050,41.0,41.0,2018
221060,276.0,276.0,2018
221065,16.0,,2018
221070,52.0,52.0,2018
221080,32.0,32.0,2018
221090,12.0,12.0,2018
221100,3132.0,2392.0,2018
221110,50.0,50.0,2018
221120,37.0,37.0,2018
221130,46.0,46.0,2018
221140,14.0,14.0,2018
221170,19.0,19.0,2018
230010,1.0,1.0,2018
230020,73.0,70.0,2018
230030,102.0,98.0,2018
230040,29.0,29.0,2018
230060,19.0,19.0,2018
230070,33.0,33.0,2018
230075,36.0,36.0,2018
230080,16.0,16.0,2018
230090,12.0,12.0,2018
230100,93.0,40.0,2018
230110,109.0,96.0,2018
230120,50.0,50.0,2018
230125,18.0,18.0,2018
230130,42.0,42.0,2018
230140,12.0,12.0,2018
230150,16.0,16.0,2018
230160,46.0,46.0,2018
230170,89.0,89.0,2018
230180,19.0,19.0,2018
230185,17.0,17.0,2018
230190,379.0,315.0,2018
230195,25.0,25.0,2018
230200,30.0,30.0,2018
230205,9.0,9.0,2018
230210,66.0,52.0,2018
230220,25.0,25.0,2018
230230,30.0,30.0,2018
230240,66.0,66.0,2018
230250,235.0,208.0,2018
230260,100.0,99.0,2018
230270,87.0,87.0,2018
230280,125.0,121.0,2018
230290,14.0,14.0,2018
230300,21.0,21.0,2018
230310,18.0,18.0,2018
230320,33.0,33.0,2018
230330,26.0,26.0,2018
230340,16.0,16.0,2018
230350,68.0,65.0,2018
230360,18.0,18.0,2018
230365,23.0,23.0,2018
230370,157.0,157.0,2018
230380,68.0,62.0,2018
230390,23.0,23.0,2018
230393,16.0,16.0,2018
230395,9.0,9.0,2018
230400,14.0,14.0,2018
230410,142.0,114.0,2018
230420,400.0,203.0,2018
230423,30.0,30.0,2018
230425,56.0,56.0,2018
230426,12.0,12.0,2018
230427,9.0,9.0,2018
230428,120.0,56.0,2018
230430,42.0,42.0,2018
230435,8.0,8.0,2018
230440,8058.0,5281.0,2018
230445,12.0,12.0,2018
230450,16.0,16.0,2018
230460,13.0,13.0,2018
230470,50.0,50.0,2018
230480,25.0,25.0,2018
230490,19.0,19.0,2018
230495,13.0,13.0,2018
230500,36.0,36.0,2018
230510,11.0,11.0,2018
230520,21.0,21.0,2018
230523,48.0,48.0,2018
230526,21.0,21.0,2018
230530,37.0,37.0,2018
230533,8.0,8.0,2018
230535,16.0,16.0,2018
230540,56.0,54.0,2018
230550,239.0,197.0,2018
230560,19.0,19.0,2018
230565,18.0,18.0,2018
230570,26.0,26.0,2018
230580,126.0,45.0,2018
230590,40.0,40.0,2018
230600,30.0,30.0,2018
230610,21.0,21.0,2018
230620,17.0,17.0,2018
230625,26.0,26.0,2018
230630,34.0,34.0,2018
230640,154.0,140.0,2018
230650,28.0,28.0,2018
230655,31.0,31.0,2018
230670,20.0,20.0,2018
230680,40.0,40.0,2018
230690,30.0,30.0,2018
230700,24.0,24.0,2018
230710,64.0,64.0,2018
230720,33.0,33.0,2018
230725,17.0,,2018
230730,478.0,367.0,2018
230740,25.0,25.0,2018
230750,47.0,43.0,2018
230760,297.0,252.0,2018
230763,24.0,24.0,2018
230765,354.0,301.0,2018
230770,179.0,51.0,2018
230780,33.0,33.0,2018
230790,9.0,9.0,2018
230800,30.0,30.0,2018
230810,70.0,70.0,2018
230820,20.0,20.0,2018
230830,77.0,67.0,2018
230835,28.0,28.0,2018
230840,72.0,72.0,2018
230850,51.0,51.0,2018
230860,50.0,50.0,2018
230870,151.0,121.0,2018
230880,12.0,12.0,2018
230890,20.0,20.0,2018
230900,40.0,40.0,2018
230910,9.0,9.0,2018
230920,20.0,20.0,2018
230930,43.0,43.0,2018
230940,20.0,20.0,2018
230945,19.0,19.0,2018
230950,37.0,37.0,2018
230960,53.0,53.0,2018
230970,19.0,19.0,2018
230980,20.0,20.0,2018
231000,9.0,9.0,2018
231010,16.0,16.0,2018
231020,43.0,41.0,2018
231025,25.0,25.0,2018
231030,38.0,38.0,2018
231040,28.0,28.0,2018
231050,51.0,51.0,2018
231060,12.0,12.0,2018
231070,51.0,51.0,2018
231080,25.0,25.0,2018
231085,14.0,14.0,2018
231090,22.0,22.0,2018
231100,21.0,21.0,2018
231110,22.0,22.0,2018
231120,18.0,18.0,2018
231123,13.0,13.0,2018
231126,17.0,17.0,2018
231130,99.0,92.0,2018
231135,24.0,24.0,2018
231140,237.0,237.0,2018
231150,28.0,28.0,2018
231160,59.0,56.0,2018
231170,26.0,26.0,2018
231180,260.0,198.0,2018
231190,37.0,37.0,2018
231195,14.0,14.0,2018
231200,40.0,40.0,2018
231210,21.0,21.0,2018
231220,46.0,46.0,2018
231230,94.0,80.0,2018
231240,42.0,42.0,2018
231260,20.0,20.0,2018
231270,52.0,52.0,2018
231280,7.0,7.0,2018
231290,768.0,719.0,2018
231300,26.0,26.0,2018
231310,62.0,55.0,2018
231320,39.0,39.0,2018
231325,16.0,16.0,2018
231330,99.0,98.0,2018
231335,16.0,16.0,2018
231340,112.0,112.0,2018
231350,13.0,13.0,2018
231355,13.0,13.0,2018
231360,21.0,21.0,2018
231370,20.0,20.0,2018
231375,13.0,13.0,2018
231380,25.0,25.0,2018
231390,16.0,16.0,2018
231395,18.0,18.0,2018
231400,61.0,53.0,2018
231410,69.0,69.0,2018
240010,40.0,34.0,2018
240020,53.0,49.0,2018
240030,27.0,27.0,2018
240050,124.0,124.0,2018
240060,50.0,50.0,2018
240070,21.0,21.0,2018
240080,28.0,28.0,2018
240090,32.0,32.0,2018
240100,88.0,88.0,2018
240110,34.0,34.0,2018
240120,26.0,24.0,2018
240140,9.0,9.0,2018
240145,21.0,21.0,2018
240150,12.0,12.0,2018
240170,10.0,10.0,2018
240180,14.0,14.0,2018
240190,8.0,8.0,2018
240200,184.0,146.0,2018
240210,8.0,8.0,2018
240220,35.0,35.0,2018
240230,30.0,26.0,2018
240240,33.0,33.0,2018
240250,21.0,21.0,2018
240260,39.0,39.0,2018
240270,24.0,24.0,2018
240280,12.0,12.0,2018
240290,9.0,9.0,2018
240300,12.0,12.0,2018
240310,94.0,94.0,2018
240320,12.0,12.0,2018
240325,143.0,143.0,2018
240330,25.0,25.0,2018
240340,20.0,20.0,2018
240360,26.0,26.0,2018
240370,15.0,15.0,2018
240400,28.0,28.0,2018
240420,14.0,14.0,2018
240430,12.0,12.0,2018
240440,13.0,13.0,2018
240450,27.0,27.0,2018
240460,1.0,1.0,2018
240490,15.0,15.0,2018
240500,17.0,17.0,2018
240510,3.0,3.0,2018
240520,20.0,20.0,2018
240530,18.0,18.0,2018
240540,1.0,1.0,2018
240550,3.0,3.0,2018
240560,25.0,25.0,2018
240570,33.0,33.0,2018
240580,34.0,34.0,2018
240590,2.0,2.0,2018
240600,21.0,21.0,2018
240620,10.0,10.0,2018
240640,8.0,8.0,2018
240650,29.0,29.0,2018
240670,31.0,31.0,2018
240680,8.0,8.0,2018
240690,12.0,12.0,2018
240700,30.0,30.0,2018
240710,55.0,51.0,2018
240720,44.0,44.0,2018
240725,12.0,12.0,2018
240740,30.0,30.0,2018
240760,16.0,16.0,2018
240770,19.0,19.0,2018
240780,21.0,21.0,2018
240790,13.0,13.0,2018
240800,765.0,620.0,2018
240810,2933.0,2102.0,2018
240820,24.0,,2018
240830,38.0,38.0,2018
240840,14.0,14.0,2018
240860,8.0,8.0,2018
240880,6.0,6.0,2018
240890,55.0,50.0,2018
240895,8.0,8.0,2018
240910,30.0,30.0,2018
240930,45.0,40.0,2018
240940,154.0,142.0,2018
240960,4.0,4.0,2018
240980,11.0,11.0,2018
240990,13.0,13.0,2018
241000,10.0,10.0,2018
241010,30.0,30.0,2018
241020,31.0,31.0,2018
241030,22.0,22.0,2018
241050,8.0,8.0,2018
241060,19.0,19.0,2018
241070,17.0,17.0,2018
241090,12.0,12.0,2018
241100,18.0,18.0,2018
241105,14.0,14.0,2018
241110,13.0,13.0,2018
241120,151.0,146.0,2018
241140,25.0,25.0,2018
241142,13.0,13.0,2018
241150,40.0,40.0,2018
241170,10.0,10.0,2018
241200,64.0,64.0,2018
241210,8.0,8.0,2018
241220,93.0,53.0,2018
241230,16.0,16.0,2018
241240,12.0,12.0,2018
241250,91.0,91.0,2018
241255,7.0,7.0,2018
241260,40.0,36.0,2018
241270,4.0,4.0,2018
241280,19.0,19.0,2018
241290,14.0,14.0,2018
241300,14.0,14.0,2018
241310,7.0,7.0,2018
241330,12.0,12.0,2018
241335,17.0,17.0,2018
241340,22.0,22.0,2018
241355,13.0,13.0,2018
241360,15.0,15.0,2018
241370,12.0,12.0,2018
241380,14.0,14.0,2018
241390,6.0,6.0,2018
241400,17.0,17.0,2018
241410,27.0,27.0,2018
241415,3.0,3.0,2018
241420,15.0,15.0,2018
241440,30.0,30.0,2018
241445,12.0,12.0,2018
241460,13.0,13.0,2018
241475,8.0,8.0,2018
241480,12.0,12.0,2018
241490,15.0,15.0,2018
241500,21.0,21.0,2018
250010,20.0,20.0,2018
250020,12.0,12.0,2018
250030,46.0,46.0,2018
250040,28.0,28.0,2018
250060,15.0,15.0,2018
250070,28.0,28.0,2018
250090,17.0,17.0,2018
250110,36.0,36.0,2018
250130,40.0,40.0,2018
250150,37.0,37.0,2018
250180,48.0,48.0,2018
250190,25.0,25.0,2018
250200,31.0,28.0,2018
250210,3.0,,2018
250230,16.0,16.0,2018
250240,19.0,19.0,2018
250250,33.0,33.0,2018
250260,22.0,22.0,2018
250280,25.0,25.0,2018
250290,18.0,18.0,2018
250300,38.0,38.0,2018
250320,49.0,35.0,2018
250340,5.0,5.0,2018
250350,22.0,22.0,2018
250370,223.0,161.0,2018
250400,1593.0,1231.0,2018
250430,64.0,64.0,2018
250440,58.0,58.0,2018
250460,1.0,,2018
250480,39.0,39.0,2018
250500,16.0,16.0,2018
250510,67.0,67.0,2018
250570,16.0,16.0,2018
250600,26.0,26.0,2018
250620,18.0,18.0,2018
250630,195.0,105.0,2018
250650,4.0,4.0,2018
250660,12.0,12.0,2018
250680,42.0,42.0,2018
250690,128.0,106.0,2018
250700,48.0,48.0,2018
250710,18.0,18.0,2018
250730,8.0,8.0,2018
250740,12.0,12.0,2018
250750,2731.0,2018.0,2018
250770,18.0,18.0,2018
250790,12.0,12.0,2018
250800,16.0,16.0,2018
250820,19.0,19.0,2018
250830,28.0,28.0,2018
250840,10.0,10.0,2018
250860,2.0,2.0,2018
250890,104.0,104.0,2018
250910,6.0,6.0,2018
250920,51.0,51.0,2018
250970,63.0,63.0,2018
250990,19.0,19.0,2018
251010,19.0,19.0,2018
251020,22.0,22.0,2018
251040,1.0,1.0,2018
251080,367.0,322.0,2018
251090,26.0,26.0,2018
251110,20.0,20.0,2018
251120,47.0,47.0,2018
251130,110.0,102.0,2018
251140,100.0,100.0,2018
251150,19.0,18.0,2018
251200,57.0,57.0,2018
251210,94.0,94.0,2018
251230,74.0,70.0,2018
251250,41.0,41.0,2018
251280,8.0,8.0,2018
251320,13.0,13.0,2018
251335,10.0,10.0,2018
251340,36.0,36.0,2018
251370,215.0,201.0,2018
251385,6.0,6.0,2018
251390,47.0,47.0,2018
251420,3.0,3.0,2018
251430,15.0,15.0,2018
251450,17.0,17.0,2018
251470,4.0,4.0,2018
251490,26.0,26.0,2018
251530,78.0,78.0,2018
251540,20.0,20.0,2018
251550,58.0,58.0,2018
251570,12.0,12.0,2018
251590,13.0,13.0,2018
251600,34.0,34.0,2018
251610,22.0,22.0,2018
251620,215.0,124.0,2018
251630,41.0,41.0,2018
251650,52.0,52.0,2018
251660,23.0,23.0,2018
251670,39.0,39.0,2018
251690,47.0,47.0,2018
260005,302.0,60.0,2018
260010,181.0,155.0,2018
260020,45.0,45.0,2018
260030,133.0,86.0,2018
260040,50.0,50.0,2018
260050,30.0,30.0,2018
260060,11.0,11.0,2018
260070,26.0,26.0,2018
260080,18.0,18.0,2018
260090,31.0,31.0,2018
260100,17.0,17.0,2018
260105,3.0,3.0,2018
260110,211.0,178.0,2018
260120,144.0,100.0,2018
260130,11.0,11.0,2018
260140,203.0,203.0,2018
260150,9.0,9.0,2018
260160,44.0,44.0,2018
260170,95.0,75.0,2018
260180,10.0,10.0,2018
260190,161.0,144.0,2018
260200,16.0,16.0,2018
260210,46.0,46.0,2018
260220,33.0,33.0,2018
260230,52.0,52.0,2018
260240,14.0,14.0,2018
260250,7.0,7.0,2018
260260,31.0,31.0,2018
260270,17.0,17.0,2018
260280,76.0,76.0,2018
260290,421.0,293.0,2018
260300,74.0,74.0,2018
260310,16.0,16.0,2018
260320,35.0,35.0,2018
260330,15.0,15.0,2018
260340,17.0,17.0,2018
260345,93.0,27.0,2018
260350,14.0,14.0,2018
260360,7.0,7.0,2018
260370,32.0,32.0,2018
260380,25.0,25.0,2018
260390,15.0,15.0,2018
260392,11.0,11.0,2018
260400,116.0,114.0,2018
260410,924.0,717.0,2018
260415,28.0,28.0,2018
260420,27.0,27.0,2018
260430,18.0,18.0,2018
260440,19.0,19.0,2018
260450,38.0,38.0,2018
260460,21.0,21.0,2018
260470,23.0,23.0,2018
260480,39.0,39.0,2018
260490,31.0,31.0,2018
260500,20.0,20.0,2018
260510,84.0,38.0,2018
260515,27.0,27.0,2018
260520,83.0,51.0,2018
260530,33.0,33.0,2018
260540,17.0,17.0,2018
260545,10.0,10.0,2018
260550,7.0,7.0,2018
260560,22.0,22.0,2018
260570,57.0,47.0,2018
260580,11.0,11.0,2018
260590,23.0,23.0,2018
260600,329.0,239.0,2018
260610,24.0,24.0,2018
260620,144.0,98.0,2018
260630,19.0,19.0,2018
260640,56.0,56.0,2018
260650,22.0,22.0,2018
260660,19.0,19.0,2018
260670,16.0,16.0,2018
260680,269.0,100.0,2018
260690,16.0,16.0,2018
260700,13.0,13.0,2018
260710,4.0,4.0,2018
260720,35.0,35.0,2018
260730,52.0,52.0,2018
260740,14.0,14.0,2018
260750,52.0,52.0,2018
260760,14.0,14.0,2018
260765,42.0,42.0,2018
260770,25.0,25.0,2018
260775,1.0,1.0,2018
260780,14.0,14.0,2018
260790,676.0,550.0,2018
260795,32.0,32.0,2018
260800,13.0,13.0,2018
260805,23.0,23.0,2018
260810,23.0,23.0,2018
260820,14.0,14.0,2018
260825,6.0,6.0,2018
260830,15.0,15.0,2018
260840,18.0,18.0,2018
260845,13.0,13.0,2018
260850,20.0,20.0,2018
260860,35.0,35.0,2018
260870,17.0,17.0,2018
260875,27.0,27.0,2018
260880,34.0,34.0,2018
260890,126.0,99.0,2018
260900,52.0,52.0,2018
260910,9.0,9.0,2018
260915,16.0,16.0,2018
260920,13.0,13.0,2018
260930,34.0,34.0,2018
260940,67.0,67.0,2018
260950,40.0,40.0,2018
260960,454.0,230.0,2018
260970,20.0,20.0,2018
260980,11.0,11.0,2018
260990,102.0,96.0,2018
261000,274.0,243.0,2018
261010,10.0,10.0,2018
261020,26.0,26.0,2018
261030,20.0,20.0,2018
261040,29.0,29.0,2018
261050,25.0,25.0,2018
261060,104.0,98.0,2018
261070,519.0,416.0,2018
261080,23.0,23.0,2018
261090,167.0,125.0,2018
261100,119.0,119.0,2018
261110,589.0,407.0,2018
261120,14.0,14.0,2018
261130,21.0,21.0,2018
261140,4.0,4.0,2018
261150,50.0,50.0,2018
261160,8857.0,6331.0,2018
261170,30.0,30.0,2018
261180,7.0,7.0,2018
261190,16.0,16.0,2018
261200,20.0,20.0,2018
261210,5.0,5.0,2018
261220,253.0,188.0,2018
261230,19.0,19.0,2018
261240,14.0,14.0,2018
261245,16.0,16.0,2018
261247,15.0,15.0,2018
261250,76.0,70.0,2018
261255,21.0,21.0,2018
261260,43.0,43.0,2018
261280,10.0,10.0,2018
261290,28.0,28.0,2018
261300,46.0,46.0,2018
261310,53.0,53.0,2018
261320,43.0,43.0,2018
261330,34.0,34.0,2018
261340,22.0,22.0,2018
261350,37.0,37.0,2018
261360,73.0,65.0,2018
261370,117.0,117.0,2018
261380,29.0,29.0,2018
261390,439.0,327.0,2018
261400,32.0,32.0,2018
261410,90.0,63.0,2018
261420,50.0,50.0,2018
261430,22.0,22.0,2018
261440,13.0,7.0,2018
261450,199.0,194.0,2018
261460,35.0,35.0,2018
261480,17.0,17.0,2018
261485,16.0,16.0,2018
261500,56.0,56.0,2018
261510,12.0,12.0,2018
261520,11.0,11.0,2018
261530,137.0,137.0,2018
261540,28.0,28.0,2018
261550,11.0,11.0,2018
261560,81.0,37.0,2018
261570,13.0,13.0,2018
261580,19.0,19.0,2018
261590,39.0,39.0,2018
261600,24.0,24.0,2018
261610,15.0,15.0,2018
261620,42.0,42.0,2018
261630,77.0,77.0,2018
261640,348.0,278.0,2018
261650,14.0,14.0,2018
270010,25.0,25.0,2018
270020,25.0,25.0,2018
270030,922.0,656.0,2018
270040,44.0,44.0,2018
270070,35.0,35.0,2018
270100,23.0,23.0,2018
270120,3.0,3.0,2018
270130,26.0,26.0,2018
270140,40.0,40.0,2018
270170,39.0,39.0,2018
270210,33.0,33.0,2018
270230,274.0,274.0,2018
270235,8.0,8.0,2018
270240,44.0,44.0,2018
270280,15.0,15.0,2018
270290,48.0,48.0,2018
270300,3.0,3.0,2018
270310,14.0,14.0,2018
270375,2.0,2.0,2018
270380,50.0,50.0,2018
270400,35.0,35.0,2018
270410,3.0,3.0,2018
270420,14.0,14.0,2018
270430,2578.0,1951.0,2018
270440,32.0,32.0,2018
270450,2.0,2.0,2018
270470,14.0,14.0,2018
270500,36.0,36.0,2018
270510,24.0,24.0,2018
270550,53.0,53.0,2018
270570,47.0,46.0,2018
270630,126.0,110.0,2018
270640,52.0,52.0,2018
270660,16.0,16.0,2018
270670,109.0,95.0,2018
270680,18.0,18.0,2018
270690,54.0,54.0,2018
270710,39.0,39.0,2018
270730,41.0,41.0,2018
270760,28.0,28.0,2018
270770,81.0,41.0,2018
270800,102.0,96.0,2018
270820,18.0,18.0,2018
270830,50.0,50.0,2018
270840,20.0,20.0,2018
270850,27.0,27.0,2018
270860,119.0,111.0,2018
270880,6.0,6.0,2018
270910,1.0,1.0,2018
270915,50.0,50.0,2018
270920,9.0,9.0,2018
270930,64.0,60.0,2018
270940,40.0,40.0,2018
280020,32.0,32.0,2018
280030,2173.0,1432.0,2018
280040,1.0,1.0,2018
280120,27.0,27.0,2018
280130,65.0,65.0,2018
280140,1.0,1.0,2018
280150,1.0,1.0,2018
280210,154.0,147.0,2018
280230,1.0,1.0,2018
280290,161.0,123.0,2018
280300,25.0,25.0,2018
280340,21.0,21.0,2018
280350,140.0,124.0,2018
280360,1.0,1.0,2018
280420,1.0,1.0,2018
280440,25.0,25.0,2018
280450,49.0,49.0,2018
280480,56.0,56.0,2018
280540,18.0,18.0,2018
280550,12.0,12.0,2018
280560,18.0,18.0,2018
280570,49.0,49.0,2018
280580,1.0,1.0,2018
280590,56.0,56.0,2018
280610,14.0,14.0,2018
280670,31.0,30.0,2018
280740,2.0,2.0,2018
280760,5.0,1.0,2018
290010,9.0,9.0,2018
290020,24.0,24.0,2018
290030,8.0,8.0,2018
290035,19.0,19.0,2018
290040,20.0,20.0,2018
290050,15.0,15.0,2018
290060,13.0,13.0,2018
290070,254.0,198.0,2018
290080,59.0,51.0,2018
290100,52.0,52.0,2018
290110,16.0,16.0,2018
290115,29.0,29.0,2018
290120,33.0,33.0,2018
290130,32.0,32.0,2018
290135,1.0,,2018
290140,6.0,6.0,2018
290150,6.0,6.0,2018
290160,138.0,138.0,2018
290190,1.0,1.0,2018
290200,41.0,33.0,2018
290205,23.0,23.0,2018
290210,48.0,48.0,2018
290240,40.0,40.0,2018
290250,28.0,28.0,2018
290260,36.0,36.0,2018
290270,83.0,82.0,2018
290280,84.0,67.0,2018
290290,32.0,32.0,2018
290300,26.0,26.0,2018
290320,313.0,243.0,2018
290323,23.0,22.0,2018
290327,29.0,29.0,2018
290330,33.0,33.0,2018
290340,40.0,40.0,2018
290350,44.0,44.0,2018
290360,14.0,14.0,2018
290380,14.0,14.0,2018
290390,90.0,90.0,2018
290395,28.0,14.0,2018
290400,24.0,24.0,2018
290405,16.0,16.0,2018
290410,26.0,26.0,2018
290420,16.0,16.0,2018
290430,19.0,19.0,2018
290440,35.0,35.0,2018
290450,15.0,15.0,2018
290460,112.0,100.0,2018
290475,19.0,19.0,2018
290480,14.0,14.0,2018
290485,4.0,4.0,2018
290490,83.0,83.0,2018
290500,51.0,49.0,2018
290510,36.0,36.0,2018
290520,156.0,134.0,2018
290530,33.0,33.0,2018
290550,39.0,39.0,2018
290560,84.0,82.0,2018
290570,318.0,188.0,2018
290580,17.0,17.0,2018
290590,77.0,36.0,2018
290600,84.0,73.0,2018
290610,24.0,24.0,2018
290620,36.0,36.0,2018
290630,75.0,65.0,2018
290640,7.0,7.0,2018
290650,129.0,77.0,2018
290660,37.0,37.0,2018
290670,55.0,55.0,2018
290680,40.0,40.0,2018
290682,41.0,41.0,2018
290685,11.0,11.0,2018
290687,57.0,57.0,2018
290689,3.0,3.0,2018
290690,56.0,56.0,2018
290710,30.0,30.0,2018
290720,41.0,41.0,2018
290730,60.0,60.0,2018
290750,108.0,54.0,2018
290755,8.0,8.0,2018
290760,42.0,42.0,2018
290770,15.0,15.0,2018
290780,49.0,46.0,2018
290790,30.0,30.0,2018
290800,43.0,43.0,2018
290810,31.0,31.0,2018
290830,32.0,32.0,2018
290840,214.0,119.0,2018
290850,94.0,35.0,2018
290860,15.0,15.0,2018
290870,16.0,16.0,2018
290890,21.0,21.0,2018
290900,5.0,5.0,2018
290910,38.0,38.0,2018
290930,35.0,35.0,2018
290940,29.0,29.0,2018
290950,24.0,24.0,2018
290960,23.0,23.0,2018
290970,69.0,69.0,2018
290980,85.0,75.0,2018
290990,26.0,26.0,2018
291005,112.0,80.0,2018
291010,14.0,14.0,2018
291030,12.0,12.0,2018
291040,49.0,49.0,2018
291050,65.0,65.0,2018
291060,40.0,40.0,2018
291070,47.0,47.0,2018
291072,257.0,147.0,2018
291077,6.0,6.0,2018
291080,1324.0,951.0,2018
291085,30.0,30.0,2018
291110,29.0,29.0,2018
291120,62.0,58.0,2018
291130,16.0,16.0,2018
291150,5.0,5.0,2018
291160,40.0,,2018
291170,203.0,157.0,2018
291180,32.0,32.0,2018
291190,34.0,34.0,2018
291200,29.0,29.0,2018
291210,32.0,32.0,2018
291230,21.0,21.0,2018
291240,44.0,40.0,2018
291250,14.0,14.0,2018
291260,2.0,2.0,2018
291270,30.0,30.0,2018
291280,23.0,23.0,2018
291290,91.0,91.0,2018
291300,62.0,35.0,2018
291310,32.0,31.0,2018
291320,78.0,50.0,2018
291330,22.0,22.0,2018
291340,29.0,29.0,2018
291345,8.0,8.0,2018
291350,84.0,64.0,2018
291360,615.0,446.0,2018
291370,38.0,38.0,2018
291380,12.0,12.0,2018
291390,117.0,78.0,2018
291400,44.0,43.0,2018
291410,24.0,24.0,2018
291420,29.0,29.0,2018
291430,16.0,16.0,2018
291440,48.0,48.0,2018
291450,29.0,29.0,2018
291460,178.0,135.0,2018
291465,38.0,38.0,2018
291470,150.0,117.0,2018
291480,613.0,485.0,2018
291490,61.0,61.0,2018
291500,15.0,15.0,2018
291510,8.0,8.0,2018
291530,20.0,20.0,2018
291535,24.0,24.0,2018
291540,12.0,12.0,2018
291550,60.0,60.0,2018
291560,94.0,93.0,2018
291580,50.0,50.0,2018
291600,54.0,52.0,2018
291610,52.0,52.0,2018
291630,12.0,12.0,2018
291640,91.0,70.0,2018
291650,54.0,54.0,2018
291660,16.0,16.0,2018
291670,19.0,19.0,2018
291680,30.0,30.0,2018
291685,30.0,30.0,2018
291690,85.0,85.0,2018
291700,45.0,42.0,2018
291710,45.0,45.0,2018
291720,24.0,24.0,2018
291730,33.0,33.0,2018
291733,14.0,14.0,2018
291735,30.0,30.0,2018
291740,29.0,29.0,2018
291750,289.0,103.0,2018
291760,117.0,107.0,2018
291770,28.0,28.0,2018
291800,571.0,418.0,2018
291810,30.0,30.0,2018
291820,23.0,23.0,2018
291830,14.0,14.0,2018
291835,32.0,32.0,2018
291840,533.0,452.0,2018
291845,24.0,24.0,2018
291850,31.0,31.0,2018
291855,37.0,37.0,2018
291860,12.0,12.0,2018
291875,17.0,17.0,2018
291880,41.0,41.0,2018
291905,27.0,27.0,2018
291915,44.0,44.0,2018
291920,445.0,298.0,2018
291930,14.0,14.0,2018
291940,20.0,20.0,2018
291950,89.0,51.0,2018
291955,122.0,75.0,2018
291960,20.0,20.0,2018
291970,27.0,27.0,2018
291980,76.0,61.0,2018
291990,18.0,18.0,2018
291992,28.0,28.0,2018
292000,14.0,14.0,2018
292010,27.0,27.0,2018
292020,21.0,21.0,2018
292050,48.0,48.0,2018
292080,19.0,19.0,2018
292100,58.0,36.0,2018
292105,21.0,21.0,2018
292110,32.0,32.0,2018
292120,87.0,79.0,2018
292130,21.0,21.0,2018
292140,19.0,19.0,2018
292150,60.0,60.0,2018
292160,2.0,2.0,2018
292170,56.0,47.0,2018
292180,24.0,24.0,2018
292190,32.0,32.0,2018
292200,97.0,69.0,2018
292205,34.0,34.0,2018
292210,32.0,32.0,2018
292230,40.0,40.0,2018
292240,45.0,45.0,2018
292250,53.0,53.0,2018
292265,30.0,30.0,2018
292270,30.0,30.0,2018
292273,15.0,15.0,2018
292290,39.0,39.0,2018
292300,61.0,61.0,2018
292310,23.0,23.0,2018
292320,13.0,13.0,2018
292330,15.0,15.0,2018
292335,17.0,17.0,2018
292340,54.0,54.0,2018
292360,90.0,86.0,2018
292370,36.0,36.0,2018
292380,18.0,18.0,2018
292390,7.0,7.0,2018
292400,171.0,144.0,2018
292405,9.0,9.0,2018
292420,3.0,3.0,2018
292430,26.0,26.0,2018
292440,30.0,30.0,2018
292450,24.0,24.0,2018
292460,58.0,58.0,2018
292465,16.0,16.0,2018
292470,17.0,17.0,2018
292480,37.0,37.0,2018
292490,27.0,27.0,2018
292500,59.0,59.0,2018
292510,68.0,68.0,2018
292520,147.0,135.0,2018
292525,30.0,30.0,2018
292530,192.0,139.0,2018
292540,21.0,21.0,2018
292550,42.0,42.0,2018
292560,17.0,17.0,2018
292575,17.0,17.0,2018
292580,50.0,50.0,2018
292590,17.0,17.0,2018
292595,22.0,22.0,2018
292600,71.0,41.0,2018
292610,24.0,24.0,2018
292620,29.0,29.0,2018
292630,121.0,115.0,2018
292640,59.0,59.0,2018
292650,5.0,5.0,2018
292660,95.0,83.0,2018
292670,17.0,17.0,2018
292690,27.0,27.0,2018
292700,55.0,55.0,2018
292720,120.0,113.0,2018
292730,9.0,9.0,2018
292740,8093.0,5397.0,2018
292750,13.0,13.0,2018
292770,22.0,22.0,2018
292790,23.0,23.0,2018
292800,99.0,97.0,2018
292810,55.0,48.0,2018
292820,36.0,36.0,2018
292830,13.0,13.0,2018
292840,24.0,24.0,2018
292850,28.0,28.0,2018
292860,88.0,81.0,2018
292870,328.0,226.0,2018
292880,57.0,34.0,2018
292890,24.0,24.0,2018
292895,20.0,20.0,2018
292900,90.0,85.0,2018
292905,49.0,22.0,2018
292910,18.0,18.0,2018
292920,35.0,34.0,2018
292925,34.0,34.0,2018
292930,36.0,36.0,2018
292940,29.0,29.0,2018
292950,53.0,53.0,2018
292960,77.0,77.0,2018
292970,25.0,25.0,2018
292975,13.0,13.0,2018
292980,39.0,39.0,2018
292990,95.0,91.0,2018
293000,20.0,20.0,2018
293010,136.0,106.0,2018
293015,31.0,31.0,2018
293020,32.0,32.0,2018
293030,45.0,45.0,2018
293040,25.0,25.0,2018
293050,216.0,189.0,2018
293060,33.0,33.0,2018
293070,55.0,55.0,2018
293075,18.0,18.0,2018
293077,35.0,35.0,2018
293080,12.0,12.0,2018
293090,32.0,32.0,2018
293105,30.0,30.0,2018
293110,20.0,20.0,2018
293120,26.0,26.0,2018
293130,33.0,33.0,2018
293135,283.0,213.0,2018
293150,18.0,18.0,2018
293160,24.0,24.0,2018
293180,19.0,19.0,2018
293190,58.0,30.0,2018
293200,24.0,24.0,2018
293210,71.0,71.0,2018
293220,100.0,100.0,2018
293230,37.0,37.0,2018
293240,30.0,30.0,2018
293245,5.0,5.0,2018
293250,47.0,47.0,2018
293260,34.0,34.0,2018
293280,20.0,20.0,2018
293290,153.0,144.0,2018
293300,64.0,60.0,2018
293305,21.0,21.0,2018
293310,30.0,30.0,2018
293315,20.0,20.0,2018
293320,27.0,27.0,2018
293325,12.0,12.0,2018
293330,993.0,675.0,2018
293340,37.0,37.0,2018
293345,28.0,28.0,2018
293350,44.0,44.0,2018
293360,85.0,85.0,2018
310010,17.0,12.0,2018
310020,46.0,41.0,2018
310030,66.0,59.0,2018
310060,15.0,,2018
310090,65.0,59.0,2018
310100,47.0,46.0,2018
310110,53.0,43.0,2018
310120,30.0,28.0,2018
310130,17.0,13.0,2018
310150,83.0,56.0,2018
310160,418.0,193.0,2018
310170,142.0,71.0,2018
310190,35.0,31.0,2018
310200,30.0,26.0,2018
310210,17.0,16.0,2018
310230,32.0,25.0,2018
310260,65.0,50.0,2018
310270,30.0,30.0,2018
310280,32.0,19.0,2018
310290,12.0,12.0,2018
310340,60.0,48.0,2018
310350,179.0,101.0,2018
310375,13.0,13.0,2018
310400,442.0,258.0,2018
310410,10.0,10.0,2018
310420,64.0,47.0,2018
310430,14.0,14.0,2018
310450,12.0,12.0,2018
310470,35.0,32.0,2018
310490,59.0,48.0,2018
310510,242.0,102.0,2018
310540,34.0,34.0,2018
310560,1094.0,493.0,2018
310590,49.0,40.0,2018
310620,8632.0,5120.0,2018
310640,31.0,27.0,2018
310650,44.0,44.0,2018
310670,541.0,380.0,2018
310690,35.0,28.0,2018
310710,71.0,55.0,2018
310730,64.0,64.0,2018
310740,95.0,62.0,2018
310750,29.0,29.0,2018
310780,50.0,48.0,2018
310800,66.0,50.0,2018
310820,7.0,7.0,2018
310830,8.0,,2018
310840,19.0,15.0,2018
310860,93.0,93.0,2018
310890,18.0,14.0,2018
310900,28.0,28.0,2018
310910,26.0,22.0,2018
310930,27.0,22.0,2018
310940,12.0,12.0,2018
310950,42.0,31.0,2018
310990,44.0,37.0,2018
311000,56.0,50.0,2018
311030,49.0,30.0,2018
311050,27.0,21.0,2018
311060,65.0,57.0,2018
311070,46.0,40.0,2018
311090,30.0,25.0,2018
311100,45.0,38.0,2018
311110,41.0,27.0,2018
311120,87.0,55.0,2018
311130,25.0,25.0,2018
311150,38.0,35.0,2018
311160,51.0,45.0,2018
311180,25.0,23.0,2018
311200,22.0,22.0,2018
311230,54.0,40.0,2018
311260,19.0,19.0,2018
311270,20.0,20.0,2018
311280,22.0,11.0,2018
311300,34.0,34.0,2018
311320,51.0,46.0,2018
311330,210.0,157.0,2018
311340,189.0,113.0,2018
311350,21.0,21.0,2018
311360,20.0,14.0,2018
311370,40.0,40.0,2018
311380,10.0,10.0,2018
311390,37.0,37.0,2018
311400,26.0,24.0,2018
311410,52.0,52.0,2018
311430,49.0,36.0,2018
311440,30.0,27.0,2018
311450,38.0,26.0,2018
311460,19.0,17.0,2018
311480,13.0,11.0,2018
311510,50.0,36.0,2018
311530,139.0,91.0,2018
311550,30.0,26.0,2018
311570,22.0,22.0,2018
311580,19.0,19.0,2018
311615,14.0,14.0,2018
311630,14.0,14.0,2018
311660,41.0,31.0,2018
311680,38.0,38.0,2018
311710,19.0,19.0,2018
311730,22.0,22.0,2018
311750,42.0,42.0,2018
311770,32.0,24.0,2018
311800,72.0,45.0,2018
311820,15.0,11.0,2018
311830,241.0,173.0,2018
311840,38.0,34.0,2018
311860,560.0,339.0,2018
311880,33.0,33.0,2018
311930,30.0,30.0,2018
311940,113.0,50.0,2018
312020,8.0,8.0,2018
312050,39.0,34.0,2018
312080,66.0,61.0,2018
312090,175.0,109.0,2018
312100,21.0,21.0,2018
312120,19.0,14.0,2018
312160,153.0,142.0,2018
312180,9.0,9.0,2018
312200,36.0,26.0,2018
312210,21.0,21.0,2018
312230,586.0,173.0,2018
312240,7.0,,2018
312260,19.0,19.0,2018
312270,30.0,22.0,2018
312320,40.0,34.0,2018
312360,36.0,28.0,2018
312390,54.0,47.0,2018
312400,22.0,20.0,2018
312410,40.0,37.0,2018
312420,53.0,43.0,2018
312430,30.0,30.0,2018
312450,25.0,20.0,2018
312470,14.0,12.0,2018
312480,4.0,4.0,2018
312490,31.0,29.0,2018
312510,38.0,34.0,2018
312550,8.0,8.0,2018
312560,42.0,39.0,2018
312590,25.0,23.0,2018
312595,19.0,19.0,2018
312610,95.0,54.0,2018
312620,10.0,10.0,2018
312650,11.0,11.0,2018
312670,50.0,50.0,2018
312690,16.0,16.0,2018
312710,125.0,86.0,2018
312760,26.0,26.0,2018
312770,546.0,394.0,2018
312780,48.0,48.0,2018
312800,70.0,46.0,2018
312810,29.0,24.0,2018
312820,23.0,23.0,2018
312830,39.0,27.0,2018
312840,30.0,27.0,2018
312860,16.0,16.0,2018
312870,93.0,55.0,2018
312910,20.0,20.0,2018
312940,33.0,33.0,2018
312950,26.0,23.0,2018
312970,12.0,12.0,2018
312980,92.0,83.0,2018
313030,28.0,16.0,2018
313050,30.0,28.0,2018
313090,48.0,40.0,2018
313120,47.0,43.0,2018
313130,597.0,369.0,2018
313150,18.0,15.0,2018
313170,219.0,157.0,2018
313180,20.0,17.0,2018
313190,61.0,44.0,2018
313210,41.0,41.0,2018
313220,41.0,35.0,2018
313230,28.0,28.0,2018
313240,233.0,147.0,2018
313250,99.0,67.0,2018
313270,90.0,81.0,2018
313290,24.0,12.0,2018
313300,53.0,37.0,2018
313310,62.0,47.0,2018
313320,20.0,18.0,2018
313330,63.0,59.0,2018
313350,48.0,40.0,2018
313375,34.0,20.0,2018
313380,96.0,61.0,2018
313420,220.0,136.0,2018
313440,83.0,61.0,2018
313460,31.0,31.0,2018
313470,38.0,38.0,2018
313480,12.0,3.0,2018
313490,37.0,26.0,2018
313505,25.0,25.0,2018
313510,151.0,127.0,2018
313520,66.0,66.0,2018
313540,18.0,17.0,2018
313580,81.0,56.0,2018
313600,33.0,31.0,2018
313620,119.0,64.0,2018
313630,65.0,48.0,2018
313650,27.0,27.0,2018
313670,2409.0,1434.0,2018
313690,14.0,11.0,2018
313700,22.0,22.0,2018
313710,9.0,9.0,2018
313720,58.0,48.0,2018
313750,19.0,19.0,2018
313760,44.0,32.0,2018
313770,50.0,40.0,2018
313780,50.0,46.0,2018
313790,8.0,8.0,2018
313800,23.0,20.0,2018
313820,171.0,90.0,2018
313840,87.0,62.0,2018
313860,35.0,28.0,2018
313880,29.0,24.0,2018
313890,44.0,43.0,2018
313900,56.0,42.0,2018
313920,34.0,34.0,2018
313930,34.0,34.0,2018
313940,195.0,134.0,2018
313950,68.0,46.0,2018
313960,82.0,66.0,2018
313980,38.0,30.0,2018
313990,16.0,16.0,2018
314000,67.0,56.0,2018
314050,15.0,12.0,2018
314070,65.0,52.0,2018
314090,39.0,37.0,2018
314100,4.0,4.0,2018
314110,52.0,38.0,2018
314120,10.0,10.0,2018
314140,56.0,53.0,2018
314150,18.0,18.0,2018
314160,20.0,13.0,2018
314180,67.0,48.0,2018
314190,20.0,17.0,2018
314200,30.0,30.0,2018
314220,48.0,36.0,2018
314240,13.0,12.0,2018
314260,28.0,28.0,2018
314270,30.0,30.0,2018
314280,22.0,18.0,2018
314290,39.0,37.0,2018
314300,20.0,17.0,2018
314310,131.0,114.0,2018
314320,50.0,37.0,2018
314330,904.0,641.0,2018
314350,20.0,19.0,2018
314390,504.0,311.0,2018
314400,79.0,68.0,2018
314410,50.0,27.0,2018
314430,66.0,41.0,2018
314450,15.0,15.0,2018
314460,34.0,28.0,2018
314470,43.0,30.0,2018
314480,242.0,63.0,2018
314500,23.0,23.0,2018
314510,26.0,26.0,2018
314520,56.0,40.0,2018
314530,39.0,39.0,2018
314560,85.0,70.0,2018
314590,65.0,26.0,2018
314600,52.0,37.0,2018
314610,110.0,73.0,2018
314630,45.0,45.0,2018
314650,18.0,18.0,2018
314670,22.0,16.0,2018
314700,277.0,78.0,2018
314710,116.0,75.0,2018
314720,33.0,30.0,2018
314730,34.0,31.0,2018
314750,17.0,15.0,2018
314760,49.0,29.0,2018
314770,30.0,26.0,2018
314790,471.0,284.0,2018
314800,349.0,184.0,2018
314810,182.0,100.0,2018
314860,34.0,34.0,2018
314870,69.0,60.0,2018
314910,13.0,12.0,2018
314920,20.0,20.0,2018
314930,59.0,47.0,2018
314980,28.0,26.0,2018
314990,50.0,36.0,2018
315030,14.0,14.0,2018
315050,12.0,12.0,2018
315080,27.0,25.0,2018
315110,35.0,32.0,2018
315120,141.0,92.0,2018
315140,56.0,42.0,2018
315150,90.0,68.0,2018
315160,6.0,6.0,2018
315170,41.0,29.0,2018
315180,472.0,187.0,2018
315190,18.0,18.0,2018
315200,32.0,25.0,2018
315210,216.0,160.0,2018
315220,46.0,39.0,2018
315240,29.0,28.0,2018
315250,347.0,194.0,2018
315260,26.0,26.0,2018
315270,30.0,27.0,2018
315280,30.0,25.0,2018
315290,16.0,14.0,2018
315300,2.0,2.0,2018
315310,18.0,18.0,2018
315340,18.0,18.0,2018
315400,56.0,40.0,2018
315410,34.0,30.0,2018
315420,70.0,53.0,2018
315430,65.0,56.0,2018
315460,113.0,94.0,2018
315470,12.0,11.0,2018
315490,40.0,31.0,2018
315520,18.0,18.0,2018
315550,19.0,19.0,2018
315560,40.0,40.0,2018
315570,38.0,28.0,2018
315580,61.0,55.0,2018
315590,22.0,19.0,2018
315600,32.0,32.0,2018
315660,35.0,31.0,2018
315670,113.0,113.0,2018
315680,42.0,36.0,2018
315690,50.0,30.0,2018
315700,78.0,52.0,2018
315710,20.0,18.0,2018
315720,53.0,36.0,2018
315770,30.0,30.0,2018
315780,69.0,69.0,2018
315790,31.0,31.0,2018
315800,13.0,,2018
315810,6.0,6.0,2018
315820,41.0,38.0,2018
315920,43.0,,2018
315930,18.0,15.0,2018
315960,50.0,30.0,2018
315980,32.0,25.0,2018
315990,40.0,37.0,2018
316030,8.0,,2018
316040,50.0,41.0,2018
316070,75.0,56.0,2018
316100,40.0,34.0,2018
316110,59.0,59.0,2018
316200,65.0,43.0,2018
316210,44.0,26.0,2018
316220,23.0,17.0,2018
316240,37.0,37.0,2018
316250,206.0,123.0,2018
316270,50.0,48.0,2018
316280,52.0,50.0,2018
316290,43.0,38.0,2018
316370,88.0,67.0,2018
316390,9.0,9.0,2018
316420,18.0,18.0,2018
316430,10.0,4.0,2018
316470,334.0,265.0,2018
316500,45.0,30.0,2018
316510,1.0,,2018
316530,30.0,23.0,2018
316570,20.0,6.0,2018
316680,12.0,12.0,2018
316690,14.0,13.0,2018
316710,56.0,37.0,2018
316720,347.0,242.0,2018
316800,81.0,74.0,2018
316840,52.0,49.0,2018
316850,15.0,15.0,2018
316860,317.0,254.0,2018
316870,69.0,43.0,2018
316890,14.0,14.0,2018
316920,28.0,20.0,2018
316930,131.0,94.0,2018
316935,32.0,23.0,2018
316940,126.0,67.0,2018
316970,56.0,39.0,2018
316990,292.0,198.0,2018
317005,2.0,,2018
317010,977.0,623.0,2018
317020,1191.0,806.0,2018
317040,101.0,56.0,2018
317043,34.0,32.0,2018
317052,30.0,30.0,2018
317070,305.0,172.0,2018
317080,56.0,32.0,2018
317090,23.0,23.0,2018
317100,40.0,27.0,2018
317120,71.0,61.0,2018
317130,226.0,132.0,2018
317160,39.0,39.0,2018
317170,27.0,25.0,2018
317180,49.0,48.0,2018
317200,82.0,54.0,2018
320010,59.0,53.0,2018
320020,50.0,43.0,2018
320040,306.0,53.0,2018
320050,30.0,30.0,2018
320060,123.0,93.0,2018
320070,10.0,10.0,2018
320080,51.0,51.0,2018
320090,25.0,,2018
320100,39.0,31.0,2018
320120,510.0,352.0,2018
320130,333.0,187.0,2018
320140,51.0,31.0,2018
320150,486.0,336.0,2018
320160,16.0,16.0,2018
320170,20.0,20.0,2018
320190,102.0,93.0,2018
320210,56.0,46.0,2018
320220,71.0,11.0,2018
320230,91.0,76.0,2018
320240,43.0,43.0,2018
320245,50.0,41.0,2018
320260,28.0,26.0,2018
320270,51.0,47.0,2018
320280,126.0,120.0,2018
320290,35.0,30.0,2018
320300,76.0,65.0,2018
320305,23.0,23.0,2018
320310,26.0,26.0,2018
320313,50.0,32.0,2018
320316,23.0,23.0,2018
320320,245.0,161.0,2018
320332,64.0,,2018
320340,52.0,50.0,2018
320350,35.0,33.0,2018
320360,19.0,19.0,2018
320370,35.0,34.0,2018
320380,42.0,38.0,2018
320390,61.0,40.0,2018
320400,50.0,50.0,2018
320405,36.0,30.0,2018
320410,32.0,32.0,2018
320420,42.0,12.0,2018
320435,26.0,26.0,2018
320450,25.0,23.0,2018
320455,59.0,56.0,2018
320460,69.0,58.0,2018
320470,100.0,70.0,2018
320480,77.0,77.0,2018
320490,285.0,207.0,2018
320500,699.0,463.0,2018
320503,30.0,29.0,2018
320506,90.0,50.0,2018
320520,865.0,433.0,2018
320530,1583.0,1153.0,2018
330010,360.0,291.0,2018
330015,37.0,37.0,2018
330020,158.0,123.0,2018
330022,21.0,21.0,2018
330023,48.0,48.0,2018
330025,79.0,79.0,2018
330030,234.0,194.0,2018
330040,286.0,187.0,2018
330045,285.0,178.0,2018
330050,65.0,60.0,2018
330060,131.0,71.0,2018
330070,539.0,313.0,2018
330080,103.0,103.0,2018
330090,44.0,44.0,2018
330100,1667.0,1065.0,2018
330110,83.0,71.0,2018
330120,38.0,36.0,2018
330130,75.0,75.0,2018
330140,52.0,52.0,2018
330150,38.0,38.0,2018
330160,16.0,16.0,2018
330170,1068.0,709.0,2018
330180,29.0,20.0,2018
330185,137.0,73.0,2018
330190,365.0,351.0,2018
330200,166.0,97.0,2018
330205,56.0,26.0,2018
330210,68.0,40.0,2018
330220,449.0,256.0,2018
330225,106.0,40.0,2018
330230,49.0,49.0,2018
330240,527.0,301.0,2018
330250,192.0,142.0,2018
330260,62.0,62.0,2018
330270,130.0,97.0,2018
330280,27.0,17.0,2018
330285,153.0,100.0,2018
330290,99.0,99.0,2018
330300,66.0,41.0,2018
330310,50.0,46.0,2018
330320,142.0,93.0,2018
330330,2455.0,1015.0,2018
330340,634.0,380.0,2018
330350,918.0,468.0,2018
330360,82.0,54.0,2018
330370,119.0,113.0,2018
330380,35.0,35.0,2018
330390,1424.0,1024.0,2018
330395,31.0,29.0,2018
330400,61.0,52.0,2018
330411,45.0,45.0,2018
330412,33.0,33.0,2018
330414,76.0,76.0,2018
330415,74.0,74.0,2018
330420,381.0,158.0,2018
330430,108.0,84.0,2018
330440,41.0,41.0,2018
330450,21.0,21.0,2018
330452,94.0,82.0,2018
330455,16532.0,8923.0,2018
330460,79.0,79.0,2018
330470,174.0,103.0,2018
330475,26.0,26.0,2018
330480,111.0,102.0,2018
330490,1555.0,1093.0,2018
330500,33.0,33.0,2018
330510,185.0,101.0,2018
330515,56.0,54.0,2018
330520,72.0,56.0,2018
330530,48.0,39.0,2018
330550,103.0,103.0,2018
330555,27.0,27.0,2018
330560,40.0,40.0,2018
330570,25.0,25.0,2018
330575,214.0,94.0,2018
330580,339.0,268.0,2018
330590,38.0,31.0,2018
330600,266.0,226.0,2018
330610,318.0,289.0,2018
330615,42.0,39.0,2018
330620,457.0,404.0,2018
330630,658.0,400.0,2018
350010,258.0,219.0,2018
350030,10.0,,2018
350050,42.0,30.0,2018
350070,60.0,38.0,2018
350100,31.0,25.0,2018
350110,22.0,19.0,2018
350130,20.0,18.0,2018
350160,571.0,205.0,2018
350170,198.0,198.0,2018
350190,383.0,230.0,2018
350210,127.0,91.0,2018
350220,57.0,54.0,2018
350250,104.0,70.0,2018
350260,22.0,20.0,2018
350270,51.0,41.0,2018
350280,367.0,305.0,2018
350290,321.0,,2018
350310,16.0,16.0,2018
350320,443.0,216.0,2018
350330,557.0,262.0,2018
350340,29.0,18.0,2018
350370,25.0,4.0,2018
350380,36.0,,2018
350390,92.0,24.0,2018
350400,285.0,160.0,2018
350410,192.0,55.0,2018
350420,44.0,35.0,2018
350450,159.0,95.0,2018
350490,15.0,15.0,2018
350520,23.0,16.0,2018
350530,91.0,59.0,2018
350550,504.0,391.0,2018
350570,429.0,353.0,2018
350580,35.0,28.0,2018
350590,133.0,101.0,2018
350600,1159.0,612.0,2018
350610,140.0,75.0,2018
350630,23.0,23.0,2018
350635,49.0,49.0,2018
350640,36.0,36.0,2018
350650,168.0,88.0,2018
350670,13.0,11.0,2018
350680,35.0,29.0,2018
350700,53.0,36.0,2018
350710,12.0,12.0,2018
350740,26.0,16.0,2018
350750,741.0,541.0,2018
350760,368.0,206.0,2018
350790,41.0,35.0,2018
350810,42.0,22.0,2018
350840,15.0,10.0,2018
350850,118.0,68.0,2018
350860,47.0,40.0,2018
350870,62.0,62.0,2018
350880,48.0,37.0,2018
350900,122.0,67.0,2018
350920,155.0,55.0,2018
350930,32.0,26.0,2018
350940,140.0,55.0,2018
350950,2755.0,1322.0,2018
350960,68.0,68.0,2018
350970,201.0,191.0,2018
351000,30.0,25.0,2018
351020,58.0,48.0,2018
351030,14.0,14.0,2018
351040,87.0,47.0,2018
351050,165.0,111.0,2018
351060,270.0,220.0,2018
351070,31.0,12.0,2018
351080,372.0,356.0,2018
351100,31.0,30.0,2018
351110,533.0,374.0,2018
351130,50.0,,2018
351140,39.0,32.0,2018
351150,28.0,18.0,2018
351160,30.0,17.0,2018
351170,33.0,26.0,2018
351190,30.0,20.0,2018
351200,47.0,35.0,2018
351210,20.0,20.0,2018
351220,52.0,50.0,2018
351230,32.0,32.0,2018
351260,6.0,6.0,2018
351280,112.0,60.0,2018
351300,553.0,111.0,2018
351310,15.0,13.0,2018
351340,120.0,84.0,2018
351350,118.0,66.0,2018
351360,40.0,25.0,2018
351370,40.0,25.0,2018
351380,634.0,555.0,2018
351390,186.0,186.0,2018
351410,67.0,47.0,2018
351430,14.0,14.0,2018
351440,143.0,108.0,2018
351450,87.0,77.0,2018
351480,2.0,2.0,2018
351490,6.0,6.0,2018
351500,94.0,89.0,2018
351510,16.0,16.0,2018
351518,453.0,361.0,2018
351520,50.0,45.0,2018
351540,20.0,12.0,2018
351550,135.0,84.0,2018
351570,189.0,189.0,2018
351600,47.0,30.0,2018
351620,736.0,482.0,2018
351630,147.0,98.0,2018
351640,693.0,611.0,2018
351660,45.0,27.0,2018
351670,312.0,270.0,2018
351690,32.0,20.0,2018
351700,48.0,36.0,2018
351740,60.0,42.0,2018
351760,19.0,19.0,2018
351770,30.0,22.0,2018
351780,23.0,15.0,2018
351820,74.0,48.0,2018
351830,35.0,29.0,2018
351840,244.0,156.0,2018
351860,67.0,60.0,2018
351870,336.0,225.0,2018
351880,1996.0,1444.0,2018
351900,58.0,58.0,2018
351907,84.0,62.0,2018
351910,30.0,28.0,2018
351930,32.0,32.0,2018
351940,27.0,9.0,2018
351960,99.0,46.0,2018
351970,67.0,63.0,2018
351990,20.0,20.0,2018
352000,63.0,,2018
352010,60.0,42.0,2018
352020,15.0,15.0,2018
352030,9.0,9.0,2018
352040,46.0,46.0,2018
352044,116.0,74.0,2018
352050,337.0,207.0,2018
352070,36.0,4.0,2018
352090,49.0,29.0,2018
352100,15.0,15.0,2018
352130,49.0,39.0,2018
352140,2.0,2.0,2018
352170,35.0,35.0,2018
352180,35.0,35.0,2018
352190,30.0,20.0,2018
352210,131.0,131.0,2018
352220,583.0,176.0,2018
352230,142.0,100.0,2018
352240,145.0,103.0,2018
352250,294.0,217.0,2018
352260,1041.0,578.0,2018
352270,76.0,46.0,2018
352280,46.0,27.0,2018
352290,30.0,25.0,2018
352310,224.0,224.0,2018
352320,96.0,78.0,2018
352340,119.0,60.0,2018
352350,14.0,7.0,2018
352360,25.0,25.0,2018
352390,458.0,426.0,2018
352400,86.0,48.0,2018
352410,121.0,55.0,2018
352420,17.0,17.0,2018
352430,212.0,56.0,2018
352440,395.0,167.0,2018
352450,216.0,150.0,2018
352470,80.0,78.0,2018
352480,154.0,103.0,2018
352500,14.0,,2018
352520,49.0,17.0,2018
352530,905.0,715.0,2018
352550,11.0,11.0,2018
352570,53.0,22.0,2018
352590,824.0,439.0,2018
352600,52.0,25.0,2018
352620,59.0,,2018
352640,46.0,28.0,2018
352670,141.0,77.0,2018
352680,87.0,60.0,2018
352690,375.0,180.0,2018
352710,448.0,344.0,2018
352720,164.0,85.0,2018
352730,34.0,27.0,2018
352740,15.0,10.0,2018
352770,3.0,3.0,2018
352800,31.0,18.0,2018
352810,18.0,15.0,2018
352850,47.0,41.0,2018
352880,26.0,22.0,2018
352900,875.0,663.0,2018
352920,35.0,30.0,2018
352930,162.0,92.0,2018
352940,401.0,246.0,2018
352970,66.0,47.0,2018
352980,5.0,5.0,2018
353010,68.0,68.0,2018
353030,81.0,30.0,2018
353050,135.0,88.0,2018
353060,898.0,601.0,2018
353070,333.0,154.0,2018
353080,213.0,114.0,2018
353110,48.0,48.0,2018
353130,109.0,58.0,2018
353140,80.0,30.0,2018
353150,70.0,51.0,2018
353180,35.0,26.0,2018
353190,45.0,31.0,2018
353200,19.0,9.0,2018
353240,20.0,20.0,2018
353250,21.0,10.0,2018
353260,129.0,35.0,2018
353290,12.0,7.0,2018
353300,62.0,19.0,2018
353340,53.0,53.0,2018
353350,105.0,35.0,2018
353390,79.0,42.0,2018
353430,98.0,60.0,2018
353440,916.0,589.0,2018
353460,73.0,59.0,2018
353470,166.0,83.0,2018
353475,33.0,28.0,2018
353490,37.0,32.0,2018
353520,20.0,10.0,2018
353530,54.0,36.0,2018
353540,36.0,35.0,2018
353550,97.0,78.0,2018
353580,30.0,30.0,2018
353600,32.0,26.0,2018
353620,150.0,150.0,2018
353630,35.0,23.0,2018
353650,85.0,85.0,2018
353660,24.0,18.0,2018
353670,72.0,52.0,2018
353700,82.0,59.0,2018
353710,98.0,98.0,2018
353730,254.0,175.0,2018
353740,52.0,47.0,2018
353760,14.0,14.0,2018
353780,290.0,258.0,2018
353790,35.0,27.0,2018
353800,201.0,127.0,2018
353860,37.0,29.0,2018
353870,757.0,331.0,2018
353880,77.0,58.0,2018
353890,299.0,78.0,2018
353900,41.0,9.0,2018
353930,151.0,57.0,2018
353940,28.0,25.0,2018
353950,50.0,32.0,2018
353980,35.0,35.0,2018
354000,42.0,36.0,2018
354020,45.0,29.0,2018
354040,18.0,8.0,2018
354060,51.0,39.0,2018
354070,55.0,33.0,2018
354080,31.0,28.0,2018
354100,212.0,199.0,2018
354110,120.0,,2018
354120,51.0,40.0,2018
354130,78.0,68.0,2018
354140,1028.0,676.0,2018
354150,96.0,60.0,2018
354160,45.0,45.0,2018
354190,38.0,38.0,2018
354220,103.0,71.0,2018
354240,16.0,13.0,2018
354260,145.0,98.0,2018
354290,17.0,11.0,2018
354300,36.0,35.0,2018
354330,164.0,50.0,2018
354340,2188.0,1415.0,2018
354380,23.0,20.0,2018
354390,392.0,190.0,2018
354400,44.0,32.0,2018
354420,36.0,7.0,2018
354425,57.0,57.0,2018
354430,54.0,14.0,2018
354490,29.0,19.0,2018
354500,19.0,17.0,2018
354520,116.0,62.0,2018
354530,269.0,247.0,2018
354540,34.0,22.0,2018
354560,24.0,7.0,2018
354580,168.0,97.0,2018
354630,46.0,25.0,2018
354640,96.0,55.0,2018
354660,70.0,46.0,2018
354680,101.0,82.0,2018
354700,6.0,6.0,2018
354730,35.0,35.0,2018
354750,319.0,296.0,2018
354760,30.0,18.0,2018
354770,56.0,37.0,2018
354780,1455.0,643.0,2018
354790,21.0,21.0,2018
354850,1738.0,874.0,2018
354860,40.0,26.0,2018
354870,1510.0,785.0,2018
354880,591.0,183.0,2018
354890,434.0,213.0,2018
354910,199.0,94.0,2018
354940,115.0,68.0,2018
354970,136.0,81.0,2018
354980,1850.0,871.0,2018
354990,1645.0,869.0,2018
355000,26.0,11.0,2018
355010,35.0,31.0,2018
355020,54.0,54.0,2018
355030,29203.0,14846.0,2018
355040,62.0,37.0,2018
355060,88.0,49.0,2018
355070,101.0,93.0,2018
355080,30.0,26.0,2018
355090,50.0,38.0,2018
355100,281.0,150.0,2018
355150,55.0,42.0,2018
355160,49.0,33.0,2018
355170,162.0,66.0,2018
355200,2.0,2.0,2018
355210,70.0,63.0,2018
355220,1414.0,845.0,2018
355230,22.0,20.0,2018
355240,177.0,172.0,2018
355250,150.0,67.0,2018
355260,30.0,11.0,2018
355270,35.0,22.0,2018
355280,495.0,334.0,2018
355300,29.0,24.0,2018
355320,4.0,4.0,2018
355330,36.0,25.0,2018
355340,72.0,30.0,2018
355360,24.0,19.0,2018
355370,124.0,72.0,2018
355380,49.0,31.0,2018
355400,147.0,92.0,2018
355410,504.0,325.0,2018
355430,58.0,52.0,2018
355440,34.0,30.0,2018
355450,55.0,33.0,2018
355470,20.0,13.0,2018
355500,446.0,330.0,2018
355510,48.0,30.0,2018
355540,81.0,71.0,2018
355580,26.0,24.0,2018
355600,34.0,13.0,2018
355620,142.0,57.0,2018
355630,55.0,31.0,2018
355640,77.0,47.0,2018
355645,70.0,2.0,2018
355650,39.0,31.0,2018
355660,72.0,,2018
355670,78.0,49.0,2018
355680,48.0,30.0,2018
355700,177.0,53.0,2018
355710,205.0,115.0,2018
355720,50.0,30.0,2018
410010,22.0,21.0,2018
410020,3.0,3.0,2018
410045,19.0,19.0,2018
410050,37.0,37.0,2018
410060,20.0,19.0,2018
410080,16.0,16.0,2018
410090,13.0,13.0,2018
410100,34.0,33.0,2018
410110,62.0,57.0,2018
410120,31.0,31.0,2018
410130,2.0,2.0,2018
410140,228.0,159.0,2018
410150,388.0,322.0,2018
410160,21.0,21.0,2018
410170,28.0,22.0,2018
410180,91.0,91.0,2018
410190,49.0,38.0,2018
410200,57.0,42.0,2018
410210,59.0,51.0,2018
410220,10.0,10.0,2018
410240,150.0,99.0,2018
410250,29.0,29.0,2018
410280,19.0,19.0,2018
410290,43.0,43.0,2018
410300,10.0,9.0,2018
410305,20.0,20.0,2018
410310,11.0,11.0,2018
410320,29.0,29.0,2018
410330,26.0,26.0,2018
410360,100.0,90.0,2018
410370,100.0,57.0,2018
410390,50.0,48.0,2018
410400,356.0,323.0,2018
410420,973.0,851.0,2018
410430,224.0,138.0,2018
410440,31.0,31.0,2018
410442,39.0,37.0,2018
410450,38.0,29.0,2018
410460,34.0,32.0,2018
410470,21.0,21.0,2018
410480,1030.0,610.0,2018
410490,74.0,61.0,2018
410510,25.0,25.0,2018
410520,26.0,26.0,2018
410530,36.0,28.0,2018
410540,77.0,70.0,2018
410550,152.0,113.0,2018
410560,16.0,16.0,2018
410570,56.0,49.0,2018
410580,119.0,109.0,2018
410590,101.0,65.0,2018
410600,24.0,24.0,2018
410610,20.0,20.0,2018
410620,16.0,16.0,2018
410630,29.0,27.0,2018
410640,203.0,131.0,2018
410650,67.0,60.0,2018
410660,32.0,32.0,2018
410670,11.0,11.0,2018
410680,35.0,35.0,2018
410690,5547.0,2782.0,2018
410700,19.0,19.0,2018
410710,19.0,19.0,2018
410715,15.0,15.0,2018
410720,106.0,93.0,2018
410730,13.0,13.0,2018
410750,36.0,33.0,2018
410753,30.0,20.0,2018
410760,30.0,30.0,2018
410765,48.0,48.0,2018
410775,31.0,31.0,2018
410800,22.0,22.0,2018
410820,38.0,31.0,2018
410830,399.0,271.0,2018
410832,10.0,10.0,2018
410840,289.0,184.0,2018
410855,10.0,10.0,2018
410860,102.0,55.0,2018
410870,26.0,26.0,2018
410880,60.0,50.0,2018
410890,16.0,16.0,2018
410900,15.0,15.0,2018
410930,79.0,64.0,2018
410940,364.0,250.0,2018
410950,14.0,14.0,2018
410960,50.0,50.0,2018
410970,55.0,55.0,2018
410975,33.0,33.0,2018
410980,127.0,63.0,2018
411030,11.0,11.0,2018
411040,16.0,16.0,2018
411050,29.0,29.0,2018
411060,31.0,31.0,2018
411070,157.0,111.0,2018
411080,31.0,31.0,2018
411090,19.0,17.0,2018
411095,25.0,25.0,2018
411100,21.0,21.0,2018
411110,16.0,16.0,2018
411125,49.0,49.0,2018
411130,17.0,17.0,2018
411140,18.0,18.0,2018
411150,193.0,159.0,2018
411160,16.0,16.0,2018
411170,18.0,18.0,2018
411180,108.0,76.0,2018
411190,28.0,28.0,2018
411200,79.0,79.0,2018
411210,341.0,319.0,2018
411230,3.0,3.0,2018
411240,18.0,14.0,2018
411250,23.0,23.0,2018
411270,19.0,18.0,2018
411275,25.0,18.0,2018
411280,31.0,26.0,2018
411290,14.0,14.0,2018
411295,25.0,25.0,2018
411300,19.0,19.0,2018
411310,23.0,23.0,2018
411320,147.0,107.0,2018
411330,115.0,98.0,2018
411345,20.0,20.0,2018
411350,119.0,103.0,2018
411370,1927.0,1204.0,2018
411375,29.0,18.0,2018
411380,16.0,16.0,2018
411390,32.0,28.0,2018
411400,11.0,,2018
411410,55.0,32.0,2018
411420,64.0,47.0,2018
411430,50.0,50.0,2018
411440,57.0,49.0,2018
411450,24.0,24.0,2018
411460,76.0,22.0,2018
411500,23.0,22.0,2018
411520,1462.0,772.0,2018
411535,2.0,2.0,2018
411540,62.0,47.0,2018
411550,21.0,21.0,2018
411560,48.0,33.0,2018
411570,9.0,9.0,2018
411580,192.0,101.0,2018
411600,10.0,10.0,2018
411605,45.0,24.0,2018
411620,31.0,31.0,2018
411670,49.0,40.0,2018
411680,22.0,20.0,2018
411690,67.0,62.0,2018
411695,12.0,12.0,2018
411700,16.0,14.0,2018
411710,33.0,31.0,2018
411720,16.0,16.0,2018
411722,11.0,6.0,2018
411725,17.0,,2018
411727,39.0,39.0,2018
411730,30.0,,2018
411740,12.0,12.0,2018
411750,15.0,15.0,2018
411760,91.0,90.0,2018
411770,146.0,113.0,2018
411790,69.0,31.0,2018
411800,42.0,32.0,2018
411820,193.0,113.0,2018
411830,15.0,15.0,2018
411840,177.0,110.0,2018
411845,17.0,15.0,2018
411850,282.0,208.0,2018
411870,12.0,12.0,2018
411890,19.0,19.0,2018
411910,50.0,48.0,2018
411915,287.0,273.0,2018
411920,27.0,17.0,2018
411930,91.0,82.0,2018
411940,20.0,20.0,2018
411950,644.0,484.0,2018
411960,89.0,79.0,2018
411970,15.0,15.0,2018
411980,47.0,41.0,2018
411990,784.0,539.0,2018
412000,31.0,31.0,2018
412020,10.0,10.0,2018
412033,20.0,20.0,2018
412035,49.0,40.0,2018
412040,18.0,18.0,2018
412050,19.0,19.0,2018
412060,127.0,113.0,2018
412070,28.0,26.0,2018
412090,34.0,34.0,2018
412100,26.0,25.0,2018
412120,25.0,25.0,2018
412130,16.0,16.0,2018
412150,56.0,52.0,2018
412170,39.0,32.0,2018
412180,54.0,51.0,2018
412190,49.0,44.0,2018
412200,55.0,52.0,2018
412220,30.0,30.0,2018
412230,30.0,27.0,2018
412240,213.0,197.0,2018
412250,31.0,31.0,2018
412260,31.0,24.0,2018
412265,25.0,25.0,2018
412290,20.0,20.0,2018
412300,24.0,24.0,2018
412310,15.0,15.0,2018
412350,86.0,53.0,2018
412370,27.0,19.0,2018
412380,32.0,32.0,2018
412385,41.0,41.0,2018
412390,36.0,36.0,2018
412400,20.0,20.0,2018
412410,164.0,130.0,2018
412420,10.0,10.0,2018
412430,13.0,13.0,2018
412440,30.0,25.0,2018
412460,16.0,15.0,2018
412470,20.0,20.0,2018
412490,17.0,17.0,2018
412500,20.0,20.0,2018
412510,20.0,19.0,2018
412520,28.0,23.0,2018
412535,22.0,22.0,2018
412540,18.0,18.0,2018
412545,22.0,19.0,2018
412550,198.0,142.0,2018
412560,50.0,38.0,2018
412570,254.0,254.0,2018
412580,25.0,23.0,2018
412600,25.0,25.0,2018
412620,31.0,31.0,2018
412625,167.0,115.0,2018
412630,39.0,36.0,2018
412640,23.0,23.0,2018
412650,16.0,16.0,2018
412660,54.0,35.0,2018
412667,16.0,16.0,2018
412670,9.0,9.0,2018
412700,17.0,17.0,2018
412710,166.0,123.0,2018
412720,65.0,63.0,2018
412730,29.0,25.0,2018
412740,21.0,14.0,2018
412750,30.0,30.0,2018
412760,16.0,16.0,2018
412770,321.0,143.0,2018
412780,66.0,50.0,2018
412785,31.0,31.0,2018
412788,6.0,6.0,2018
412790,23.0,22.0,2018
412795,23.0,23.0,2018
412796,53.0,49.0,2018
412800,102.0,51.0,2018
412810,685.0,522.0,2018
412820,218.0,106.0,2018
412840,45.0,38.0,2018
412850,33.0,32.0,2018
412855,27.0,26.0,2018
412860,20.0,18.0,2018
420010,42.0,34.0,2018
420020,21.0,17.0,2018
420040,30.0,24.0,2018
420070,24.0,9.0,2018
420090,80.0,44.0,2018
420100,33.0,30.0,2018
420110,49.0,15.0,2018
420127,21.0,15.0,2018
420140,117.0,117.0,2018
420150,32.0,23.0,2018
420160,18.0,11.0,2018
420190,14.0,13.0,2018
420200,277.0,96.0,2018
420220,1.0,1.0,2018
420230,68.0,68.0,2018
420240,682.0,361.0,2018
420250,18.0,18.0,2018
420260,50.0,43.0,2018
420280,73.0,57.0,2018
420290,265.0,158.0,2018
420300,118.0,77.0,2018
420310,27.0,25.0,2018
420320,152.0,33.0,2018
420330,32.0,21.0,2018
420340,32.0,26.0,2018
420350,42.0,28.0,2018
420360,101.0,79.0,2018
420370,20.0,20.0,2018
420380,81.0,58.0,2018
420390,63.0,52.0,2018
420400,33.0,23.0,2018
420410,27.0,22.0,2018
420420,385.0,250.0,2018
420430,184.0,109.0,2018
420440,30.0,25.0,2018
420455,33.0,23.0,2018
420460,526.0,309.0,2018
420470,45.0,40.0,2018
420480,126.0,93.0,2018
420490,37.0,33.0,2018
420500,45.0,38.0,2018
420520,41.0,,2018
420530,50.0,45.0,2018
420540,1589.0,966.0,2018
420550,51.0,48.0,2018
420580,20.0,,2018
420590,100.0,91.0,2018
420630,16.0,13.0,2018
420640,43.0,41.0,2018
420650,50.0,50.0,2018
420660,19.0,16.0,2018
420680,38.0,30.0,2018
420690,78.0,78.0,2018
420700,81.0,74.0,2018
420720,35.0,32.0,2018
420730,68.0,59.0,2018
420740,11.0,10.0,2018
420750,114.0,88.0,2018
420760,27.0,19.0,2018
420765,45.0,44.0,2018
420770,11.0,10.0,2018
420780,45.0,42.0,2018
420790,19.0,13.0,2018
420800,39.0,27.0,2018
420810,45.0,42.0,2018
420820,430.0,355.0,2018
420830,20.0,20.0,2018
420840,47.0,33.0,2018
420845,1.0,1.0,2018
420850,60.0,52.0,2018
420870,38.0,28.0,2018
420880,49.0,44.0,2018
420890,334.0,244.0,2018
420900,162.0,115.0,2018
420910,1084.0,785.0,2018
420915,6.0,6.0,2018
420930,401.0,290.0,2018
420940,98.0,75.0,2018
420960,39.0,39.0,2018
420970,45.0,45.0,2018
420985,71.0,61.0,2018
421000,39.0,38.0,2018
421003,63.0,58.0,2018
421010,147.0,117.0,2018
421030,37.0,31.0,2018
421050,81.0,73.0,2018
421060,21.0,21.0,2018
421080,50.0,33.0,2018
421090,31.0,27.0,2018
421100,48.0,34.0,2018
421105,16.0,16.0,2018
421110,22.0,20.0,2018
421120,134.0,112.0,2018
421130,39.0,36.0,2018
421140,39.0,37.0,2018
421150,51.0,51.0,2018
421160,49.0,43.0,2018
421170,52.0,33.0,2018
421175,50.0,44.0,2018
421190,34.0,,2018
421200,36.0,30.0,2018
421210,71.0,58.0,2018
421220,35.0,30.0,2018
421250,27.0,26.0,2018
421260,32.0,26.0,2018
421270,16.0,14.0,2018
421290,42.0,27.0,2018
421320,58.0,40.0,2018
421330,55.0,45.0,2018
421340,84.0,74.0,2018
421360,91.0,70.0,2018
421370,41.0,34.0,2018
421380,48.0,46.0,2018
421400,44.0,42.0,2018
421420,47.0,41.0,2018
421450,30.0,29.0,2018
421470,51.0,42.0,2018
421480,258.0,166.0,2018
421490,32.0,26.0,2018
421500,120.0,104.0,2018
421510,30.0,20.0,2018
421530,31.0,31.0,2018
421540,16.0,14.0,2018
421550,105.0,87.0,2018
421570,49.0,48.0,2018
421580,99.0,47.0,2018
421590,24.0,18.0,2018
421600,62.0,40.0,2018
421620,37.0,26.0,2018
421625,32.0,21.0,2018
421630,30.0,28.0,2018
421650,129.0,99.0,2018
421660,1017.0,714.0,2018
421670,33.0,28.0,2018
421690,56.0,44.0,2018
421710,24.0,21.0,2018
421720,158.0,82.0,2018
421725,93.0,93.0,2018
421730,33.0,29.0,2018
421750,49.0,37.0,2018
421770,116.0,104.0,2018
421780,36.0,34.0,2018
421790,31.0,20.0,2018
421800,64.0,38.0,2018
421810,28.0,21.0,2018
421820,100.0,65.0,2018
421830,54.0,35.0,2018
421840,41.0,39.0,2018
421860,68.0,67.0,2018
421870,418.0,250.0,2018
421875,44.0,37.0,2018
421880,65.0,39.0,2018
421890,48.0,39.0,2018
421900,110.0,87.0,2018
421910,21.0,17.0,2018
421920,21.0,20.0,2018
421930,135.0,87.0,2018
421935,17.0,15.0,2018
421940,21.0,21.0,2018
421950,151.0,120.0,2018
421960,23.0,16.0,2018
421970,48.0,37.0,2018
430003,42.0,33.0,2018
430010,53.0,47.0,2018
430020,49.0,39.0,2018
430030,50.0,46.0,2018
430040,172.0,137.0,2018
430050,31.0,31.0,2018
430060,131.0,83.0,2018
430064,28.0,25.0,2018
430070,40.0,27.0,2018
430080,51.0,35.0,2018
430090,36.0,31.0,2018
430100,89.0,79.0,2018
430110,13.0,12.0,2018
430120,76.0,61.0,2018
430130,48.0,36.0,2018
430140,51.0,33.0,2018
430150,55.0,41.0,2018
430160,220.0,166.0,2018
430165,24.0,21.0,2018
430190,41.0,41.0,2018
430210,244.0,108.0,2018
430220,40.0,27.0,2018
430230,31.0,25.0,2018
430235,43.0,27.0,2018
430240,50.0,33.0,2018
430245,39.0,29.0,2018
430260,35.0,25.0,2018
430265,17.0,14.0,2018
430270,29.0,29.0,2018
430280,79.0,59.0,2018
430290,36.0,30.0,2018
430300,212.0,114.0,2018
430310,63.0,63.0,2018
430330,40.0,30.0,2018
430340,41.0,25.0,2018
430350,140.0,112.0,2018
430360,32.0,32.0,2018
430370,55.0,46.0,2018
430380,49.0,47.0,2018
430390,81.0,60.0,2018
430400,35.0,30.0,2018
430420,105.0,76.0,2018
430430,39.0,32.0,2018
430440,52.0,43.0,2018
430450,104.0,86.0,2018
430460,775.0,587.0,2018
430463,91.0,86.0,2018
430470,140.0,95.0,2018
430480,72.0,38.0,2018
430490,33.0,22.0,2018
430510,1253.0,591.0,2018
430520,55.0,34.0,2018
430530,49.0,36.0,2018
430535,132.0,132.0,2018
430540,30.0,25.0,2018
430570,18.0,16.0,2018
430580,23.0,18.0,2018
430590,30.0,19.0,2018
430600,55.0,39.0,2018
430610,233.0,123.0,2018
430620,35.0,31.0,2018
430630,32.0,24.0,2018
430640,64.0,50.0,2018
430645,50.0,35.0,2018
430650,25.0,20.0,2018
430660,120.0,79.0,2018
430680,102.0,35.0,2018
430690,53.0,35.0,2018
430700,288.0,159.0,2018
430710,33.0,31.0,2018
430750,94.0,76.0,2018
430755,42.0,23.0,2018
430760,52.0,51.0,2018
430770,147.0,147.0,2018
430780,99.0,71.0,2018
430790,102.0,63.0,2018
430800,45.0,39.0,2018
430810,51.0,40.0,2018
430820,51.0,34.0,2018
430840,27.0,27.0,2018
430845,24.0,21.0,2018
430850,101.0,77.0,2018
430860,75.0,49.0,2018
430870,31.0,28.0,2018
430890,85.0,70.0,2018
430900,50.0,36.0,2018
430910,93.0,55.0,2018
430920,191.0,129.0,2018
430925,4.0,4.0,2018
430930,26.0,,2018
430940,73.0,50.0,2018
430950,45.0,36.0,2018
430960,97.0,70.0,2018
430970,32.0,29.0,2018
431000,41.0,25.0,2018
431010,87.0,61.0,2018
431020,323.0,162.0,2018
431030,49.0,29.0,2018
431050,64.0,49.0,2018
431060,79.0,77.0,2018
431070,13.0,13.0,2018
431075,24.0,19.0,2018
431080,52.0,45.0,2018
431085,50.0,42.0,2018
431090,19.0,13.0,2018
431100,55.0,41.0,2018
431110,51.0,32.0,2018
431112,10.0,10.0,2018
431115,3.0,3.0,2018
431120,67.0,49.0,2018
431130,71.0,47.0,2018
431140,166.0,110.0,2018
431150,28.0,22.0,2018
431180,108.0,57.0,2018
431190,52.0,28.0,2018
431205,40.0,30.0,2018
431210,27.0,19.0,2018
431220,39.0,37.0,2018
431240,216.0,134.0,2018
431245,19.0,19.0,2018
431250,29.0,29.0,2018
431260,31.0,25.0,2018
431265,101.0,69.0,2018
431270,73.0,61.0,2018
431290,54.0,27.0,2018
431300,37.0,25.0,2018
431310,52.0,36.0,2018
431320,39.0,30.0,2018
431330,78.0,50.0,2018
431340,457.0,246.0,2018
431350,87.0,59.0,2018
431360,49.0,45.0,2018
431365,39.0,30.0,2018
431370,107.0,85.0,2018
431380,50.0,43.0,2018
431390,86.0,68.0,2018
431400,39.0,29.0,2018
431402,32.0,30.0,2018
431405,99.0,99.0,2018
431410,1114.0,719.0,2018
431420,50.0,44.0,2018
431430,16.0,15.0,2018
431440,1158.0,800.0,2018
431447,30.0,18.0,2018
431450,59.0,59.0,2018
431460,133.0,112.0,2018
431470,50.0,44.0,2018
431480,52.0,50.0,2018
431490,6832.0,4105.0,2018
431500,50.0,40.0,2018
431510,58.0,35.0,2018
431515,49.0,44.0,2018
431520,30.0,25.0,2018
431530,62.0,51.0,2018
431535,19.0,14.0,2018
431540,39.0,33.0,2018
431550,51.0,43.0,2018
431560,700.0,592.0,2018
431570,93.0,93.0,2018
431575,33.0,30.0,2018
431580,38.0,26.0,2018
431590,51.0,39.0,2018
431600,52.0,50.0,2018
431610,108.0,89.0,2018
431620,32.0,23.0,2018
431630,35.0,32.0,2018
431640,96.0,69.0,2018
431643,19.0,16.0,2018
431645,32.0,23.0,2018
431650,32.0,25.0,2018
431660,73.0,53.0,2018
431670,51.0,41.0,2018
431680,312.0,187.0,2018
431690,961.0,481.0,2018
431710,204.0,98.0,2018
431720,235.0,128.0,2018
431730,65.0,53.0,2018
431740,122.0,101.0,2018
431750,220.0,166.0,2018
431760,82.0,60.0,2018
431780,85.0,63.0,2018
431790,60.0,45.0,2018
431800,141.0,116.0,2018
431810,60.0,45.0,2018
431820,62.0,56.0,2018
431830,185.0,155.0,2018
431840,100.0,78.0,2018
431843,50.0,46.0,2018
431850,51.0,51.0,2018
431860,53.0,40.0,2018
431870,200.0,168.0,2018
431880,172.0,125.0,2018
431890,122.0,99.0,2018
431900,77.0,45.0,2018
431910,39.0,25.0,2018
431915,38.0,30.0,2018
431930,36.0,25.0,2018
431940,54.0,45.0,2018
431950,91.0,59.0,2018
431960,64.0,55.0,2018
431980,41.0,40.0,2018
431990,126.0,92.0,2018
432000,139.0,139.0,2018
432010,81.0,67.0,2018
432020,50.0,40.0,2018
432026,34.0,32.0,2018
432030,32.0,20.0,2018
432040,55.0,36.0,2018
432045,10.0,10.0,2018
432050,50.0,30.0,2018
432060,31.0,26.0,2018
432065,9.0,9.0,2018
432067,48.0,31.0,2018
432070,153.0,105.0,2018
432080,117.0,82.0,2018
432090,92.0,67.0,2018
432100,35.0,22.0,2018
432110,49.0,39.0,2018
432120,89.0,71.0,2018
432130,162.0,125.0,2018
432140,121.0,93.0,2018
432143,1.0,,2018
432145,78.0,61.0,2018
432150,64.0,57.0,2018
432160,94.0,94.0,2018
432170,75.0,65.0,2018
432180,69.0,41.0,2018
432190,104.0,69.0,2018
432195,35.0,33.0,2018
432200,50.0,36.0,2018
432210,34.0,22.0,2018
432220,73.0,53.0,2018
432230,37.0,26.0,2018
432240,196.0,150.0,2018
432250,149.0,105.0,2018
432253,39.0,29.0,2018
432260,132.0,95.0,2018
432270,49.0,44.0,2018
432280,63.0,42.0,2018
432290,50.0,33.0,2018
432300,347.0,275.0,2018
432310,27.0,27.0,2018
500020,17.0,17.0,2018
500060,127.0,40.0,2018
500070,26.0,24.0,2018
500080,12.0,8.0,2018
500085,26.0,6.0,2018
500090,7.0,7.0,2018
500100,114.0,86.0,2018
500110,143.0,109.0,2018
500124,9.0,9.0,2018
500150,12.0,12.0,2018
500190,35.0,15.0,2018
500210,32.0,28.0,2018
500215,8.0,8.0,2018
500220,26.0,26.0,2018
500230,20.0,11.0,2018
500240,39.0,20.0,2018
500260,22.0,15.0,2018
500270,2149.0,1241.0,2018
500280,8.0,4.0,2018
500290,59.0,32.0,2018
500295,80.0,50.0,2018
500310,2.0,2.0,2018
500315,9.0,9.0,2018
500320,199.0,138.0,2018
500325,56.0,43.0,2018
500330,93.0,65.0,2018
500345,20.0,20.0,2018
500348,19.0,19.0,2018
500370,616.0,393.0,2018
500375,6.0,6.0,2018
500380,61.0,51.0,2018
500390,10.0,10.0,2018
500400,12.0,8.0,2018
500410,26.0,12.0,2018
500430,38.0,32.0,2018
500440,8.0,8.0,2018
500450,14.0,14.0,2018
500460,27.0,14.0,2018
500470,20.0,20.0,2018
500500,43.0,27.0,2018
500510,21.0,19.0,2018
500515,9.0,9.0,2018
500525,6.0,6.0,2018
500540,50.0,44.0,2018
500560,23.0,23.0,2018
500568,36.0,36.0,2018
500570,101.0,84.0,2018
500580,6.0,6.0,2018
500600,18.0,18.0,2018
500620,111.0,77.0,2018
500625,14.0,5.0,2018
500630,191.0,112.0,2018
500635,10.0,10.0,2018
500640,28.0,28.0,2018
500660,129.0,97.0,2018
500690,16.0,16.0,2018
500710,16.0,16.0,2018
500720,46.0,41.0,2018
500730,20.0,6.0,2018
500740,29.0,29.0,2018
500750,9.0,9.0,2018
500755,8.0,8.0,2018
500769,36.0,36.0,2018
500770,64.0,18.0,2018
500790,39.0,27.0,2018
500793,22.0,10.0,2018
500795,8.0,8.0,2018
500797,4.0,4.0,2018
500830,198.0,114.0,2018
500840,5.0,5.0,2018
510020,98.0,50.0,2018
510025,111.0,57.0,2018
510030,98.0,79.0,2018
510060,30.0,24.0,2018
510080,28.0,28.0,2018
510100,12.0,12.0,2018
510125,19.0,16.0,2018
510130,10.0,10.0,2018
510140,33.0,33.0,2018
510160,11.0,11.0,2018
510170,59.0,59.0,2018
510180,104.0,68.0,2018
510190,31.0,31.0,2018
510250,224.0,186.0,2018
510260,21.0,21.0,2018
510263,31.0,30.0,2018
510267,56.0,25.0,2018
510268,16.0,16.0,2018
510269,9.0,9.0,2018
510270,64.0,41.0,2018
510300,34.0,34.0,2018
510305,23.0,14.0,2018
510310,16.0,16.0,2018
510320,113.0,84.0,2018
510325,40.0,28.0,2018
510330,42.0,31.0,2018
510335,53.0,46.0,2018
510337,33.0,33.0,2018
510340,2138.0,1411.0,2018
510345,24.0,24.0,2018
510350,48.0,48.0,2018
510360,20.0,15.0,2018
510385,17.0,17.0,2018
510390,15.0,15.0,2018
510410,48.0,34.0,2018
510420,22.0,18.0,2018
510455,16.0,16.0,2018
510460,35.0,35.0,2018
510480,61.0,30.0,2018
510500,37.0,32.0,2018
510510,65.0,34.0,2018
510515,142.0,76.0,2018
510517,19.0,19.0,2018
510520,33.0,31.0,2018
510525,101.0,65.0,2018
510550,50.0,41.0,2018
510558,21.0,21.0,2018
510560,43.0,25.0,2018
510562,84.0,39.0,2018
510590,41.0,34.0,2018
510600,35.0,30.0,2018
510610,16.0,16.0,2018
510615,15.0,15.0,2018
510618,6.0,6.0,2018
510620,13.0,13.0,2018
510622,39.0,27.0,2018
510623,50.0,34.0,2018
510625,34.0,34.0,2018
510627,15.0,15.0,2018
510628,26.0,26.0,2018
510629,32.0,32.0,2018
510630,35.0,35.0,2018
510637,31.0,31.0,2018
510642,61.0,61.0,2018
510650,64.0,58.0,2018
510670,21.0,21.0,2018
510675,69.0,29.0,2018
510677,18.0,18.0,2018
510680,20.0,20.0,2018
510700,96.0,77.0,2018
510704,120.0,54.0,2018
510706,31.0,26.0,2018
510710,49.0,43.0,2018
510718,32.0,29.0,2018
510719,15.0,15.0,2018
510720,18.0,18.0,2018
510730,22.0,22.0,2018
510735,23.0,8.0,2018
510760,458.0,367.0,2018
510770,63.0,55.0,2018
510775,14.0,14.0,2018
510777,22.0,22.0,2018
510780,20.0,20.0,2018
510785,44.0,44.0,2018
510787,49.0,40.0,2018
510790,257.0,117.0,2018
510792,160.0,99.0,2018
510794,15.0,15.0,2018
510795,181.0,94.0,2018
510800,21.0,21.0,2018
510805,37.0,37.0,2018
510810,14.0,14.0,2018
510820,24.0,22.0,2018
510835,5.0,5.0,2018
510840,301.0,256.0,2018
510860,24.0,24.0,2018
510885,8.0,8.0,2018
510890,6.0,6.0,2018
510895,13.0,13.0,2018
520010,9.0,9.0,2018
520013,72.0,38.0,2018
520017,12.0,12.0,2018
520025,39.0,39.0,2018
520030,34.0,34.0,2018
520050,14.0,14.0,2018
520060,17.0,17.0,2018
520080,32.0,32.0,2018
520085,17.0,17.0,2018
520090,13.0,13.0,2018
520110,1083.0,606.0,2018
520130,50.0,50.0,2018
520140,1014.0,815.0,2018
520150,19.0,19.0,2018
520160,17.0,17.0,2018
520170,53.0,53.0,2018
520180,16.0,16.0,2018
520215,10.0,10.0,2018
520235,17.0,17.0,2018
520250,15.0,15.0,2018
520280,12.0,12.0,2018
520320,22.0,22.0,2018
520330,32.0,26.0,2018
520340,23.0,23.0,2018
520350,25.0,25.0,2018
520355,2.0,2.0,2018
520380,23.0,23.0,2018
520390,32.0,25.0,2018
520393,14.0,14.0,2018
520400,16.0,16.0,2018
520410,26.0,26.0,2018
520425,18.0,18.0,2018
520430,36.0,28.0,2018
520440,40.0,28.0,2018
520450,151.0,97.0,2018
520465,22.0,22.0,2018
520470,16.0,16.0,2018
520480,18.0,18.0,2018
520490,48.0,34.0,2018
520500,17.0,17.0,2018
520505,15.0,15.0,2018
520510,316.0,191.0,2018
520520,18.0,18.0,2018
520530,16.0,16.0,2018
520540,328.0,166.0,2018
520545,15.0,15.0,2018
520547,24.0,21.0,2018
520549,61.0,35.0,2018
520551,22.0,22.0,2018
520552,11.0,11.0,2018
520570,16.0,16.0,2018
520580,25.0,14.0,2018
520590,26.0,26.0,2018
520620,65.0,48.0,2018
520630,8.0,8.0,2018
520640,86.0,60.0,2018
520650,11.0,11.0,2018
520660,14.0,14.0,2018
520670,13.0,13.0,2018
520680,14.0,14.0,2018
520710,14.0,14.0,2018
520725,24.0,24.0,2018
520735,10.0,10.0,2018
520740,46.0,25.0,2018
520750,22.0,22.0,2018
520753,19.0,19.0,2018
520760,16.0,16.0,2018
520780,37.0,26.0,2018
520790,7.0,7.0,2018
520800,146.0,67.0,2018
520810,25.0,25.0,2018
520830,24.0,24.0,2018
520840,18.0,18.0,2018
520850,33.0,26.0,2018
520860,218.0,140.0,2018
520870,6206.0,2863.0,2018
520880,83.0,52.0,2018
520890,111.0,51.0,2018
520910,120.0,59.0,2018
520960,19.0,19.0,2018
520970,21.0,21.0,2018
520980,28.0,28.0,2018
520990,16.0,16.0,2018
520993,16.0,16.0,2018
520995,51.0,20.0,2018
521000,195.0,89.0,2018
521010,123.0,97.0,2018
521020,129.0,33.0,2018
521030,7.0,7.0,2018
521040,71.0,64.0,2018
521060,19.0,19.0,2018
521080,18.0,18.0,2018
521090,66.0,61.0,2018
521100,23.0,23.0,2018
521120,124.0,81.0,2018
521130,17.0,17.0,2018
521140,18.0,18.0,2018
521150,233.0,115.0,2018
521160,10.0,10.0,2018
521170,13.0,13.0,2018
521180,90.0,81.0,2018
521190,194.0,137.0,2018
521200,10.0,10.0,2018
521210,17.0,17.0,2018
521220,68.0,30.0,2018
521230,29.0,29.0,2018
521250,125.0,44.0,2018
521260,18.0,18.0,2018
521270,16.0,16.0,2018
521280,44.0,18.0,2018
521290,29.0,29.0,2018
521295,14.0,14.0,2018
521300,12.0,12.0,2018
521308,81.0,28.0,2018
521310,233.0,155.0,2018
521350,16.0,16.0,2018
521370,24.0,24.0,2018
521375,13.0,13.0,2018
521380,110.0,78.0,2018
521385,19.0,19.0,2018
521390,20.0,20.0,2018
521400,20.0,20.0,2018
521405,18.0,18.0,2018
521410,19.0,19.0,2018
521440,16.0,16.0,2018
521450,107.0,51.0,2018
521460,103.0,58.0,2018
521470,4.0,4.0,2018
521483,45.0,45.0,2018
521500,18.0,18.0,2018
521520,9.0,9.0,2018
521530,29.0,20.0,2018
521550,31.0,31.0,2018
521560,33.0,28.0,2018
521565,19.0,19.0,2018
521570,33.0,6.0,2018
521580,14.0,14.0,2018
521590,19.0,19.0,2018
521600,9.0,9.0,2018
521630,30.0,30.0,2018
521640,20.0,20.0,2018
521680,26.0,24.0,2018
521710,70.0,60.0,2018
521720,28.0,28.0,2018
521730,51.0,45.0,2018
521740,41.0,41.0,2018
521760,72.0,70.0,2018
521770,50.0,22.0,2018
521800,111.0,62.0,2018
521805,16.0,16.0,2018
521810,17.0,17.0,2018
521830,55.0,53.0,2018
521850,120.0,43.0,2018
521860,24.0,24.0,2018
521880,439.0,242.0,2018
521890,108.0,76.0,2018
521900,17.0,17.0,2018
521910,15.0,15.0,2018
521920,12.0,12.0,2018
521925,17.0,17.0,2018
521930,138.0,108.0,2018
521950,16.0,16.0,2018
521960,17.0,17.0,2018
521970,38.0,38.0,2018
521973,19.0,19.0,2018
521975,165.0,14.0,2018
521980,22.0,22.0,2018
522000,26.0,26.0,2018
522010,99.0,50.0,2018
522015,10.0,10.0,2018
522020,95.0,54.0,2018
522026,10.0,10.0,2018
522040,50.0,50.0,2018
522045,89.0,80.0,2018
522050,21.0,21.0,2018
522060,40.0,40.0,2018
522068,20.0,20.0,2018
522100,46.0,25.0,2018
522130,12.0,6.0,2018
522140,509.0,411.0,2018
522145,15.0,15.0,2018
522150,17.0,17.0,2018
522155,14.0,14.0,2018
522160,87.0,38.0,2018
522170,27.0,20.0,2018
522185,67.0,30.0,2018
522200,40.0,32.0,2018
522205,16.0,16.0,2018
522220,13.0,13.0,2018
530010,6737.0,4311.0,2018
110001,49.0,43.0,2019
110002,233.0,140.0,2019
110003,9.0,9.0,2019
110004,360.0,287.0,2019
110005,40.0,40.0,2019
110006,50.0,50.0,2019
110007,16.0,16.0,2019
110008,45.0,45.0,2019
110009,54.0,36.0,2019
110010,97.0,88.0,2019
110011,115.0,100.0,2019
110012,259.0,161.0,2019
110013,48.0,48.0,2019
110014,44.0,44.0,2019
110015,87.0,45.0,2019
110018,58.0,46.0,2019
110020,1704.0,1253.0,2019
110025,45.0,45.0,2019
110026,9.0,9.0,2019
110028,94.0,78.0,2019
110029,25.0,25.0,2019
110030,206.0,187.0,2019
110032,44.0,44.0,2019
110033,20.0,20.0,2019
110034,35.0,35.0,2019
110037,16.0,16.0,2019
110040,16.0,16.0,2019
110045,66.0,32.0,2019
110050,18.0,18.0,2019
110060,26.0,26.0,2019
110070,19.0,19.0,2019
110080,15.0,15.0,2019
110090,7.0,7.0,2019
110092,10.0,10.0,2019
110094,11.0,11.0,2019
110100,22.0,21.0,2019
110110,20.0,20.0,2019
110120,16.0,16.0,2019
110130,25.0,25.0,2019
110140,40.0,40.0,2019
110143,15.0,15.0,2019
110145,8.0,8.0,2019
110146,9.0,9.0,2019
110148,7.0,7.0,2019
110149,29.0,29.0,2019
110150,36.0,36.0,2019
110155,9.0,9.0,2019
110160,13.0,13.0,2019
110170,25.0,25.0,2019
110175,12.0,12.0,2019
110180,16.0,16.0,2019
120001,16.0,16.0,2019
120005,12.0,12.0,2019
120010,40.0,34.0,2019
120020,175.0,161.0,2019
120030,41.0,41.0,2019
120032,10.0,10.0,2019
120033,25.0,25.0,2019
120034,26.0,26.0,2019
120035,13.0,13.0,2019
120038,52.0,52.0,2019
120039,14.0,14.0,2019
120040,877.0,763.0,2019
120042,16.0,16.0,2019
120043,16.0,16.0,2019
120045,30.0,30.0,2019
120050,54.0,54.0,2019
120060,42.0,42.0,2019
120070,30.0,30.0,2019
130002,22.0,22.0,2019
130006,30.0,30.0,2019
130008,20.0,20.0,2019
130010,23.0,23.0,2019
130014,42.0,42.0,2019
130020,30.0,30.0,2019
130030,31.0,31.0,2019
130040,30.0,30.0,2019
130050,31.0,31.0,2019
130060,37.0,37.0,2019
130063,13.0,13.0,2019
130068,22.0,22.0,2019
130070,61.0,61.0,2019
130080,38.0,38.0,2019
130083,18.0,18.0,2019
130090,16.0,16.0,2019
130100,50.0,50.0,2019
130110,20.0,20.0,2019
130120,105.0,101.0,2019
130130,47.0,47.0,2019
130140,80.0,80.0,2019
130150,24.0,24.0,2019
130160,58.0,58.0,2019
130165,20.0,20.0,2019
130170,38.0,38.0,2019
130180,26.0,26.0,2019
130185,32.0,32.0,2019
130190,108.0,108.0,2019
130195,15.0,15.0,2019
130200,18.0,18.0,2019
130210,20.0,20.0,2019
130220,20.0,20.0,2019
130230,18.0,18.0,2019
130240,56.0,56.0,2019
130250,72.0,72.0,2019
130255,20.0,20.0,2019
130260,3358.0,2623.0,2019
130270,60.0,60.0,2019
130280,19.0,19.0,2019
130290,90.0,90.0,2019
130300,19.0,19.0,2019
130310,31.0,31.0,2019
130320,22.0,22.0,2019
130330,31.0,31.0,2019
130340,135.0,135.0,2019
130350,26.0,26.0,2019
130353,29.0,29.0,2019
130356,29.0,29.0,2019
130360,20.0,20.0,2019
130370,53.0,25.0,2019
130380,89.0,83.0,2019
130390,22.0,22.0,2019
130395,20.0,20.0,2019
130400,20.0,20.0,2019
130406,51.0,51.0,2019
130410,35.0,35.0,2019
130420,90.0,78.0,2019
130423,33.0,33.0,2019
130426,20.0,20.0,2019
130430,39.0,39.0,2019
130440,32.0,32.0,2019
140005,30.0,30.0,2019
140010,935.0,889.0,2019
140015,14.0,8.0,2019
140020,24.0,24.0,2019
140023,16.0,16.0,2019
140028,1.0,,2019
140030,22.0,14.0,2019
140040,20.0,19.0,2019
140045,13.0,13.0,2019
140047,27.0,27.0,2019
140050,15.0,15.0,2019
140060,17.0,14.0,2019
150010,224.0,167.0,2019
150013,21.0,21.0,2019
150020,33.0,33.0,2019
150030,30.0,30.0,2019
150034,40.0,40.0,2019
150040,97.0,91.0,2019
150050,94.0,87.0,2019
150060,251.0,161.0,2019
150070,20.0,20.0,2019
150080,853.0,695.0,2019
150085,35.0,35.0,2019
150090,84.0,71.0,2019
150095,58.0,58.0,2019
150110,15.0,15.0,2019
150120,30.0,30.0,2019
150125,10.0,10.0,2019
150130,144.0,126.0,2019
150140,4014.0,2362.0,2019
150145,20.0,20.0,2019
150157,31.0,31.0,2019
150170,362.0,258.0,2019
150172,33.0,33.0,2019
150175,24.0,24.0,2019
150178,44.0,44.0,2019
150180,140.0,140.0,2019
150190,43.0,30.0,2019
150200,20.0,20.0,2019
150210,183.0,166.0,2019
150215,73.0,50.0,2019
150220,278.0,176.0,2019
150230,146.0,118.0,2019
150240,402.0,302.0,2019
150250,9.0,9.0,2019
150260,8.0,8.0,2019
150270,119.0,107.0,2019
150275,25.0,25.0,2019
150276,11.0,11.0,2019
150277,50.0,50.0,2019
150280,26.0,26.0,2019
150290,27.0,27.0,2019
150293,81.0,75.0,2019
150295,41.0,41.0,2019
150300,10.0,10.0,2019
150304,20.0,20.0,2019
150307,20.0,20.0,2019
150309,24.0,24.0,2019
150310,23.0,23.0,2019
150320,45.0,45.0,2019
150330,133.0,129.0,2019
150340,19.0,19.0,2019
150345,76.0,76.0,2019
150350,30.0,30.0,2019
150360,413.0,84.0,2019
150370,53.0,53.0,2019
150375,24.0,24.0,2019
150380,180.0,73.0,2019
150390,57.0,51.0,2019
150400,20.0,20.0,2019
150405,52.0,52.0,2019
150420,312.0,205.0,2019
150430,27.0,27.0,2019
150440,18.0,18.0,2019
150442,164.0,120.0,2019
150445,41.0,41.0,2019
150450,15.0,15.0,2019
150460,27.0,27.0,2019
150470,50.0,50.0,2019
150480,85.0,58.0,2019
150490,26.0,26.0,2019
150495,32.0,32.0,2019
150497,13.0,13.0,2019
150503,42.0,34.0,2019
150506,54.0,54.0,2019
150510,65.0,63.0,2019
150520,15.0,15.0,2019
150530,89.0,74.0,2019
150540,24.0,24.0,2019
150543,67.0,65.0,2019
150548,37.0,32.0,2019
150549,20.0,20.0,2019
150550,176.0,117.0,2019
150553,305.0,100.0,2019
150555,22.0,22.0,2019
150563,20.0,20.0,2019
150565,29.0,29.0,2019
150570,20.0,20.0,2019
150580,29.0,29.0,2019
150590,49.0,49.0,2019
150600,20.0,20.0,2019
150613,278.0,187.0,2019
150616,54.0,29.0,2019
150618,101.0,88.0,2019
150619,27.0,27.0,2019
150620,47.0,47.0,2019
150630,19.0,19.0,2019
150640,15.0,15.0,2019
150650,60.0,60.0,2019
150655,16.0,16.0,2019
150658,23.0,23.0,2019
150660,37.0,37.0,2019
150670,63.0,63.0,2019
150680,506.0,426.0,2019
150700,76.0,74.0,2019
150710,20.0,20.0,2019
150715,21.0,21.0,2019
150720,31.0,31.0,2019
150730,142.0,91.0,2019
150745,41.0,41.0,2019
150747,24.0,24.0,2019
150750,19.0,19.0,2019
150760,54.0,54.0,2019
150770,32.0,32.0,2019
150775,11.0,11.0,2019
150780,15.0,15.0,2019
150790,48.0,48.0,2019
150795,40.0,40.0,2019
150797,21.0,21.0,2019
150800,171.0,150.0,2019
150803,15.0,15.0,2019
150805,21.0,21.0,2019
150808,99.0,87.0,2019
150810,286.0,204.0,2019
150812,89.0,88.0,2019
150815,61.0,58.0,2019
150820,35.0,35.0,2019
150830,65.0,65.0,2019
150835,31.0,31.0,2019
150840,133.0,82.0,2019
160005,30.0,30.0,2019
160010,37.0,37.0,2019
160015,15.0,15.0,2019
160020,20.0,20.0,2019
160023,12.0,12.0,2019
160027,58.0,58.0,2019
160030,710.0,567.0,2019
160040,14.0,14.0,2019
160050,41.0,41.0,2019
160053,34.0,34.0,2019
160060,95.0,93.0,2019
160070,18.0,18.0,2019
160080,8.0,8.0,2019
170070,23.0,23.0,2019
170100,14.0,14.0,2019
170190,17.0,17.0,2019
170200,27.0,27.0,2019
170210,589.0,457.0,2019
170220,25.0,25.0,2019
170230,28.0,28.0,2019
170240,33.0,33.0,2019
170255,93.0,93.0,2019
170370,5.0,5.0,2019
170550,69.0,69.0,2019
170610,7.0,7.0,2019
170710,15.0,15.0,2019
170720,9.0,9.0,2019
170730,12.0,5.0,2019
170765,5.0,5.0,2019
170820,40.0,40.0,2019
170900,10.0,10.0,2019
170930,57.0,57.0,2019
170950,237.0,101.0,2019
171050,27.0,27.0,2019
171190,30.0,30.0,2019
171320,69.0,69.0,2019
171330,20.0,20.0,2019
171360,5.0,5.0,2019
171420,9.0,9.0,2019
171575,24.0,24.0,2019
171610,131.0,88.0,2019
171620,24.0,24.0,2019
171650,31.0,31.0,2019
171660,46.0,46.0,2019
171670,21.0,21.0,2019
171700,6.0,6.0,2019
171750,5.0,5.0,2019
171790,7.0,7.0,2019
171820,173.0,173.0,2019
172065,19.0,19.0,2019
172090,47.0,47.0,2019
172100,976.0,529.0,2019
172120,40.0,40.0,2019
172210,28.0,28.0,2019
210005,226.0,136.0,2019
210010,20.0,20.0,2019
210020,24.0,24.0,2019
210030,25.0,25.0,2019
210043,48.0,48.0,2019
210047,34.0,34.0,2019
210050,22.0,22.0,2019
210055,11.0,11.0,2019
210060,85.0,76.0,2019
210070,27.0,27.0,2019
210080,16.0,16.0,2019
210083,15.0,15.0,2019
210087,17.0,17.0,2019
210090,117.0,117.0,2019
210095,58.0,58.0,2019
210100,57.0,48.0,2019
210110,25.0,25.0,2019
210120,234.0,213.0,2019
210125,28.0,24.0,2019
210130,23.0,23.0,2019
210140,165.0,142.0,2019
210150,31.0,31.0,2019
210160,153.0,123.0,2019
210170,52.0,47.0,2019
210173,12.0,12.0,2019
210177,15.0,15.0,2019
210180,20.0,20.0,2019
210190,18.0,18.0,2019
210193,15.0,15.0,2019
210197,15.0,15.0,2019
210200,36.0,36.0,2019
210203,25.0,25.0,2019
210210,37.0,37.0,2019
210220,26.0,26.0,2019
210230,44.0,44.0,2019
210232,84.0,84.0,2019
210240,19.0,19.0,2019
210250,20.0,20.0,2019
210255,21.0,21.0,2019
210260,10.0,10.0,2019
210270,59.0,59.0,2019
210275,13.0,12.0,2019
210280,30.0,30.0,2019
210290,38.0,38.0,2019
210300,314.0,307.0,2019
210310,15.0,15.0,2019
210312,15.0,15.0,2019
210320,157.0,125.0,2019
210325,21.0,21.0,2019
210330,100.0,100.0,2019
210340,120.0,100.0,2019
210350,90.0,90.0,2019
210355,15.0,15.0,2019
210360,76.0,76.0,2019
210370,109.0,103.0,2019
210375,14.0,14.0,2019
210380,29.0,29.0,2019
210390,26.0,26.0,2019
210400,44.0,44.0,2019
210405,61.0,53.0,2019
210407,20.0,20.0,2019
210408,18.0,18.0,2019
210409,13.0,13.0,2019
210410,31.0,31.0,2019
210420,17.0,17.0,2019
210440,29.0,29.0,2019
210450,24.0,24.0,2019
210455,23.0,23.0,2019
210460,30.0,30.0,2019
210462,20.0,20.0,2019
210465,19.0,19.0,2019
210467,204.0,200.0,2019
210470,18.0,18.0,2019
210480,188.0,186.0,2019
210490,36.0,32.0,2019
210500,30.0,30.0,2019
210510,34.0,30.0,2019
210515,37.0,37.0,2019
210520,37.0,37.0,2019
210530,801.0,597.0,2019
210535,25.0,25.0,2019
210540,69.0,69.0,2019
210542,76.0,76.0,2019
210545,16.0,16.0,2019
210547,17.0,17.0,2019
210550,62.0,60.0,2019
210560,22.0,22.0,2019
210565,3.0,3.0,2019
210570,144.0,98.0,2019
210580,20.0,20.0,2019
210590,45.0,45.0,2019
210592,22.0,22.0,2019
210594,20.0,20.0,2019
210596,19.0,19.0,2019
210600,38.0,38.0,2019
210610,20.0,20.0,2019
210620,9.0,9.0,2019
210630,20.0,20.0,2019
210632,11.0,11.0,2019
210637,18.0,18.0,2019
210640,23.0,23.0,2019
210650,17.0,17.0,2019
210660,50.0,50.0,2019
210667,9.0,9.0,2019
210670,20.0,20.0,2019
210675,52.0,44.0,2019
210680,22.0,22.0,2019
210690,52.0,52.0,2019
210700,24.0,24.0,2019
210710,20.0,20.0,2019
210720,15.0,15.0,2019
210725,14.0,14.0,2019
210730,15.0,15.0,2019
210735,37.0,37.0,2019
210740,20.0,20.0,2019
210745,50.0,42.0,2019
210750,17.0,17.0,2019
210760,38.0,36.0,2019
210770,48.0,48.0,2019
210780,51.0,51.0,2019
210790,116.0,116.0,2019
210800,23.0,23.0,2019
210805,20.0,20.0,2019
210810,39.0,35.0,2019
210820,114.0,88.0,2019
210825,34.0,34.0,2019
210830,63.0,63.0,2019
210840,27.0,27.0,2019
210845,56.0,52.0,2019
210850,40.0,40.0,2019
210860,248.0,240.0,2019
210870,35.0,35.0,2019
210880,19.0,19.0,2019
210890,37.0,37.0,2019
210900,79.0,75.0,2019
210905,28.0,28.0,2019
210910,194.0,190.0,2019
210920,15.0,15.0,2019
210927,15.0,15.0,2019
210930,22.0,22.0,2019
210940,19.0,19.0,2019
210945,48.0,32.0,2019
210950,51.0,51.0,2019
210955,20.0,20.0,2019
210960,123.0,113.0,2019
210970,17.0,17.0,2019
210975,17.0,17.0,2019
210980,58.0,58.0,2019
210990,295.0,213.0,2019
211000,86.0,86.0,2019
211003,78.0,78.0,2019
211010,42.0,42.0,2019
211020,35.0,35.0,2019
211023,16.0,16.0,2019
211027,20.0,20.0,2019
211030,30.0,30.0,2019
211040,32.0,32.0,2019
211050,50.0,50.0,2019
211060,27.0,27.0,2019
211065,20.0,20.0,2019
211070,35.0,31.0,2019
211080,20.0,20.0,2019
211085,24.0,24.0,2019
211090,23.0,23.0,2019
211100,50.0,50.0,2019
211102,35.0,19.0,2019
211105,20.0,20.0,2019
211107,19.0,19.0,2019
211110,54.0,52.0,2019
211120,174.0,69.0,2019
211125,13.0,13.0,2019
211130,3734.0,3018.0,2019
211140,29.0,29.0,2019
211150,52.0,52.0,2019
211153,26.0,26.0,2019
211157,18.0,18.0,2019
211160,23.0,19.0,2019
211163,12.0,12.0,2019
211170,56.0,56.0,2019
211172,28.0,28.0,2019
211174,35.0,35.0,2019
211180,30.0,30.0,2019
211190,24.0,22.0,2019
211195,16.0,16.0,2019
211200,16.0,16.0,2019
211210,48.0,48.0,2019
211220,128.0,123.0,2019
211223,29.0,29.0,2019
211227,19.0,19.0,2019
211230,50.0,50.0,2019
211240,52.0,52.0,2019
211250,52.0,37.0,2019
211260,37.0,37.0,2019
211270,42.0,42.0,2019
211280,74.0,74.0,2019
211285,21.0,21.0,2019
211290,46.0,46.0,2019
211300,48.0,44.0,2019
211400,71.0,71.0,2019
220010,15.0,15.0,2019
220020,20.0,20.0,2019
220025,12.0,12.0,2019
220030,14.0,14.0,2019
220040,37.0,37.0,2019
220050,45.0,45.0,2019
220060,11.0,11.0,2019
220070,10.0,10.0,2019
220090,6.0,6.0,2019
220100,4.0,4.0,2019
220110,18.0,18.0,2019
220115,11.0,11.0,2019
220120,74.0,70.0,2019
220140,25.0,25.0,2019
220150,23.0,23.0,2019
220160,15.0,15.0,2019
220170,4.0,4.0,2019
220180,21.0,21.0,2019
220190,50.0,50.0,2019
220191,6.0,6.0,2019
220196,10.0,10.0,2019
220200,40.0,40.0,2019
220202,16.0,16.0,2019
220220,208.0,190.0,2019
220225,4.0,4.0,2019
220230,23.0,23.0,2019
220240,9.0,9.0,2019
220250,11.0,11.0,2019
220260,38.0,38.0,2019
220270,23.0,23.0,2019
220277,7.0,7.0,2019
220280,45.0,45.0,2019
220290,45.0,45.0,2019
220300,13.0,13.0,2019
220310,21.0,21.0,2019
220320,34.0,34.0,2019
220330,24.0,24.0,2019
220335,7.0,7.0,2019
220350,34.0,34.0,2019
220360,8.0,8.0,2019
220370,75.0,55.0,2019
220380,2.0,2.0,2019
220390,218.0,201.0,2019
220400,14.0,14.0,2019
220410,4.0,4.0,2019
220420,14.0,14.0,2019
220430,25.0,25.0,2019
220440,9.0,9.0,2019
220450,32.0,32.0,2019
220470,11.0,11.0,2019
220480,15.0,15.0,2019
220490,20.0,20.0,2019
220500,21.0,21.0,2019
220510,26.0,26.0,2019
220520,35.0,31.0,2019
220530,7.0,7.0,2019
220540,17.0,17.0,2019
220545,6.0,6.0,2019
220550,24.0,24.0,2019
220553,13.0,13.0,2019
220555,10.0,10.0,2019
220560,8.0,8.0,2019
220570,43.0,43.0,2019
220580,38.0,38.0,2019
220585,7.0,7.0,2019
220590,11.0,11.0,2019
220595,38.0,38.0,2019
220600,11.0,11.0,2019
220610,15.0,15.0,2019
220620,22.0,20.0,2019
220640,13.0,13.0,2019
220650,20.0,20.0,2019
220660,25.0,25.0,2019
220670,6.0,6.0,2019
220680,9.0,9.0,2019
220690,8.0,8.0,2019
220700,139.0,91.0,2019
220720,36.0,36.0,2019
220730,8.0,8.0,2019
220740,12.0,12.0,2019
220750,16.0,16.0,2019
220760,17.0,17.0,2019
220770,611.0,528.0,2019
220780,75.0,72.0,2019
220790,69.0,48.0,2019
220800,312.0,271.0,2019
220810,16.0,16.0,2019
220820,35.0,35.0,2019
220830,65.0,65.0,2019
220840,108.0,108.0,2019
220850,17.0,17.0,2019
220855,3.0,3.0,2019
220860,16.0,16.0,2019
220870,19.0,19.0,2019
220880,29.0,29.0,2019
220890,17.0,17.0,2019
220900,2.0,2.0,2019
220910,21.0,20.0,2019
220920,10.0,10.0,2019
220937,16.0,8.0,2019
220940,4.0,4.0,2019
220950,7.0,7.0,2019
220960,20.0,20.0,2019
220970,7.0,7.0,2019
220980,12.0,12.0,2019
220990,12.0,12.0,2019
221000,75.0,75.0,2019
221010,6.0,6.0,2019
221020,8.0,8.0,2019
221030,29.0,29.0,2019
221040,39.0,26.0,2019
221050,41.0,41.0,2019
221060,276.0,276.0,2019
221070,52.0,52.0,2019
221080,32.0,32.0,2019
221090,12.0,12.0,2019
221100,3029.0,2420.0,2019
221110,50.0,50.0,2019
221120,37.0,37.0,2019
221130,46.0,46.0,2019
221140,14.0,14.0,2019
221170,19.0,19.0,2019
230010,1.0,1.0,2019
230020,73.0,70.0,2019
230030,98.0,98.0,2019
230040,29.0,29.0,2019
230060,19.0,19.0,2019
230070,33.0,33.0,2019
230075,36.0,36.0,2019
230080,16.0,16.0,2019
230090,12.0,12.0,2019
230100,123.0,40.0,2019
230110,103.0,90.0,2019
230120,50.0,50.0,2019
230125,20.0,20.0,2019
230130,42.0,42.0,2019
230140,12.0,12.0,2019
230150,16.0,16.0,2019
230160,46.0,46.0,2019
230170,89.0,89.0,2019
230180,19.0,19.0,2019
230185,17.0,17.0,2019
230190,386.0,307.0,2019
230195,25.0,25.0,2019
230200,30.0,30.0,2019
230205,9.0,9.0,2019
230210,66.0,52.0,2019
230220,25.0,25.0,2019
230230,30.0,30.0,2019
230240,66.0,66.0,2019
230250,230.0,203.0,2019
230260,106.0,105.0,2019
230270,86.0,86.0,2019
230280,125.0,121.0,2019
230290,14.0,14.0,2019
230300,21.0,21.0,2019
230310,18.0,18.0,2019
230320,33.0,33.0,2019
230330,16.0,16.0,2019
230340,16.0,16.0,2019
230350,68.0,65.0,2019
230360,18.0,18.0,2019
230365,23.0,23.0,2019
230370,237.0,157.0,2019
230380,54.0,50.0,2019
230390,23.0,23.0,2019
230393,16.0,16.0,2019
230395,8.0,8.0,2019
230400,14.0,14.0,2019
230410,171.0,147.0,2019
230420,397.0,194.0,2019
230423,37.0,37.0,2019
230425,56.0,56.0,2019
230426,12.0,12.0,2019
230427,9.0,9.0,2019
230428,120.0,56.0,2019
230430,43.0,43.0,2019
230435,8.0,8.0,2019
230440,8212.0,5363.0,2019
230445,12.0,12.0,2019
230450,16.0,16.0,2019
230460,13.0,13.0,2019
230470,50.0,50.0,2019
230480,25.0,25.0,2019
230490,19.0,19.0,2019
230495,13.0,13.0,2019
230500,40.0,40.0,2019
230510,11.0,11.0,2019
230520,23.0,23.0,2019
230523,48.0,48.0,2019
230526,21.0,21.0,2019
230530,37.0,37.0,2019
230533,8.0,8.0,2019
230535,16.0,16.0,2019
230540,56.0,54.0,2019
230550,239.0,197.0,2019
230560,19.0,19.0,2019
230565,18.0,18.0,2019
230570,26.0,26.0,2019
230580,126.0,45.0,2019
230590,47.0,40.0,2019
230600,31.0,31.0,2019
230610,21.0,21.0,2019
230620,17.0,17.0,2019
230625,26.0,26.0,2019
230630,36.0,34.0,2019
230640,154.0,140.0,2019
230650,28.0,28.0,2019
230655,31.0,31.0,2019
230670,20.0,20.0,2019
230680,40.0,40.0,2019
230690,30.0,30.0,2019
230700,24.0,24.0,2019
230710,64.0,64.0,2019
230720,33.0,33.0,2019
230725,24.0,24.0,2019
230730,514.0,403.0,2019
230740,25.0,25.0,2019
230750,47.0,43.0,2019
230760,296.0,278.0,2019
230763,24.0,24.0,2019
230765,357.0,303.0,2019
230770,111.0,51.0,2019
230780,33.0,33.0,2019
230790,9.0,9.0,2019
230800,30.0,30.0,2019
230810,70.0,70.0,2019
230820,20.0,20.0,2019
230830,77.0,67.0,2019
230835,28.0,28.0,2019
230840,69.0,69.0,2019
230850,53.0,53.0,2019
230860,50.0,50.0,2019
230870,151.0,121.0,2019
230880,12.0,12.0,2019
230890,21.0,21.0,2019
230900,40.0,40.0,2019
230910,9.0,9.0,2019
230920,20.0,20.0,2019
230930,43.0,43.0,2019
230940,20.0,20.0,2019
230945,19.0,19.0,2019
230950,37.0,37.0,2019
230960,53.0,53.0,2019
230970,19.0,19.0,2019
230980,20.0,20.0,2019
231000,9.0,9.0,2019
231010,16.0,16.0,2019
231020,41.0,39.0,2019
231025,25.0,25.0,2019
231030,38.0,38.0,2019
231040,28.0,28.0,2019
231050,51.0,51.0,2019
231060,12.0,12.0,2019
231070,51.0,51.0,2019
231080,25.0,25.0,2019
231085,14.0,14.0,2019
231090,22.0,22.0,2019
231100,21.0,21.0,2019
231110,22.0,22.0,2019
231120,18.0,18.0,2019
231123,13.0,13.0,2019
231126,17.0,17.0,2019
231130,99.0,92.0,2019
231135,24.0,24.0,2019
231140,296.0,296.0,2019
231150,25.0,25.0,2019
231160,50.0,50.0,2019
231170,26.0,26.0,2019
231180,239.0,180.0,2019
231190,37.0,37.0,2019
231195,14.0,14.0,2019
231200,40.0,40.0,2019
231210,21.0,21.0,2019
231220,46.0,46.0,2019
231230,94.0,80.0,2019
231240,42.0,42.0,2019
231260,20.0,20.0,2019
231270,53.0,53.0,2019
231290,821.0,761.0,2019
231300,26.0,26.0,2019
231310,62.0,55.0,2019
231320,39.0,39.0,2019
231325,16.0,16.0,2019
231330,131.0,130.0,2019
231335,16.0,16.0,2019
231340,112.0,112.0,2019
231350,13.0,13.0,2019
231355,13.0,13.0,2019
231360,24.0,24.0,2019
231370,20.0,20.0,2019
231375,13.0,13.0,2019
231380,25.0,25.0,2019
231390,16.0,16.0,2019
231395,19.0,19.0,2019
231400,61.0,53.0,2019
231410,69.0,69.0,2019
240010,40.0,34.0,2019
240020,46.0,42.0,2019
240050,124.0,124.0,2019
240060,50.0,50.0,2019
240070,21.0,21.0,2019
240080,28.0,28.0,2019
240090,32.0,32.0,2019
240100,60.0,60.0,2019
240110,34.0,34.0,2019
240120,26.0,24.0,2019
240140,9.0,9.0,2019
240145,21.0,21.0,2019
240150,12.0,12.0,2019
240160,15.0,15.0,2019
240170,10.0,10.0,2019
240180,14.0,14.0,2019
240190,8.0,8.0,2019
240200,184.0,146.0,2019
240210,8.0,8.0,2019
240230,32.0,32.0,2019
240240,33.0,33.0,2019
240250,21.0,21.0,2019
240260,39.0,39.0,2019
240270,24.0,24.0,2019
240280,12.0,12.0,2019
240290,9.0,9.0,2019
240300,12.0,12.0,2019
240310,98.0,98.0,2019
240320,12.0,12.0,2019
240325,143.0,129.0,2019
240330,18.0,18.0,2019
240340,20.0,20.0,2019
240360,26.0,26.0,2019
240370,15.0,15.0,2019
240400,28.0,28.0,2019
240420,14.0,14.0,2019
240430,12.0,12.0,2019
240440,13.0,13.0,2019
240450,27.0,27.0,2019
240460,1.0,1.0,2019
240490,15.0,15.0,2019
240500,17.0,17.0,2019
240510,3.0,3.0,2019
240520,20.0,20.0,2019
240530,18.0,18.0,2019
240540,1.0,1.0,2019
240550,3.0,3.0,2019
240560,25.0,25.0,2019
240570,33.0,33.0,2019
240580,34.0,34.0,2019
240590,2.0,2.0,2019
240600,21.0,21.0,2019
240610,48.0,48.0,2019
240620,10.0,10.0,2019
240640,8.0,8.0,2019
240650,24.0,24.0,2019
240670,31.0,31.0,2019
240680,8.0,8.0,2019
240690,12.0,12.0,2019
240700,30.0,30.0,2019
240710,55.0,51.0,2019
240720,44.0,44.0,2019
240725,12.0,12.0,2019
240740,30.0,30.0,2019
240760,16.0,16.0,2019
240770,19.0,19.0,2019
240780,21.0,21.0,2019
240790,13.0,13.0,2019
240800,676.0,563.0,2019
240810,3132.0,2146.0,2019
240820,24.0,,2019
240830,38.0,38.0,2019
240840,14.0,14.0,2019
240860,8.0,8.0,2019
240880,6.0,6.0,2019
240890,55.0,50.0,2019
240895,8.0,8.0,2019
240910,30.0,30.0,2019
240930,45.0,40.0,2019
240940,154.0,118.0,2019
240960,4.0,4.0,2019
240980,11.0,11.0,2019
240990,13.0,13.0,2019
241000,10.0,10.0,2019
241010,30.0,30.0,2019
241020,31.0,31.0,2019
241025,2.0,2.0,2019
241030,22.0,22.0,2019
241050,8.0,8.0,2019
241060,19.0,19.0,2019
241070,17.0,17.0,2019
241090,12.0,12.0,2019
241100,18.0,18.0,2019
241105,14.0,14.0,2019
241110,13.0,13.0,2019
241120,151.0,146.0,2019
241140,25.0,25.0,2019
241142,13.0,13.0,2019
241150,40.0,40.0,2019
241170,10.0,10.0,2019
241200,64.0,64.0,2019
241210,8.0,8.0,2019
241220,98.0,58.0,2019
241230,16.0,16.0,2019
241240,12.0,12.0,2019
241250,91.0,91.0,2019
241255,7.0,7.0,2019
241260,40.0,36.0,2019
241270,4.0,4.0,2019
241280,19.0,19.0,2019
241290,14.0,14.0,2019
241300,14.0,14.0,2019
241310,7.0,7.0,2019
241330,12.0,12.0,2019
241335,17.0,17.0,2019
241340,22.0,22.0,2019
241355,13.0,13.0,2019
241360,15.0,15.0,2019
241370,12.0,12.0,2019
241380,14.0,14.0,2019
241390,6.0,6.0,2019
241400,17.0,17.0,2019
241410,27.0,27.0,2019
241415,3.0,3.0,2019
241420,15.0,15.0,2019
241440,30.0,30.0,2019
241445,12.0,12.0,2019
241460,13.0,13.0,2019
241475,8.0,8.0,2019
241480,12.0,12.0,2019
241490,15.0,15.0,2019
241500,21.0,21.0,2019
250010,20.0,20.0,2019
250020,12.0,12.0,2019
250030,46.0,46.0,2019
250040,28.0,28.0,2019
250060,15.0,15.0,2019
250070,28.0,28.0,2019
250090,17.0,17.0,2019
250110,36.0,36.0,2019
250130,40.0,40.0,2019
250150,37.0,37.0,2019
250180,48.0,48.0,2019
250190,25.0,25.0,2019
250200,31.0,28.0,2019
250210,3.0,,2019
250230,16.0,16.0,2019
250240,19.0,19.0,2019
250250,43.0,43.0,2019
250280,25.0,25.0,2019
250290,18.0,18.0,2019
250300,38.0,38.0,2019
250320,35.0,35.0,2019
250340,5.0,5.0,2019
250350,22.0,22.0,2019
250370,221.0,159.0,2019
250400,1569.0,1196.0,2019
250430,64.0,64.0,2019
250440,58.0,58.0,2019
250460,1.0,,2019
250480,39.0,39.0,2019
250500,16.0,16.0,2019
250510,67.0,67.0,2019
250570,12.0,12.0,2019
250600,26.0,26.0,2019
250620,18.0,18.0,2019
250630,207.0,110.0,2019
250650,4.0,4.0,2019
250660,12.0,12.0,2019
250680,10.0,10.0,2019
250690,41.0,41.0,2019
250700,48.0,48.0,2019
250710,18.0,18.0,2019
250730,8.0,8.0,2019
250740,12.0,12.0,2019
250750,2775.0,1843.0,2019
250770,18.0,18.0,2019
250790,12.0,12.0,2019
250800,11.0,11.0,2019
250820,19.0,19.0,2019
250830,28.0,28.0,2019
250840,10.0,10.0,2019
250860,2.0,2.0,2019
250890,104.0,104.0,2019
250910,6.0,6.0,2019
250920,51.0,51.0,2019
250970,77.0,63.0,2019
250990,19.0,19.0,2019
251010,19.0,19.0,2019
251020,22.0,22.0,2019
251040,1.0,1.0,2019
251080,319.0,274.0,2019
251090,26.0,26.0,2019
251110,20.0,20.0,2019
251120,47.0,47.0,2019
251130,110.0,102.0,2019
251140,100.0,100.0,2019
251150,19.0,18.0,2019
251200,57.0,57.0,2019
251210,94.0,94.0,2019
251230,55.0,51.0,2019
251250,36.0,36.0,2019
251280,8.0,8.0,2019
251320,13.0,13.0,2019
251335,10.0,10.0,2019
251340,36.0,36.0,2019
251370,163.0,149.0,2019
251385,6.0,6.0,2019
251390,47.0,47.0,2019
251420,3.0,3.0,2019
251430,15.0,15.0,2019
251450,17.0,17.0,2019
251470,4.0,4.0,2019
251490,26.0,26.0,2019
251530,78.0,78.0,2019
251540,24.0,24.0,2019
251550,58.0,58.0,2019
251570,12.0,12.0,2019
251590,7.0,7.0,2019
251600,34.0,34.0,2019
251610,22.0,22.0,2019
251620,217.0,124.0,2019
251630,41.0,41.0,2019
251650,52.0,52.0,2019
251660,23.0,23.0,2019
251670,39.0,39.0,2019
251690,47.0,47.0,2019
260005,294.0,52.0,2019
260010,181.0,155.0,2019
260020,45.0,45.0,2019
260030,123.0,76.0,2019
260040,50.0,50.0,2019
260050,30.0,30.0,2019
260060,11.0,11.0,2019
260070,26.0,26.0,2019
260080,18.0,18.0,2019
260090,31.0,31.0,2019
260100,12.0,12.0,2019
260105,3.0,3.0,2019
260110,211.0,178.0,2019
260120,144.0,100.0,2019
260130,11.0,11.0,2019
260140,129.0,129.0,2019
260150,9.0,9.0,2019
260160,24.0,24.0,2019
260170,95.0,59.0,2019
260180,10.0,10.0,2019
260190,165.0,131.0,2019
260200,16.0,16.0,2019
260210,46.0,46.0,2019
260220,33.0,33.0,2019
260230,52.0,52.0,2019
260240,14.0,14.0,2019
260250,7.0,7.0,2019
260260,31.0,31.0,2019
260270,17.0,17.0,2019
260280,76.0,76.0,2019
260290,421.0,237.0,2019
260300,74.0,74.0,2019
260310,16.0,16.0,2019
260320,20.0,20.0,2019
260330,11.0,11.0,2019
260340,17.0,17.0,2019
260345,244.0,24.0,2019
260350,14.0,14.0,2019
260360,7.0,7.0,2019
260370,32.0,32.0,2019
260380,25.0,25.0,2019
260390,15.0,15.0,2019
260392,11.0,11.0,2019
260400,116.0,114.0,2019
260410,828.0,674.0,2019
260415,28.0,28.0,2019
260420,27.0,27.0,2019
260430,18.0,18.0,2019
260440,19.0,19.0,2019
260450,40.0,38.0,2019
260460,21.0,21.0,2019
260470,23.0,23.0,2019
260480,39.0,39.0,2019
260490,19.0,19.0,2019
260500,20.0,20.0,2019
260510,76.0,38.0,2019
260515,27.0,27.0,2019
260520,83.0,51.0,2019
260530,33.0,33.0,2019
260540,17.0,17.0,2019
260545,10.0,10.0,2019
260550,7.0,7.0,2019
260560,22.0,22.0,2019
260570,71.0,61.0,2019
260580,11.0,11.0,2019
260590,23.0,23.0,2019
260600,333.0,239.0,2019
260610,24.0,24.0,2019
260620,141.0,98.0,2019
260630,19.0,19.0,2019
260640,98.0,56.0,2019
260650,22.0,22.0,2019
260660,19.0,19.0,2019
260670,16.0,16.0,2019
260680,342.0,98.0,2019
260690,16.0,16.0,2019
260700,13.0,13.0,2019
260710,4.0,4.0,2019
260720,32.0,32.0,2019
260730,52.0,52.0,2019
260740,14.0,14.0,2019
260750,21.0,21.0,2019
260760,14.0,14.0,2019
260765,42.0,42.0,2019
260770,25.0,25.0,2019
260775,1.0,1.0,2019
260780,14.0,14.0,2019
260790,726.0,551.0,2019
260795,32.0,32.0,2019
260800,13.0,13.0,2019
260805,23.0,23.0,2019
260810,23.0,23.0,2019
260820,14.0,14.0,2019
260825,6.0,6.0,2019
260830,9.0,9.0,2019
260840,18.0,18.0,2019
260845,13.0,13.0,2019
260850,20.0,20.0,2019
260860,26.0,26.0,2019
260870,17.0,17.0,2019
260875,27.0,27.0,2019
260880,21.0,21.0,2019
260890,126.0,99.0,2019
260900,52.0,52.0,2019
260910,9.0,9.0,2019
260915,16.0,16.0,2019
260920,13.0,13.0,2019
260930,34.0,34.0,2019
260940,67.0,67.0,2019
260950,40.0,40.0,2019
260960,489.0,249.0,2019
260970,20.0,20.0,2019
260980,11.0,11.0,2019
260990,98.0,92.0,2019
261000,274.0,243.0,2019
261010,10.0,10.0,2019
261020,26.0,26.0,2019
261030,20.0,20.0,2019
261040,29.0,29.0,2019
261050,25.0,25.0,2019
261060,141.0,98.0,2019
261070,519.0,416.0,2019
261080,23.0,23.0,2019
261090,167.0,125.0,2019
261100,119.0,119.0,2019
261110,710.0,432.0,2019
261120,14.0,14.0,2019
261130,21.0,21.0,2019
261140,4.0,4.0,2019
261150,50.0,50.0,2019
261160,8854.0,6258.0,2019
261170,30.0,30.0,2019
261180,7.0,7.0,2019
261190,16.0,16.0,2019
261200,20.0,20.0,2019
261210,5.0,5.0,2019
261220,232.0,167.0,2019
261230,19.0,19.0,2019
261240,14.0,14.0,2019
261245,24.0,24.0,2019
261247,15.0,15.0,2019
261250,76.0,70.0,2019
261255,17.0,17.0,2019
261260,43.0,43.0,2019
261280,13.0,13.0,2019
261290,28.0,28.0,2019
261300,46.0,46.0,2019
261310,53.0,53.0,2019
261320,43.0,43.0,2019
261330,34.0,34.0,2019
261340,22.0,22.0,2019
261350,37.0,37.0,2019
261360,73.0,65.0,2019
261370,97.0,97.0,2019
261380,29.0,29.0,2019
261390,441.0,324.0,2019
261400,32.0,32.0,2019
261410,83.0,64.0,2019
261420,26.0,26.0,2019
261430,22.0,22.0,2019
261440,13.0,7.0,2019
261450,180.0,175.0,2019
261460,55.0,35.0,2019
261480,17.0,17.0,2019
261485,16.0,16.0,2019
261500,56.0,56.0,2019
261510,8.0,8.0,2019
261520,11.0,11.0,2019
261530,137.0,106.0,2019
261540,28.0,28.0,2019
261550,11.0,11.0,2019
261560,81.0,37.0,2019
261570,13.0,13.0,2019
261580,19.0,19.0,2019
261590,39.0,39.0,2019
261600,24.0,24.0,2019
261610,15.0,15.0,2019
261620,50.0,50.0,2019
261630,77.0,77.0,2019
261640,375.0,241.0,2019
261650,14.0,14.0,2019
270010,25.0,25.0,2019
270020,25.0,25.0,2019
270030,970.0,704.0,2019
270040,44.0,44.0,2019
270070,35.0,35.0,2019
270100,14.0,14.0,2019
270120,3.0,3.0,2019
270130,26.0,26.0,2019
270140,40.0,40.0,2019
270170,53.0,53.0,2019
270210,33.0,33.0,2019
270230,274.0,274.0,2019
270235,8.0,8.0,2019
270240,44.0,44.0,2019
270280,15.0,15.0,2019
270290,48.0,48.0,2019
270300,3.0,3.0,2019
270310,14.0,14.0,2019
270375,2.0,2.0,2019
270380,50.0,50.0,2019
270400,35.0,35.0,2019
270410,3.0,3.0,2019
270420,14.0,14.0,2019
270430,2861.0,2080.0,2019
270440,32.0,32.0,2019
270450,2.0,2.0,2019
270470,14.0,14.0,2019
270500,36.0,36.0,2019
270510,24.0,24.0,2019
270550,53.0,53.0,2019
270570,47.0,46.0,2019
270630,126.0,110.0,2019
270640,52.0,52.0,2019
270660,16.0,16.0,2019
270670,109.0,95.0,2019
270680,18.0,18.0,2019
270690,43.0,43.0,2019
270710,39.0,39.0,2019
270730,41.0,41.0,2019
270760,28.0,28.0,2019
270770,81.0,41.0,2019
270800,102.0,96.0,2019
270820,3.0,3.0,2019
270830,50.0,50.0,2019
270840,20.0,20.0,2019
270850,27.0,27.0,2019
270860,119.0,111.0,2019
270880,6.0,6.0,2019
270910,1.0,1.0,2019
270915,50.0,50.0,2019
270920,9.0,9.0,2019
270930,64.0,60.0,2019
270940,40.0,40.0,2019
280020,32.0,32.0,2019
280030,2174.0,1379.0,2019
280040,1.0,1.0,2019
280067,18.0,18.0,2019
280120,27.0,27.0,2019
280130,65.0,65.0,2019
280140,1.0,1.0,2019
280150,1.0,1.0,2019
280210,156.0,148.0,2019
280230,1.0,1.0,2019
280290,170.0,141.0,2019
280300,25.0,25.0,2019
280340,21.0,21.0,2019
280350,140.0,124.0,2019
280360,1.0,1.0,2019
280420,1.0,1.0,2019
280440,25.0,25.0,2019
280450,49.0,49.0,2019
280480,56.0,56.0,2019
280540,18.0,18.0,2019
280550,12.0,12.0,2019
280560,18.0,18.0,2019
280570,49.0,49.0,2019
280580,1.0,1.0,2019
280590,56.0,56.0,2019
280610,14.0,14.0,2019
280670,31.0,30.0,2019
280710,2.0,2.0,2019
280760,5.0,1.0,2019
290010,9.0,9.0,2019
290020,24.0,24.0,2019
290030,8.0,8.0,2019
290035,19.0,19.0,2019
290040,20.0,20.0,2019
290050,15.0,15.0,2019
290060,13.0,13.0,2019
290070,242.0,172.0,2019
290080,59.0,51.0,2019
290100,52.0,52.0,2019
290110,16.0,16.0,2019
290115,26.0,26.0,2019
290120,33.0,33.0,2019
290130,32.0,32.0,2019
290135,6.0,5.0,2019
290140,6.0,6.0,2019
290150,6.0,6.0,2019
290160,142.0,142.0,2019
290190,1.0,1.0,2019
290200,41.0,33.0,2019
290205,23.0,23.0,2019
290210,48.0,48.0,2019
290240,40.0,40.0,2019
290250,28.0,28.0,2019
290260,36.0,36.0,2019
290270,83.0,82.0,2019
290280,84.0,67.0,2019
290290,32.0,32.0,2019
290300,26.0,26.0,2019
290320,315.0,237.0,2019
290323,23.0,22.0,2019
290327,29.0,29.0,2019
290330,33.0,33.0,2019
290340,40.0,40.0,2019
290350,44.0,44.0,2019
290360,14.0,14.0,2019
290380,14.0,14.0,2019
290390,90.0,90.0,2019
290395,28.0,14.0,2019
290400,24.0,24.0,2019
290405,16.0,16.0,2019
290410,26.0,26.0,2019
290420,16.0,16.0,2019
290430,19.0,19.0,2019
290440,35.0,35.0,2019
290450,15.0,15.0,2019
290460,112.0,100.0,2019
290475,19.0,19.0,2019
290480,14.0,14.0,2019
290485,4.0,4.0,2019
290490,83.0,83.0,2019
290500,51.0,49.0,2019
290510,36.0,36.0,2019
290520,156.0,134.0,2019
290530,33.0,33.0,2019
290550,39.0,39.0,2019
290560,54.0,50.0,2019
290570,375.0,202.0,2019
290580,17.0,17.0,2019
290590,77.0,36.0,2019
290600,84.0,73.0,2019
290610,24.0,24.0,2019
290620,36.0,36.0,2019
290630,75.0,65.0,2019
290640,7.0,7.0,2019
290650,90.0,46.0,2019
290660,37.0,37.0,2019
290670,55.0,55.0,2019
290680,46.0,46.0,2019
290682,41.0,41.0,2019
290685,11.0,11.0,2019
290687,57.0,57.0,2019
290689,3.0,3.0,2019
290690,56.0,56.0,2019
290710,30.0,30.0,2019
290720,41.0,41.0,2019
290730,60.0,60.0,2019
290750,97.0,43.0,2019
290755,8.0,8.0,2019
290760,42.0,42.0,2019
290770,15.0,15.0,2019
290780,49.0,46.0,2019
290790,30.0,30.0,2019
290800,43.0,43.0,2019
290810,31.0,31.0,2019
290830,32.0,32.0,2019
290840,214.0,119.0,2019
290850,94.0,35.0,2019
290860,15.0,15.0,2019
290870,16.0,16.0,2019
290890,21.0,21.0,2019
290900,5.0,5.0,2019
290910,36.0,36.0,2019
290930,35.0,35.0,2019
290940,29.0,29.0,2019
290950,24.0,24.0,2019
290960,23.0,23.0,2019
290970,69.0,69.0,2019
290980,85.0,75.0,2019
290990,26.0,26.0,2019
291005,112.0,80.0,2019
291010,14.0,14.0,2019
291030,12.0,12.0,2019
291040,49.0,49.0,2019
291050,65.0,65.0,2019
291060,40.0,40.0,2019
291070,47.0,47.0,2019
291072,259.0,125.0,2019
291077,6.0,6.0,2019
291080,1296.0,940.0,2019
291085,31.0,31.0,2019
291110,29.0,29.0,2019
291120,62.0,58.0,2019
291130,16.0,16.0,2019
291150,5.0,5.0,2019
291160,40.0,,2019
291170,213.0,167.0,2019
291180,32.0,32.0,2019
291190,34.0,34.0,2019
291200,29.0,29.0,2019
291210,32.0,32.0,2019
291230,21.0,21.0,2019
291240,44.0,11.0,2019
291250,14.0,14.0,2019
291260,2.0,2.0,2019
291270,30.0,30.0,2019
291280,23.0,23.0,2019
291290,91.0,91.0,2019
291300,62.0,35.0,2019
291310,32.0,31.0,2019
291320,78.0,50.0,2019
291330,22.0,22.0,2019
291340,29.0,29.0,2019
291345,8.0,8.0,2019
291350,84.0,74.0,2019
291360,633.0,433.0,2019
291370,38.0,38.0,2019
291380,12.0,12.0,2019
291390,124.0,85.0,2019
291400,44.0,43.0,2019
291410,24.0,24.0,2019
291420,29.0,29.0,2019
291430,16.0,16.0,2019
291440,47.0,47.0,2019
291450,30.0,30.0,2019
291460,186.0,139.0,2019
291465,38.0,38.0,2019
291470,132.0,117.0,2019
291480,572.0,408.0,2019
291490,61.0,61.0,2019
291500,15.0,15.0,2019
291510,8.0,8.0,2019
291530,20.0,20.0,2019
291535,24.0,24.0,2019
291540,12.0,12.0,2019
291550,60.0,60.0,2019
291560,84.0,83.0,2019
291580,50.0,50.0,2019
291600,54.0,52.0,2019
291610,52.0,52.0,2019
291630,12.0,12.0,2019
291640,113.0,69.0,2019
291650,54.0,54.0,2019
291660,16.0,16.0,2019
291670,19.0,19.0,2019
291680,30.0,30.0,2019
291685,30.0,30.0,2019
291690,85.0,85.0,2019
291700,45.0,42.0,2019
291710,45.0,45.0,2019
291720,24.0,24.0,2019
291730,33.0,33.0,2019
291733,14.0,14.0,2019
291735,30.0,30.0,2019
291740,29.0,29.0,2019
291750,278.0,231.0,2019
291760,117.0,107.0,2019
291770,28.0,28.0,2019
291800,523.0,382.0,2019
291810,34.0,34.0,2019
291820,23.0,23.0,2019
291830,14.0,14.0,2019
291835,32.0,32.0,2019
291840,576.0,469.0,2019
291845,24.0,24.0,2019
291850,31.0,31.0,2019
291855,37.0,37.0,2019
291860,12.0,12.0,2019
291875,17.0,17.0,2019
291880,41.0,41.0,2019
291905,27.0,27.0,2019
291915,44.0,44.0,2019
291920,445.0,298.0,2019
291930,14.0,14.0,2019
291940,20.0,20.0,2019
291950,89.0,51.0,2019
291955,122.0,75.0,2019
291960,20.0,20.0,2019
291970,27.0,27.0,2019
291980,76.0,61.0,2019
291990,18.0,18.0,2019
291992,28.0,28.0,2019
292000,14.0,14.0,2019
292010,27.0,27.0,2019
292020,21.0,21.0,2019
292050,48.0,48.0,2019
292080,19.0,19.0,2019
292100,58.0,36.0,2019
292105,21.0,21.0,2019
292110,32.0,32.0,2019
292120,87.0,79.0,2019
292130,21.0,21.0,2019
292140,19.0,19.0,2019
292150,60.0,60.0,2019
292160,2.0,2.0,2019
292170,56.0,47.0,2019
292180,24.0,24.0,2019
292190,32.0,32.0,2019
292200,97.0,69.0,2019
292205,34.0,34.0,2019
292210,32.0,32.0,2019
292230,40.0,40.0,2019
292240,45.0,45.0,2019
292250,50.0,50.0,2019
292265,30.0,30.0,2019
292270,30.0,30.0,2019
292273,15.0,15.0,2019
292290,39.0,39.0,2019
292300,61.0,61.0,2019
292310,23.0,23.0,2019
292320,13.0,13.0,2019
292330,15.0,15.0,2019
292335,17.0,17.0,2019
292340,54.0,54.0,2019
292360,90.0,86.0,2019
292370,36.0,36.0,2019
292380,18.0,18.0,2019
292390,7.0,7.0,2019
292400,179.0,152.0,2019
292405,8.0,8.0,2019
292430,26.0,26.0,2019
292440,30.0,30.0,2019
292450,24.0,24.0,2019
292460,58.0,58.0,2019
292465,16.0,16.0,2019
292470,17.0,17.0,2019
292480,37.0,37.0,2019
292490,27.0,27.0,2019
292500,59.0,59.0,2019
292510,68.0,68.0,2019
292520,147.0,135.0,2019
292525,30.0,30.0,2019
292530,189.0,142.0,2019
292540,21.0,21.0,2019
292550,42.0,42.0,2019
292560,17.0,17.0,2019
292575,17.0,17.0,2019
292580,50.0,50.0,2019
292590,17.0,17.0,2019
292595,22.0,22.0,2019
292600,71.0,41.0,2019
292610,24.0,24.0,2019
292620,29.0,29.0,2019
292630,121.0,115.0,2019
292640,59.0,59.0,2019
292650,5.0,5.0,2019
292660,95.0,83.0,2019
292670,17.0,17.0,2019
292690,27.0,27.0,2019
292700,55.0,55.0,2019
292720,120.0,113.0,2019
292730,9.0,9.0,2019
292740,8171.0,5490.0,2019
292750,13.0,13.0,2019
292770,22.0,22.0,2019
292790,23.0,23.0,2019
292800,101.0,97.0,2019
292810,55.0,48.0,2019
292820,36.0,36.0,2019
292830,13.0,13.0,2019
292840,24.0,24.0,2019
292850,28.0,28.0,2019
292860,88.0,81.0,2019
292870,328.0,226.0,2019
292880,87.0,64.0,2019
292890,24.0,24.0,2019
292895,20.0,20.0,2019
292900,90.0,85.0,2019
292905,49.0,22.0,2019
292910,18.0,18.0,2019
292920,35.0,34.0,2019
292925,34.0,34.0,2019
292930,36.0,36.0,2019
292940,29.0,29.0,2019
292950,53.0,53.0,2019
292960,27.0,27.0,2019
292970,25.0,25.0,2019
292975,13.0,13.0,2019
292980,39.0,39.0,2019
292990,95.0,91.0,2019
293000,20.0,20.0,2019
293010,136.0,106.0,2019
293015,31.0,31.0,2019
293020,32.0,32.0,2019
293030,45.0,45.0,2019
293040,25.0,25.0,2019
293050,216.0,189.0,2019
293060,33.0,33.0,2019
293070,55.0,55.0,2019
293075,18.0,18.0,2019
293077,35.0,35.0,2019
293080,12.0,12.0,2019
293090,32.0,32.0,2019
293105,30.0,30.0,2019
293110,20.0,20.0,2019
293120,26.0,26.0,2019
293130,33.0,33.0,2019
293135,289.0,216.0,2019
293150,18.0,18.0,2019
293160,24.0,24.0,2019
293180,19.0,19.0,2019
293190,58.0,30.0,2019
293200,24.0,24.0,2019
293210,71.0,71.0,2019
293220,100.0,100.0,2019
293230,37.0,37.0,2019
293240,30.0,30.0,2019
293245,5.0,5.0,2019
293250,47.0,47.0,2019
293260,34.0,34.0,2019
293280,20.0,20.0,2019
293290,121.0,112.0,2019
293300,64.0,60.0,2019
293305,21.0,21.0,2019
293310,30.0,30.0,2019
293315,20.0,20.0,2019
293320,27.0,27.0,2019
293325,12.0,12.0,2019
293330,870.0,605.0,2019
293340,37.0,37.0,2019
293345,28.0,28.0,2019
293350,44.0,44.0,2019
293360,85.0,85.0,2019
310010,17.0,12.0,2019
310020,46.0,41.0,2019
310030,66.0,59.0,2019
310060,15.0,,2019
310090,65.0,59.0,2019
310100,47.0,46.0,2019
310110,53.0,43.0,2019
310120,30.0,28.0,2019
310130,17.0,13.0,2019
310150,83.0,38.0,2019
310160,453.0,193.0,2019
310170,142.0,71.0,2019
310190,35.0,31.0,2019
310200,30.0,26.0,2019
310210,17.0,16.0,2019
310230,35.0,30.0,2019
310260,65.0,50.0,2019
310270,26.0,26.0,2019
310280,32.0,19.0,2019
310290,12.0,12.0,2019
310340,72.0,60.0,2019
310350,169.0,91.0,2019
310375,13.0,13.0,2019
310400,318.0,157.0,2019
310410,8.0,8.0,2019
310420,64.0,47.0,2019
310430,14.0,14.0,2019
310450,12.0,12.0,2019
310470,35.0,32.0,2019
310490,59.0,48.0,2019
310510,242.0,102.0,2019
310540,34.0,34.0,2019
310560,1060.0,457.0,2019
310590,49.0,40.0,2019
310620,8879.0,5093.0,2019
310640,31.0,27.0,2019
310650,44.0,44.0,2019
310670,638.0,386.0,2019
310690,35.0,28.0,2019
310710,71.0,55.0,2019
310730,64.0,64.0,2019
310740,83.0,60.0,2019
310750,29.0,29.0,2019
310780,50.0,48.0,2019
310800,66.0,50.0,2019
310820,7.0,7.0,2019
310830,8.0,,2019
310840,19.0,15.0,2019
310860,103.0,103.0,2019
310890,24.0,17.0,2019
310900,28.0,28.0,2019
310910,25.0,19.0,2019
310930,27.0,22.0,2019
310940,12.0,12.0,2019
310950,42.0,30.0,2019
310990,44.0,37.0,2019
311000,56.0,50.0,2019
311030,39.0,21.0,2019
311050,27.0,21.0,2019
311060,50.0,32.0,2019
311070,36.0,29.0,2019
311090,30.0,25.0,2019
311100,39.0,24.0,2019
311110,41.0,27.0,2019
311120,107.0,75.0,2019
311130,25.0,25.0,2019
311150,38.0,35.0,2019
311160,51.0,45.0,2019
311180,25.0,23.0,2019
311200,22.0,22.0,2019
311230,55.0,46.0,2019
311260,19.0,19.0,2019
311270,20.0,20.0,2019
311280,22.0,11.0,2019
311300,34.0,34.0,2019
311320,45.0,40.0,2019
311330,194.0,139.0,2019
311340,184.0,118.0,2019
311350,21.0,21.0,2019
311360,20.0,14.0,2019
311370,46.0,40.0,2019
311380,10.0,10.0,2019
311390,37.0,30.0,2019
311400,26.0,24.0,2019
311410,52.0,50.0,2019
311430,49.0,36.0,2019
311440,30.0,27.0,2019
311450,38.0,26.0,2019
311460,19.0,17.0,2019
311510,50.0,36.0,2019
311530,121.0,73.0,2019
311550,30.0,26.0,2019
311570,22.0,22.0,2019
311580,19.0,19.0,2019
311615,17.0,17.0,2019
311630,14.0,14.0,2019
311660,41.0,31.0,2019
311680,38.0,38.0,2019
311710,19.0,19.0,2019
311730,22.0,22.0,2019
311750,42.0,42.0,2019
311770,32.0,24.0,2019
311800,65.0,42.0,2019
311820,15.0,11.0,2019
311830,250.0,179.0,2019
311840,50.0,41.0,2019
311860,551.0,339.0,2019
311880,33.0,33.0,2019
311930,30.0,30.0,2019
311940,113.0,50.0,2019
312020,19.0,19.0,2019
312050,24.0,22.0,2019
312080,66.0,61.0,2019
312090,175.0,109.0,2019
312100,21.0,21.0,2019
312120,19.0,14.0,2019
312160,153.0,133.0,2019
312180,9.0,,2019
312200,36.0,26.0,2019
312210,21.0,21.0,2019
312230,631.0,173.0,2019
312240,7.0,,2019
312260,19.0,19.0,2019
312270,27.0,18.0,2019
312320,40.0,34.0,2019
312360,36.0,34.0,2019
312390,54.0,47.0,2019
312400,22.0,20.0,2019
312410,40.0,37.0,2019
312420,53.0,43.0,2019
312430,30.0,30.0,2019
312450,25.0,20.0,2019
312470,14.0,12.0,2019
312480,4.0,4.0,2019
312490,30.0,29.0,2019
312510,38.0,34.0,2019
312550,8.0,8.0,2019
312560,42.0,39.0,2019
312590,25.0,23.0,2019
312595,19.0,19.0,2019
312610,95.0,61.0,2019
312620,10.0,10.0,2019
312650,11.0,11.0,2019
312670,50.0,50.0,2019
312690,16.0,16.0,2019
312710,80.0,41.0,2019
312760,26.0,26.0,2019
312770,551.0,411.0,2019
312780,48.0,48.0,2019
312800,70.0,46.0,2019
312810,29.0,24.0,2019
312820,23.0,23.0,2019
312830,39.0,27.0,2019
312840,30.0,27.0,2019
312860,16.0,16.0,2019
312870,93.0,55.0,2019
312910,20.0,7.0,2019
312940,33.0,33.0,2019
312950,26.0,23.0,2019
312970,12.0,12.0,2019
312980,65.0,65.0,2019
313030,28.0,16.0,2019
313050,30.0,28.0,2019
313090,48.0,40.0,2019
313120,47.0,43.0,2019
313130,596.0,369.0,2019
313150,18.0,15.0,2019
313170,221.0,158.0,2019
313180,20.0,17.0,2019
313190,70.0,44.0,2019
313210,41.0,41.0,2019
313220,45.0,39.0,2019
313230,28.0,28.0,2019
313240,204.0,114.0,2019
313250,101.0,69.0,2019
313270,88.0,79.0,2019
313290,24.0,12.0,2019
313300,47.0,33.0,2019
313310,62.0,47.0,2019
313320,20.0,18.0,2019
313330,62.0,57.0,2019
313350,48.0,40.0,2019
313375,34.0,20.0,2019
313380,96.0,61.0,2019
313420,220.0,136.0,2019
313440,65.0,49.0,2019
313460,31.0,31.0,2019
313470,38.0,38.0,2019
313480,12.0,3.0,2019
313490,37.0,26.0,2019
313505,25.0,25.0,2019
313510,151.0,127.0,2019
313520,66.0,66.0,2019
313540,18.0,17.0,2019
313580,81.0,56.0,2019
313600,33.0,31.0,2019
313620,117.0,63.0,2019
313630,65.0,48.0,2019
313650,27.0,27.0,2019
313670,2380.0,1439.0,2019
313690,14.0,11.0,2019
313700,22.0,22.0,2019
313710,9.0,9.0,2019
313720,54.0,46.0,2019
313750,19.0,19.0,2019
313760,77.0,32.0,2019
313770,50.0,40.0,2019
313780,50.0,46.0,2019
313790,8.0,8.0,2019
313800,23.0,20.0,2019
313820,179.0,89.0,2019
313840,87.0,62.0,2019
313860,35.0,29.0,2019
313880,44.0,36.0,2019
313890,44.0,44.0,2019
313900,56.0,42.0,2019
313920,34.0,34.0,2019
313930,38.0,34.0,2019
313940,214.0,153.0,2019
313950,68.0,46.0,2019
313960,82.0,66.0,2019
313980,38.0,30.0,2019
313990,16.0,16.0,2019
314000,67.0,56.0,2019
314050,18.0,18.0,2019
314070,62.0,49.0,2019
314090,39.0,37.0,2019
314100,4.0,4.0,2019
314110,65.0,51.0,2019
314120,10.0,10.0,2019
314140,56.0,53.0,2019
314150,18.0,18.0,2019
314160,20.0,13.0,2019
314180,61.0,42.0,2019
314190,20.0,13.0,2019
314200,30.0,30.0,2019
314220,48.0,36.0,2019
314240,13.0,12.0,2019
314260,28.0,28.0,2019
314270,30.0,30.0,2019
314280,22.0,18.0,2019
314290,39.0,37.0,2019
314300,20.0,15.0,2019
314310,192.0,164.0,2019
314320,50.0,28.0,2019
314330,945.0,671.0,2019
314350,20.0,19.0,2019
314390,504.0,311.0,2019
314400,50.0,46.0,2019
314410,50.0,27.0,2019
314430,66.0,41.0,2019
314450,15.0,15.0,2019
314460,34.0,28.0,2019
314470,43.0,30.0,2019
314480,237.0,60.0,2019
314500,23.0,23.0,2019
314510,26.0,26.0,2019
314520,56.0,40.0,2019
314530,39.0,39.0,2019
314560,85.0,70.0,2019
314590,78.0,26.0,2019
314600,50.0,36.0,2019
314610,110.0,73.0,2019
314630,47.0,47.0,2019
314650,18.0,18.0,2019
314670,28.0,22.0,2019
314700,245.0,81.0,2019
314710,116.0,69.0,2019
314720,33.0,30.0,2019
314730,34.0,31.0,2019
314750,17.0,15.0,2019
314760,49.0,29.0,2019
314770,30.0,26.0,2019
314790,315.0,164.0,2019
314800,364.0,199.0,2019
314810,172.0,99.0,2019
314860,34.0,34.0,2019
314870,69.0,60.0,2019
314910,13.0,12.0,2019
314920,20.0,20.0,2019
314930,59.0,47.0,2019
314980,28.0,26.0,2019
314990,50.0,36.0,2019
315030,14.0,14.0,2019
315050,12.0,12.0,2019
315080,27.0,25.0,2019
315110,32.0,32.0,2019
315120,141.0,92.0,2019
315140,56.0,36.0,2019
315150,90.0,54.0,2019
315160,6.0,6.0,2019
315170,49.0,29.0,2019
315180,475.0,191.0,2019
315190,18.0,18.0,2019
315200,32.0,25.0,2019
315210,216.0,160.0,2019
315220,46.0,39.0,2019
315240,29.0,28.0,2019
315250,365.0,210.0,2019
315260,27.0,26.0,2019
315270,30.0,27.0,2019
315280,30.0,25.0,2019
315290,16.0,14.0,2019
315300,2.0,2.0,2019
315310,18.0,18.0,2019
315340,18.0,18.0,2019
315400,56.0,34.0,2019
315410,34.0,30.0,2019
315420,49.0,39.0,2019
315430,65.0,56.0,2019
315460,107.0,94.0,2019
315470,12.0,11.0,2019
315490,40.0,31.0,2019
315520,18.0,18.0,2019
315550,19.0,19.0,2019
315560,40.0,40.0,2019
315570,38.0,28.0,2019
315580,61.0,32.0,2019
315590,22.0,19.0,2019
315600,32.0,32.0,2019
315660,35.0,31.0,2019
315670,113.0,113.0,2019
315680,42.0,36.0,2019
315690,50.0,30.0,2019
315700,78.0,52.0,2019
315710,15.0,13.0,2019
315720,53.0,36.0,2019
315770,30.0,30.0,2019
315780,69.0,69.0,2019
315790,31.0,31.0,2019
315800,13.0,,2019
315810,6.0,6.0,2019
315820,41.0,38.0,2019
315920,43.0,,2019
315930,18.0,15.0,2019
315960,48.0,34.0,2019
315980,32.0,25.0,2019
315990,40.0,37.0,2019
316030,8.0,,2019
316040,50.0,41.0,2019
316070,75.0,54.0,2019
316100,40.0,34.0,2019
316110,59.0,59.0,2019
316200,47.0,28.0,2019
316210,44.0,26.0,2019
316220,23.0,17.0,2019
316240,37.0,37.0,2019
316250,219.0,131.0,2019
316270,50.0,48.0,2019
316280,52.0,50.0,2019
316290,47.0,35.0,2019
316370,88.0,67.0,2019
316390,9.0,9.0,2019
316420,18.0,18.0,2019
316430,10.0,4.0,2019
316470,334.0,265.0,2019
316500,45.0,30.0,2019
316510,1.0,,2019
316530,30.0,23.0,2019
316570,20.0,6.0,2019
316680,13.0,13.0,2019
316690,14.0,13.0,2019
316710,56.0,37.0,2019
316720,344.0,216.0,2019
316800,81.0,74.0,2019
316840,52.0,49.0,2019
316850,15.0,15.0,2019
316860,321.0,251.0,2019
316870,69.0,43.0,2019
316890,14.0,14.0,2019
316920,50.0,30.0,2019
316930,142.0,101.0,2019
316935,32.0,23.0,2019
316940,126.0,67.0,2019
316970,56.0,39.0,2019
316990,292.0,198.0,2019
317005,2.0,,2019
317010,899.0,617.0,2019
317020,1272.0,839.0,2019
317040,113.0,68.0,2019
317043,34.0,32.0,2019
317052,30.0,30.0,2019
317070,304.0,163.0,2019
317080,59.0,35.0,2019
317090,23.0,23.0,2019
317100,40.0,27.0,2019
317120,71.0,61.0,2019
317130,204.0,121.0,2019
317160,39.0,39.0,2019
317170,27.0,25.0,2019
317180,49.0,48.0,2019
317200,82.0,52.0,2019
320010,58.0,52.0,2019
320020,50.0,43.0,2019
320040,365.0,53.0,2019
320050,16.0,16.0,2019
320060,123.0,93.0,2019
320070,10.0,10.0,2019
320080,51.0,51.0,2019
320090,86.0,61.0,2019
320100,38.0,30.0,2019
320120,520.0,354.0,2019
320130,333.0,187.0,2019
320140,55.0,31.0,2019
320150,484.0,336.0,2019
320160,16.0,16.0,2019
320170,20.0,20.0,2019
320190,102.0,93.0,2019
320210,56.0,46.0,2019
320220,71.0,11.0,2019
320230,91.0,76.0,2019
320240,59.0,59.0,2019
320245,50.0,41.0,2019
320260,28.0,26.0,2019
320270,51.0,47.0,2019
320280,126.0,120.0,2019
320290,38.0,35.0,2019
320300,66.0,56.0,2019
320305,22.0,22.0,2019
320310,26.0,26.0,2019
320313,50.0,32.0,2019
320316,23.0,23.0,2019
320320,257.0,154.0,2019
320332,94.0,,2019
320340,52.0,46.0,2019
320350,35.0,32.0,2019
320360,19.0,19.0,2019
320370,35.0,34.0,2019
320380,42.0,38.0,2019
320390,61.0,40.0,2019
320400,9.0,9.0,2019
320405,36.0,30.0,2019
320410,32.0,32.0,2019
320420,88.0,22.0,2019
320435,26.0,26.0,2019
320450,25.0,25.0,2019
320455,59.0,56.0,2019
320460,69.0,58.0,2019
320470,142.0,20.0,2019
320480,77.0,77.0,2019
320490,283.0,206.0,2019
320500,755.0,475.0,2019
320503,30.0,27.0,2019
320506,101.0,61.0,2019
320520,876.0,435.0,2019
320530,1851.0,1214.0,2019
330010,347.0,275.0,2019
330015,35.0,35.0,2019
330020,158.0,94.0,2019
330022,21.0,21.0,2019
330023,48.0,48.0,2019
330025,79.0,79.0,2019
330030,280.0,234.0,2019
330040,296.0,187.0,2019
330045,285.0,157.0,2019
330050,65.0,60.0,2019
330060,131.0,71.0,2019
330070,538.0,319.0,2019
330080,103.0,103.0,2019
330090,44.0,42.0,2019
330100,1664.0,1112.0,2019
330110,83.0,71.0,2019
330120,38.0,36.0,2019
330130,75.0,75.0,2019
330140,36.0,36.0,2019
330150,38.0,38.0,2019
330160,16.0,16.0,2019
330170,820.0,751.0,2019
330180,32.0,23.0,2019
330185,137.0,73.0,2019
330190,313.0,306.0,2019
330200,164.0,95.0,2019
330210,68.0,40.0,2019
330220,383.0,223.0,2019
330225,36.0,36.0,2019
330230,30.0,30.0,2019
330240,452.0,241.0,2019
330250,192.0,142.0,2019
330260,62.0,62.0,2019
330270,141.0,108.0,2019
330280,10.0,,2019
330285,176.0,100.0,2019
330290,99.0,99.0,2019
330300,71.0,42.0,2019
330310,50.0,46.0,2019
330320,137.0,88.0,2019
330330,2498.0,1011.0,2019
330340,659.0,408.0,2019
330350,971.0,536.0,2019
330360,82.0,54.0,2019
330370,126.0,102.0,2019
330380,37.0,37.0,2019
330390,1651.0,1039.0,2019
330395,31.0,29.0,2019
330400,57.0,51.0,2019
330410,1.0,1.0,2019
330411,45.0,45.0,2019
330412,33.0,33.0,2019
330414,67.0,67.0,2019
330415,74.0,74.0,2019
330420,362.0,158.0,2019
330430,112.0,87.0,2019
330440,41.0,41.0,2019
330450,21.0,21.0,2019
330452,102.0,90.0,2019
330455,15862.0,8662.0,2019
330460,23.0,23.0,2019
330470,171.0,101.0,2019
330475,30.0,30.0,2019
330480,111.0,102.0,2019
330490,1457.0,734.0,2019
330500,40.0,40.0,2019
330510,166.0,101.0,2019
330515,56.0,54.0,2019
330520,61.0,45.0,2019
330530,48.0,39.0,2019
330550,116.0,116.0,2019
330555,27.0,27.0,2019
330560,40.0,40.0,2019
330570,25.0,25.0,2019
330575,214.0,43.0,2019
330580,391.0,268.0,2019
330590,38.0,31.0,2019
330600,266.0,186.0,2019
330610,318.0,289.0,2019
330615,38.0,35.0,2019
330620,457.0,403.0,2019
330630,747.0,419.0,2019
350010,235.0,206.0,2019
350050,42.0,30.0,2019
350070,60.0,38.0,2019
350100,31.0,25.0,2019
350110,22.0,19.0,2019
350130,20.0,18.0,2019
350160,517.0,207.0,2019
350170,177.0,177.0,2019
350190,392.0,215.0,2019
350210,127.0,91.0,2019
350220,57.0,54.0,2019
350250,104.0,70.0,2019
350260,22.0,20.0,2019
350270,45.0,39.0,2019
350280,435.0,305.0,2019
350290,321.0,,2019
350310,12.0,12.0,2019
350320,442.0,222.0,2019
350330,503.0,246.0,2019
350340,29.0,18.0,2019
350380,36.0,,2019
350390,92.0,24.0,2019
350400,285.0,160.0,2019
350410,192.0,55.0,2019
350420,44.0,35.0,2019
350450,159.0,95.0,2019
350490,15.0,15.0,2019
350520,51.0,34.0,2019
350530,91.0,59.0,2019
350550,504.0,391.0,2019
350570,431.0,355.0,2019
350580,35.0,28.0,2019
350590,133.0,101.0,2019
350600,1228.0,636.0,2019
350610,140.0,75.0,2019
350630,23.0,23.0,2019
350635,49.0,49.0,2019
350640,36.0,35.0,2019
350650,146.0,66.0,2019
350670,14.0,13.0,2019
350680,35.0,29.0,2019
350700,54.0,36.0,2019
350710,12.0,12.0,2019
350740,26.0,16.0,2019
350750,644.0,541.0,2019
350760,372.0,206.0,2019
350790,41.0,35.0,2019
350810,42.0,22.0,2019
350840,15.0,10.0,2019
350850,178.0,63.0,2019
350860,16.0,14.0,2019
350870,62.0,62.0,2019
350880,48.0,37.0,2019
350900,110.0,65.0,2019
350920,149.0,49.0,2019
350930,32.0,26.0,2019
350940,140.0,55.0,2019
350950,2578.0,1316.0,2019
350960,68.0,68.0,2019
350970,201.0,191.0,2019
351000,30.0,25.0,2019
351020,58.0,48.0,2019
351030,59.0,14.0,2019
351040,93.0,47.0,2019
351050,165.0,111.0,2019
351060,270.0,220.0,2019
351070,31.0,12.0,2019
351080,372.0,356.0,2019
351100,31.0,30.0,2019
351110,588.0,374.0,2019
351130,50.0,,2019
351140,39.0,32.0,2019
351150,32.0,21.0,2019
351160,22.0,17.0,2019
351170,33.0,26.0,2019
351190,30.0,20.0,2019
351200,47.0,35.0,2019
351210,20.0,20.0,2019
351220,52.0,42.0,2019
351230,32.0,32.0,2019
351260,6.0,6.0,2019
351280,68.0,33.0,2019
351300,667.0,111.0,2019
351310,15.0,13.0,2019
351340,103.0,67.0,2019
351350,118.0,66.0,2019
351360,40.0,25.0,2019
351370,40.0,25.0,2019
351380,624.0,555.0,2019
351390,186.0,186.0,2019
351410,67.0,47.0,2019
351430,14.0,14.0,2019
351440,143.0,108.0,2019
351450,87.0,77.0,2019
351480,2.0,2.0,2019
351490,6.0,6.0,2019
351500,244.0,89.0,2019
351510,17.0,17.0,2019
351518,452.0,354.0,2019
351520,66.0,61.0,2019
351540,20.0,12.0,2019
351550,135.0,84.0,2019
351570,189.0,189.0,2019
351600,47.0,30.0,2019
351620,739.0,488.0,2019
351630,98.0,98.0,2019
351640,693.0,611.0,2019
351660,45.0,27.0,2019
351670,281.0,252.0,2019
351690,32.0,20.0,2019
351700,48.0,36.0,2019
351740,60.0,42.0,2019
351760,27.0,27.0,2019
351770,50.0,40.0,2019
351780,23.0,15.0,2019
351820,74.0,48.0,2019
351830,35.0,29.0,2019
351840,265.0,156.0,2019
351860,66.0,59.0,2019
351870,336.0,225.0,2019
351880,1987.0,1444.0,2019
351900,58.0,58.0,2019
351907,100.0,78.0,2019
351910,30.0,28.0,2019
351930,27.0,27.0,2019
351940,27.0,9.0,2019
351960,103.0,46.0,2019
351970,172.0,63.0,2019
351990,18.0,18.0,2019
352010,60.0,42.0,2019
352020,8.0,8.0,2019
352030,9.0,9.0,2019
352040,51.0,51.0,2019
352044,116.0,74.0,2019
352050,350.0,207.0,2019
352070,36.0,4.0,2019
352090,49.0,29.0,2019
352100,15.0,15.0,2019
352130,49.0,39.0,2019
352140,3.0,3.0,2019
352170,19.0,19.0,2019
352180,35.0,35.0,2019
352190,50.0,32.0,2019
352210,131.0,131.0,2019
352220,583.0,176.0,2019
352230,142.0,100.0,2019
352240,134.0,93.0,2019
352250,307.0,213.0,2019
352260,988.0,576.0,2019
352270,76.0,46.0,2019
352280,46.0,27.0,2019
352290,30.0,30.0,2019
352310,224.0,224.0,2019
352320,80.0,64.0,2019
352340,119.0,69.0,2019
352350,14.0,7.0,2019
352360,25.0,25.0,2019
352390,389.0,357.0,2019
352400,86.0,48.0,2019
352410,120.0,53.0,2019
352420,17.0,17.0,2019
352430,212.0,56.0,2019
352440,404.0,167.0,2019
352450,216.0,149.0,2019
352470,80.0,78.0,2019
352480,151.0,103.0,2019
352500,15.0,,2019
352520,29.0,17.0,2019
352530,895.0,711.0,2019
352550,11.0,11.0,2019
352570,53.0,22.0,2019
352590,824.0,439.0,2019
352600,52.0,25.0,2019
352620,59.0,,2019
352640,46.0,28.0,2019
352670,122.0,77.0,2019
352680,88.0,45.0,2019
352690,377.0,174.0,2019
352710,428.0,324.0,2019
352720,164.0,85.0,2019
352730,36.0,31.0,2019
352740,15.0,10.0,2019
352770,3.0,3.0,2019
352800,31.0,18.0,2019
352810,18.0,15.0,2019
352850,47.0,41.0,2019
352880,26.0,22.0,2019
352900,822.0,618.0,2019
352920,35.0,30.0,2019
352930,162.0,96.0,2019
352940,402.0,189.0,2019
352970,66.0,47.0,2019
352980,11.0,11.0,2019
353010,68.0,68.0,2019
353030,81.0,30.0,2019
353050,135.0,88.0,2019
353060,896.0,600.0,2019
353070,333.0,141.0,2019
353080,213.0,114.0,2019
353110,36.0,36.0,2019
353130,109.0,58.0,2019
353140,80.0,30.0,2019
353150,70.0,51.0,2019
353180,35.0,26.0,2019
353190,45.0,31.0,2019
353200,19.0,9.0,2019
353240,20.0,20.0,2019
353250,21.0,10.0,2019
353260,129.0,35.0,2019
353290,12.0,7.0,2019
353300,62.0,19.0,2019
353340,53.0,53.0,2019
353350,105.0,35.0,2019
353390,79.0,42.0,2019
353430,98.0,60.0,2019
353440,878.0,578.0,2019
353460,77.0,53.0,2019
353470,166.0,83.0,2019
353475,33.0,28.0,2019
353490,37.0,32.0,2019
353520,20.0,10.0,2019
353530,54.0,36.0,2019
353540,36.0,35.0,2019
353550,97.0,78.0,2019
353580,30.0,30.0,2019
353600,32.0,26.0,2019
353620,150.0,150.0,2019
353630,35.0,23.0,2019
353650,97.0,97.0,2019
353660,24.0,18.0,2019
353670,72.0,52.0,2019
353700,64.0,55.0,2019
353710,98.0,98.0,2019
353730,200.0,173.0,2019
353740,52.0,47.0,2019
353760,14.0,14.0,2019
353780,60.0,50.0,2019
353790,35.0,27.0,2019
353800,254.0,127.0,2019
353860,37.0,29.0,2019
353870,711.0,331.0,2019
353880,77.0,58.0,2019
353890,288.0,67.0,2019
353900,41.0,9.0,2019
353930,151.0,57.0,2019
353940,28.0,25.0,2019
353950,50.0,32.0,2019
353980,36.0,36.0,2019
354000,19.0,14.0,2019
354020,45.0,29.0,2019
354040,18.0,7.0,2019
354060,51.0,39.0,2019
354070,55.0,33.0,2019
354080,31.0,27.0,2019
354100,212.0,199.0,2019
354120,51.0,40.0,2019
354130,78.0,68.0,2019
354140,1165.0,689.0,2019
354150,96.0,60.0,2019
354160,37.0,37.0,2019
354190,38.0,38.0,2019
354220,103.0,71.0,2019
354240,16.0,13.0,2019
354260,181.0,128.0,2019
354290,17.0,11.0,2019
354300,36.0,35.0,2019
354330,164.0,50.0,2019
354340,2183.0,1388.0,2019
354380,23.0,20.0,2019
354390,391.0,188.0,2019
354400,36.0,32.0,2019
354420,36.0,7.0,2019
354425,57.0,57.0,2019
354430,54.0,14.0,2019
354490,30.0,20.0,2019
354500,19.0,17.0,2019
354520,130.0,82.0,2019
354530,48.0,43.0,2019
354540,34.0,22.0,2019
354560,24.0,7.0,2019
354580,160.0,97.0,2019
354630,35.0,25.0,2019
354640,96.0,55.0,2019
354660,82.0,57.0,2019
354680,101.0,82.0,2019
354700,6.0,6.0,2019
354730,30.0,30.0,2019
354750,316.0,293.0,2019
354760,32.0,21.0,2019
354770,56.0,37.0,2019
354780,1540.0,708.0,2019
354790,19.0,19.0,2019
354850,1716.0,858.0,2019
354860,40.0,26.0,2019
354870,1583.0,588.0,2019
354880,618.0,177.0,2019
354890,436.0,211.0,2019
354910,199.0,94.0,2019
354940,115.0,68.0,2019
354970,136.0,81.0,2019
354980,1905.0,886.0,2019
354990,1672.0,824.0,2019
355000,25.0,16.0,2019
355010,35.0,31.0,2019
355020,50.0,50.0,2019
355030,28494.0,14530.0,2019
355040,62.0,40.0,2019
355060,97.0,46.0,2019
355070,101.0,93.0,2019
355080,30.0,26.0,2019
355090,40.0,32.0,2019
355100,269.0,158.0,2019
355150,125.0,112.0,2019
355160,49.0,33.0,2019
355170,162.0,66.0,2019
355200,2.0,2.0,2019
355210,70.0,63.0,2019
355220,1429.0,853.0,2019
355230,22.0,20.0,2019
355240,177.0,172.0,2019
355250,139.0,61.0,2019
355260,30.0,11.0,2019
355270,35.0,22.0,2019
355280,482.0,321.0,2019
355300,29.0,24.0,2019
355320,4.0,4.0,2019
355330,36.0,25.0,2019
355340,72.0,30.0,2019
355360,16.0,13.0,2019
355370,124.0,72.0,2019
355380,49.0,31.0,2019
355400,129.0,78.0,2019
355410,509.0,330.0,2019
355430,58.0,52.0,2019
355440,34.0,30.0,2019
355450,55.0,33.0,2019
355470,20.0,13.0,2019
355500,446.0,330.0,2019
355510,48.0,30.0,2019
355540,92.0,74.0,2019
355580,26.0,24.0,2019
355600,34.0,11.0,2019
355620,142.0,57.0,2019
355630,55.0,31.0,2019
355640,50.0,31.0,2019
355645,70.0,2.0,2019
355650,39.0,31.0,2019
355660,72.0,,2019
355670,85.0,62.0,2019
355680,48.0,30.0,2019
355700,212.0,53.0,2019
355710,205.0,115.0,2019
355720,50.0,30.0,2019
410010,22.0,21.0,2019
410020,3.0,3.0,2019
410045,19.0,19.0,2019
410050,39.0,39.0,2019
410060,20.0,19.0,2019
410080,16.0,16.0,2019
410090,13.0,13.0,2019
410100,34.0,33.0,2019
410110,62.0,57.0,2019
410120,31.0,31.0,2019
410130,2.0,2.0,2019
410140,228.0,159.0,2019
410150,388.0,322.0,2019
410160,13.0,13.0,2019
410170,28.0,22.0,2019
410180,91.0,91.0,2019
410190,49.0,38.0,2019
410200,82.0,69.0,2019
410210,84.0,51.0,2019
410220,10.0,10.0,2019
410240,150.0,99.0,2019
410250,29.0,29.0,2019
410280,19.0,19.0,2019
410290,43.0,43.0,2019
410300,10.0,9.0,2019
410305,20.0,20.0,2019
410310,11.0,11.0,2019
410320,29.0,29.0,2019
410330,26.0,26.0,2019
410360,100.0,90.0,2019
410370,100.0,57.0,2019
410390,50.0,48.0,2019
410400,356.0,323.0,2019
410420,1010.0,888.0,2019
410430,233.0,154.0,2019
410440,31.0,31.0,2019
410442,39.0,37.0,2019
410450,38.0,28.0,2019
410460,34.0,32.0,2019
410470,21.0,21.0,2019
410480,1013.0,593.0,2019
410490,74.0,61.0,2019
410510,25.0,25.0,2019
410520,26.0,26.0,2019
410530,36.0,28.0,2019
410540,77.0,70.0,2019
410550,152.0,113.0,2019
410560,16.0,16.0,2019
410570,56.0,49.0,2019
410580,119.0,109.0,2019
410590,101.0,65.0,2019
410600,24.0,24.0,2019
410610,20.0,20.0,2019
410620,16.0,16.0,2019
410630,29.0,27.0,2019
410640,216.0,131.0,2019
410650,67.0,62.0,2019
410660,32.0,32.0,2019
410670,11.0,11.0,2019
410680,35.0,35.0,2019
410690,5623.0,2520.0,2019
410700,19.0,16.0,2019
410710,19.0,19.0,2019
410715,15.0,15.0,2019
410720,106.0,93.0,2019
410750,36.0,33.0,2019
410753,30.0,20.0,2019
410760,30.0,30.0,2019
410765,48.0,48.0,2019
410775,31.0,31.0,2019
410800,22.0,22.0,2019
410820,38.0,31.0,2019
410830,401.0,274.0,2019
410832,10.0,10.0,2019
410840,273.0,177.0,2019
410855,10.0,10.0,2019
410860,102.0,55.0,2019
410870,26.0,26.0,2019
410880,69.0,59.0,2019
410890,16.0,16.0,2019
410900,15.0,15.0,2019
410930,81.0,66.0,2019
410940,380.0,266.0,2019
410950,14.0,14.0,2019
410960,50.0,50.0,2019
410970,55.0,55.0,2019
410975,33.0,33.0,2019
410980,127.0,63.0,2019
411030,11.0,11.0,2019
411040,16.0,16.0,2019
411050,18.0,18.0,2019
411060,31.0,31.0,2019
411070,165.0,119.0,2019
411080,31.0,31.0,2019
411090,19.0,17.0,2019
411095,25.0,25.0,2019
411100,21.0,21.0,2019
411110,16.0,16.0,2019
411125,37.0,35.0,2019
411130,17.0,17.0,2019
411140,18.0,18.0,2019
411150,193.0,159.0,2019
411170,18.0,18.0,2019
411180,117.0,86.0,2019
411190,28.0,28.0,2019
411200,79.0,79.0,2019
411210,349.0,344.0,2019
411230,3.0,3.0,2019
411240,18.0,18.0,2019
411250,23.0,23.0,2019
411270,19.0,18.0,2019
411275,25.0,18.0,2019
411280,31.0,26.0,2019
411290,14.0,14.0,2019
411300,19.0,19.0,2019
411310,23.0,23.0,2019
411320,147.0,107.0,2019
411330,115.0,98.0,2019
411345,20.0,20.0,2019
411350,119.0,103.0,2019
411370,1859.0,1149.0,2019
411375,29.0,18.0,2019
411380,16.0,16.0,2019
411390,32.0,28.0,2019
411400,11.0,,2019
411410,55.0,32.0,2019
411420,109.0,47.0,2019
411430,50.0,50.0,2019
411440,57.0,49.0,2019
411450,24.0,24.0,2019
411460,76.0,22.0,2019
411500,23.0,22.0,2019
411520,1498.0,772.0,2019
411535,2.0,2.0,2019
411540,62.0,47.0,2019
411550,21.0,21.0,2019
411560,48.0,33.0,2019
411570,12.0,12.0,2019
411580,192.0,54.0,2019
411600,10.0,10.0,2019
411605,44.0,30.0,2019
411620,22.0,22.0,2019
411670,49.0,40.0,2019
411680,22.0,20.0,2019
411690,29.0,29.0,2019
411695,12.0,12.0,2019
411700,16.0,14.0,2019
411710,33.0,31.0,2019
411720,16.0,16.0,2019
411722,11.0,6.0,2019
411725,17.0,,2019
411727,49.0,49.0,2019
411730,30.0,,2019
411750,26.0,26.0,2019
411760,91.0,90.0,2019
411770,146.0,28.0,2019
411790,54.0,34.0,2019
411800,42.0,32.0,2019
411820,189.0,113.0,2019
411830,15.0,15.0,2019
411840,177.0,110.0,2019
411845,17.0,15.0,2019
411850,267.0,205.0,2019
411870,12.0,12.0,2019
411890,19.0,19.0,2019
411910,50.0,48.0,2019
411915,287.0,273.0,2019
411920,27.0,17.0,2019
411930,91.0,82.0,2019
411940,20.0,20.0,2019
411950,648.0,488.0,2019
411960,97.0,79.0,2019
411970,15.0,15.0,2019
411980,42.0,35.0,2019
411990,774.0,529.0,2019
412000,31.0,31.0,2019
412020,10.0,10.0,2019
412033,20.0,20.0,2019
412035,48.0,43.0,2019
412040,18.0,18.0,2019
412060,127.0,113.0,2019
412070,28.0,26.0,2019
412090,38.0,38.0,2019
412100,26.0,25.0,2019
412120,25.0,25.0,2019
412130,16.0,16.0,2019
412150,56.0,52.0,2019
412170,39.0,32.0,2019
412180,54.0,51.0,2019
412190,49.0,44.0,2019
412200,55.0,52.0,2019
412220,30.0,30.0,2019
412230,30.0,27.0,2019
412240,213.0,206.0,2019
412250,31.0,31.0,2019
412260,31.0,24.0,2019
412265,25.0,25.0,2019
412290,20.0,20.0,2019
412300,21.0,21.0,2019
412310,15.0,15.0,2019
412350,53.0,25.0,2019
412370,27.0,19.0,2019
412380,32.0,32.0,2019
412385,41.0,41.0,2019
412390,36.0,36.0,2019
412400,20.0,20.0,2019
412410,145.0,111.0,2019
412420,10.0,10.0,2019
412430,6.0,6.0,2019
412440,30.0,25.0,2019
412460,16.0,15.0,2019
412470,20.0,20.0,2019
412490,17.0,17.0,2019
412500,20.0,20.0,2019
412510,20.0,19.0,2019
412520,29.0,21.0,2019
412535,22.0,22.0,2019
412540,18.0,18.0,2019
412545,22.0,19.0,2019
412550,198.0,142.0,2019
412560,50.0,38.0,2019
412570,254.0,34.0,2019
412580,25.0,23.0,2019
412600,25.0,25.0,2019
412620,31.0,31.0,2019
412625,167.0,115.0,2019
412630,39.0,36.0,2019
412640,23.0,23.0,2019
412650,16.0,16.0,2019
412660,54.0,35.0,2019
412667,16.0,16.0,2019
412670,9.0,9.0,2019
412700,17.0,17.0,2019
412710,187.0,98.0,2019
412720,65.0,63.0,2019
412730,29.0,25.0,2019
412740,21.0,14.0,2019
412750,30.0,30.0,2019
412760,16.0,16.0,2019
412770,321.0,108.0,2019
412780,66.0,50.0,2019
412785,34.0,34.0,2019
412788,6.0,6.0,2019
412790,23.0,22.0,2019
412795,23.0,23.0,2019
412796,53.0,49.0,2019
412800,102.0,51.0,2019
412810,687.0,525.0,2019
412820,250.0,117.0,2019
412840,48.0,48.0,2019
412850,33.0,32.0,2019
412855,27.0,26.0,2019
412860,20.0,18.0,2019
420010,42.0,34.0,2019
420020,21.0,17.0,2019
420040,31.0,26.0,2019
420070,24.0,9.0,2019
420090,80.0,54.0,2019
420100,33.0,30.0,2019
420110,49.0,15.0,2019
420127,21.0,15.0,2019
420140,117.0,117.0,2019
420150,31.0,27.0,2019
420160,21.0,13.0,2019
420200,244.0,96.0,2019
420220,2.0,1.0,2019
420230,68.0,68.0,2019
420240,682.0,351.0,2019
420250,18.0,18.0,2019
420260,50.0,43.0,2019
420280,72.0,51.0,2019
420290,270.0,158.0,2019
420300,118.0,77.0,2019
420310,27.0,19.0,2019
420320,157.0,38.0,2019
420330,32.0,21.0,2019
420340,32.0,26.0,2019
420350,42.0,28.0,2019
420360,101.0,79.0,2019
420370,20.0,20.0,2019
420380,65.0,39.0,2019
420390,63.0,52.0,2019
420400,33.0,23.0,2019
420410,27.0,22.0,2019
420420,385.0,247.0,2019
420430,184.0,109.0,2019
420440,30.0,25.0,2019
420455,33.0,23.0,2019
420460,468.0,288.0,2019
420470,45.0,41.0,2019
420480,126.0,93.0,2019
420490,37.0,33.0,2019
420500,45.0,38.0,2019
420530,34.0,29.0,2019
420540,1595.0,977.0,2019
420550,51.0,48.0,2019
420590,100.0,91.0,2019
420630,16.0,13.0,2019
420640,36.0,30.0,2019
420650,50.0,50.0,2019
420660,19.0,16.0,2019
420680,30.0,,2019
420690,80.0,80.0,2019
420700,91.0,87.0,2019
420730,68.0,59.0,2019
420740,11.0,10.0,2019
420750,95.0,92.0,2019
420760,27.0,19.0,2019
420765,32.0,28.0,2019
420770,12.0,11.0,2019
420780,45.0,42.0,2019
420790,19.0,19.0,2019
420800,39.0,27.0,2019
420810,21.0,20.0,2019
420820,400.0,325.0,2019
420830,30.0,30.0,2019
420840,48.0,34.0,2019
420845,1.0,1.0,2019
420850,60.0,52.0,2019
420870,45.0,35.0,2019
420880,49.0,44.0,2019
420890,334.0,244.0,2019
420900,187.0,135.0,2019
420910,1186.0,788.0,2019
420915,1.0,1.0,2019
420930,438.0,317.0,2019
420940,98.0,75.0,2019
420960,39.0,39.0,2019
420970,45.0,45.0,2019
420985,71.0,61.0,2019
421000,39.0,38.0,2019
421003,63.0,58.0,2019
421010,125.0,104.0,2019
421030,37.0,31.0,2019
421050,81.0,73.0,2019
421060,21.0,21.0,2019
421080,50.0,33.0,2019
421090,31.0,27.0,2019
421100,48.0,40.0,2019
421105,16.0,16.0,2019
421110,22.0,20.0,2019
421120,134.0,112.0,2019
421130,39.0,36.0,2019
421140,33.0,27.0,2019
421150,50.0,50.0,2019
421160,49.0,43.0,2019
421170,52.0,33.0,2019
421175,50.0,44.0,2019
421190,34.0,,2019
421200,35.0,29.0,2019
421210,73.0,58.0,2019
421220,35.0,30.0,2019
421250,78.0,26.0,2019
421260,32.0,26.0,2019
421270,16.0,14.0,2019
421290,42.0,27.0,2019
421320,58.0,50.0,2019
421330,26.0,26.0,2019
421340,77.0,65.0,2019
421360,91.0,70.0,2019
421370,41.0,34.0,2019
421380,50.0,49.0,2019
421400,44.0,42.0,2019
421420,47.0,41.0,2019
421450,31.0,30.0,2019
421470,49.0,42.0,2019
421480,258.0,176.0,2019
421490,32.0,26.0,2019
421500,67.0,57.0,2019
421510,30.0,20.0,2019
421530,31.0,31.0,2019
421540,16.0,14.0,2019
421550,119.0,84.0,2019
421570,49.0,48.0,2019
421580,96.0,47.0,2019
421590,29.0,29.0,2019
421600,70.0,49.0,2019
421620,37.0,26.0,2019
421625,32.0,21.0,2019
421630,30.0,28.0,2019
421650,129.0,99.0,2019
421660,906.0,695.0,2019
421670,33.0,28.0,2019
421690,56.0,44.0,2019
421710,16.0,15.0,2019
421720,119.0,82.0,2019
421725,93.0,93.0,2019
421730,33.0,29.0,2019
421750,50.0,38.0,2019
421770,106.0,104.0,2019
421780,36.0,34.0,2019
421790,54.0,40.0,2019
421800,60.0,36.0,2019
421810,28.0,21.0,2019
421820,100.0,65.0,2019
421830,54.0,43.0,2019
421840,41.0,39.0,2019
421860,68.0,67.0,2019
421870,463.0,250.0,2019
421875,48.0,39.0,2019
421880,65.0,39.0,2019
421890,48.0,39.0,2019
421900,110.0,87.0,2019
421910,24.0,20.0,2019
421920,21.0,20.0,2019
421930,135.0,87.0,2019
421935,17.0,15.0,2019
421940,21.0,21.0,2019
421950,151.0,120.0,2019
421960,23.0,16.0,2019
421970,48.0,37.0,2019
430003,42.0,34.0,2019
430010,53.0,47.0,2019
430020,49.0,39.0,2019
430030,50.0,46.0,2019
430040,172.0,137.0,2019
430050,23.0,23.0,2019
430060,145.0,97.0,2019
430064,28.0,25.0,2019
430070,38.0,25.0,2019
430080,51.0,35.0,2019
430090,36.0,31.0,2019
430100,89.0,79.0,2019
430120,76.0,61.0,2019
430130,48.0,36.0,2019
430140,60.0,38.0,2019
430150,55.0,41.0,2019
430160,220.0,166.0,2019
430165,24.0,21.0,2019
430190,41.0,41.0,2019
430210,244.0,106.0,2019
430220,40.0,27.0,2019
430230,35.0,31.0,2019
430235,43.0,27.0,2019
430240,50.0,33.0,2019
430245,39.0,29.0,2019
430270,29.0,29.0,2019
430280,79.0,59.0,2019
430290,36.0,30.0,2019
430300,174.0,115.0,2019
430310,81.0,81.0,2019
430330,40.0,30.0,2019
430340,41.0,25.0,2019
430350,140.0,112.0,2019
430360,32.0,32.0,2019
430370,55.0,46.0,2019
430380,49.0,47.0,2019
430390,81.0,60.0,2019
430400,35.0,30.0,2019
430420,105.0,76.0,2019
430430,39.0,32.0,2019
430440,52.0,43.0,2019
430450,104.0,86.0,2019
430460,821.0,535.0,2019
430463,91.0,86.0,2019
430470,140.0,95.0,2019
430480,72.0,38.0,2019
430490,33.0,23.0,2019
430510,1265.0,613.0,2019
430520,55.0,34.0,2019
430530,49.0,36.0,2019
430535,60.0,60.0,2019
430540,30.0,25.0,2019
430570,18.0,16.0,2019
430580,23.0,18.0,2019
430590,30.0,19.0,2019
430600,55.0,39.0,2019
430610,233.0,123.0,2019
430620,35.0,31.0,2019
430630,32.0,24.0,2019
430640,68.0,52.0,2019
430645,50.0,35.0,2019
430650,25.0,20.0,2019
430660,120.0,79.0,2019
430680,112.0,35.0,2019
430690,53.0,35.0,2019
430700,289.0,159.0,2019
430710,34.0,34.0,2019
430750,94.0,76.0,2019
430755,42.0,23.0,2019
430760,52.0,51.0,2019
430770,145.0,132.0,2019
430780,120.0,70.0,2019
430790,102.0,63.0,2019
430800,45.0,39.0,2019
430810,51.0,40.0,2019
430820,52.0,34.0,2019
430840,27.0,27.0,2019
430845,24.0,21.0,2019
430850,101.0,77.0,2019
430860,75.0,49.0,2019
430870,31.0,28.0,2019
430890,89.0,68.0,2019
430900,50.0,36.0,2019
430910,93.0,55.0,2019
430920,191.0,129.0,2019
430925,4.0,4.0,2019
430930,26.0,,2019
430940,73.0,50.0,2019
430950,45.0,36.0,2019
430960,66.0,48.0,2019
430970,32.0,29.0,2019
431000,41.0,25.0,2019
431010,87.0,61.0,2019
431020,335.0,161.0,2019
431030,40.0,24.0,2019
431050,64.0,49.0,2019
431053,20.0,,2019
431060,79.0,77.0,2019
431070,10.0,10.0,2019
431075,24.0,19.0,2019
431080,52.0,45.0,2019
431085,50.0,42.0,2019
431100,74.0,61.0,2019
431110,51.0,32.0,2019
431112,10.0,10.0,2019
431115,3.0,3.0,2019
431120,67.0,49.0,2019
431130,71.0,47.0,2019
431140,139.0,107.0,2019
431150,32.0,29.0,2019
431180,104.0,57.0,2019
431190,52.0,28.0,2019
431205,40.0,30.0,2019
431210,28.0,21.0,2019
431220,39.0,37.0,2019
431240,216.0,134.0,2019
431245,19.0,19.0,2019
431250,29.0,29.0,2019
431260,31.0,25.0,2019
431265,101.0,69.0,2019
431270,81.0,61.0,2019
431290,54.0,32.0,2019
431300,37.0,23.0,2019
431310,52.0,36.0,2019
431320,38.0,30.0,2019
431330,78.0,50.0,2019
431340,455.0,241.0,2019
431350,87.0,59.0,2019
431360,49.0,45.0,2019
431365,39.0,30.0,2019
431370,107.0,85.0,2019
431380,50.0,43.0,2019
431390,70.0,49.0,2019
431400,39.0,29.0,2019
431402,32.0,32.0,2019
431405,100.0,100.0,2019
431410,1123.0,728.0,2019
431420,50.0,44.0,2019
431430,16.0,15.0,2019
431440,1101.0,759.0,2019
431447,30.0,18.0,2019
431450,51.0,51.0,2019
431460,105.0,85.0,2019
431470,50.0,44.0,2019
431480,52.0,50.0,2019
431490,7003.0,4090.0,2019
431500,50.0,40.0,2019
431510,48.0,29.0,2019
431515,49.0,44.0,2019
431520,30.0,25.0,2019
431530,62.0,51.0,2019
431535,19.0,14.0,2019
431550,51.0,43.0,2019
431560,779.0,644.0,2019
431570,97.0,97.0,2019
431575,33.0,30.0,2019
431580,38.0,26.0,2019
431590,51.0,39.0,2019
431600,52.0,50.0,2019
431610,108.0,89.0,2019
431620,32.0,23.0,2019
431630,35.0,32.0,2019
431640,96.0,69.0,2019
431643,19.0,16.0,2019
431645,32.0,23.0,2019
431650,32.0,25.0,2019
431660,73.0,53.0,2019
431670,51.0,41.0,2019
431680,312.0,187.0,2019
431690,1032.0,537.0,2019
431710,189.0,83.0,2019
431720,205.0,126.0,2019
431730,65.0,53.0,2019
431740,122.0,101.0,2019
431750,219.0,136.0,2019
431760,82.0,60.0,2019
431780,85.0,63.0,2019
431790,56.0,41.0,2019
431800,143.0,118.0,2019
431810,60.0,45.0,2019
431820,62.0,56.0,2019
431830,185.0,155.0,2019
431840,100.0,78.0,2019
431843,50.0,46.0,2019
431850,53.0,45.0,2019
431860,53.0,40.0,2019
431870,209.0,177.0,2019
431880,172.0,125.0,2019
431890,122.0,99.0,2019
431900,77.0,45.0,2019
431910,39.0,25.0,2019
431915,38.0,30.0,2019
431930,36.0,25.0,2019
431940,54.0,45.0,2019
431950,91.0,60.0,2019
431960,64.0,55.0,2019
431980,14.0,12.0,2019
431990,126.0,92.0,2019
432000,116.0,116.0,2019
432010,81.0,67.0,2019
432020,50.0,40.0,2019
432026,34.0,32.0,2019
432030,32.0,20.0,2019
432040,55.0,36.0,2019
432045,10.0,10.0,2019
432050,49.0,29.0,2019
432060,31.0,26.0,2019
432067,48.0,30.0,2019
432070,148.0,75.0,2019
432080,117.0,80.0,2019
432090,92.0,67.0,2019
432100,35.0,22.0,2019
432110,49.0,39.0,2019
432120,89.0,71.0,2019
432130,81.0,61.0,2019
432140,113.0,94.0,2019
432143,1.0,,2019
432145,78.0,61.0,2019
432150,66.0,62.0,2019
432160,94.0,94.0,2019
432170,75.0,65.0,2019
432180,69.0,41.0,2019
432190,104.0,69.0,2019
432195,48.0,43.0,2019
432200,50.0,36.0,2019
432210,34.0,22.0,2019
432220,73.0,53.0,2019
432230,37.0,26.0,2019
432240,196.0,150.0,2019
432250,147.0,87.0,2019
432253,39.0,29.0,2019
432260,132.0,95.0,2019
432270,49.0,44.0,2019
432280,63.0,42.0,2019
432290,50.0,33.0,2019
432300,347.0,275.0,2019
500020,17.0,17.0,2019
500060,107.0,41.0,2019
500070,26.0,24.0,2019
500080,12.0,8.0,2019
500085,26.0,6.0,2019
500090,7.0,7.0,2019
500100,106.0,78.0,2019
500110,143.0,109.0,2019
500124,9.0,9.0,2019
500150,12.0,12.0,2019
500190,35.0,15.0,2019
500210,32.0,28.0,2019
500215,8.0,8.0,2019
500220,26.0,26.0,2019
500230,20.0,11.0,2019
500240,39.0,20.0,2019
500260,22.0,15.0,2019
500270,2210.0,1316.0,2019
500280,8.0,4.0,2019
500290,59.0,32.0,2019
500295,80.0,50.0,2019
500310,2.0,2.0,2019
500315,9.0,9.0,2019
500320,202.0,138.0,2019
500325,59.0,45.0,2019
500330,93.0,65.0,2019
500345,12.0,12.0,2019
500348,19.0,19.0,2019
500370,618.0,383.0,2019
500375,57.0,21.0,2019
500380,56.0,51.0,2019
500390,10.0,10.0,2019
500400,12.0,8.0,2019
500410,26.0,12.0,2019
500430,38.0,32.0,2019
500440,9.0,9.0,2019
500450,20.0,20.0,2019
500460,27.0,14.0,2019
500470,29.0,29.0,2019
500500,43.0,27.0,2019
500510,21.0,19.0,2019
500515,9.0,9.0,2019
500520,10.0,,2019
500525,6.0,6.0,2019
500540,50.0,44.0,2019
500560,23.0,23.0,2019
500568,36.0,36.0,2019
500570,87.0,70.0,2019
500580,6.0,6.0,2019
500600,18.0,18.0,2019
500620,111.0,77.0,2019
500625,14.0,9.0,2019
500630,191.0,112.0,2019
500635,10.0,10.0,2019
500640,28.0,28.0,2019
500660,139.0,107.0,2019
500690,16.0,16.0,2019
500710,16.0,16.0,2019
500720,46.0,41.0,2019
500730,20.0,6.0,2019
500740,29.0,29.0,2019
500750,9.0,9.0,2019
500755,8.0,8.0,2019
500769,36.0,36.0,2019
500770,18.0,18.0,2019
500790,39.0,27.0,2019
500793,22.0,10.0,2019
500795,8.0,8.0,2019
500797,4.0,4.0,2019
500830,197.0,113.0,2019
500840,5.0,5.0,2019
510020,77.0,62.0,2019
510025,138.0,84.0,2019
510030,98.0,34.0,2019
510060,30.0,24.0,2019
510080,28.0,28.0,2019
510100,12.0,12.0,2019
510125,19.0,16.0,2019
510130,10.0,10.0,2019
510140,33.0,33.0,2019
510160,11.0,11.0,2019
510170,59.0,59.0,2019
510180,114.0,78.0,2019
510190,31.0,31.0,2019
510250,225.0,186.0,2019
510260,21.0,21.0,2019
510263,32.0,30.0,2019
510267,56.0,25.0,2019
510268,16.0,16.0,2019
510269,9.0,9.0,2019
510270,60.0,41.0,2019
510279,1.0,1.0,2019
510300,2.0,2.0,2019
510305,23.0,14.0,2019
510310,16.0,16.0,2019
510320,113.0,84.0,2019
510325,40.0,28.0,2019
510330,42.0,31.0,2019
510335,53.0,46.0,2019
510337,33.0,33.0,2019
510340,2106.0,1444.0,2019
510350,46.0,36.0,2019
510360,20.0,15.0,2019
510385,17.0,17.0,2019
510390,15.0,15.0,2019
510410,48.0,34.0,2019
510420,22.0,18.0,2019
510455,16.0,16.0,2019
510460,35.0,35.0,2019
510480,53.0,30.0,2019
510500,37.0,32.0,2019
510510,65.0,34.0,2019
510515,136.0,76.0,2019
510517,19.0,19.0,2019
510520,33.0,31.0,2019
510525,101.0,65.0,2019
510550,50.0,41.0,2019
510558,21.0,21.0,2019
510560,44.0,26.0,2019
510562,90.0,39.0,2019
510590,41.0,34.0,2019
510600,35.0,30.0,2019
510610,16.0,16.0,2019
510615,15.0,15.0,2019
510618,6.0,6.0,2019
510620,13.0,13.0,2019
510622,39.0,27.0,2019
510623,50.0,34.0,2019
510625,34.0,34.0,2019
510627,15.0,15.0,2019
510628,26.0,26.0,2019
510629,32.0,32.0,2019
510630,35.0,35.0,2019
510637,31.0,31.0,2019
510642,57.0,57.0,2019
510650,64.0,58.0,2019
510670,21.0,21.0,2019
510675,69.0,29.0,2019
510677,18.0,18.0,2019
510680,21.0,21.0,2019
510700,96.0,77.0,2019
510704,147.0,79.0,2019
510706,31.0,26.0,2019
510710,29.0,23.0,2019
510718,32.0,29.0,2019
510719,15.0,15.0,2019
510720,18.0,18.0,2019
510730,22.0,22.0,2019
510735,23.0,8.0,2019
510760,491.0,351.0,2019
510770,63.0,55.0,2019
510775,14.0,14.0,2019
510777,22.0,22.0,2019
510780,20.0,20.0,2019
510785,44.0,44.0,2019
510787,53.0,34.0,2019
510790,253.0,109.0,2019
510792,160.0,98.0,2019
510794,15.0,15.0,2019
510795,183.0,94.0,2019
510800,21.0,21.0,2019
510805,37.0,37.0,2019
510810,14.0,14.0,2019
510820,23.0,22.0,2019
510835,5.0,5.0,2019
510840,368.0,239.0,2019
510860,21.0,21.0,2019
510885,8.0,8.0,2019
510890,6.0,6.0,2019
510895,13.0,13.0,2019
520010,9.0,9.0,2019
520013,72.0,38.0,2019
520017,12.0,12.0,2019
520025,41.0,40.0,2019
520030,34.0,34.0,2019
520050,14.0,14.0,2019
520060,17.0,17.0,2019
520080,32.0,32.0,2019
520085,17.0,17.0,2019
520090,13.0,13.0,2019
520110,1056.0,559.0,2019
520130,50.0,50.0,2019
520140,1072.0,879.0,2019
520150,18.0,18.0,2019
520160,17.0,17.0,2019
520170,53.0,53.0,2019
520180,9.0,9.0,2019
520215,10.0,10.0,2019
520235,17.0,17.0,2019
520250,15.0,15.0,2019
520280,12.0,12.0,2019
520320,22.0,22.0,2019
520330,29.0,26.0,2019
520340,23.0,23.0,2019
520350,25.0,25.0,2019
520355,2.0,2.0,2019
520380,23.0,23.0,2019
520390,32.0,25.0,2019
520393,14.0,14.0,2019
520400,12.0,12.0,2019
520410,26.0,26.0,2019
520425,18.0,18.0,2019
520430,36.0,28.0,2019
520440,53.0,41.0,2019
520450,138.0,85.0,2019
520465,22.0,22.0,2019
520470,16.0,16.0,2019
520480,18.0,18.0,2019
520490,42.0,28.0,2019
520500,17.0,17.0,2019
520505,15.0,15.0,2019
520510,297.0,198.0,2019
520520,18.0,18.0,2019
520530,16.0,16.0,2019
520540,332.0,166.0,2019
520545,15.0,15.0,2019
520547,24.0,21.0,2019
520549,61.0,35.0,2019
520551,22.0,22.0,2019
520552,11.0,11.0,2019
520570,16.0,16.0,2019
520580,25.0,14.0,2019
520590,26.0,26.0,2019
520620,58.0,42.0,2019
520630,8.0,8.0,2019
520640,86.0,60.0,2019
520650,11.0,11.0,2019
520660,14.0,14.0,2019
520670,13.0,13.0,2019
520680,15.0,15.0,2019
520710,14.0,14.0,2019
520725,24.0,24.0,2019
520735,10.0,10.0,2019
520740,25.0,25.0,2019
520750,22.0,22.0,2019
520753,19.0,19.0,2019
520760,16.0,16.0,2019
520780,37.0,26.0,2019
520790,7.0,7.0,2019
520800,138.0,59.0,2019
520810,25.0,25.0,2019
520830,24.0,24.0,2019
520840,18.0,18.0,2019
520850,33.0,26.0,2019
520860,258.0,171.0,2019
520870,6337.0,2755.0,2019
520880,86.0,55.0,2019
520890,101.0,41.0,2019
520910,121.0,60.0,2019
520960,19.0,19.0,2019
520970,21.0,21.0,2019
520980,28.0,28.0,2019
520990,16.0,16.0,2019
520993,16.0,16.0,2019
520995,51.0,20.0,2019
521000,98.0,53.0,2019
521010,130.0,104.0,2019
521020,96.0,33.0,2019
521030,7.0,7.0,2019
521040,31.0,24.0,2019
521060,19.0,19.0,2019
521080,18.0,18.0,2019
521090,41.0,41.0,2019
521100,23.0,23.0,2019
521120,124.0,81.0,2019
521130,17.0,17.0,2019
521140,18.0,18.0,2019
521150,238.0,120.0,2019
521160,10.0,10.0,2019
521170,13.0,13.0,2019
521180,84.0,76.0,2019
521190,155.0,105.0,2019
521200,10.0,10.0,2019
521210,17.0,17.0,2019
521220,68.0,30.0,2019
521250,133.0,52.0,2019
521260,13.0,13.0,2019
521270,16.0,16.0,2019
521280,44.0,18.0,2019
521290,23.0,23.0,2019
521295,14.0,14.0,2019
521300,12.0,12.0,2019
521308,101.0,48.0,2019
521310,247.0,169.0,2019
521350,16.0,16.0,2019
521370,24.0,24.0,2019
521375,13.0,13.0,2019
521380,110.0,78.0,2019
521385,19.0,19.0,2019
521390,20.0,20.0,2019
521400,20.0,20.0,2019
521405,18.0,18.0,2019
521410,19.0,19.0,2019
521440,16.0,16.0,2019
521450,118.0,52.0,2019
521460,103.0,58.0,2019
521470,4.0,4.0,2019
521483,45.0,45.0,2019
521500,18.0,18.0,2019
521520,9.0,9.0,2019
521530,28.0,19.0,2019
521550,31.0,31.0,2019
521560,33.0,28.0,2019
521565,19.0,19.0,2019
521570,33.0,6.0,2019
521580,10.0,10.0,2019
521590,19.0,19.0,2019
521600,9.0,9.0,2019
521630,30.0,30.0,2019
521640,20.0,20.0,2019
521680,26.0,24.0,2019
521710,70.0,60.0,2019
521720,28.0,28.0,2019
521730,51.0,45.0,2019
521740,38.0,38.0,2019
521760,72.0,70.0,2019
521770,50.0,22.0,2019
521800,91.0,62.0,2019
521805,20.0,16.0,2019
521810,17.0,17.0,2019
521830,69.0,53.0,2019
521850,121.0,44.0,2019
521860,24.0,24.0,2019
521880,390.0,233.0,2019
521890,80.0,76.0,2019
521900,17.0,17.0,2019
521910,15.0,15.0,2019
521920,16.0,16.0,2019
521925,17.0,17.0,2019
521930,138.0,108.0,2019
521950,16.0,16.0,2019
521960,17.0,17.0,2019
521970,38.0,38.0,2019
521973,19.0,19.0,2019
521975,168.0,17.0,2019
521980,22.0,22.0,2019
522000,26.0,26.0,2019
522010,99.0,50.0,2019
522015,10.0,10.0,2019
522020,95.0,54.0,2019
522026,11.0,11.0,2019
522040,50.0,50.0,2019
522045,89.0,80.0,2019
522050,21.0,21.0,2019
522060,40.0,40.0,2019
522068,20.0,20.0,2019
522100,46.0,25.0,2019
522130,12.0,6.0,2019
522140,510.0,412.0,2019
522145,15.0,15.0,2019
522150,17.0,17.0,2019
522155,19.0,19.0,2019
522160,154.0,76.0,2019
522170,27.0,,2019
522185,67.0,30.0,2019
522200,40.0,32.0,2019
522205,16.0,16.0,2019
522220,13.0,13.0,2019
530010,6631.0,4047.0,2019
110001,49.0,43.0,2020
110002,256.0,151.0,2020
110003,9.0,9.0,2020
110004,360.0,287.0,2020
110005,40.0,40.0,2020
110006,50.0,50.0,2020
110007,16.0,16.0,2020
110008,45.0,45.0,2020
110009,54.0,36.0,2020
110010,114.0,105.0,2020
110011,114.0,99.0,2020
110012,288.0,175.0,2020
110013,48.0,48.0,2020
110014,44.0,44.0,2020
110015,132.0,64.0,2020
110018,58.0,46.0,2020
110020,1888.0,1358.0,2020
110025,48.0,48.0,2020
110026,9.0,9.0,2020
110028,94.0,78.0,2020
110029,25.0,25.0,2020
110030,232.0,213.0,2020
110032,44.0,44.0,2020
110033,31.0,31.0,2020
110034,35.0,35.0,2020
110037,17.0,17.0,2020
110040,16.0,16.0,2020
110045,66.0,32.0,2020
110050,23.0,23.0,2020
110060,26.0,26.0,2020
110070,19.0,19.0,2020
110080,15.0,15.0,2020
110090,7.0,7.0,2020
110092,10.0,10.0,2020
110094,11.0,11.0,2020
110100,22.0,21.0,2020
110110,20.0,20.0,2020
110120,16.0,16.0,2020
110130,33.0,25.0,2020
110140,24.0,24.0,2020
110143,15.0,15.0,2020
110145,8.0,8.0,2020
110146,9.0,9.0,2020
110148,7.0,7.0,2020
110149,28.0,28.0,2020
110150,36.0,36.0,2020
110155,9.0,9.0,2020
110160,13.0,13.0,2020
110170,25.0,25.0,2020
110175,12.0,12.0,2020
110180,16.0,16.0,2020
120001,16.0,16.0,2020
120005,12.0,12.0,2020
120010,41.0,35.0,2020
120020,240.0,226.0,2020
120030,41.0,41.0,2020
120032,10.0,10.0,2020
120033,25.0,25.0,2020
120034,23.0,23.0,2020
120035,13.0,13.0,2020
120038,47.0,47.0,2020
120039,14.0,14.0,2020
120040,933.0,857.0,2020
120042,16.0,16.0,2020
120043,16.0,16.0,2020
120045,29.0,29.0,2020
120050,65.0,65.0,2020
120060,42.0,42.0,2020
120070,30.0,30.0,2020
130002,35.0,35.0,2020
130006,30.0,30.0,2020
130008,20.0,20.0,2020
130010,23.0,23.0,2020
130014,38.0,38.0,2020
130020,32.0,32.0,2020
130030,31.0,31.0,2020
130040,30.0,30.0,2020
130050,31.0,31.0,2020
130060,37.0,37.0,2020
130063,13.0,13.0,2020
130068,22.0,22.0,2020
130070,60.0,60.0,2020
130080,38.0,38.0,2020
130083,25.0,25.0,2020
130090,24.0,24.0,2020
130100,45.0,45.0,2020
130110,20.0,20.0,2020
130115,4.0,4.0,2020
130120,105.0,101.0,2020
130130,47.0,47.0,2020
130140,76.0,76.0,2020
130150,24.0,24.0,2020
130160,58.0,58.0,2020
130165,20.0,20.0,2020
130170,22.0,22.0,2020
130180,26.0,26.0,2020
130185,32.0,32.0,2020
130190,119.0,119.0,2020
130195,15.0,15.0,2020
130200,18.0,18.0,2020
130210,20.0,20.0,2020
130220,20.0,20.0,2020
130230,18.0,18.0,2020
130240,56.0,56.0,2020
130250,72.0,72.0,2020
130255,20.0,20.0,2020
130260,3553.0,2767.0,2020
130270,57.0,57.0,2020
130280,19.0,19.0,2020
130290,90.0,90.0,2020
130300,26.0,26.0,2020
130310,31.0,31.0,2020
130320,22.0,22.0,2020
130330,31.0,31.0,2020
130340,158.0,158.0,2020
130350,26.0,26.0,2020
130353,29.0,29.0,2020
130356,29.0,29.0,2020
130360,20.0,20.0,2020
130370,25.0,25.0,2020
130380,89.0,83.0,2020
130390,22.0,22.0,2020
130395,20.0,20.0,2020
130400,20.0,20.0,2020
130406,75.0,75.0,2020
130410,29.0,29.0,2020
130420,86.0,74.0,2020
130423,33.0,33.0,2020
130426,20.0,20.0,2020
130430,39.0,39.0,2020
130440,22.0,22.0,2020
140005,26.0,22.0,2020
140010,1170.0,1062.0,2020
140015,14.0,8.0,2020
140020,24.0,24.0,2020
140023,16.0,16.0,2020
140028,1.0,,2020
140030,22.0,14.0,2020
140040,24.0,24.0,2020
140045,15.0,15.0,2020
140047,30.0,30.0,2020
140050,15.0,15.0,2020
140060,13.0,13.0,2020
150010,281.0,243.0,2020
150013,21.0,21.0,2020
150020,33.0,33.0,2020
150030,30.0,30.0,2020
150034,40.0,40.0,2020
150040,97.0,91.0,2020
150050,106.0,99.0,2020
150060,320.0,260.0,2020
150070,20.0,20.0,2020
150080,829.0,684.0,2020
150085,44.0,44.0,2020
150090,86.0,73.0,2020
150095,58.0,58.0,2020
150110,15.0,15.0,2020
150120,30.0,30.0,2020
150125,10.0,10.0,2020
150130,143.0,125.0,2020
150140,4274.0,2666.0,2020
150145,20.0,20.0,2020
150157,31.0,31.0,2020
150170,369.0,268.0,2020
150172,33.0,33.0,2020
150175,24.0,24.0,2020
150178,44.0,44.0,2020
150180,182.0,182.0,2020
150190,43.0,30.0,2020
150200,20.0,20.0,2020
150210,185.0,168.0,2020
150215,123.0,100.0,2020
150220,199.0,176.0,2020
150230,164.0,86.0,2020
150240,540.0,440.0,2020
150250,16.0,16.0,2020
150260,8.0,8.0,2020
150270,119.0,117.0,2020
150275,25.0,25.0,2020
150276,11.0,11.0,2020
150277,50.0,50.0,2020
150280,26.0,26.0,2020
150290,27.0,27.0,2020
150293,81.0,75.0,2020
150295,41.0,41.0,2020
150300,10.0,10.0,2020
150304,20.0,20.0,2020
150307,15.0,15.0,2020
150309,24.0,24.0,2020
150310,23.0,23.0,2020
150320,45.0,45.0,2020
150330,133.0,129.0,2020
150340,19.0,19.0,2020
150345,86.0,86.0,2020
150350,30.0,30.0,2020
150360,467.0,138.0,2020
150370,53.0,53.0,2020
150375,24.0,24.0,2020
150380,174.0,82.0,2020
150390,82.0,76.0,2020
150400,20.0,20.0,2020
150405,52.0,52.0,2020
150420,432.0,325.0,2020
150430,27.0,27.0,2020
150440,18.0,18.0,2020
150442,164.0,120.0,2020
150445,41.0,41.0,2020
150450,15.0,15.0,2020
150460,27.0,27.0,2020
150470,50.0,50.0,2020
150480,73.0,46.0,2020
150490,42.0,42.0,2020
150495,32.0,32.0,2020
150497,14.0,14.0,2020
150503,42.0,34.0,2020
150506,54.0,54.0,2020
150510,65.0,63.0,2020
150520,15.0,15.0,2020
150530,89.0,74.0,2020
150540,24.0,24.0,2020
150543,67.0,65.0,2020
150548,37.0,32.0,2020
150549,20.0,20.0,2020
150550,212.0,137.0,2020
150553,428.0,235.0,2020
150555,22.0,22.0,2020
150563,20.0,20.0,2020
150565,29.0,29.0,2020
150570,30.0,30.0,2020
150580,29.0,29.0,2020
150590,49.0,49.0,2020
150600,31.0,31.0,2020
150613,280.0,187.0,2020
150616,56.0,31.0,2020
150618,101.0,88.0,2020
150619,27.0,27.0,2020
150620,72.0,72.0,2020
150630,19.0,19.0,2020
150640,15.0,15.0,2020
150650,60.0,60.0,2020
150658,23.0,23.0,2020
150660,37.0,37.0,2020
150670,63.0,63.0,2020
150680,554.0,438.0,2020
150700,76.0,74.0,2020
150710,20.0,20.0,2020
150715,21.0,21.0,2020
150720,31.0,31.0,2020
150730,145.0,98.0,2020
150745,41.0,41.0,2020
150747,24.0,24.0,2020
150750,19.0,19.0,2020
150760,54.0,54.0,2020
150770,32.0,32.0,2020
150775,14.0,14.0,2020
150780,19.0,19.0,2020
150790,48.0,48.0,2020
150795,40.0,40.0,2020
150797,25.0,25.0,2020
150800,177.0,156.0,2020
150803,15.0,15.0,2020
150805,21.0,21.0,2020
150808,99.0,87.0,2020
150810,286.0,204.0,2020
150812,115.0,114.0,2020
150815,81.0,78.0,2020
150820,37.0,37.0,2020
150830,65.0,65.0,2020
150835,43.0,43.0,2020
150840,119.0,87.0,2020
160005,30.0,30.0,2020
160010,37.0,37.0,2020
160015,15.0,15.0,2020
160020,20.0,20.0,2020
160023,12.0,12.0,2020
160027,70.0,70.0,2020
160030,832.0,712.0,2020
160040,14.0,14.0,2020
160050,41.0,41.0,2020
160053,34.0,34.0,2020
160060,95.0,93.0,2020
160070,18.0,18.0,2020
160080,8.0,8.0,2020
170070,23.0,23.0,2020
170100,14.0,14.0,2020
170190,17.0,17.0,2020
170200,27.0,27.0,2020
170210,591.0,452.0,2020
170220,25.0,25.0,2020
170230,28.0,28.0,2020
170240,33.0,33.0,2020
170255,82.0,82.0,2020
170370,5.0,5.0,2020
170550,69.0,69.0,2020
170610,7.0,7.0,2020
170700,39.0,39.0,2020
170710,15.0,15.0,2020
170720,9.0,9.0,2020
170730,14.0,5.0,2020
170765,5.0,5.0,2020
170820,40.0,40.0,2020
170900,15.0,15.0,2020
170930,57.0,57.0,2020
170950,189.0,122.0,2020
171050,27.0,27.0,2020
171190,30.0,30.0,2020
171320,69.0,69.0,2020
171330,20.0,20.0,2020
171360,5.0,5.0,2020
171420,9.0,9.0,2020
171575,24.0,24.0,2020
171610,131.0,88.0,2020
171620,24.0,24.0,2020
171650,31.0,31.0,2020
171660,27.0,27.0,2020
171670,21.0,21.0,2020
171700,6.0,6.0,2020
171750,5.0,5.0,2020
171790,7.0,7.0,2020
171820,151.0,151.0,2020
172065,19.0,19.0,2020
172090,47.0,47.0,2020
172100,975.0,589.0,2020
172120,38.0,38.0,2020
172210,28.0,28.0,2020
210005,296.0,206.0,2020
210010,20.0,20.0,2020
210020,24.0,24.0,2020
210030,25.0,25.0,2020
210043,48.0,48.0,2020
210047,28.0,28.0,2020
210050,22.0,22.0,2020
210055,11.0,11.0,2020
210060,85.0,76.0,2020
210070,27.0,27.0,2020
210080,16.0,16.0,2020
210083,15.0,15.0,2020
210087,17.0,17.0,2020
210090,117.0,117.0,2020
210095,58.0,58.0,2020
210100,48.0,48.0,2020
210110,25.0,25.0,2020
210120,259.0,238.0,2020
210125,28.0,24.0,2020
210130,23.0,23.0,2020
210140,260.0,237.0,2020
210150,31.0,31.0,2020
210160,153.0,123.0,2020
210170,52.0,47.0,2020
210177,18.0,18.0,2020
210180,20.0,20.0,2020
210190,18.0,18.0,2020
210193,15.0,15.0,2020
210197,15.0,15.0,2020
210200,36.0,36.0,2020
210203,22.0,22.0,2020
210210,37.0,37.0,2020
210220,42.0,42.0,2020
210230,44.0,44.0,2020
210232,84.0,84.0,2020
210240,19.0,19.0,2020
210250,20.0,20.0,2020
210255,21.0,21.0,2020
210260,10.0,10.0,2020
210270,59.0,59.0,2020
210275,13.0,12.0,2020
210280,30.0,30.0,2020
210290,34.0,34.0,2020
210300,360.0,360.0,2020
210310,15.0,15.0,2020
210312,15.0,15.0,2020
210320,165.0,133.0,2020
210325,21.0,21.0,2020
210330,84.0,84.0,2020
210340,120.0,100.0,2020
210350,94.0,94.0,2020
210355,15.0,15.0,2020
210360,76.0,76.0,2020
210370,109.0,103.0,2020
210375,14.0,14.0,2020
210380,29.0,29.0,2020
210390,26.0,26.0,2020
210400,44.0,44.0,2020
210405,61.0,53.0,2020
210407,42.0,42.0,2020
210408,18.0,18.0,2020
210409,13.0,13.0,2020
210410,31.0,31.0,2020
210420,17.0,17.0,2020
210440,29.0,29.0,2020
210450,24.0,24.0,2020
210455,31.0,31.0,2020
210460,30.0,30.0,2020
210462,20.0,20.0,2020
210465,19.0,19.0,2020
210467,204.0,200.0,2020
210470,18.0,18.0,2020
210480,213.0,211.0,2020
210490,36.0,32.0,2020
210500,30.0,30.0,2020
210510,34.0,30.0,2020
210515,37.0,37.0,2020
210520,37.0,37.0,2020
210530,879.0,674.0,2020
210535,25.0,25.0,2020
210540,72.0,72.0,2020
210542,76.0,76.0,2020
210545,16.0,16.0,2020
210547,17.0,17.0,2020
210550,62.0,60.0,2020
210560,22.0,22.0,2020
210565,3.0,3.0,2020
210570,170.0,123.0,2020
210580,20.0,20.0,2020
210590,45.0,45.0,2020
210592,22.0,22.0,2020
210596,19.0,19.0,2020
210600,38.0,38.0,2020
210610,20.0,20.0,2020
210620,9.0,9.0,2020
210630,20.0,20.0,2020
210632,11.0,11.0,2020
210637,18.0,18.0,2020
210640,23.0,23.0,2020
210650,17.0,17.0,2020
210660,50.0,50.0,2020
210667,9.0,9.0,2020
210670,20.0,20.0,2020
210675,52.0,44.0,2020
210680,22.0,22.0,2020
210690,44.0,44.0,2020
210700,24.0,24.0,2020
210710,20.0,20.0,2020
210720,15.0,15.0,2020
210725,14.0,14.0,2020
210730,15.0,15.0,2020
210735,41.0,41.0,2020
210740,20.0,20.0,2020
210745,50.0,42.0,2020
210760,17.0,15.0,2020
210770,48.0,48.0,2020
210780,51.0,51.0,2020
210790,116.0,116.0,2020
210800,55.0,55.0,2020
210805,20.0,20.0,2020
210810,39.0,35.0,2020
210820,149.0,123.0,2020
210825,34.0,34.0,2020
210830,63.0,63.0,2020
210840,27.0,27.0,2020
210845,56.0,52.0,2020
210850,40.0,40.0,2020
210860,248.0,240.0,2020
210870,35.0,35.0,2020
210880,24.0,24.0,2020
210890,37.0,37.0,2020
210900,79.0,75.0,2020
210905,28.0,28.0,2020
210910,189.0,185.0,2020
210920,15.0,15.0,2020
210927,15.0,15.0,2020
210930,22.0,22.0,2020
210940,19.0,19.0,2020
210945,13.0,13.0,2020
210950,79.0,79.0,2020
210955,20.0,20.0,2020
210960,123.0,113.0,2020
210970,32.0,32.0,2020
210975,17.0,17.0,2020
210980,58.0,58.0,2020
210990,335.0,253.0,2020
211000,53.0,53.0,2020
211003,108.0,108.0,2020
211010,42.0,42.0,2020
211020,35.0,35.0,2020
211023,16.0,16.0,2020
211027,20.0,20.0,2020
211030,30.0,30.0,2020
211040,32.0,32.0,2020
211050,67.0,67.0,2020
211060,27.0,27.0,2020
211065,20.0,20.0,2020
211070,35.0,31.0,2020
211080,20.0,20.0,2020
211085,24.0,24.0,2020
211090,23.0,23.0,2020
211100,50.0,50.0,2020
211102,35.0,35.0,2020
211105,20.0,20.0,2020
211107,19.0,19.0,2020
211110,54.0,52.0,2020
211120,225.0,72.0,2020
211125,13.0,13.0,2020
211130,4231.0,3432.0,2020
211140,31.0,31.0,2020
211150,52.0,52.0,2020
211153,26.0,26.0,2020
211157,18.0,18.0,2020
211160,57.0,57.0,2020
211163,12.0,12.0,2020
211170,56.0,56.0,2020
211172,28.0,28.0,2020
211174,35.0,35.0,2020
211178,14.0,14.0,2020
211180,32.0,32.0,2020
211190,24.0,22.0,2020
211195,16.0,16.0,2020
211200,16.0,16.0,2020
211210,48.0,48.0,2020
211220,173.0,168.0,2020
211223,29.0,29.0,2020
211227,19.0,19.0,2020
211230,50.0,50.0,2020
211240,52.0,52.0,2020
211250,52.0,37.0,2020
211260,37.0,37.0,2020
211270,42.0,42.0,2020
211280,105.0,105.0,2020
211285,31.0,31.0,2020
211290,32.0,32.0,2020
211300,48.0,44.0,2020
211400,76.0,76.0,2020
220010,15.0,15.0,2020
220020,20.0,20.0,2020
220025,12.0,12.0,2020
220030,14.0,14.0,2020
220040,37.0,37.0,2020
220050,45.0,45.0,2020
220060,11.0,11.0,2020
220070,10.0,10.0,2020
220090,6.0,6.0,2020
220100,4.0,4.0,2020
220110,18.0,18.0,2020
220115,11.0,11.0,2020
220120,74.0,70.0,2020
220140,31.0,31.0,2020
220150,23.0,23.0,2020
220160,15.0,15.0,2020
220170,4.0,4.0,2020
220180,21.0,21.0,2020
220190,50.0,50.0,2020
220191,6.0,6.0,2020
220196,10.0,10.0,2020
220200,42.0,42.0,2020
220202,16.0,16.0,2020
220220,208.0,190.0,2020
220225,4.0,4.0,2020
220230,23.0,23.0,2020
220240,9.0,9.0,2020
220250,11.0,11.0,2020
220260,38.0,38.0,2020
220270,23.0,23.0,2020
220277,7.0,7.0,2020
220280,45.0,45.0,2020
220290,68.0,68.0,2020
220300,13.0,13.0,2020
220310,21.0,21.0,2020
220320,34.0,34.0,2020
220330,39.0,39.0,2020
220350,34.0,34.0,2020
220360,8.0,8.0,2020
220370,75.0,55.0,2020
220380,2.0,2.0,2020
220390,263.0,248.0,2020
220400,14.0,14.0,2020
220410,4.0,4.0,2020
220420,14.0,14.0,2020
220430,25.0,25.0,2020
220440,9.0,9.0,2020
220450,32.0,32.0,2020
220470,11.0,11.0,2020
220480,19.0,19.0,2020
220490,20.0,20.0,2020
220500,21.0,21.0,2020
220510,26.0,26.0,2020
220520,35.0,31.0,2020
220530,7.0,7.0,2020
220540,17.0,17.0,2020
220545,6.0,6.0,2020
220550,24.0,24.0,2020
220553,13.0,13.0,2020
220555,10.0,10.0,2020
220560,8.0,8.0,2020
220570,43.0,43.0,2020
220580,38.0,38.0,2020
220585,7.0,7.0,2020
220590,11.0,11.0,2020
220595,77.0,68.0,2020
220600,11.0,11.0,2020
220610,15.0,15.0,2020
220620,22.0,20.0,2020
220640,13.0,13.0,2020
220650,20.0,20.0,2020
220670,6.0,6.0,2020
220680,9.0,9.0,2020
220690,8.0,8.0,2020
220700,113.0,101.0,2020
220720,36.0,36.0,2020
220730,8.0,8.0,2020
220740,12.0,12.0,2020
220750,16.0,16.0,2020
220760,17.0,17.0,2020
220770,589.0,545.0,2020
220780,89.0,86.0,2020
220790,76.0,55.0,2020
220800,460.0,374.0,2020
220810,16.0,16.0,2020
220820,35.0,35.0,2020
220830,65.0,65.0,2020
220840,99.0,99.0,2020
220850,17.0,17.0,2020
220855,3.0,3.0,2020
220860,16.0,16.0,2020
220870,19.0,19.0,2020
220880,29.0,29.0,2020
220890,17.0,17.0,2020
220900,2.0,2.0,2020
220910,21.0,20.0,2020
220920,10.0,10.0,2020
220937,16.0,8.0,2020
220940,4.0,4.0,2020
220950,7.0,7.0,2020
220960,20.0,20.0,2020
220970,7.0,7.0,2020
220980,12.0,12.0,2020
220990,12.0,12.0,2020
221000,75.0,75.0,2020
221010,6.0,6.0,2020
221020,8.0,8.0,2020
221030,29.0,29.0,2020
221040,39.0,26.0,2020
221050,41.0,41.0,2020
221060,276.0,276.0,2020
221070,52.0,52.0,2020
221080,32.0,32.0,2020
221090,12.0,12.0,2020
221100,3456.0,2587.0,2020
221110,50.0,50.0,2020
221120,37.0,37.0,2020
221130,55.0,55.0,2020
221140,14.0,14.0,2020
221170,19.0,19.0,2020
230010,1.0,1.0,2020
230020,73.0,64.0,2020
230030,104.0,104.0,2020
230040,34.0,34.0,2020
230060,19.0,19.0,2020
230070,33.0,33.0,2020
230075,40.0,40.0,2020
230080,16.0,16.0,2020
230090,12.0,12.0,2020
230100,123.0,40.0,2020
230110,124.0,111.0,2020
230120,50.0,50.0,2020
230125,20.0,20.0,2020
230130,42.0,42.0,2020
230140,12.0,12.0,2020
230150,20.0,20.0,2020
230160,46.0,46.0,2020
230170,89.0,89.0,2020
230180,19.0,19.0,2020
230185,17.0,17.0,2020
230190,392.0,307.0,2020
230195,25.0,25.0,2020
230200,32.0,32.0,2020
230205,9.0,9.0,2020
230210,49.0,47.0,2020
230220,34.0,34.0,2020
230230,32.0,32.0,2020
230240,66.0,66.0,2020
230250,241.0,216.0,2020
230260,92.0,91.0,2020
230270,49.0,49.0,2020
230280,135.0,131.0,2020
230290,14.0,14.0,2020
230300,21.0,21.0,2020
230310,18.0,18.0,2020
230320,33.0,33.0,2020
230330,16.0,16.0,2020
230340,16.0,16.0,2020
230350,68.0,65.0,2020
230360,18.0,18.0,2020
230365,23.0,23.0,2020
230370,243.0,163.0,2020
230380,63.0,61.0,2020
230390,23.0,23.0,2020
230393,16.0,16.0,2020
230395,12.0,12.0,2020
230400,14.0,14.0,2020
230410,171.0,147.0,2020
230420,423.0,222.0,2020
230423,37.0,37.0,2020
230425,56.0,56.0,2020
230426,12.0,12.0,2020
230427,9.0,9.0,2020
230428,120.0,56.0,2020
230430,43.0,43.0,2020
230435,8.0,8.0,2020
230440,8926.0,5909.0,2020
230445,12.0,12.0,2020
230450,16.0,16.0,2020
230460,13.0,13.0,2020
230470,48.0,48.0,2020
230480,25.0,25.0,2020
230490,19.0,19.0,2020
230495,13.0,13.0,2020
230500,40.0,40.0,2020
230510,11.0,11.0,2020
230520,34.0,34.0,2020
230523,60.0,60.0,2020
230526,21.0,21.0,2020
230530,37.0,37.0,2020
230533,7.0,7.0,2020
230535,16.0,16.0,2020
230540,54.0,54.0,2020
230550,232.0,201.0,2020
230560,32.0,32.0,2020
230565,18.0,18.0,2020
230570,26.0,26.0,2020
230580,144.0,63.0,2020
230590,47.0,40.0,2020
230600,31.0,31.0,2020
230610,21.0,21.0,2020
230620,17.0,17.0,2020
230625,26.0,26.0,2020
230630,36.0,34.0,2020
230640,192.0,178.0,2020
230650,28.0,28.0,2020
230655,36.0,36.0,2020
230670,31.0,31.0,2020
230680,23.0,23.0,2020
230690,30.0,30.0,2020
230700,15.0,15.0,2020
230710,64.0,64.0,2020
230720,33.0,33.0,2020
230725,22.0,22.0,2020
230730,626.0,512.0,2020
230740,27.0,27.0,2020
230750,47.0,43.0,2020
230760,296.0,278.0,2020
230763,24.0,24.0,2020
230765,392.0,338.0,2020
230770,129.0,51.0,2020
230780,33.0,33.0,2020
230790,9.0,9.0,2020
230800,30.0,30.0,2020
230810,76.0,76.0,2020
230820,20.0,20.0,2020
230830,87.0,84.0,2020
230835,28.0,28.0,2020
230840,71.0,71.0,2020
230850,65.0,65.0,2020
230860,49.0,49.0,2020
230870,158.0,128.0,2020
230880,12.0,12.0,2020
230890,21.0,21.0,2020
230900,40.0,40.0,2020
230910,9.0,9.0,2020
230920,20.0,20.0,2020
230930,43.0,43.0,2020
230940,20.0,20.0,2020
230945,19.0,19.0,2020
230950,37.0,37.0,2020
230960,43.0,43.0,2020
230970,38.0,38.0,2020
230980,20.0,20.0,2020
231000,9.0,9.0,2020
231010,16.0,16.0,2020
231020,41.0,39.0,2020
231025,25.0,25.0,2020
231030,49.0,49.0,2020
231040,28.0,28.0,2020
231050,51.0,51.0,2020
231060,20.0,20.0,2020
231070,58.0,58.0,2020
231080,25.0,25.0,2020
231085,14.0,14.0,2020
231090,32.0,32.0,2020
231100,21.0,21.0,2020
231110,27.0,27.0,2020
231120,18.0,18.0,2020
231123,13.0,13.0,2020
231126,29.0,29.0,2020
231130,99.0,92.0,2020
231135,24.0,24.0,2020
231140,293.0,293.0,2020
231150,25.0,25.0,2020
231160,50.0,50.0,2020
231170,26.0,26.0,2020
231180,228.0,107.0,2020
231190,37.0,37.0,2020
231195,14.0,14.0,2020
231200,40.0,40.0,2020
231210,21.0,21.0,2020
231220,61.0,61.0,2020
231230,49.0,35.0,2020
231240,42.0,42.0,2020
231260,22.0,22.0,2020
231270,53.0,53.0,2020
231290,878.0,832.0,2020
231300,33.0,33.0,2020
231310,62.0,55.0,2020
231320,39.0,39.0,2020
231325,16.0,16.0,2020
231330,131.0,130.0,2020
231335,16.0,16.0,2020
231340,112.0,112.0,2020
231350,22.0,22.0,2020
231355,13.0,13.0,2020
231360,24.0,24.0,2020
231370,21.0,21.0,2020
231375,13.0,13.0,2020
231380,25.0,25.0,2020
231390,16.0,16.0,2020
231395,19.0,19.0,2020
231400,51.0,49.0,2020
231410,57.0,57.0,2020
240010,40.0,34.0,2020
240020,48.0,34.0,2020
240030,11.0,11.0,2020
240050,124.0,124.0,2020
240060,50.0,50.0,2020
240070,21.0,21.0,2020
240080,28.0,28.0,2020
240090,32.0,32.0,2020
240100,62.0,62.0,2020
240110,34.0,34.0,2020
240120,14.0,13.0,2020
240140,9.0,9.0,2020
240145,21.0,21.0,2020
240150,12.0,12.0,2020
240160,15.0,15.0,2020
240170,10.0,10.0,2020
240180,14.0,14.0,2020
240190,8.0,8.0,2020
240200,184.0,146.0,2020
240210,8.0,8.0,2020
240230,32.0,32.0,2020
240240,41.0,41.0,2020
240250,21.0,21.0,2020
240260,65.0,65.0,2020
240270,24.0,24.0,2020
240280,12.0,12.0,2020
240290,9.0,9.0,2020
240300,12.0,12.0,2020
240310,114.0,98.0,2020
240320,12.0,12.0,2020
240325,226.0,212.0,2020
240330,18.0,18.0,2020
240340,20.0,20.0,2020
240360,16.0,16.0,2020
240370,15.0,15.0,2020
240400,6.0,6.0,2020
240420,14.0,14.0,2020
240430,12.0,12.0,2020
240440,13.0,13.0,2020
240450,44.0,44.0,2020
240460,1.0,1.0,2020
240485,8.0,8.0,2020
240490,15.0,15.0,2020
240500,17.0,17.0,2020
240510,3.0,3.0,2020
240520,20.0,20.0,2020
240530,18.0,18.0,2020
240540,1.0,1.0,2020
240550,3.0,3.0,2020
240560,25.0,25.0,2020
240570,32.0,30.0,2020
240580,34.0,34.0,2020
240590,2.0,2.0,2020
240600,10.0,10.0,2020
240610,48.0,48.0,2020
240620,10.0,10.0,2020
240640,8.0,8.0,2020
240650,24.0,24.0,2020
240670,31.0,31.0,2020
240680,8.0,8.0,2020
240690,12.0,12.0,2020
240700,30.0,30.0,2020
240710,55.0,51.0,2020
240720,66.0,66.0,2020
240725,12.0,12.0,2020
240730,15.0,15.0,2020
240740,12.0,12.0,2020
240760,16.0,16.0,2020
240770,19.0,19.0,2020
240780,21.0,21.0,2020
240790,13.0,13.0,2020
240800,818.0,642.0,2020
240810,3412.0,2384.0,2020
240820,24.0,,2020
240830,38.0,38.0,2020
240840,14.0,14.0,2020
240860,8.0,8.0,2020
240880,6.0,6.0,2020
240890,55.0,50.0,2020
240895,8.0,8.0,2020
240910,30.0,30.0,2020
240930,45.0,40.0,2020
240940,191.0,155.0,2020
240960,4.0,4.0,2020
240980,11.0,11.0,2020
240990,13.0,13.0,2020
241000,10.0,10.0,2020
241010,30.0,30.0,2020
241020,31.0,31.0,2020
241025,2.0,2.0,2020
241030,22.0,22.0,2020
241050,8.0,8.0,2020
241060,19.0,19.0,2020
241070,24.0,24.0,2020
241090,12.0,12.0,2020
241100,18.0,18.0,2020
241105,14.0,14.0,2020
241110,13.0,13.0,2020
241120,133.0,128.0,2020
241140,25.0,25.0,2020
241142,11.0,11.0,2020
241150,46.0,46.0,2020
241170,10.0,10.0,2020
241200,111.0,81.0,2020
241210,8.0,8.0,2020
241220,98.0,58.0,2020
241230,16.0,16.0,2020
241240,12.0,12.0,2020
241250,70.0,70.0,2020
241255,7.0,7.0,2020
241260,31.0,30.0,2020
241270,4.0,4.0,2020
241280,19.0,19.0,2020
241290,14.0,14.0,2020
241300,14.0,14.0,2020
241310,7.0,7.0,2020
241330,12.0,12.0,2020
241335,17.0,17.0,2020
241340,22.0,22.0,2020
241355,13.0,13.0,2020
241360,16.0,16.0,2020
241370,12.0,12.0,2020
241380,14.0,14.0,2020
241390,6.0,6.0,2020
241400,17.0,17.0,2020
241410,27.0,27.0,2020
241415,3.0,3.0,2020
241420,15.0,15.0,2020
241440,30.0,30.0,2020
241445,12.0,12.0,2020
241460,13.0,13.0,2020
241475,8.0,8.0,2020
241480,12.0,12.0,2020
241490,15.0,15.0,2020
241500,21.0,21.0,2020
250010,20.0,20.0,2020
250020,12.0,12.0,2020
250030,46.0,46.0,2020
250040,28.0,28.0,2020
250060,2.0,2.0,2020
250070,28.0,28.0,2020
250080,2.0,2.0,2020
250090,17.0,17.0,2020
250110,36.0,36.0,2020
250130,40.0,40.0,2020
250150,37.0,37.0,2020
250180,48.0,48.0,2020
250190,25.0,25.0,2020
250200,31.0,28.0,2020
250210,3.0,,2020
250230,16.0,16.0,2020
250240,19.0,19.0,2020
250250,25.0,25.0,2020
250260,12.0,12.0,2020
250280,32.0,32.0,2020
250290,18.0,18.0,2020
250300,38.0,38.0,2020
250320,35.0,35.0,2020
250340,5.0,5.0,2020
250350,13.0,13.0,2020
250370,220.0,158.0,2020
250400,1803.0,1432.0,2020
250420,9.0,9.0,2020
250430,64.0,64.0,2020
250440,58.0,58.0,2020
250460,100.0,,2020
250480,39.0,39.0,2020
250500,16.0,16.0,2020
250510,67.0,67.0,2020
250570,12.0,12.0,2020
250600,26.0,26.0,2020
250620,18.0,18.0,2020
250630,207.0,110.0,2020
250650,4.0,4.0,2020
250660,12.0,12.0,2020
250680,10.0,10.0,2020
250690,41.0,41.0,2020
250700,48.0,48.0,2020
250710,18.0,18.0,2020
250730,8.0,8.0,2020
250750,3055.0,1960.0,2020
250770,18.0,18.0,2020
250790,12.0,12.0,2020
250800,11.0,11.0,2020
250820,19.0,19.0,2020
250830,28.0,28.0,2020
250840,10.0,10.0,2020
250860,2.0,2.0,2020
250890,104.0,104.0,2020
250910,6.0,6.0,2020
250920,51.0,51.0,2020
250970,77.0,63.0,2020
250990,19.0,19.0,2020
251010,19.0,19.0,2020
251020,22.0,22.0,2020
251040,1.0,1.0,2020
251080,325.0,274.0,2020
251090,31.0,31.0,2020
251110,20.0,20.0,2020
251120,47.0,47.0,2020
251130,86.0,78.0,2020
251140,100.0,100.0,2020
251150,19.0,18.0,2020
251200,50.0,50.0,2020
251210,94.0,94.0,2020
251230,55.0,51.0,2020
251250,36.0,36.0,2020
251280,8.0,8.0,2020
251320,13.0,13.0,2020
251335,10.0,10.0,2020
251340,36.0,36.0,2020
251370,264.0,250.0,2020
251385,6.0,6.0,2020
251390,47.0,47.0,2020
251420,3.0,3.0,2020
251430,15.0,15.0,2020
251450,17.0,17.0,2020
251490,26.0,26.0,2020
251530,78.0,78.0,2020
251540,24.0,24.0,2020
251550,58.0,58.0,2020
251570,12.0,12.0,2020
251590,7.0,7.0,2020
251600,34.0,34.0,2020
251610,22.0,22.0,2020
251620,159.0,88.0,2020
251630,41.0,41.0,2020
251650,52.0,52.0,2020
251660,23.0,23.0,2020
251670,39.0,39.0,2020
251690,47.0,47.0,2020
260005,269.0,23.0,2020
260010,140.0,108.0,2020
260020,54.0,54.0,2020
260030,123.0,76.0,2020
260040,50.0,50.0,2020
260050,52.0,52.0,2020
260060,24.0,24.0,2020
260070,26.0,26.0,2020
260080,24.0,24.0,2020
260090,31.0,31.0,2020
260100,12.0,12.0,2020
260105,3.0,3.0,2020
260110,226.0,198.0,2020
260120,170.0,128.0,2020
260130,15.0,15.0,2020
260140,95.0,95.0,2020
260150,9.0,9.0,2020
260160,29.0,29.0,2020
260170,95.0,59.0,2020
260180,28.0,28.0,2020
260190,172.0,138.0,2020
260200,24.0,24.0,2020
260210,53.0,53.0,2020
260220,33.0,33.0,2020
260230,52.0,52.0,2020
260240,16.0,16.0,2020
260250,11.0,11.0,2020
260260,60.0,60.0,2020
260270,17.0,17.0,2020
260280,57.0,57.0,2020
260290,501.0,317.0,2020
260300,64.0,64.0,2020
260310,26.0,26.0,2020
260320,40.0,40.0,2020
260330,17.0,17.0,2020
260340,17.0,17.0,2020
260345,441.0,64.0,2020
260350,19.0,19.0,2020
260360,12.0,12.0,2020
260370,32.0,32.0,2020
260380,40.0,40.0,2020
260390,25.0,25.0,2020
260392,11.0,11.0,2020
260400,114.0,112.0,2020
260410,884.0,661.0,2020
260415,35.0,35.0,2020
260420,27.0,27.0,2020
260430,18.0,18.0,2020
260440,19.0,19.0,2020
260450,40.0,38.0,2020
260460,21.0,21.0,2020
260470,29.0,29.0,2020
260480,39.0,39.0,2020
260490,21.0,21.0,2020
260500,20.0,20.0,2020
260510,87.0,49.0,2020
260515,27.0,27.0,2020
260520,83.0,51.0,2020
260530,42.0,42.0,2020
260540,28.0,28.0,2020
260545,17.0,17.0,2020
260560,33.0,33.0,2020
260570,71.0,61.0,2020
260580,11.0,11.0,2020
260590,23.0,23.0,2020
260600,383.0,288.0,2020
260610,55.0,55.0,2020
260620,182.0,139.0,2020
260630,19.0,19.0,2020
260640,98.0,56.0,2020
260650,22.0,22.0,2020
260660,26.0,26.0,2020
260670,20.0,20.0,2020
260680,344.0,100.0,2020
260690,22.0,22.0,2020
260700,13.0,13.0,2020
260710,4.0,4.0,2020
260720,65.0,65.0,2020
260730,45.0,45.0,2020
260740,15.0,15.0,2020
260750,34.0,34.0,2020
260760,14.0,14.0,2020
260765,42.0,42.0,2020
260770,32.0,32.0,2020
260775,6.0,6.0,2020
260780,14.0,14.0,2020
260790,879.0,702.0,2020
260795,32.0,32.0,2020
260800,19.0,19.0,2020
260805,23.0,23.0,2020
260810,33.0,33.0,2020
260820,14.0,14.0,2020
260825,18.0,18.0,2020
260830,16.0,16.0,2020
260840,27.0,27.0,2020
260845,13.0,13.0,2020
260850,27.0,27.0,2020
260860,33.0,33.0,2020
260870,17.0,17.0,2020
260875,31.0,31.0,2020
260880,41.0,41.0,2020
260890,147.0,122.0,2020
260900,52.0,52.0,2020
260910,15.0,15.0,2020
260915,27.0,27.0,2020
260920,13.0,13.0,2020
260930,9.0,9.0,2020
260940,135.0,135.0,2020
260950,40.0,40.0,2020
260960,605.0,306.0,2020
260970,32.0,32.0,2020
260980,17.0,17.0,2020
260990,113.0,107.0,2020
261000,304.0,273.0,2020
261010,14.0,14.0,2020
261020,26.0,26.0,2020
261030,33.0,33.0,2020
261040,40.0,40.0,2020
261050,39.0,39.0,2020
261060,141.0,98.0,2020
261070,468.0,394.0,2020
261080,30.0,30.0,2020
261090,171.0,125.0,2020
261100,112.0,112.0,2020
261110,906.0,613.0,2020
261120,15.0,15.0,2020
261130,35.0,35.0,2020
261140,4.0,4.0,2020
261150,25.0,25.0,2020
261160,8735.0,6518.0,2020
261170,38.0,38.0,2020
261180,38.0,38.0,2020
261190,16.0,16.0,2020
261200,10.0,10.0,2020
261210,5.0,5.0,2020
261220,257.0,192.0,2020
261230,30.0,30.0,2020
261240,14.0,14.0,2020
261245,24.0,24.0,2020
261247,21.0,21.0,2020
261250,141.0,135.0,2020
261255,17.0,17.0,2020
261260,29.0,29.0,2020
261280,19.0,19.0,2020
261290,28.0,28.0,2020
261300,46.0,46.0,2020
261310,30.0,30.0,2020
261320,31.0,31.0,2020
261330,34.0,34.0,2020
261340,26.0,26.0,2020
261350,33.0,32.0,2020
261360,90.0,82.0,2020
261370,97.0,97.0,2020
261380,29.0,29.0,2020
261390,495.0,378.0,2020
261400,32.0,32.0,2020
261410,73.0,54.0,2020
261420,26.0,26.0,2020
261430,11.0,11.0,2020
261440,16.0,10.0,2020
261450,203.0,198.0,2020
261460,69.0,49.0,2020
261480,21.0,21.0,2020
261485,16.0,16.0,2020
261500,56.0,56.0,2020
261510,12.0,12.0,2020
261520,11.0,11.0,2020
261530,137.0,106.0,2020
261540,44.0,44.0,2020
261550,11.0,11.0,2020
261560,73.0,29.0,2020
261570,18.0,18.0,2020
261580,21.0,21.0,2020
261590,39.0,39.0,2020
261600,24.0,24.0,2020
261610,15.0,15.0,2020
261618,4.0,4.0,2020
261620,40.0,40.0,2020
261630,40.0,40.0,2020
261640,408.0,267.0,2020
261650,14.0,14.0,2020
270010,25.0,25.0,2020
270020,25.0,25.0,2020
270030,1043.0,832.0,2020
270040,44.0,44.0,2020
270070,35.0,35.0,2020
270100,14.0,14.0,2020
270120,3.0,3.0,2020
270130,26.0,26.0,2020
270140,77.0,77.0,2020
270170,70.0,70.0,2020
270210,33.0,33.0,2020
270230,274.0,274.0,2020
270235,8.0,8.0,2020
270240,44.0,44.0,2020
270280,15.0,15.0,2020
270290,48.0,48.0,2020
270300,3.0,3.0,2020
270310,14.0,14.0,2020
270380,50.0,50.0,2020
270400,35.0,35.0,2020
270410,3.0,3.0,2020
270420,14.0,14.0,2020
270430,3182.0,2372.0,2020
270440,32.0,32.0,2020
270450,4.0,4.0,2020
270470,3.0,3.0,2020
270500,36.0,36.0,2020
270510,24.0,24.0,2020
270550,53.0,53.0,2020
270570,47.0,46.0,2020
270630,136.0,120.0,2020
270640,52.0,52.0,2020
270660,16.0,16.0,2020
270670,109.0,95.0,2020
270680,18.0,18.0,2020
270690,50.0,50.0,2020
270710,42.0,42.0,2020
270730,90.0,90.0,2020
270760,28.0,28.0,2020
270770,81.0,41.0,2020
270800,96.0,96.0,2020
270820,3.0,3.0,2020
270830,70.0,70.0,2020
270840,20.0,20.0,2020
270850,27.0,27.0,2020
270860,124.0,116.0,2020
270880,6.0,6.0,2020
270910,1.0,1.0,2020
270915,61.0,61.0,2020
270920,9.0,9.0,2020
270930,168.0,161.0,2020
270940,40.0,40.0,2020
280020,32.0,32.0,2020
280030,2177.0,1394.0,2020
280067,18.0,18.0,2020
280120,27.0,27.0,2020
280130,65.0,65.0,2020
280140,1.0,1.0,2020
280210,189.0,186.0,2020
280230,1.0,1.0,2020
280290,177.0,148.0,2020
280300,45.0,45.0,2020
280340,21.0,21.0,2020
280350,202.0,170.0,2020
280360,1.0,1.0,2020
280420,7.0,7.0,2020
280440,25.0,25.0,2020
280450,37.0,37.0,2020
280480,48.0,48.0,2020
280540,18.0,18.0,2020
280550,12.0,12.0,2020
280560,18.0,18.0,2020
280570,49.0,49.0,2020
280580,1.0,1.0,2020
280590,56.0,56.0,2020
280610,14.0,14.0,2020
280670,31.0,30.0,2020
280710,17.0,17.0,2020
280760,4.0,,2020
290010,9.0,9.0,2020
290020,24.0,24.0,2020
290030,8.0,8.0,2020
290035,19.0,19.0,2020
290040,20.0,20.0,2020
290050,15.0,15.0,2020
290060,13.0,13.0,2020
290070,221.0,159.0,2020
290080,59.0,51.0,2020
290100,57.0,57.0,2020
290110,16.0,16.0,2020
290115,26.0,26.0,2020
290120,33.0,33.0,2020
290130,32.0,32.0,2020
290135,6.0,5.0,2020
290140,6.0,6.0,2020
290150,6.0,6.0,2020
290160,142.0,142.0,2020
290190,1.0,1.0,2020
290200,41.0,33.0,2020
290205,23.0,23.0,2020
290210,48.0,48.0,2020
290240,40.0,40.0,2020
290250,28.0,28.0,2020
290260,36.0,36.0,2020
290270,83.0,82.0,2020
290280,84.0,67.0,2020
290290,32.0,32.0,2020
290300,26.0,26.0,2020
290320,406.0,329.0,2020
290323,23.0,22.0,2020
290327,29.0,29.0,2020
290330,9.0,9.0,2020
290340,40.0,40.0,2020
290350,44.0,44.0,2020
290360,14.0,14.0,2020
290380,14.0,14.0,2020
290390,90.0,90.0,2020
290395,28.0,14.0,2020
290400,24.0,24.0,2020
290405,16.0,16.0,2020
290410,26.0,26.0,2020
290420,16.0,16.0,2020
290430,19.0,19.0,2020
290440,35.0,35.0,2020
290450,15.0,15.0,2020
290460,112.0,100.0,2020
290475,19.0,19.0,2020
290480,14.0,14.0,2020
290485,4.0,4.0,2020
290490,83.0,83.0,2020
290500,51.0,49.0,2020
290510,36.0,36.0,2020
290520,166.0,144.0,2020
290530,33.0,33.0,2020
290550,39.0,39.0,2020
290560,85.0,85.0,2020
290570,421.0,244.0,2020
290580,17.0,17.0,2020
290590,77.0,36.0,2020
290600,84.0,73.0,2020
290610,24.0,24.0,2020
290620,36.0,36.0,2020
290630,75.0,65.0,2020
290640,7.0,7.0,2020
290650,96.0,52.0,2020
290660,37.0,37.0,2020
290670,55.0,55.0,2020
290680,46.0,46.0,2020
290682,41.0,41.0,2020
290685,11.0,11.0,2020
290687,57.0,57.0,2020
290689,3.0,3.0,2020
290690,57.0,57.0,2020
290710,30.0,30.0,2020
290720,41.0,41.0,2020
290730,60.0,60.0,2020
290750,100.0,46.0,2020
290755,8.0,8.0,2020
290760,42.0,42.0,2020
290770,15.0,15.0,2020
290780,49.0,46.0,2020
290790,30.0,30.0,2020
290800,43.0,43.0,2020
290810,31.0,31.0,2020
290830,32.0,32.0,2020
290840,214.0,119.0,2020
290850,95.0,36.0,2020
290860,15.0,15.0,2020
290870,16.0,16.0,2020
290890,32.0,32.0,2020
290900,5.0,5.0,2020
290910,36.0,36.0,2020
290930,35.0,35.0,2020
290940,29.0,29.0,2020
290950,24.0,24.0,2020
290960,23.0,23.0,2020
290970,69.0,69.0,2020
290980,85.0,75.0,2020
290990,26.0,26.0,2020
291005,110.0,78.0,2020
291010,14.0,14.0,2020
291030,12.0,12.0,2020
291040,49.0,49.0,2020
291050,65.0,65.0,2020
291060,40.0,40.0,2020
291070,47.0,47.0,2020
291072,260.0,139.0,2020
291077,6.0,6.0,2020
291080,1407.0,1005.0,2020
291085,31.0,31.0,2020
291110,29.0,29.0,2020
291120,82.0,78.0,2020
291130,16.0,16.0,2020
291150,5.0,5.0,2020
291160,40.0,,2020
291170,185.0,149.0,2020
291180,32.0,32.0,2020
291190,34.0,34.0,2020
291200,29.0,29.0,2020
291210,32.0,32.0,2020
291230,21.0,21.0,2020
291240,44.0,11.0,2020
291250,14.0,14.0,2020
291260,2.0,2.0,2020
291270,30.0,30.0,2020
291280,23.0,23.0,2020
291290,91.0,91.0,2020
291300,62.0,35.0,2020
291310,32.0,31.0,2020
291320,78.0,50.0,2020
291330,22.0,22.0,2020
291340,29.0,29.0,2020
291345,8.0,8.0,2020
291350,84.0,74.0,2020
291360,662.0,467.0,2020
291370,38.0,38.0,2020
291380,12.0,12.0,2020
291390,124.0,85.0,2020
291400,44.0,43.0,2020
291410,24.0,24.0,2020
291420,29.0,29.0,2020
291430,16.0,16.0,2020
291440,47.0,47.0,2020
291450,30.0,30.0,2020
291460,175.0,128.0,2020
291465,46.0,46.0,2020
291470,111.0,109.0,2020
291480,575.0,474.0,2020
291490,61.0,61.0,2020
291500,15.0,15.0,2020
291510,8.0,8.0,2020
291520,5.0,5.0,2020
291530,20.0,20.0,2020
291535,24.0,24.0,2020
291540,12.0,12.0,2020
291550,60.0,60.0,2020
291560,84.0,83.0,2020
291580,50.0,50.0,2020
291600,54.0,52.0,2020
291610,52.0,52.0,2020
291630,12.0,12.0,2020
291640,89.0,69.0,2020
291650,54.0,54.0,2020
291660,16.0,16.0,2020
291670,19.0,19.0,2020
291680,30.0,30.0,2020
291685,20.0,20.0,2020
291690,85.0,85.0,2020
291700,45.0,42.0,2020
291710,45.0,45.0,2020
291720,24.0,24.0,2020
291730,33.0,33.0,2020
291733,14.0,14.0,2020
291735,30.0,30.0,2020
291740,29.0,29.0,2020
291750,203.0,139.0,2020
291760,117.0,107.0,2020
291770,32.0,32.0,2020
291800,597.0,462.0,2020
291810,34.0,34.0,2020
291820,29.0,29.0,2020
291830,14.0,14.0,2020
291835,32.0,32.0,2020
291840,526.0,482.0,2020
291845,24.0,24.0,2020
291850,31.0,31.0,2020
291855,37.0,37.0,2020
291860,12.0,12.0,2020
291875,17.0,17.0,2020
291880,41.0,41.0,2020
291905,27.0,27.0,2020
291915,50.0,50.0,2020
291920,551.0,410.0,2020
291930,14.0,14.0,2020
291940,20.0,20.0,2020
291950,89.0,51.0,2020
291955,122.0,75.0,2020
291960,20.0,20.0,2020
291970,27.0,27.0,2020
291980,76.0,61.0,2020
291990,20.0,20.0,2020
291992,28.0,28.0,2020
292000,14.0,14.0,2020
292010,27.0,27.0,2020
292020,21.0,21.0,2020
292050,58.0,58.0,2020
292060,15.0,15.0,2020
292080,19.0,19.0,2020
292100,78.0,56.0,2020
292105,21.0,21.0,2020
292110,32.0,32.0,2020
292120,87.0,87.0,2020
292130,21.0,21.0,2020
292140,20.0,,2020
292150,60.0,60.0,2020
292160,2.0,2.0,2020
292170,56.0,47.0,2020
292180,24.0,24.0,2020
292190,32.0,32.0,2020
292200,97.0,69.0,2020
292205,34.0,34.0,2020
292210,32.0,32.0,2020
292230,40.0,40.0,2020
292240,45.0,45.0,2020
292250,50.0,50.0,2020
292265,30.0,30.0,2020
292270,30.0,30.0,2020
292273,5.0,5.0,2020
292290,7.0,7.0,2020
292300,61.0,61.0,2020
292310,23.0,23.0,2020
292320,13.0,13.0,2020
292330,15.0,15.0,2020
292335,17.0,17.0,2020
292340,54.0,54.0,2020
292360,88.0,84.0,2020
292370,36.0,36.0,2020
292380,21.0,18.0,2020
292390,13.0,13.0,2020
292400,174.0,148.0,2020
292405,8.0,8.0,2020
292430,26.0,26.0,2020
292440,30.0,30.0,2020
292450,24.0,24.0,2020
292460,58.0,58.0,2020
292465,11.0,6.0,2020
292470,17.0,17.0,2020
292480,25.0,25.0,2020
292490,27.0,27.0,2020
292500,59.0,59.0,2020
292510,68.0,68.0,2020
292520,147.0,135.0,2020
292525,29.0,29.0,2020
292530,179.0,132.0,2020
292540,21.0,21.0,2020
292550,42.0,42.0,2020
292560,17.0,17.0,2020
292575,17.0,17.0,2020
292580,50.0,50.0,2020
292590,17.0,17.0,2020
292595,22.0,22.0,2020
292600,101.0,71.0,2020
292610,24.0,24.0,2020
292620,29.0,29.0,2020
292630,121.0,115.0,2020
292640,59.0,59.0,2020
292650,5.0,5.0,2020
292660,95.0,83.0,2020
292670,17.0,17.0,2020
292690,27.0,27.0,2020
292700,55.0,55.0,2020
292720,120.0,113.0,2020
292730,9.0,9.0,2020
292740,8646.0,6059.0,2020
292750,13.0,13.0,2020
292770,22.0,22.0,2020
292790,23.0,23.0,2020
292800,126.0,122.0,2020
292810,55.0,48.0,2020
292820,36.0,36.0,2020
292830,13.0,13.0,2020
292840,24.0,24.0,2020
292850,28.0,28.0,2020
292860,89.0,82.0,2020
292870,328.0,226.0,2020
292880,112.0,89.0,2020
292890,24.0,24.0,2020
292895,20.0,20.0,2020
292900,90.0,85.0,2020
292905,49.0,22.0,2020
292910,18.0,18.0,2020
292920,35.0,34.0,2020
292925,34.0,34.0,2020
292930,36.0,36.0,2020
292940,30.0,29.0,2020
292950,53.0,53.0,2020
292960,27.0,27.0,2020
292970,25.0,25.0,2020
292975,13.0,13.0,2020
292980,39.0,39.0,2020
292990,95.0,91.0,2020
293000,20.0,20.0,2020
293010,162.0,132.0,2020
293015,31.0,31.0,2020
293020,32.0,32.0,2020
293030,45.0,45.0,2020
293040,25.0,25.0,2020
293050,224.0,197.0,2020
293060,33.0,33.0,2020
293070,55.0,55.0,2020
293075,18.0,18.0,2020
293077,54.0,54.0,2020
293080,12.0,12.0,2020
293090,32.0,32.0,2020
293105,30.0,30.0,2020
293110,20.0,20.0,2020
293120,26.0,26.0,2020
293130,33.0,33.0,2020
293135,289.0,216.0,2020
293150,18.0,18.0,2020
293160,24.0,24.0,2020
293180,19.0,19.0,2020
293190,58.0,30.0,2020
293200,24.0,24.0,2020
293210,71.0,71.0,2020
293220,100.0,100.0,2020
293230,37.0,37.0,2020
293240,30.0,30.0,2020
293245,5.0,5.0,2020
293250,47.0,47.0,2020
293260,34.0,34.0,2020
293280,24.0,24.0,2020
293290,121.0,112.0,2020
293300,64.0,60.0,2020
293305,21.0,21.0,2020
293310,30.0,30.0,2020
293315,20.0,20.0,2020
293320,13.0,13.0,2020
293325,12.0,12.0,2020
293330,845.0,616.0,2020
293340,40.0,37.0,2020
293345,28.0,28.0,2020
293350,44.0,44.0,2020
293360,93.0,91.0,2020
310010,17.0,12.0,2020
310020,46.0,41.0,2020
310030,66.0,59.0,2020
310060,13.0,13.0,2020
310090,65.0,59.0,2020
310100,47.0,46.0,2020
310110,53.0,43.0,2020
310120,30.0,28.0,2020
310130,17.0,13.0,2020
310150,83.0,38.0,2020
310160,453.0,193.0,2020
310170,77.0,77.0,2020
310190,44.0,35.0,2020
310200,30.0,26.0,2020
310210,17.0,16.0,2020
310230,35.0,30.0,2020
310260,65.0,50.0,2020
310270,26.0,26.0,2020
310280,49.0,36.0,2020
310290,12.0,12.0,2020
310340,92.0,80.0,2020
310350,170.0,99.0,2020
310375,13.0,13.0,2020
310400,324.0,167.0,2020
310410,8.0,8.0,2020
310420,64.0,47.0,2020
310430,14.0,14.0,2020
310450,27.0,27.0,2020
310470,35.0,35.0,2020
310490,59.0,48.0,2020
310510,174.0,102.0,2020
310540,34.0,34.0,2020
310560,1137.0,487.0,2020
310590,49.0,40.0,2020
310620,8940.0,5127.0,2020
310630,50.0,34.0,2020
310640,31.0,31.0,2020
310650,40.0,40.0,2020
310670,754.0,517.0,2020
310690,35.0,28.0,2020
310710,71.0,55.0,2020
310730,64.0,64.0,2020
310740,76.0,50.0,2020
310750,29.0,29.0,2020
310780,50.0,,2020
310800,66.0,50.0,2020
310820,7.0,7.0,2020
310830,8.0,,2020
310840,19.0,15.0,2020
310860,115.0,103.0,2020
310890,24.0,17.0,2020
310900,48.0,48.0,2020
310910,25.0,19.0,2020
310930,31.0,21.0,2020
310940,31.0,31.0,2020
310950,42.0,30.0,2020
310990,44.0,37.0,2020
311000,56.0,50.0,2020
311030,39.0,39.0,2020
311050,27.0,21.0,2020
311060,49.0,32.0,2020
311070,36.0,36.0,2020
311090,22.0,20.0,2020
311100,40.0,24.0,2020
311110,41.0,41.0,2020
311120,108.0,76.0,2020
311130,25.0,25.0,2020
311150,38.0,35.0,2020
311160,51.0,45.0,2020
311180,25.0,23.0,2020
311200,22.0,22.0,2020
311230,55.0,46.0,2020
311260,19.0,19.0,2020
311270,20.0,20.0,2020
311280,22.0,11.0,2020
311300,42.0,42.0,2020
311320,47.0,42.0,2020
311330,213.0,164.0,2020
311340,200.0,128.0,2020
311350,21.0,21.0,2020
311360,20.0,14.0,2020
311370,46.0,46.0,2020
311380,10.0,10.0,2020
311390,37.0,37.0,2020
311400,26.0,24.0,2020
311410,49.0,47.0,2020
311430,48.0,37.0,2020
311440,30.0,27.0,2020
311450,38.0,26.0,2020
311460,19.0,17.0,2020
311510,47.0,35.0,2020
311530,121.0,73.0,2020
311550,33.0,31.0,2020
311570,22.0,22.0,2020
311580,19.0,19.0,2020
311615,17.0,17.0,2020
311630,14.0,14.0,2020
311660,44.0,36.0,2020
311680,38.0,38.0,2020
311710,19.0,19.0,2020
311730,22.0,22.0,2020
311750,43.0,42.0,2020
311770,32.0,24.0,2020
311800,65.0,42.0,2020
311820,15.0,11.0,2020
311830,255.0,182.0,2020
311840,50.0,41.0,2020
311860,539.0,328.0,2020
311880,33.0,33.0,2020
311930,31.0,31.0,2020
311940,103.0,38.0,2020
312020,19.0,19.0,2020
312050,33.0,31.0,2020
312080,66.0,61.0,2020
312090,180.0,129.0,2020
312100,21.0,21.0,2020
312120,19.0,14.0,2020
312160,205.0,185.0,2020
312180,9.0,,2020
312200,42.0,42.0,2020
312210,21.0,21.0,2020
312230,675.0,219.0,2020
312235,1.0,,2020
312240,7.0,,2020
312260,19.0,19.0,2020
312270,27.0,18.0,2020
312320,40.0,40.0,2020
312360,36.0,36.0,2020
312390,49.0,46.0,2020
312400,22.0,20.0,2020
312410,40.0,37.0,2020
312420,47.0,42.0,2020
312430,40.0,40.0,2020
312450,25.0,20.0,2020
312470,21.0,21.0,2020
312480,4.0,4.0,2020
312490,30.0,29.0,2020
312510,48.0,44.0,2020
312550,8.0,8.0,2020
312560,42.0,42.0,2020
312590,25.0,23.0,2020
312595,19.0,19.0,2020
312610,85.0,59.0,2020
312620,10.0,10.0,2020
312650,11.0,11.0,2020
312670,50.0,50.0,2020
312690,16.0,16.0,2020
312710,80.0,45.0,2020
312760,26.0,26.0,2020
312770,588.0,416.0,2020
312780,48.0,48.0,2020
312800,88.0,73.0,2020
312810,29.0,24.0,2020
312820,23.0,23.0,2020
312830,39.0,27.0,2020
312860,16.0,16.0,2020
312870,93.0,55.0,2020
312910,10.0,10.0,2020
312940,48.0,48.0,2020
312950,39.0,36.0,2020
312970,12.0,12.0,2020
312980,113.0,113.0,2020
313030,28.0,16.0,2020
313050,30.0,28.0,2020
313090,48.0,47.0,2020
313120,50.0,47.0,2020
313130,602.0,360.0,2020
313150,18.0,15.0,2020
313170,242.0,177.0,2020
313180,20.0,17.0,2020
313190,70.0,44.0,2020
313210,41.0,41.0,2020
313220,45.0,44.0,2020
313230,28.0,28.0,2020
313240,176.0,112.0,2020
313250,91.0,69.0,2020
313270,85.0,81.0,2020
313290,24.0,12.0,2020
313300,47.0,47.0,2020
313310,75.0,60.0,2020
313320,20.0,18.0,2020
313330,63.0,58.0,2020
313350,54.0,46.0,2020
313375,34.0,34.0,2020
313380,110.0,75.0,2020
313420,227.0,146.0,2020
313440,83.0,63.0,2020
313460,31.0,31.0,2020
313470,38.0,38.0,2020
313480,12.0,10.0,2020
313490,37.0,26.0,2020
313505,25.0,25.0,2020
313510,156.0,126.0,2020
313520,66.0,66.0,2020
313540,34.0,32.0,2020
313580,81.0,56.0,2020
313600,33.0,33.0,2020
313620,136.0,85.0,2020
313630,65.0,48.0,2020
313650,27.0,27.0,2020
313665,14.0,14.0,2020
313670,2410.0,1400.0,2020
313690,14.0,11.0,2020
313700,21.0,21.0,2020
313710,9.0,9.0,2020
313720,54.0,46.0,2020
313750,19.0,19.0,2020
313760,77.0,32.0,2020
313770,50.0,40.0,2020
313780,50.0,46.0,2020
313790,8.0,8.0,2020
313800,23.0,20.0,2020
313820,272.0,184.0,2020
313840,122.0,97.0,2020
313860,35.0,29.0,2020
313880,47.0,44.0,2020
313890,44.0,44.0,2020
313900,56.0,42.0,2020
313920,32.0,32.0,2020
313930,38.0,34.0,2020
313940,195.0,136.0,2020
313950,95.0,81.0,2020
313960,82.0,74.0,2020
313980,38.0,30.0,2020
313990,16.0,16.0,2020
314000,67.0,56.0,2020
314050,18.0,18.0,2020
314070,62.0,49.0,2020
314090,41.0,39.0,2020
314100,4.0,4.0,2020
314110,62.0,51.0,2020
314120,10.0,10.0,2020
314140,56.0,53.0,2020
314150,18.0,18.0,2020
314160,20.0,13.0,2020
314180,61.0,42.0,2020
314190,20.0,13.0,2020
314200,30.0,30.0,2020
314220,48.0,36.0,2020
314240,13.0,12.0,2020
314260,44.0,44.0,2020
314270,30.0,30.0,2020
314280,22.0,18.0,2020
314290,39.0,39.0,2020
314300,18.0,13.0,2020
314310,146.0,122.0,2020
314320,50.0,28.0,2020
314330,898.0,667.0,2020
314350,20.0,19.0,2020
314370,1.0,1.0,2020
314390,569.0,363.0,2020
314400,50.0,46.0,2020
314410,50.0,27.0,2020
314430,75.0,50.0,2020
314450,15.0,15.0,2020
314460,34.0,28.0,2020
314470,43.0,43.0,2020
314480,259.0,82.0,2020
314500,23.0,23.0,2020
314510,18.0,18.0,2020
314520,57.0,32.0,2020
314530,39.0,39.0,2020
314560,105.0,91.0,2020
314590,103.0,47.0,2020
314600,50.0,36.0,2020
314610,152.0,115.0,2020
314630,40.0,40.0,2020
314650,18.0,18.0,2020
314670,28.0,22.0,2020
314700,266.0,67.0,2020
314710,116.0,69.0,2020
314720,33.0,33.0,2020
314730,34.0,31.0,2020
314750,17.0,15.0,2020
314760,49.0,49.0,2020
314770,30.0,26.0,2020
314790,345.0,194.0,2020
314800,370.0,205.0,2020
314810,152.0,84.0,2020
314860,34.0,34.0,2020
314870,65.0,56.0,2020
314910,17.0,9.0,2020
314920,14.0,14.0,2020
314930,59.0,47.0,2020
314980,28.0,26.0,2020
314990,50.0,36.0,2020
315030,14.0,14.0,2020
315050,12.0,12.0,2020
315080,26.0,25.0,2020
315110,32.0,32.0,2020
315120,141.0,92.0,2020
315140,50.0,37.0,2020
315150,90.0,54.0,2020
315160,6.0,6.0,2020
315170,49.0,37.0,2020
315180,497.0,236.0,2020
315190,18.0,18.0,2020
315200,32.0,25.0,2020
315210,262.0,209.0,2020
315220,46.0,39.0,2020
315240,33.0,32.0,2020
315250,369.0,210.0,2020
315260,27.0,26.0,2020
315270,31.0,28.0,2020
315280,30.0,30.0,2020
315290,16.0,14.0,2020
315300,2.0,2.0,2020
315310,18.0,18.0,2020
315340,18.0,18.0,2020
315400,56.0,34.0,2020
315410,34.0,34.0,2020
315420,49.0,39.0,2020
315430,65.0,56.0,2020
315460,146.0,133.0,2020
315470,12.0,11.0,2020
315480,6.0,6.0,2020
315490,40.0,31.0,2020
315520,18.0,18.0,2020
315540,39.0,39.0,2020
315550,19.0,19.0,2020
315560,40.0,40.0,2020
315570,38.0,38.0,2020
315580,61.0,32.0,2020
315590,17.0,14.0,2020
315600,32.0,32.0,2020
315660,35.0,33.0,2020
315670,108.0,106.0,2020
315680,42.0,42.0,2020
315690,51.0,31.0,2020
315700,161.0,122.0,2020
315710,15.0,13.0,2020
315720,50.0,35.0,2020
315770,30.0,30.0,2020
315780,157.0,157.0,2020
315790,31.0,31.0,2020
315800,13.0,,2020
315810,6.0,6.0,2020
315820,41.0,41.0,2020
315920,43.0,,2020
315930,18.0,15.0,2020
315960,48.0,34.0,2020
315980,39.0,34.0,2020
315990,40.0,37.0,2020
316030,8.0,,2020
316040,50.0,41.0,2020
316070,75.0,54.0,2020
316100,40.0,40.0,2020
316110,55.0,55.0,2020
316200,47.0,28.0,2020
316210,51.0,33.0,2020
316220,23.0,17.0,2020
316240,31.0,31.0,2020
316250,207.0,142.0,2020
316257,12.0,12.0,2020
316270,48.0,48.0,2020
316280,52.0,50.0,2020
316290,56.0,51.0,2020
316292,21.0,21.0,2020
316370,101.0,80.0,2020
316390,8.0,8.0,2020
316420,18.0,18.0,2020
316430,10.0,4.0,2020
316470,319.0,265.0,2020
316500,45.0,30.0,2020
316510,1.0,,2020
316530,30.0,23.0,2020
316570,20.0,6.0,2020
316680,33.0,33.0,2020
316690,14.0,13.0,2020
316710,56.0,37.0,2020
316720,342.0,226.0,2020
316800,101.0,94.0,2020
316840,52.0,49.0,2020
316850,15.0,15.0,2020
316860,322.0,266.0,2020
316870,69.0,41.0,2020
316890,14.0,14.0,2020
316920,50.0,30.0,2020
316930,137.0,92.0,2020
316935,34.0,27.0,2020
316940,126.0,73.0,2020
316960,15.0,15.0,2020
316970,56.0,39.0,2020
316990,315.0,221.0,2020
317005,2.0,,2020
317010,905.0,647.0,2020
317020,1445.0,980.0,2020
317040,148.0,83.0,2020
317043,34.0,34.0,2020
317052,30.0,30.0,2020
317070,331.0,185.0,2020
317080,66.0,42.0,2020
317090,23.0,23.0,2020
317100,47.0,34.0,2020
317120,75.0,69.0,2020
317130,245.0,169.0,2020
317160,39.0,39.0,2020
317170,27.0,25.0,2020
317180,49.0,49.0,2020
317200,82.0,52.0,2020
320010,58.0,52.0,2020
320020,50.0,43.0,2020
320040,224.0,57.0,2020
320050,16.0,16.0,2020
320060,160.0,130.0,2020
320070,10.0,10.0,2020
320080,51.0,51.0,2020
320090,86.0,61.0,2020
320100,39.0,31.0,2020
320120,585.0,410.0,2020
320130,350.0,208.0,2020
320140,55.0,37.0,2020
320150,491.0,356.0,2020
320160,16.0,16.0,2020
320170,20.0,17.0,2020
320190,102.0,93.0,2020
320210,56.0,46.0,2020
320220,71.0,11.0,2020
320230,54.0,47.0,2020
320240,59.0,59.0,2020
320245,50.0,41.0,2020
320260,24.0,22.0,2020
320270,51.0,47.0,2020
320280,83.0,74.0,2020
320290,38.0,36.0,2020
320300,66.0,56.0,2020
320305,22.0,22.0,2020
320310,34.0,34.0,2020
320313,51.0,33.0,2020
320316,23.0,23.0,2020
320320,253.0,150.0,2020
320332,94.0,,2020
320340,53.0,41.0,2020
320350,35.0,32.0,2020
320360,19.0,19.0,2020
320370,35.0,34.0,2020
320380,42.0,38.0,2020
320390,61.0,48.0,2020
320400,15.0,15.0,2020
320405,36.0,30.0,2020
320410,32.0,32.0,2020
320420,88.0,12.0,2020
320435,26.0,26.0,2020
320450,25.0,25.0,2020
320455,59.0,56.0,2020
320460,59.0,48.0,2020
320470,142.0,20.0,2020
320480,76.0,76.0,2020
320490,298.0,206.0,2020
320500,594.0,307.0,2020
320503,30.0,30.0,2020
320506,105.0,61.0,2020
320520,1020.0,612.0,2020
320530,1670.0,1108.0,2020
330010,318.0,264.0,2020
330015,35.0,35.0,2020
330020,197.0,162.0,2020
330022,21.0,21.0,2020
330023,48.0,48.0,2020
330025,79.0,79.0,2020
330030,260.0,214.0,2020
330040,313.0,199.0,2020
330045,403.0,278.0,2020
330050,65.0,60.0,2020
330060,155.0,93.0,2020
330070,586.0,367.0,2020
330080,68.0,68.0,2020
330090,44.0,32.0,2020
330093,20.0,20.0,2020
330100,1709.0,1113.0,2020
330110,83.0,71.0,2020
330120,38.0,36.0,2020
330130,64.0,64.0,2020
330140,21.0,21.0,2020
330150,40.0,40.0,2020
330160,30.0,30.0,2020
330170,1101.0,745.0,2020
330180,29.0,23.0,2020
330185,137.0,73.0,2020
330190,332.0,325.0,2020
330200,171.0,102.0,2020
330205,56.0,,2020
330210,68.0,40.0,2020
330220,383.0,229.0,2020
330225,36.0,36.0,2020
330227,20.0,20.0,2020
330230,30.0,30.0,2020
330240,485.0,272.0,2020
330250,162.0,112.0,2020
330260,62.0,62.0,2020
330270,258.0,224.0,2020
330280,45.0,35.0,2020
330285,180.0,104.0,2020
330290,66.0,66.0,2020
330300,71.0,42.0,2020
330310,49.0,39.0,2020
330320,247.0,88.0,2020
330330,2055.0,1106.0,2020
330340,678.0,419.0,2020
330350,915.0,480.0,2020
330360,97.0,69.0,2020
330370,123.0,121.0,2020
330380,68.0,68.0,2020
330390,1868.0,1090.0,2020
330395,33.0,31.0,2020
330400,57.0,51.0,2020
330410,1.0,1.0,2020
330411,45.0,45.0,2020
330412,33.0,33.0,2020
330414,119.0,119.0,2020
330415,84.0,84.0,2020
330420,342.0,158.0,2020
330430,118.0,97.0,2020
330440,41.0,41.0,2020
330450,21.0,21.0,2020
330452,113.0,101.0,2020
330455,16361.0,9064.0,2020
330460,23.0,23.0,2020
330470,151.0,58.0,2020
330475,29.0,29.0,2020
330480,111.0,102.0,2020
330490,1488.0,768.0,2020
330500,60.0,60.0,2020
330510,136.0,71.0,2020
330515,57.0,55.0,2020
330520,72.0,56.0,2020
330530,48.0,39.0,2020
330540,4.0,4.0,2020
330550,96.0,96.0,2020
330555,36.0,36.0,2020
330560,40.0,40.0,2020
330570,25.0,25.0,2020
330575,214.0,43.0,2020
330580,395.0,258.0,2020
330590,38.0,31.0,2020
330600,258.0,178.0,2020
330610,313.0,288.0,2020
330615,26.0,23.0,2020
330620,457.0,403.0,2020
330630,864.0,582.0,2020
350010,235.0,206.0,2020
350050,30.0,22.0,2020
350070,55.0,39.0,2020
350100,31.0,25.0,2020
350110,22.0,19.0,2020
350130,20.0,18.0,2020
350160,508.0,196.0,2020
350170,193.0,193.0,2020
350190,392.0,215.0,2020
350210,102.0,69.0,2020
350220,57.0,54.0,2020
350250,106.0,73.0,2020
350260,14.0,13.0,2020
350270,56.0,51.0,2020
350280,412.0,248.0,2020
350290,325.0,4.0,2020
350310,12.0,12.0,2020
350320,454.0,254.0,2020
350330,499.0,252.0,2020
350340,29.0,18.0,2020
350380,36.0,,2020
350390,98.0,30.0,2020
350400,278.0,153.0,2020
350410,192.0,55.0,2020
350420,40.0,35.0,2020
350450,159.0,95.0,2020
350490,15.0,15.0,2020
350520,51.0,34.0,2020
350530,91.0,59.0,2020
350550,503.0,391.0,2020
350570,496.0,420.0,2020
350580,35.0,28.0,2020
350590,133.0,101.0,2020
350600,1268.0,676.0,2020
350610,153.0,88.0,2020
350630,23.0,23.0,2020
350635,59.0,59.0,2020
350640,36.0,35.0,2020
350650,146.0,66.0,2020
350670,11.0,10.0,2020
350680,35.0,29.0,2020
350700,48.0,38.0,2020
350710,11.0,11.0,2020
350740,26.0,16.0,2020
350750,714.0,541.0,2020
350760,402.0,221.0,2020
350790,41.0,35.0,2020
350810,36.0,18.0,2020
350840,16.0,11.0,2020
350850,176.0,60.0,2020
350860,21.0,21.0,2020
350870,62.0,62.0,2020
350880,48.0,37.0,2020
350900,129.0,85.0,2020
350920,125.0,25.0,2020
350930,32.0,26.0,2020
350940,140.0,55.0,2020
350950,2696.0,1357.0,2020
350960,68.0,68.0,2020
350970,201.0,191.0,2020
351000,30.0,25.0,2020
351020,50.0,43.0,2020
351030,59.0,14.0,2020
351040,108.0,59.0,2020
351050,257.0,203.0,2020
351060,270.0,220.0,2020
351070,31.0,12.0,2020
351080,372.0,356.0,2020
351100,31.0,30.0,2020
351110,600.0,374.0,2020
351130,50.0,,2020
351140,39.0,32.0,2020
351150,48.0,38.0,2020
351160,22.0,17.0,2020
351170,33.0,26.0,2020
351190,24.0,21.0,2020
351200,47.0,35.0,2020
351210,20.0,20.0,2020
351220,52.0,42.0,2020
351230,12.0,12.0,2020
351260,6.0,6.0,2020
351280,71.0,31.0,2020
351300,519.0,159.0,2020
351310,15.0,13.0,2020
351340,143.0,112.0,2020
351350,133.0,106.0,2020
351360,40.0,25.0,2020
351370,68.0,48.0,2020
351380,642.0,573.0,2020
351390,194.0,194.0,2020
351410,67.0,47.0,2020
351430,10.0,10.0,2020
351440,143.0,108.0,2020
351450,87.0,77.0,2020
351480,2.0,2.0,2020
351490,6.0,6.0,2020
351500,244.0,89.0,2020
351510,17.0,17.0,2020
351518,453.0,354.0,2020
351520,37.0,31.0,2020
351540,20.0,12.0,2020
351550,135.0,84.0,2020
351570,209.0,209.0,2020
351600,47.0,30.0,2020
351620,729.0,542.0,2020
351630,164.0,164.0,2020
351640,661.0,611.0,2020
351660,45.0,27.0,2020
351670,280.0,251.0,2020
351690,28.0,19.0,2020
351700,38.0,36.0,2020
351740,61.0,43.0,2020
351760,27.0,27.0,2020
351770,48.0,40.0,2020
351780,23.0,15.0,2020
351820,74.0,48.0,2020
351830,35.0,29.0,2020
351840,269.0,122.0,2020
351860,71.0,64.0,2020
351870,435.0,332.0,2020
351880,1995.0,1496.0,2020
351900,58.0,58.0,2020
351907,100.0,78.0,2020
351910,30.0,28.0,2020
351930,27.0,27.0,2020
351940,27.0,9.0,2020
351960,103.0,46.0,2020
351970,201.0,57.0,2020
351990,18.0,18.0,2020
352010,47.0,37.0,2020
352020,8.0,8.0,2020
352030,9.0,9.0,2020
352040,59.0,59.0,2020
352044,110.0,74.0,2020
352050,350.0,207.0,2020
352070,36.0,4.0,2020
352090,49.0,29.0,2020
352100,15.0,15.0,2020
352130,39.0,29.0,2020
352140,3.0,3.0,2020
352170,19.0,19.0,2020
352180,35.0,35.0,2020
352190,50.0,32.0,2020
352210,141.0,141.0,2020
352220,589.0,182.0,2020
352230,152.0,110.0,2020
352240,134.0,93.0,2020
352250,334.0,245.0,2020
352260,1093.0,592.0,2020
352270,65.0,35.0,2020
352280,46.0,27.0,2020
352290,30.0,30.0,2020
352310,247.0,247.0,2020
352320,61.0,51.0,2020
352340,120.0,70.0,2020
352350,14.0,7.0,2020
352360,22.0,22.0,2020
352390,328.0,328.0,2020
352400,74.0,36.0,2020
352410,120.0,53.0,2020
352420,17.0,17.0,2020
352430,212.0,56.0,2020
352440,377.0,181.0,2020
352450,216.0,149.0,2020
352470,94.0,92.0,2020
352480,151.0,103.0,2020
352500,25.0,10.0,2020
352520,29.0,17.0,2020
352530,895.0,671.0,2020
352550,11.0,11.0,2020
352570,53.0,22.0,2020
352590,813.0,429.0,2020
352600,52.0,25.0,2020
352620,8.0,,2020
352640,46.0,28.0,2020
352670,122.0,77.0,2020
352680,88.0,45.0,2020
352690,384.0,208.0,2020
352710,444.0,336.0,2020
352720,170.0,85.0,2020
352730,36.0,30.0,2020
352740,32.0,26.0,2020
352770,3.0,3.0,2020
352800,31.0,18.0,2020
352810,18.0,15.0,2020
352850,77.0,71.0,2020
352880,26.0,22.0,2020
352900,867.0,660.0,2020
352920,45.0,40.0,2020
352930,182.0,116.0,2020
352940,432.0,219.0,2020
352970,89.0,68.0,2020
352980,11.0,11.0,2020
353010,68.0,68.0,2020
353030,81.0,30.0,2020
353050,125.0,78.0,2020
353060,926.0,630.0,2020
353070,372.0,180.0,2020
353080,196.0,131.0,2020
353110,36.0,36.0,2020
353130,109.0,58.0,2020
353140,80.0,30.0,2020
353150,70.0,51.0,2020
353180,35.0,26.0,2020
353190,32.0,23.0,2020
353200,19.0,9.0,2020
353240,20.0,20.0,2020
353250,21.0,10.0,2020
353260,129.0,35.0,2020
353290,18.0,13.0,2020
353300,62.0,19.0,2020
353340,67.0,67.0,2020
353350,105.0,35.0,2020
353390,79.0,41.0,2020
353430,118.0,72.0,2020
353440,926.0,626.0,2020
353460,71.0,47.0,2020
353470,204.0,133.0,2020
353475,33.0,28.0,2020
353490,37.0,32.0,2020
353520,20.0,10.0,2020
353530,41.0,27.0,2020
353540,31.0,31.0,2020
353550,97.0,78.0,2020
353580,13.0,13.0,2020
353600,32.0,26.0,2020
353620,166.0,166.0,2020
353630,35.0,23.0,2020
353650,97.0,97.0,2020
353660,24.0,18.0,2020
353670,42.0,36.0,2020
353700,64.0,55.0,2020
353710,98.0,98.0,2020
353730,171.0,161.0,2020
353740,52.0,47.0,2020
353760,18.0,18.0,2020
353780,79.0,59.0,2020
353790,35.0,27.0,2020
353800,274.0,147.0,2020
353870,680.0,322.0,2020
353880,70.0,51.0,2020
353890,285.0,84.0,2020
353900,41.0,9.0,2020
353930,173.0,57.0,2020
353940,28.0,25.0,2020
353950,50.0,32.0,2020
353980,35.0,35.0,2020
354000,18.0,13.0,2020
354020,54.0,38.0,2020
354040,18.0,7.0,2020
354060,60.0,41.0,2020
354070,55.0,33.0,2020
354080,31.0,27.0,2020
354100,427.0,294.0,2020
354120,51.0,40.0,2020
354130,78.0,68.0,2020
354140,1117.0,683.0,2020
354150,96.0,60.0,2020
354160,37.0,37.0,2020
354190,19.0,19.0,2020
354220,103.0,71.0,2020
354240,35.0,26.0,2020
354260,197.0,159.0,2020
354290,24.0,18.0,2020
354300,34.0,34.0,2020
354330,188.0,74.0,2020
354340,2194.0,1417.0,2020
354380,23.0,20.0,2020
354390,401.0,198.0,2020
354400,36.0,32.0,2020
354420,36.0,7.0,2020
354425,80.0,80.0,2020
354430,54.0,14.0,2020
354490,30.0,20.0,2020
354500,19.0,17.0,2020
354520,145.0,101.0,2020
354530,53.0,48.0,2020
354540,34.0,22.0,2020
354560,24.0,7.0,2020
354580,165.0,122.0,2020
354630,35.0,25.0,2020
354640,96.0,55.0,2020
354660,80.0,67.0,2020
354680,101.0,82.0,2020
354690,8.0,,2020
354700,6.0,6.0,2020
354730,41.0,41.0,2020
354750,314.0,291.0,2020
354760,32.0,19.0,2020
354770,56.0,37.0,2020
354780,1903.0,1068.0,2020
354790,19.0,19.0,2020
354850,1854.0,975.0,2020
354860,40.0,26.0,2020
354870,1926.0,839.0,2020
354880,741.0,177.0,2020
354890,487.0,262.0,2020
354910,199.0,94.0,2020
354940,115.0,68.0,2020
354970,127.0,76.0,2020
354980,2099.0,921.0,2020
354990,1595.0,728.0,2020
355000,25.0,16.0,2020
355010,26.0,23.0,2020
355020,48.0,48.0,2020
355030,29025.0,15431.0,2020
355040,62.0,50.0,2020
355060,127.0,73.0,2020
355070,137.0,129.0,2020
355080,30.0,26.0,2020
355090,40.0,32.0,2020
355100,248.0,152.0,2020
355150,125.0,112.0,2020
355160,49.0,33.0,2020
355170,136.0,62.0,2020
355200,2.0,2.0,2020
355210,70.0,63.0,2020
355220,1424.0,859.0,2020
355230,22.0,20.0,2020
355240,197.0,192.0,2020
355250,147.0,69.0,2020
355260,30.0,11.0,2020
355270,35.0,25.0,2020
355280,537.0,376.0,2020
355300,29.0,24.0,2020
355320,4.0,4.0,2020
355330,42.0,34.0,2020
355340,72.0,30.0,2020
355360,14.0,12.0,2020
355370,124.0,72.0,2020
355380,49.0,31.0,2020
355400,105.0,59.0,2020
355410,553.0,379.0,2020
355430,58.0,52.0,2020
355440,34.0,30.0,2020
355450,55.0,33.0,2020
355470,20.0,13.0,2020
355500,346.0,330.0,2020
355510,48.0,30.0,2020
355540,130.0,112.0,2020
355580,26.0,24.0,2020
355600,34.0,11.0,2020
355620,142.0,57.0,2020
355630,55.0,31.0,2020
355640,58.0,39.0,2020
355645,70.0,2.0,2020
355650,35.0,31.0,2020
355660,72.0,,2020
355670,85.0,62.0,2020
355680,48.0,30.0,2020
355700,237.0,78.0,2020
355710,205.0,115.0,2020
355720,50.0,30.0,2020
410010,22.0,21.0,2020
410020,3.0,3.0,2020
410045,19.0,19.0,2020
410050,39.0,39.0,2020
410060,20.0,19.0,2020
410080,20.0,20.0,2020
410090,13.0,13.0,2020
410100,34.0,33.0,2020
410110,62.0,57.0,2020
410120,31.0,31.0,2020
410130,2.0,2.0,2020
410140,262.0,193.0,2020
410150,428.0,362.0,2020
410170,56.0,50.0,2020
410180,62.0,62.0,2020
410190,49.0,38.0,2020
410200,82.0,69.0,2020
410210,90.0,51.0,2020
410220,10.0,10.0,2020
410240,150.0,99.0,2020
410250,29.0,29.0,2020
410280,23.0,23.0,2020
410290,43.0,43.0,2020
410300,10.0,9.0,2020
410305,20.0,20.0,2020
410310,11.0,11.0,2020
410320,29.0,29.0,2020
410330,26.0,26.0,2020
410360,100.0,90.0,2020
410370,100.0,57.0,2020
410390,50.0,48.0,2020
410400,356.0,323.0,2020
410420,1010.0,914.0,2020
410430,233.0,161.0,2020
410440,31.0,31.0,2020
410442,39.0,37.0,2020
410450,38.0,28.0,2020
410460,34.0,32.0,2020
410480,949.0,574.0,2020
410490,119.0,82.0,2020
410510,25.0,25.0,2020
410520,26.0,26.0,2020
410530,36.0,28.0,2020
410540,77.0,70.0,2020
410550,147.0,109.0,2020
410560,16.0,16.0,2020
410570,56.0,49.0,2020
410580,119.0,109.0,2020
410590,101.0,75.0,2020
410600,24.0,24.0,2020
410610,20.0,20.0,2020
410620,16.0,16.0,2020
410630,85.0,85.0,2020
410640,216.0,131.0,2020
410650,67.0,62.0,2020
410660,32.0,32.0,2020
410670,11.0,11.0,2020
410680,35.0,35.0,2020
410690,5978.0,2959.0,2020
410700,19.0,16.0,2020
410710,19.0,19.0,2020
410715,15.0,15.0,2020
410720,106.0,93.0,2020
410750,33.0,33.0,2020
410753,30.0,20.0,2020
410760,30.0,30.0,2020
410765,47.0,47.0,2020
410775,31.0,31.0,2020
410790,23.0,23.0,2020
410800,22.0,22.0,2020
410820,38.0,31.0,2020
410830,401.0,281.0,2020
410832,10.0,10.0,2020
410840,262.0,167.0,2020
410855,10.0,10.0,2020
410860,105.0,63.0,2020
410870,26.0,26.0,2020
410880,69.0,59.0,2020
410890,16.0,16.0,2020
410900,15.0,15.0,2020
410930,88.0,87.0,2020
410940,434.0,325.0,2020
410950,14.0,14.0,2020
410960,50.0,50.0,2020
410970,51.0,51.0,2020
410975,33.0,33.0,2020
410980,127.0,63.0,2020
411030,11.0,11.0,2020
411040,16.0,16.0,2020
411050,18.0,18.0,2020
411060,31.0,31.0,2020
411070,165.0,111.0,2020
411080,31.0,31.0,2020
411095,25.0,25.0,2020
411100,21.0,21.0,2020
411110,16.0,16.0,2020
411125,37.0,35.0,2020
411130,17.0,17.0,2020
411140,18.0,18.0,2020
411150,253.0,219.0,2020
411160,10.0,10.0,2020
411170,18.0,18.0,2020
411180,117.0,86.0,2020
411190,28.0,28.0,2020
411200,79.0,79.0,2020
411210,351.0,345.0,2020
411230,3.0,3.0,2020
411240,18.0,18.0,2020
411250,23.0,23.0,2020
411270,19.0,18.0,2020
411275,34.0,30.0,2020
411280,31.0,26.0,2020
411290,14.0,14.0,2020
411300,19.0,19.0,2020
411310,23.0,23.0,2020
411320,147.0,107.0,2020
411330,115.0,98.0,2020
411345,20.0,20.0,2020
411350,119.0,103.0,2020
411370,1953.0,1237.0,2020
411375,29.0,18.0,2020
411380,16.0,16.0,2020
411390,39.0,33.0,2020
411400,10.0,10.0,2020
411410,32.0,,2020
411420,109.0,47.0,2020
411430,48.0,48.0,2020
411440,57.0,49.0,2020
411450,24.0,24.0,2020
411460,152.0,98.0,2020
411500,23.0,22.0,2020
411520,1748.0,859.0,2020
411535,2.0,2.0,2020
411540,12.0,12.0,2020
411550,21.0,21.0,2020
411560,48.0,34.0,2020
411570,12.0,12.0,2020
411580,162.0,54.0,2020
411600,10.0,10.0,2020
411605,41.0,29.0,2020
411620,18.0,18.0,2020
411670,49.0,40.0,2020
411680,22.0,20.0,2020
411690,29.0,29.0,2020
411695,12.0,12.0,2020
411700,16.0,14.0,2020
411710,33.0,31.0,2020
411720,16.0,16.0,2020
411722,11.0,6.0,2020
411727,48.0,48.0,2020
411730,30.0,,2020
411750,26.0,26.0,2020
411760,91.0,90.0,2020
411770,46.0,28.0,2020
411790,54.0,34.0,2020
411800,44.0,32.0,2020
411820,169.0,93.0,2020
411830,15.0,15.0,2020
411840,167.0,100.0,2020
411845,17.0,15.0,2020
411850,267.0,197.0,2020
411870,12.0,12.0,2020
411890,19.0,19.0,2020
411910,50.0,48.0,2020
411915,287.0,273.0,2020
411920,27.0,17.0,2020
411930,91.0,82.0,2020
411940,20.0,20.0,2020
411950,658.0,488.0,2020
411960,97.0,79.0,2020
411970,15.0,15.0,2020
411980,42.0,35.0,2020
411990,649.0,450.0,2020
412000,31.0,31.0,2020
412020,10.0,10.0,2020
412033,20.0,20.0,2020
412035,48.0,39.0,2020
412060,127.0,117.0,2020
412070,28.0,26.0,2020
412090,33.0,33.0,2020
412100,26.0,25.0,2020
412120,25.0,25.0,2020
412130,16.0,16.0,2020
412150,56.0,52.0,2020
412180,54.0,51.0,2020
412190,49.0,44.0,2020
412200,55.0,52.0,2020
412220,30.0,30.0,2020
412230,30.0,27.0,2020
412240,213.0,206.0,2020
412250,31.0,31.0,2020
412260,31.0,24.0,2020
412265,25.0,25.0,2020
412290,20.0,20.0,2020
412310,15.0,15.0,2020
412350,53.0,25.0,2020
412370,27.0,19.0,2020
412380,32.0,32.0,2020
412385,41.0,41.0,2020
412390,36.0,36.0,2020
412400,20.0,20.0,2020
412410,155.0,121.0,2020
412420,10.0,10.0,2020
412430,10.0,10.0,2020
412440,28.0,23.0,2020
412460,16.0,15.0,2020
412470,20.0,20.0,2020
412490,17.0,17.0,2020
412500,20.0,20.0,2020
412510,25.0,25.0,2020
412520,29.0,21.0,2020
412535,22.0,22.0,2020
412540,18.0,18.0,2020
412545,22.0,19.0,2020
412550,169.0,113.0,2020
412560,50.0,38.0,2020
412570,108.0,34.0,2020
412580,25.0,23.0,2020
412600,25.0,25.0,2020
412620,31.0,31.0,2020
412625,153.0,121.0,2020
412640,23.0,23.0,2020
412650,16.0,16.0,2020
412660,54.0,35.0,2020
412667,16.0,16.0,2020
412670,9.0,9.0,2020
412700,17.0,17.0,2020
412710,194.0,118.0,2020
412720,61.0,59.0,2020
412730,29.0,25.0,2020
412740,21.0,,2020
412750,30.0,30.0,2020
412760,16.0,16.0,2020
412770,321.0,108.0,2020
412780,66.0,50.0,2020
412785,34.0,34.0,2020
412788,6.0,6.0,2020
412790,22.0,22.0,2020
412795,23.0,23.0,2020
412796,53.0,49.0,2020
412800,106.0,51.0,2020
412810,687.0,535.0,2020
412820,250.0,117.0,2020
412840,48.0,48.0,2020
412850,33.0,32.0,2020
412855,27.0,26.0,2020
412860,20.0,18.0,2020
420010,42.0,34.0,2020
420020,36.0,27.0,2020
420040,31.0,26.0,2020
420070,24.0,18.0,2020
420090,75.0,46.0,2020
420100,38.0,35.0,2020
420110,43.0,21.0,2020
420127,21.0,15.0,2020
420140,117.0,117.0,2020
420150,43.0,40.0,2020
420160,21.0,13.0,2020
420190,14.0,13.0,2020
420200,281.0,96.0,2020
420220,2.0,1.0,2020
420230,83.0,83.0,2020
420240,696.0,378.0,2020
420245,4.0,4.0,2020
420250,14.0,14.0,2020
420260,50.0,43.0,2020
420280,68.0,54.0,2020
420290,270.0,158.0,2020
420300,100.0,83.0,2020
420310,27.0,19.0,2020
420320,157.0,38.0,2020
420330,32.0,21.0,2020
420340,32.0,26.0,2020
420350,50.0,36.0,2020
420360,76.0,53.0,2020
420370,18.0,18.0,2020
420380,50.0,36.0,2020
420390,63.0,52.0,2020
420400,33.0,23.0,2020
420410,27.0,24.0,2020
420420,409.0,283.0,2020
420430,168.0,104.0,2020
420440,30.0,25.0,2020
420455,33.0,23.0,2020
420460,555.0,337.0,2020
420470,48.0,41.0,2020
420480,136.0,103.0,2020
420490,60.0,54.0,2020
420500,42.0,31.0,2020
420530,34.0,29.0,2020
420540,1586.0,964.0,2020
420550,51.0,48.0,2020
420580,20.0,,2020
420590,100.0,91.0,2020
420640,29.0,27.0,2020
420650,50.0,50.0,2020
420660,19.0,16.0,2020
420680,30.0,,2020
420690,71.0,71.0,2020
420700,91.0,87.0,2020
420720,6.0,6.0,2020
420730,60.0,56.0,2020
420740,11.0,10.0,2020
420750,95.0,92.0,2020
420760,27.0,19.0,2020
420765,35.0,31.0,2020
420770,12.0,11.0,2020
420780,29.0,26.0,2020
420790,19.0,19.0,2020
420800,39.0,27.0,2020
420810,21.0,20.0,2020
420820,422.0,329.0,2020
420830,52.0,30.0,2020
420840,47.0,30.0,2020
420845,1.0,1.0,2020
420850,55.0,47.0,2020
420870,45.0,36.0,2020
420880,49.0,44.0,2020
420890,318.0,221.0,2020
420900,194.0,140.0,2020
420910,1148.0,773.0,2020
420915,1.0,1.0,2020
420930,380.0,282.0,2020
420940,102.0,79.0,2020
420960,39.0,39.0,2020
420970,41.0,41.0,2020
420985,75.0,69.0,2020
421000,39.0,38.0,2020
421003,91.0,86.0,2020
421010,125.0,104.0,2020
421030,37.0,31.0,2020
421050,81.0,65.0,2020
421060,21.0,21.0,2020
421080,50.0,30.0,2020
421090,31.0,27.0,2020
421100,64.0,57.0,2020
421105,16.0,16.0,2020
421110,22.0,20.0,2020
421120,135.0,106.0,2020
421130,39.0,36.0,2020
421140,33.0,27.0,2020
421150,55.0,55.0,2020
421160,49.0,43.0,2020
421170,55.0,36.0,2020
421175,50.0,44.0,2020
421190,42.0,,2020
421200,36.0,30.0,2020
421210,73.0,58.0,2020
421220,37.0,32.0,2020
421250,74.0,22.0,2020
421260,32.0,26.0,2020
421270,16.0,14.0,2020
421290,42.0,27.0,2020
421320,50.0,40.0,2020
421330,38.0,38.0,2020
421340,77.0,65.0,2020
421360,99.0,88.0,2020
421370,41.0,34.0,2020
421380,50.0,49.0,2020
421400,44.0,42.0,2020
421420,50.0,44.0,2020
421450,31.0,30.0,2020
421470,49.0,43.0,2020
421480,258.0,176.0,2020
421490,32.0,26.0,2020
421500,85.0,71.0,2020
421530,31.0,31.0,2020
421540,15.0,13.0,2020
421550,140.0,113.0,2020
421570,59.0,56.0,2020
421580,96.0,47.0,2020
421590,29.0,29.0,2020
421600,70.0,50.0,2020
421620,37.0,26.0,2020
421625,32.0,24.0,2020
421630,32.0,30.0,2020
421650,129.0,99.0,2020
421660,869.0,665.0,2020
421670,23.0,18.0,2020
421690,56.0,44.0,2020
421710,16.0,15.0,2020
421720,119.0,82.0,2020
421725,105.0,105.0,2020
421730,33.0,29.0,2020
421750,52.0,39.0,2020
421770,106.0,104.0,2020
421780,36.0,34.0,2020
421790,54.0,40.0,2020
421800,60.0,46.0,2020
421810,28.0,21.0,2020
421820,75.0,57.0,2020
421830,56.0,45.0,2020
421840,41.0,39.0,2020
421860,68.0,67.0,2020
421870,463.0,263.0,2020
421875,48.0,39.0,2020
421880,60.0,36.0,2020
421890,48.0,39.0,2020
421900,90.0,63.0,2020
421910,24.0,20.0,2020
421920,21.0,20.0,2020
421930,135.0,90.0,2020
421935,17.0,15.0,2020
421940,21.0,21.0,2020
421950,151.0,120.0,2020
421960,23.0,16.0,2020
421970,34.0,34.0,2020
430003,42.0,34.0,2020
430010,51.0,39.0,2020
430020,50.0,40.0,2020
430030,50.0,46.0,2020
430040,172.0,137.0,2020
430050,23.0,23.0,2020
430060,90.0,90.0,2020
430064,28.0,25.0,2020
430070,38.0,25.0,2020
430080,51.0,35.0,2020
430090,36.0,31.0,2020
430100,89.0,81.0,2020
430120,76.0,61.0,2020
430130,48.0,36.0,2020
430140,60.0,38.0,2020
430150,55.0,41.0,2020
430160,268.0,219.0,2020
430190,41.0,41.0,2020
430210,278.0,146.0,2020
430220,40.0,27.0,2020
430230,32.0,31.0,2020
430235,43.0,27.0,2020
430240,50.0,33.0,2020
430245,39.0,31.0,2020
430270,38.0,38.0,2020
430280,79.0,59.0,2020
430290,36.0,30.0,2020
430300,234.0,166.0,2020
430310,133.0,133.0,2020
430330,40.0,30.0,2020
430340,41.0,25.0,2020
430350,141.0,121.0,2020
430360,32.0,32.0,2020
430370,55.0,46.0,2020
430380,49.0,47.0,2020
430390,89.0,68.0,2020
430400,35.0,34.0,2020
430420,104.0,78.0,2020
430430,39.0,32.0,2020
430440,44.0,36.0,2020
430450,104.0,86.0,2020
430460,957.0,655.0,2020
430463,91.0,86.0,2020
430470,140.0,95.0,2020
430480,79.0,42.0,2020
430490,33.0,23.0,2020
430510,1340.0,707.0,2020
430520,53.0,32.0,2020
430530,49.0,36.0,2020
430535,60.0,60.0,2020
430540,30.0,25.0,2020
430570,17.0,17.0,2020
430580,23.0,18.0,2020
430590,30.0,19.0,2020
430600,57.0,39.0,2020
430610,210.0,108.0,2020
430620,35.0,31.0,2020
430630,32.0,24.0,2020
430640,66.0,57.0,2020
430645,50.0,35.0,2020
430650,25.0,20.0,2020
430660,117.0,76.0,2020
430680,117.0,35.0,2020
430690,50.0,36.0,2020
430700,268.0,145.0,2020
430710,34.0,34.0,2020
430750,60.0,51.0,2020
430755,42.0,23.0,2020
430760,52.0,51.0,2020
430770,145.0,132.0,2020
430780,120.0,93.0,2020
430790,110.0,71.0,2020
430800,58.0,45.0,2020
430810,51.0,40.0,2020
430820,52.0,34.0,2020
430840,27.0,27.0,2020
430845,24.0,21.0,2020
430850,101.0,77.0,2020
430860,70.0,39.0,2020
430870,31.0,28.0,2020
430890,85.0,70.0,2020
430900,50.0,30.0,2020
430910,103.0,65.0,2020
430920,199.0,151.0,2020
430925,4.0,4.0,2020
430930,26.0,,2020
430940,73.0,50.0,2020
430950,45.0,36.0,2020
430960,58.0,40.0,2020
430970,32.0,29.0,2020
431000,41.0,25.0,2020
431010,95.0,72.0,2020
431020,383.0,189.0,2020
431030,40.0,24.0,2020
431050,70.0,55.0,2020
431053,20.0,,2020
431060,79.0,77.0,2020
431070,10.0,10.0,2020
431075,24.0,19.0,2020
431080,54.0,43.0,2020
431085,50.0,42.0,2020
431100,74.0,61.0,2020
431110,51.0,32.0,2020
431112,10.0,10.0,2020
431115,3.0,3.0,2020
431120,67.0,49.0,2020
431130,71.0,47.0,2020
431140,151.0,96.0,2020
431150,32.0,29.0,2020
431180,104.0,57.0,2020
431190,52.0,36.0,2020
431205,40.0,30.0,2020
431210,28.0,21.0,2020
431220,39.0,37.0,2020
431240,216.0,134.0,2020
431250,29.0,29.0,2020
431260,31.0,25.0,2020
431265,76.0,47.0,2020
431270,81.0,61.0,2020
431290,54.0,32.0,2020
431300,37.0,23.0,2020
431310,52.0,36.0,2020
431320,38.0,30.0,2020
431330,71.0,43.0,2020
431340,445.0,246.0,2020
431350,89.0,68.0,2020
431360,49.0,45.0,2020
431365,39.0,30.0,2020
431370,107.0,85.0,2020
431380,68.0,61.0,2020
431390,70.0,49.0,2020
431400,39.0,29.0,2020
431402,32.0,32.0,2020
431405,87.0,87.0,2020
431410,1098.0,621.0,2020
431420,50.0,44.0,2020
431430,16.0,15.0,2020
431440,1155.0,765.0,2020
431447,30.0,18.0,2020
431450,51.0,51.0,2020
431460,105.0,85.0,2020
431470,50.0,44.0,2020
431480,52.0,52.0,2020
431490,6829.0,4134.0,2020
431500,50.0,40.0,2020
431510,50.0,31.0,2020
431515,49.0,46.0,2020
431520,30.0,25.0,2020
431530,62.0,51.0,2020
431535,19.0,14.0,2020
431550,51.0,43.0,2020
431560,623.0,589.0,2020
431570,97.0,97.0,2020
431575,33.0,30.0,2020
431580,38.0,26.0,2020
431590,51.0,39.0,2020
431600,52.0,50.0,2020
431610,108.0,89.0,2020
431620,32.0,23.0,2020
431630,35.0,32.0,2020
431640,96.0,69.0,2020
431643,19.0,16.0,2020
431645,32.0,23.0,2020
431650,32.0,25.0,2020
431660,73.0,53.0,2020
431670,51.0,41.0,2020
431680,312.0,187.0,2020
431690,926.0,469.0,2020
431710,189.0,83.0,2020
431720,222.0,131.0,2020
431730,65.0,53.0,2020
431740,122.0,101.0,2020
431750,234.0,151.0,2020
431760,82.0,75.0,2020
431780,85.0,63.0,2020
431790,56.0,41.0,2020
431800,118.0,106.0,2020
431810,60.0,45.0,2020
431820,59.0,53.0,2020
431830,188.0,155.0,2020
431840,129.0,113.0,2020
431843,50.0,50.0,2020
431850,53.0,45.0,2020
431860,53.0,40.0,2020
431870,209.0,177.0,2020
431880,172.0,125.0,2020
431890,137.0,114.0,2020
431900,75.0,45.0,2020
431910,39.0,25.0,2020
431915,38.0,30.0,2020
431930,36.0,25.0,2020
431940,55.0,45.0,2020
431950,91.0,60.0,2020
431960,65.0,55.0,2020
431980,41.0,40.0,2020
431990,122.0,88.0,2020
432000,200.0,150.0,2020
432010,81.0,67.0,2020
432020,50.0,40.0,2020
432026,34.0,32.0,2020
432030,32.0,20.0,2020
432040,55.0,36.0,2020
432045,10.0,10.0,2020
432050,49.0,29.0,2020
432060,32.0,31.0,2020
432067,48.0,30.0,2020
432070,107.0,37.0,2020
432080,96.0,67.0,2020
432090,92.0,67.0,2020
432100,35.0,29.0,2020
432110,49.0,39.0,2020
432120,69.0,69.0,2020
432130,71.0,51.0,2020
432140,131.0,94.0,2020
432143,1.0,,2020
432145,84.0,68.0,2020
432150,67.0,63.0,2020
432160,94.0,94.0,2020
432170,57.0,53.0,2020
432180,69.0,41.0,2020
432190,104.0,69.0,2020
432195,48.0,48.0,2020
432200,50.0,36.0,2020
432210,34.0,22.0,2020
432220,73.0,53.0,2020
432230,37.0,26.0,2020
432240,160.0,111.0,2020
432250,137.0,91.0,2020
432253,39.0,29.0,2020
432260,121.0,80.0,2020
432270,49.0,44.0,2020
432280,63.0,39.0,2020
432290,50.0,33.0,2020
432300,347.0,275.0,2020
500020,25.0,25.0,2020
500060,75.0,49.0,2020
500070,31.0,30.0,2020
500080,12.0,8.0,2020
500085,27.0,14.0,2020
500090,10.0,10.0,2020
500100,106.0,78.0,2020
500110,138.0,106.0,2020
500124,9.0,9.0,2020
500150,12.0,12.0,2020
500190,42.0,21.0,2020
500210,32.0,28.0,2020
500215,8.0,8.0,2020
500220,32.0,32.0,2020
500230,20.0,11.0,2020
500240,39.0,20.0,2020
500260,25.0,18.0,2020
500270,2342.0,1446.0,2020
500280,8.0,4.0,2020
500290,59.0,32.0,2020
500295,76.0,46.0,2020
500315,9.0,9.0,2020
500320,213.0,147.0,2020
500325,59.0,45.0,2020
500330,93.0,65.0,2020
500345,12.0,12.0,2020
500348,19.0,19.0,2020
500370,623.0,389.0,2020
500375,53.0,17.0,2020
500380,66.0,56.0,2020
500390,10.0,10.0,2020
500400,12.0,10.0,2020
500410,26.0,16.0,2020
500430,38.0,32.0,2020
500440,13.0,13.0,2020
500450,22.0,22.0,2020
500460,27.0,14.0,2020
500470,38.0,38.0,2020
500500,53.0,37.0,2020
500510,21.0,19.0,2020
500515,9.0,9.0,2020
500520,10.0,,2020
500525,6.0,6.0,2020
500540,50.0,44.0,2020
500560,23.0,23.0,2020
500568,48.0,42.0,2020
500570,68.0,51.0,2020
500580,6.0,6.0,2020
500600,24.0,24.0,2020
500620,97.0,63.0,2020
500625,17.0,12.0,2020
500630,190.0,111.0,2020
500635,15.0,15.0,2020
500640,28.0,28.0,2020
500660,161.0,127.0,2020
500690,16.0,16.0,2020
500710,16.0,16.0,2020
500720,66.0,61.0,2020
500730,21.0,7.0,2020
500740,29.0,29.0,2020
500750,9.0,9.0,2020
500755,8.0,8.0,2020
500769,48.0,48.0,2020
500770,18.0,18.0,2020
500790,38.0,26.0,2020
500793,22.0,10.0,2020
500795,8.0,8.0,2020
500797,6.0,6.0,2020
500830,190.0,113.0,2020
500840,7.0,7.0,2020
510020,57.0,42.0,2020
510025,184.0,104.0,2020
510030,98.0,34.0,2020
510060,30.0,24.0,2020
510080,32.0,32.0,2020
510100,12.0,12.0,2020
510125,19.0,16.0,2020
510130,41.0,41.0,2020
510140,37.0,33.0,2020
510160,11.0,11.0,2020
510180,108.0,72.0,2020
510190,31.0,31.0,2020
510250,248.0,208.0,2020
510260,24.0,24.0,2020
510263,28.0,27.0,2020
510267,67.0,38.0,2020
510268,16.0,16.0,2020
510270,56.0,37.0,2020
510279,1.0,1.0,2020
510305,34.0,33.0,2020
510310,16.0,16.0,2020
510320,115.0,86.0,2020
510325,28.0,28.0,2020
510330,42.0,31.0,2020
510335,67.0,60.0,2020
510337,33.0,33.0,2020
510340,1667.0,1123.0,2020
510350,46.0,36.0,2020
510360,20.0,15.0,2020
510385,17.0,17.0,2020
510390,15.0,15.0,2020
510395,6.0,6.0,2020
510410,48.0,34.0,2020
510420,22.0,18.0,2020
510455,16.0,16.0,2020
510460,35.0,35.0,2020
510480,60.0,40.0,2020
510500,37.0,32.0,2020
510510,65.0,34.0,2020
510515,129.0,69.0,2020
510517,19.0,19.0,2020
510520,33.0,31.0,2020
510525,101.0,65.0,2020
510550,46.0,39.0,2020
510558,11.0,11.0,2020
510560,44.0,26.0,2020
510562,90.0,68.0,2020
510590,41.0,34.0,2020
510610,16.0,16.0,2020
510615,14.0,14.0,2020
510618,6.0,6.0,2020
510620,13.0,13.0,2020
510622,106.0,78.0,2020
510623,50.0,34.0,2020
510625,34.0,34.0,2020
510627,15.0,15.0,2020
510628,26.0,26.0,2020
510629,26.0,26.0,2020
510630,35.0,35.0,2020
510637,31.0,31.0,2020
510642,56.0,56.0,2020
510650,64.0,58.0,2020
510670,21.0,21.0,2020
510675,69.0,29.0,2020
510677,18.0,18.0,2020
510680,21.0,21.0,2020
510682,4.0,4.0,2020
510700,98.0,79.0,2020
510704,180.0,103.0,2020
510706,31.0,26.0,2020
510710,37.0,34.0,2020
510718,47.0,44.0,2020
510719,15.0,15.0,2020
510720,18.0,18.0,2020
510730,22.0,22.0,2020
510760,576.0,472.0,2020
510770,63.0,55.0,2020
510775,14.0,14.0,2020
510777,22.0,22.0,2020
510780,20.0,20.0,2020
510785,40.0,40.0,2020
510787,53.0,34.0,2020
510790,271.0,126.0,2020
510792,199.0,128.0,2020
510794,15.0,15.0,2020
510795,193.0,129.0,2020
510800,20.0,20.0,2020
510805,37.0,37.0,2020
510810,14.0,14.0,2020
510820,23.0,22.0,2020
510835,5.0,5.0,2020
510840,522.0,413.0,2020
510860,21.0,21.0,2020
510885,8.0,8.0,2020
510890,6.0,6.0,2020
510895,13.0,13.0,2020
520010,9.0,9.0,2020
520013,72.0,38.0,2020
520017,12.0,12.0,2020
520025,234.0,233.0,2020
520030,34.0,34.0,2020
520050,14.0,14.0,2020
520060,17.0,17.0,2020
520080,32.0,32.0,2020
520085,17.0,17.0,2020
520090,13.0,13.0,2020
520110,1062.0,587.0,2020
520130,20.0,20.0,2020
520140,1268.0,1017.0,2020
520150,18.0,18.0,2020
520160,17.0,17.0,2020
520170,33.0,33.0,2020
520180,9.0,9.0,2020
520215,10.0,10.0,2020
520235,17.0,17.0,2020
520250,15.0,15.0,2020
520280,12.0,12.0,2020
520310,6.0,6.0,2020
520320,22.0,22.0,2020
520330,55.0,52.0,2020
520340,23.0,23.0,2020
520350,25.0,25.0,2020
520355,2.0,2.0,2020
520380,24.0,24.0,2020
520390,32.0,25.0,2020
520393,14.0,14.0,2020
520400,12.0,12.0,2020
520410,26.0,26.0,2020
520425,18.0,18.0,2020
520430,36.0,28.0,2020
520440,53.0,41.0,2020
520450,157.0,104.0,2020
520465,22.0,22.0,2020
520470,16.0,16.0,2020
520480,18.0,18.0,2020
520490,64.0,50.0,2020
520500,17.0,17.0,2020
520505,15.0,15.0,2020
520510,253.0,135.0,2020
520520,18.0,18.0,2020
520530,13.0,13.0,2020
520540,332.0,166.0,2020
520545,15.0,15.0,2020
520547,24.0,21.0,2020
520549,61.0,35.0,2020
520551,22.0,22.0,2020
520552,11.0,11.0,2020
520570,16.0,16.0,2020
520580,25.0,14.0,2020
520590,26.0,26.0,2020
520620,58.0,42.0,2020
520630,8.0,8.0,2020
520640,86.0,60.0,2020
520650,11.0,11.0,2020
520660,14.0,14.0,2020
520670,13.0,13.0,2020
520680,15.0,15.0,2020
520710,14.0,14.0,2020
520725,24.0,24.0,2020
520735,10.0,10.0,2020
520740,25.0,25.0,2020
520750,22.0,22.0,2020
520753,19.0,19.0,2020
520760,16.0,16.0,2020
520780,37.0,26.0,2020
520790,7.0,7.0,2020
520800,121.0,59.0,2020
520810,25.0,25.0,2020
520830,24.0,24.0,2020
520840,18.0,18.0,2020
520850,33.0,26.0,2020
520860,247.0,165.0,2020
520870,6767.0,3101.0,2020
520880,86.0,55.0,2020
520890,33.0,27.0,2020
520910,121.0,60.0,2020
520960,10.0,10.0,2020
520970,21.0,21.0,2020
520980,28.0,28.0,2020
520990,16.0,16.0,2020
520993,16.0,16.0,2020
520995,51.0,20.0,2020
521000,105.0,60.0,2020
521010,130.0,104.0,2020
521020,114.0,33.0,2020
521030,7.0,7.0,2020
521040,78.0,40.0,2020
521060,10.0,10.0,2020
521080,18.0,18.0,2020
521090,41.0,41.0,2020
521100,23.0,23.0,2020
521120,124.0,81.0,2020
521130,17.0,17.0,2020
521140,18.0,18.0,2020
521150,170.0,130.0,2020
521160,16.0,16.0,2020
521170,13.0,13.0,2020
521180,63.0,55.0,2020
521190,188.0,139.0,2020
521200,10.0,10.0,2020
521210,17.0,17.0,2020
521220,67.0,29.0,2020
521250,143.0,62.0,2020
521260,13.0,13.0,2020
521270,16.0,16.0,2020
521280,44.0,18.0,2020
521290,23.0,23.0,2020
521295,14.0,14.0,2020
521300,12.0,12.0,2020
521308,104.0,51.0,2020
521310,250.0,179.0,2020
521350,16.0,16.0,2020
521370,24.0,24.0,2020
521375,13.0,13.0,2020
521380,110.0,78.0,2020
521385,19.0,19.0,2020
521400,20.0,20.0,2020
521405,18.0,18.0,2020
521410,19.0,19.0,2020
521440,16.0,16.0,2020
521450,123.0,50.0,2020
521460,105.0,60.0,2020
521470,4.0,4.0,2020
521483,45.0,45.0,2020
521520,9.0,9.0,2020
521530,28.0,19.0,2020
521550,31.0,31.0,2020
521560,33.0,28.0,2020
521565,19.0,19.0,2020
521570,33.0,6.0,2020
521580,9.0,9.0,2020
521590,19.0,19.0,2020
521600,9.0,9.0,2020
521630,27.0,27.0,2020
521640,20.0,20.0,2020
521680,26.0,24.0,2020
521710,70.0,60.0,2020
521720,28.0,28.0,2020
521730,52.0,46.0,2020
521740,38.0,38.0,2020
521760,52.0,34.0,2020
521770,50.0,22.0,2020
521800,97.0,68.0,2020
521805,16.0,16.0,2020
521810,17.0,17.0,2020
521830,69.0,53.0,2020
521850,136.0,59.0,2020
521860,24.0,24.0,2020
521880,488.0,331.0,2020
521890,80.0,76.0,2020
521900,17.0,17.0,2020
521910,15.0,15.0,2020
521920,16.0,16.0,2020
521925,17.0,17.0,2020
521930,191.0,161.0,2020
521950,16.0,16.0,2020
521960,17.0,17.0,2020
521970,38.0,38.0,2020
521973,19.0,19.0,2020
521975,115.0,13.0,2020
521980,22.0,22.0,2020
522000,26.0,26.0,2020
522010,97.0,48.0,2020
522015,19.0,19.0,2020
522020,95.0,54.0,2020
522026,11.0,11.0,2020
522040,50.0,50.0,2020
522045,103.0,94.0,2020
522050,21.0,21.0,2020
522060,40.0,40.0,2020
522068,20.0,20.0,2020
522100,46.0,25.0,2020
522130,12.0,6.0,2020
522140,507.0,406.0,2020
522145,15.0,15.0,2020
522150,17.0,17.0,2020
522155,19.0,19.0,2020
522160,157.0,79.0,2020
522170,165.0,138.0,2020
522185,69.0,32.0,2020
522200,40.0,32.0,2020
522205,16.0,16.0,2020
522220,13.0,13.0,2020
530010,7739.0,4615.0,2020
110001,49.0,43.0,2021
110002,251.0,146.0,2021
110003,9.0,9.0,2021
110004,393.0,303.0,2021
110005,41.0,41.0,2021
110006,50.0,50.0,2021
110007,16.0,16.0,2021
110008,45.0,45.0,2021
110009,54.0,36.0,2021
110010,114.0,105.0,2021
110011,110.0,95.0,2021
110012,312.0,185.0,2021
110013,48.0,48.0,2021
110014,44.0,44.0,2021
110015,141.0,64.0,2021
110018,64.0,52.0,2021
110020,1887.0,1407.0,2021
110025,48.0,48.0,2021
110026,9.0,9.0,2021
110028,97.0,78.0,2021
110029,25.0,25.0,2021
110030,232.0,213.0,2021
110032,44.0,44.0,2021
110033,31.0,31.0,2021
110034,35.0,35.0,2021
110037,24.0,24.0,2021
110040,16.0,16.0,2021
110045,66.0,32.0,2021
110050,23.0,23.0,2021
110060,26.0,26.0,2021
110070,19.0,19.0,2021
110080,15.0,15.0,2021
110090,7.0,7.0,2021
110092,11.0,11.0,2021
110094,26.0,26.0,2021
110100,22.0,21.0,2021
110110,20.0,20.0,2021
110120,16.0,16.0,2021
110130,33.0,25.0,2021
110140,24.0,24.0,2021
110143,15.0,15.0,2021
110145,8.0,8.0,2021
110146,9.0,9.0,2021
110148,12.0,12.0,2021
110149,18.0,18.0,2021
110150,36.0,36.0,2021
110155,12.0,12.0,2021
110160,13.0,13.0,2021
110170,25.0,25.0,2021
110175,12.0,12.0,2021
110180,16.0,16.0,2021
120001,7.0,7.0,2021
120005,12.0,12.0,2021
120010,41.0,41.0,2021
120020,194.0,180.0,2021
120030,42.0,42.0,2021
120032,10.0,10.0,2021
120033,25.0,25.0,2021
120034,23.0,23.0,2021
120035,13.0,13.0,2021
120038,47.0,47.0,2021
120039,14.0,14.0,2021
120040,916.0,766.0,2021
120042,16.0,16.0,2021
120043,16.0,16.0,2021
120045,29.0,29.0,2021
120050,46.0,46.0,2021
120060,42.0,42.0,2021
120070,34.0,34.0,2021
130002,35.0,35.0,2021
130006,24.0,24.0,2021
130008,20.0,20.0,2021
130010,23.0,23.0,2021
130014,36.0,36.0,2021
130020,21.0,21.0,2021
130030,31.0,31.0,2021
130040,30.0,30.0,2021
130050,31.0,31.0,2021
130060,48.0,48.0,2021
130063,23.0,23.0,2021
130068,22.0,22.0,2021
130070,60.0,60.0,2021
130080,38.0,38.0,2021
130083,20.0,20.0,2021
130090,24.0,24.0,2021
130100,45.0,45.0,2021
130110,20.0,20.0,2021
130115,6.0,6.0,2021
130120,105.0,101.0,2021
130130,47.0,47.0,2021
130140,76.0,76.0,2021
130150,24.0,24.0,2021
130160,58.0,58.0,2021
130165,20.0,20.0,2021
130170,22.0,22.0,2021
130180,26.0,26.0,2021
130185,32.0,32.0,2021
130190,110.0,110.0,2021
130195,25.0,25.0,2021
130200,28.0,28.0,2021
130210,20.0,20.0,2021
130220,20.0,20.0,2021
130230,18.0,18.0,2021
130240,56.0,56.0,2021
130250,72.0,72.0,2021
130255,30.0,30.0,2021
130260,3628.0,2769.0,2021
130270,49.0,49.0,2021
130280,19.0,19.0,2021
130290,90.0,90.0,2021
130300,24.0,24.0,2021
130310,31.0,31.0,2021
130320,22.0,22.0,2021
130330,34.0,34.0,2021
130340,182.0,182.0,2021
130350,26.0,26.0,2021
130353,29.0,29.0,2021
130356,29.0,29.0,2021
130360,20.0,20.0,2021
130370,53.0,25.0,2021
130380,91.0,84.0,2021
130390,46.0,46.0,2021
130395,20.0,20.0,2021
130400,20.0,20.0,2021
130406,76.0,76.0,2021
130410,29.0,29.0,2021
130420,105.0,93.0,2021
130423,33.0,33.0,2021
130426,20.0,20.0,2021
130430,31.0,31.0,2021
130440,32.0,32.0,2021
140005,26.0,22.0,2021
140010,1103.0,1018.0,2021
140015,14.0,8.0,2021
140020,15.0,15.0,2021
140023,14.0,14.0,2021
140028,1.0,,2021
140030,22.0,14.0,2021
140040,24.0,24.0,2021
140045,15.0,15.0,2021
140047,81.0,81.0,2021
140050,15.0,15.0,2021
140060,13.0,13.0,2021
150010,277.0,239.0,2021
150013,21.0,21.0,2021
150020,33.0,33.0,2021
150030,30.0,30.0,2021
150034,40.0,40.0,2021
150040,97.0,91.0,2021
150050,114.0,107.0,2021
150060,280.0,220.0,2021
150070,20.0,20.0,2021
150080,829.0,684.0,2021
150085,44.0,44.0,2021
150090,86.0,37.0,2021
150095,58.0,58.0,2021
150110,15.0,15.0,2021
150120,31.0,31.0,2021
150125,10.0,10.0,2021
150130,134.0,125.0,2021
150140,4108.0,2531.0,2021
150145,48.0,48.0,2021
150157,31.0,31.0,2021
150170,379.0,290.0,2021
150172,33.0,33.0,2021
150175,24.0,24.0,2021
150178,44.0,44.0,2021
150180,182.0,182.0,2021
150190,43.0,30.0,2021
150200,20.0,20.0,2021
150210,178.0,161.0,2021
150215,123.0,100.0,2021
150220,209.0,186.0,2021
150230,164.0,86.0,2021
150240,500.0,396.0,2021
150250,16.0,16.0,2021
150270,119.0,117.0,2021
150275,28.0,28.0,2021
150276,11.0,11.0,2021
150277,50.0,50.0,2021
150280,26.0,26.0,2021
150290,27.0,27.0,2021
150293,108.0,85.0,2021
150295,41.0,41.0,2021
150300,10.0,10.0,2021
150304,20.0,20.0,2021
150307,18.0,18.0,2021
150309,24.0,24.0,2021
150310,23.0,23.0,2021
150320,45.0,45.0,2021
150330,138.0,129.0,2021
150340,19.0,19.0,2021
150345,85.0,85.0,2021
150350,30.0,30.0,2021
150360,497.0,168.0,2021
150370,53.0,53.0,2021
150375,28.0,28.0,2021
150380,110.0,79.0,2021
150390,100.0,87.0,2021
150400,20.0,20.0,2021
150405,52.0,52.0,2021
150420,405.0,298.0,2021
150430,27.0,27.0,2021
150440,18.0,18.0,2021
150442,147.0,103.0,2021
150445,38.0,38.0,2021
150450,15.0,15.0,2021
150460,27.0,27.0,2021
150470,50.0,50.0,2021
150480,44.0,44.0,2021
150490,42.0,42.0,2021
150495,32.0,32.0,2021
150497,15.0,15.0,2021
150503,42.0,34.0,2021
150506,54.0,54.0,2021
150510,65.0,63.0,2021
150520,15.0,15.0,2021
150530,89.0,74.0,2021
150540,24.0,24.0,2021
150543,74.0,72.0,2021
150548,37.0,32.0,2021
150549,20.0,20.0,2021
150550,212.0,137.0,2021
150553,393.0,168.0,2021
150555,22.0,22.0,2021
150563,27.0,27.0,2021
150565,39.0,39.0,2021
150570,30.0,30.0,2021
150580,29.0,29.0,2021
150590,49.0,49.0,2021
150600,36.0,36.0,2021
150610,10.0,10.0,2021
150613,290.0,197.0,2021
150616,56.0,31.0,2021
150618,102.0,94.0,2021
150619,27.0,27.0,2021
150620,70.0,70.0,2021
150630,19.0,19.0,2021
150640,15.0,15.0,2021
150650,60.0,60.0,2021
150655,16.0,16.0,2021
150658,45.0,45.0,2021
150660,47.0,47.0,2021
150670,64.0,64.0,2021
150680,566.0,450.0,2021
150700,76.0,74.0,2021
150710,20.0,20.0,2021
150715,21.0,21.0,2021
150720,31.0,31.0,2021
150730,145.0,98.0,2021
150745,41.0,41.0,2021
150747,24.0,24.0,2021
150750,19.0,19.0,2021
150760,62.0,62.0,2021
150770,32.0,32.0,2021
150775,14.0,14.0,2021
150780,19.0,19.0,2021
150790,48.0,48.0,2021
150795,40.0,40.0,2021
150797,25.0,25.0,2021
150800,177.0,156.0,2021
150803,15.0,15.0,2021
150805,21.0,21.0,2021
150808,99.0,87.0,2021
150810,291.0,209.0,2021
150812,118.0,117.0,2021
150815,81.0,78.0,2021
150820,37.0,37.0,2021
150830,65.0,65.0,2021
150835,43.0,43.0,2021
150840,119.0,87.0,2021
160005,30.0,30.0,2021
160010,37.0,37.0,2021
160015,15.0,15.0,2021
160020,20.0,20.0,2021
160023,12.0,12.0,2021
160027,85.0,85.0,2021
160030,720.0,590.0,2021
160040,14.0,14.0,2021
160050,51.0,51.0,2021
160053,34.0,34.0,2021
160060,115.0,113.0,2021
160070,18.0,18.0,2021
160080,8.0,8.0,2021
170070,26.0,26.0,2021
170100,14.0,14.0,2021
170190,17.0,17.0,2021
170200,27.0,27.0,2021
170210,597.0,449.0,2021
170220,25.0,25.0,2021
170230,28.0,28.0,2021
170240,37.0,37.0,2021
170255,74.0,74.0,2021
170370,5.0,5.0,2021
170550,69.0,69.0,2021
170610,25.0,25.0,2021
170700,39.0,39.0,2021
170710,15.0,15.0,2021
170720,9.0,9.0,2021
170730,14.0,5.0,2021
170765,5.0,5.0,2021
170770,5.0,5.0,2021
170820,40.0,40.0,2021
170900,15.0,15.0,2021
170930,52.0,50.0,2021
170950,189.0,122.0,2021
171050,27.0,27.0,2021
171190,30.0,30.0,2021
171320,72.0,72.0,2021
171330,20.0,20.0,2021
171360,5.0,5.0,2021
171420,10.0,10.0,2021
171575,31.0,31.0,2021
171610,128.0,85.0,2021
171620,24.0,24.0,2021
171650,31.0,31.0,2021
171660,27.0,27.0,2021
171670,21.0,21.0,2021
171700,6.0,6.0,2021
171750,5.0,5.0,2021
171790,7.0,7.0,2021
171820,140.0,140.0,2021
172065,19.0,19.0,2021
172080,16.0,16.0,2021
172090,16.0,16.0,2021
172100,1040.0,584.0,2021
172120,38.0,38.0,2021
172210,31.0,31.0,2021
210005,243.0,153.0,2021
210010,20.0,20.0,2021
210020,31.0,31.0,2021
210030,25.0,25.0,2021
210043,50.0,50.0,2021
210047,28.0,28.0,2021
210050,42.0,42.0,2021
210055,11.0,11.0,2021
210060,90.0,81.0,2021
210070,27.0,27.0,2021
210080,16.0,16.0,2021
210083,15.0,15.0,2021
210087,17.0,17.0,2021
210090,117.0,117.0,2021
210095,58.0,58.0,2021
210100,48.0,48.0,2021
210110,25.0,25.0,2021
210120,234.0,220.0,2021
210125,26.0,26.0,2021
210130,23.0,23.0,2021
210140,165.0,142.0,2021
210150,31.0,31.0,2021
210160,153.0,123.0,2021
210170,58.0,53.0,2021
210173,7.0,7.0,2021
210177,18.0,18.0,2021
210180,20.0,20.0,2021
210190,18.0,18.0,2021
210193,15.0,15.0,2021
210197,15.0,15.0,2021
210200,36.0,36.0,2021
210203,22.0,22.0,2021
210210,37.0,37.0,2021
210230,44.0,44.0,2021
210232,84.0,84.0,2021
210240,19.0,19.0,2021
210250,20.0,20.0,2021
210255,21.0,21.0,2021
210260,21.0,21.0,2021
210270,59.0,59.0,2021
210275,13.0,12.0,2021
210280,30.0,30.0,2021
210290,46.0,46.0,2021
210300,331.0,331.0,2021
210310,15.0,15.0,2021
210312,15.0,15.0,2021
210317,14.0,14.0,2021
210320,167.0,135.0,2021
210325,21.0,21.0,2021
210330,104.0,104.0,2021
210340,125.0,105.0,2021
210350,134.0,134.0,2021
210355,15.0,15.0,2021
210360,75.0,75.0,2021
210370,109.0,103.0,2021
210375,14.0,14.0,2021
210380,29.0,29.0,2021
210390,26.0,26.0,2021
210400,44.0,44.0,2021
210405,61.0,53.0,2021
210407,42.0,42.0,2021
210408,18.0,18.0,2021
210409,13.0,13.0,2021
210410,31.0,31.0,2021
210420,17.0,17.0,2021
210440,29.0,29.0,2021
210450,24.0,24.0,2021
210455,31.0,31.0,2021
210460,30.0,30.0,2021
210462,20.0,20.0,2021
210465,26.0,26.0,2021
210467,204.0,200.0,2021
210470,18.0,18.0,2021
210480,213.0,211.0,2021
210490,36.0,32.0,2021
210500,30.0,30.0,2021
210510,34.0,30.0,2021
210515,37.0,37.0,2021
210520,37.0,37.0,2021
210530,946.0,705.0,2021
210535,25.0,25.0,2021
210540,74.0,74.0,2021
210542,76.0,76.0,2021
210545,16.0,16.0,2021
210547,17.0,17.0,2021
210550,62.0,60.0,2021
210560,22.0,22.0,2021
210565,3.0,3.0,2021
210570,221.0,174.0,2021
210580,20.0,20.0,2021
210590,45.0,45.0,2021
210592,22.0,22.0,2021
210596,19.0,19.0,2021
210600,38.0,38.0,2021
210610,20.0,20.0,2021
210620,9.0,9.0,2021
210630,20.0,20.0,2021
210632,11.0,11.0,2021
210637,18.0,18.0,2021
210640,23.0,23.0,2021
210650,17.0,17.0,2021
210660,50.0,50.0,2021
210667,12.0,12.0,2021
210670,22.0,22.0,2021
210675,52.0,44.0,2021
210680,22.0,22.0,2021
210690,53.0,53.0,2021
210700,24.0,24.0,2021
210710,38.0,34.0,2021
210720,20.0,20.0,2021
210725,14.0,14.0,2021
210730,15.0,15.0,2021
210735,60.0,60.0,2021
210740,20.0,20.0,2021
210745,50.0,42.0,2021
210760,17.0,15.0,2021
210770,48.0,48.0,2021
210780,51.0,51.0,2021
210790,116.0,116.0,2021
210800,55.0,55.0,2021
210805,20.0,20.0,2021
210810,35.0,35.0,2021
210820,165.0,138.0,2021
210825,36.0,36.0,2021
210830,63.0,63.0,2021
210840,27.0,27.0,2021
210845,62.0,58.0,2021
210850,40.0,40.0,2021
210860,248.0,240.0,2021
210870,41.0,41.0,2021
210880,24.0,24.0,2021
210890,29.0,29.0,2021
210900,55.0,47.0,2021
210905,28.0,28.0,2021
210910,196.0,192.0,2021
210920,15.0,15.0,2021
210927,15.0,15.0,2021
210930,22.0,22.0,2021
210940,19.0,19.0,2021
210945,48.0,13.0,2021
210950,58.0,58.0,2021
210955,20.0,20.0,2021
210960,123.0,113.0,2021
210970,32.0,32.0,2021
210975,17.0,17.0,2021
210980,58.0,58.0,2021
210990,313.0,231.0,2021
211000,53.0,53.0,2021
211003,80.0,80.0,2021
211010,42.0,42.0,2021
211020,35.0,35.0,2021
211023,16.0,16.0,2021
211027,20.0,20.0,2021
211030,30.0,30.0,2021
211040,32.0,32.0,2021
211050,49.0,49.0,2021
211060,27.0,27.0,2021
211065,20.0,20.0,2021
211070,45.0,41.0,2021
211080,22.0,22.0,2021
211085,24.0,24.0,2021
211090,23.0,23.0,2021
211100,50.0,50.0,2021
211102,35.0,35.0,2021
211105,20.0,20.0,2021
211107,19.0,19.0,2021
211110,54.0,52.0,2021
211120,225.0,72.0,2021
211125,13.0,13.0,2021
211130,4179.0,3307.0,2021
211140,31.0,31.0,2021
211150,52.0,52.0,2021
211153,26.0,26.0,2021
211157,18.0,18.0,2021
211160,57.0,57.0,2021
211163,12.0,12.0,2021
211167,3.0,3.0,2021
211170,56.0,56.0,2021
211172,34.0,34.0,2021
211174,20.0,20.0,2021
211178,14.0,14.0,2021
211180,32.0,32.0,2021
211190,24.0,22.0,2021
211195,16.0,16.0,2021
211200,18.0,18.0,2021
211210,50.0,50.0,2021
211220,145.0,145.0,2021
211223,29.0,29.0,2021
211227,27.0,27.0,2021
211230,50.0,50.0,2021
211240,52.0,52.0,2021
211245,16.0,16.0,2021
211250,52.0,37.0,2021
211260,37.0,37.0,2021
211270,42.0,42.0,2021
211280,100.0,100.0,2021
211285,31.0,31.0,2021
211290,32.0,32.0,2021
211300,48.0,44.0,2021
211400,51.0,51.0,2021
220010,15.0,15.0,2021
220020,27.0,27.0,2021
220025,12.0,12.0,2021
220030,14.0,14.0,2021
220040,37.0,37.0,2021
220050,45.0,45.0,2021
220060,11.0,11.0,2021
220070,10.0,10.0,2021
220090,6.0,6.0,2021
220100,4.0,4.0,2021
220110,18.0,18.0,2021
220115,11.0,11.0,2021
220120,74.0,70.0,2021
220140,31.0,31.0,2021
220150,24.0,24.0,2021
220160,15.0,15.0,2021
220170,4.0,4.0,2021
220180,21.0,21.0,2021
220190,50.0,50.0,2021
220191,6.0,6.0,2021
220196,10.0,10.0,2021
220200,42.0,42.0,2021
220202,16.0,16.0,2021
220220,183.0,161.0,2021
220225,4.0,4.0,2021
220230,33.0,33.0,2021
220240,9.0,9.0,2021
220250,11.0,11.0,2021
220260,38.0,38.0,2021
220270,41.0,41.0,2021
220277,7.0,7.0,2021
220280,7.0,7.0,2021
220290,68.0,68.0,2021
220300,13.0,13.0,2021
220310,21.0,21.0,2021
220320,34.0,34.0,2021
220330,40.0,40.0,2021
220335,7.0,7.0,2021
220350,34.0,34.0,2021
220360,8.0,8.0,2021
220370,75.0,55.0,2021
220380,2.0,2.0,2021
220390,263.0,248.0,2021
220400,14.0,14.0,2021
220410,4.0,4.0,2021
220420,14.0,14.0,2021
220430,25.0,25.0,2021
220440,9.0,9.0,2021
220450,34.0,34.0,2021
220470,11.0,11.0,2021
220480,19.0,19.0,2021
220490,20.0,20.0,2021
220500,21.0,21.0,2021
220510,26.0,26.0,2021
220520,35.0,31.0,2021
220530,7.0,7.0,2021
220540,17.0,17.0,2021
220545,6.0,6.0,2021
220550,24.0,24.0,2021
220553,13.0,13.0,2021
220555,10.0,10.0,2021
220560,8.0,8.0,2021
220570,43.0,43.0,2021
220580,38.0,38.0,2021
220585,7.0,7.0,2021
220590,11.0,11.0,2021
220595,77.0,68.0,2021
220600,11.0,11.0,2021
220610,15.0,15.0,2021
220620,22.0,20.0,2021
220640,13.0,13.0,2021
220650,20.0,20.0,2021
220660,25.0,25.0,2021
220670,6.0,6.0,2021
220680,9.0,9.0,2021
220690,8.0,8.0,2021
220700,113.0,101.0,2021
220720,36.0,36.0,2021
220730,9.0,9.0,2021
220740,12.0,12.0,2021
220750,16.0,16.0,2021
220760,17.0,17.0,2021
220770,652.0,595.0,2021
220780,89.0,86.0,2021
220790,76.0,55.0,2021
220800,416.0,330.0,2021
220810,16.0,16.0,2021
220820,35.0,35.0,2021
220830,65.0,65.0,2021
220840,65.0,64.0,2021
220850,17.0,17.0,2021
220855,3.0,3.0,2021
220860,16.0,16.0,2021
220870,19.0,19.0,2021
220880,29.0,29.0,2021
220890,17.0,17.0,2021
220900,2.0,2.0,2021
220910,11.0,11.0,2021
220920,10.0,10.0,2021
220937,16.0,8.0,2021
220940,4.0,4.0,2021
220950,7.0,7.0,2021
220960,20.0,20.0,2021
220970,7.0,7.0,2021
220980,12.0,12.0,2021
220990,12.0,12.0,2021
221000,73.0,73.0,2021
221010,6.0,6.0,2021
221020,8.0,8.0,2021
221030,29.0,29.0,2021
221040,39.0,26.0,2021
221050,41.0,41.0,2021
221060,276.0,276.0,2021
221070,52.0,52.0,2021
221080,32.0,32.0,2021
221090,12.0,12.0,2021
221100,3426.0,2522.0,2021
221110,50.0,50.0,2021
221120,40.0,40.0,2021
221130,55.0,55.0,2021
221140,14.0,14.0,2021
221170,19.0,19.0,2021
230010,1.0,1.0,2021
230020,73.0,70.0,2021
230030,99.0,99.0,2021
230040,34.0,34.0,2021
230060,19.0,19.0,2021
230070,33.0,33.0,2021
230075,44.0,44.0,2021
230080,16.0,16.0,2021
230090,13.0,13.0,2021
230100,138.0,46.0,2021
230110,127.0,113.0,2021
230120,82.0,82.0,2021
230125,20.0,20.0,2021
230130,42.0,42.0,2021
230140,11.0,11.0,2021
230150,20.0,20.0,2021
230160,31.0,31.0,2021
230170,89.0,89.0,2021
230180,19.0,19.0,2021
230185,17.0,17.0,2021
230190,424.0,339.0,2021
230195,25.0,25.0,2021
230200,32.0,32.0,2021
230205,9.0,9.0,2021
230210,78.0,76.0,2021
230220,29.0,29.0,2021
230230,32.0,32.0,2021
230240,74.0,66.0,2021
230250,249.0,226.0,2021
230260,99.0,98.0,2021
230270,48.0,48.0,2021
230280,125.0,121.0,2021
230290,14.0,14.0,2021
230300,21.0,21.0,2021
230310,18.0,18.0,2021
230320,47.0,47.0,2021
230330,18.0,18.0,2021
230340,16.0,16.0,2021
230350,34.0,34.0,2021
230360,18.0,18.0,2021
230365,23.0,23.0,2021
230370,276.0,196.0,2021
230380,66.0,61.0,2021
230390,23.0,23.0,2021
230393,16.0,16.0,2021
230395,12.0,12.0,2021
230400,14.0,14.0,2021
230410,171.0,147.0,2021
230420,423.0,359.0,2021
230423,41.0,41.0,2021
230425,56.0,56.0,2021
230426,12.0,12.0,2021
230427,9.0,9.0,2021
230428,108.0,44.0,2021
230430,36.0,36.0,2021
230435,8.0,8.0,2021
230440,8911.0,5814.0,2021
230445,17.0,17.0,2021
230450,16.0,16.0,2021
230460,13.0,13.0,2021
230470,53.0,53.0,2021
230480,25.0,25.0,2021
230490,19.0,19.0,2021
230495,20.0,20.0,2021
230500,60.0,60.0,2021
230510,11.0,11.0,2021
230520,34.0,34.0,2021
230523,69.0,69.0,2021
230526,21.0,21.0,2021
230530,43.0,43.0,2021
230533,7.0,7.0,2021
230535,16.0,16.0,2021
230540,90.0,90.0,2021
230550,264.0,206.0,2021
230560,25.0,25.0,2021
230565,18.0,18.0,2021
230570,26.0,26.0,2021
230580,153.0,72.0,2021
230590,57.0,50.0,2021
230600,31.0,31.0,2021
230610,21.0,21.0,2021
230620,17.0,17.0,2021
230625,26.0,26.0,2021
230630,36.0,34.0,2021
230640,177.0,146.0,2021
230650,28.0,28.0,2021
230655,36.0,36.0,2021
230670,22.0,22.0,2021
230680,23.0,23.0,2021
230690,36.0,36.0,2021
230700,15.0,15.0,2021
230710,54.0,54.0,2021
230720,33.0,33.0,2021
230725,17.0,17.0,2021
230730,564.0,427.0,2021
230740,27.0,27.0,2021
230750,53.0,49.0,2021
230760,168.0,150.0,2021
230763,24.0,24.0,2021
230765,323.0,269.0,2021
230770,129.0,51.0,2021
230780,43.0,43.0,2021
230790,9.0,9.0,2021
230800,30.0,30.0,2021
230810,54.0,54.0,2021
230820,20.0,20.0,2021
230830,104.0,101.0,2021
230835,28.0,28.0,2021
230837,8.0,8.0,2021
230840,74.0,74.0,2021
230850,65.0,65.0,2021
230860,49.0,49.0,2021
230870,174.0,144.0,2021
230880,12.0,12.0,2021
230890,21.0,21.0,2021
230900,40.0,40.0,2021
230910,9.0,9.0,2021
230920,20.0,20.0,2021
230930,43.0,43.0,2021
230940,25.0,25.0,2021
230945,19.0,19.0,2021
230950,37.0,37.0,2021
230960,38.0,38.0,2021
230970,38.0,38.0,2021
230980,20.0,20.0,2021
231000,12.0,12.0,2021
231010,16.0,16.0,2021
231020,41.0,39.0,2021
231025,25.0,25.0,2021
231030,49.0,49.0,2021
231040,28.0,28.0,2021
231050,51.0,51.0,2021
231060,20.0,20.0,2021
231070,58.0,58.0,2021
231080,25.0,25.0,2021
231085,16.0,16.0,2021
231090,32.0,32.0,2021
231095,21.0,21.0,2021
231100,21.0,21.0,2021
231110,27.0,27.0,2021
231120,18.0,18.0,2021
231123,13.0,13.0,2021
231126,29.0,29.0,2021
231130,146.0,139.0,2021
231135,24.0,24.0,2021
231140,322.0,322.0,2021
231150,25.0,25.0,2021
231160,50.0,50.0,2021
231170,28.0,28.0,2021
231180,216.0,95.0,2021
231190,37.0,37.0,2021
231195,14.0,14.0,2021
231200,40.0,40.0,2021
231210,21.0,21.0,2021
231220,53.0,51.0,2021
231230,89.0,75.0,2021
231240,39.0,39.0,2021
231260,22.0,22.0,2021
231270,53.0,53.0,2021
231290,842.0,788.0,2021
231300,33.0,33.0,2021
231310,62.0,62.0,2021
231320,59.0,59.0,2021
231325,16.0,16.0,2021
231330,131.0,130.0,2021
231335,16.0,16.0,2021
231340,124.0,124.0,2021
231350,44.0,44.0,2021
231355,13.0,13.0,2021
231360,57.0,57.0,2021
231370,21.0,21.0,2021
231375,13.0,13.0,2021
231380,25.0,25.0,2021
231390,19.0,19.0,2021
231395,19.0,19.0,2021
231400,68.0,66.0,2021
231410,65.0,65.0,2021
240010,43.0,37.0,2021
240020,49.0,40.0,2021
240030,16.0,16.0,2021
240050,124.0,124.0,2021
240060,50.0,50.0,2021
240070,21.0,21.0,2021
240080,28.0,28.0,2021
240090,32.0,32.0,2021
240100,71.0,71.0,2021
240110,34.0,34.0,2021
240120,9.0,9.0,2021
240140,9.0,9.0,2021
240145,21.0,21.0,2021
240150,1.0,1.0,2021
240160,15.0,15.0,2021
240170,10.0,10.0,2021
240180,14.0,14.0,2021
240190,8.0,8.0,2021
240200,184.0,160.0,2021
240230,32.0,32.0,2021
240240,18.0,18.0,2021
240250,5.0,5.0,2021
240260,65.0,65.0,2021
240270,24.0,24.0,2021
240280,3.0,3.0,2021
240290,9.0,9.0,2021
240300,12.0,12.0,2021
240310,127.0,107.0,2021
240320,12.0,12.0,2021
240325,243.0,228.0,2021
240330,8.0,8.0,2021
240340,20.0,20.0,2021
240360,20.0,20.0,2021
240370,15.0,15.0,2021
240380,10.0,10.0,2021
240400,6.0,6.0,2021
240420,25.0,25.0,2021
240430,12.0,12.0,2021
240440,13.0,13.0,2021
240450,44.0,44.0,2021
240485,8.0,8.0,2021
240490,15.0,15.0,2021
240500,15.0,15.0,2021
240510,3.0,3.0,2021
240520,20.0,20.0,2021
240530,12.0,12.0,2021
240540,1.0,1.0,2021
240550,3.0,3.0,2021
240560,25.0,25.0,2021
240570,32.0,30.0,2021
240580,36.0,36.0,2021
240590,2.0,2.0,2021
240600,10.0,10.0,2021
240610,48.0,48.0,2021
240620,10.0,10.0,2021
240650,24.0,24.0,2021
240670,31.0,31.0,2021
240680,8.0,8.0,2021
240690,12.0,12.0,2021
240700,30.0,30.0,2021
240710,57.0,51.0,2021
240720,66.0,66.0,2021
240725,12.0,12.0,2021
240730,15.0,15.0,2021
240740,12.0,12.0,2021
240760,16.0,16.0,2021
240770,6.0,6.0,2021
240780,14.0,14.0,2021
240790,13.0,13.0,2021
240800,852.0,646.0,2021
240810,3476.0,2323.0,2021
240820,25.0,1.0,2021
240830,38.0,38.0,2021
240840,14.0,14.0,2021
240860,4.0,4.0,2021
240880,6.0,6.0,2021
240890,55.0,50.0,2021
240895,8.0,8.0,2021
240910,30.0,30.0,2021
240930,45.0,40.0,2021
240940,186.0,150.0,2021
240950,5.0,5.0,2021
240960,4.0,4.0,2021
240980,11.0,11.0,2021
240990,11.0,11.0,2021
241000,10.0,10.0,2021
241010,30.0,30.0,2021
241020,31.0,31.0,2021
241025,2.0,2.0,2021
241030,6.0,6.0,2021
241050,8.0,8.0,2021
241060,19.0,19.0,2021
241070,24.0,24.0,2021
241080,6.0,6.0,2021
241090,12.0,12.0,2021
241100,18.0,18.0,2021
241105,14.0,14.0,2021
241110,1.0,1.0,2021
241120,126.0,121.0,2021
241140,25.0,25.0,2021
241142,11.0,11.0,2021
241150,47.0,47.0,2021
241200,104.0,66.0,2021
241210,8.0,8.0,2021
241220,111.0,71.0,2021
241230,16.0,16.0,2021
241240,12.0,12.0,2021
241250,70.0,70.0,2021
241255,4.0,3.0,2021
241260,31.0,30.0,2021
241270,4.0,4.0,2021
241280,19.0,19.0,2021
241290,10.0,10.0,2021
241300,14.0,14.0,2021
241310,1.0,1.0,2021
241330,12.0,12.0,2021
241335,17.0,17.0,2021
241340,22.0,22.0,2021
241355,13.0,13.0,2021
241360,51.0,51.0,2021
241370,12.0,12.0,2021
241380,14.0,14.0,2021
241390,6.0,6.0,2021
241400,17.0,17.0,2021
241410,27.0,27.0,2021
241415,3.0,3.0,2021
241420,5.0,5.0,2021
241440,30.0,29.0,2021
241445,12.0,12.0,2021
241460,13.0,13.0,2021
241475,8.0,8.0,2021
241480,12.0,12.0,2021
241490,15.0,15.0,2021
241500,4.0,4.0,2021
250010,20.0,20.0,2021
250020,12.0,12.0,2021
250030,46.0,46.0,2021
250040,28.0,28.0,2021
250060,2.0,2.0,2021
250070,28.0,28.0,2021
250080,2.0,2.0,2021
250090,17.0,17.0,2021
250100,15.0,15.0,2021
250110,36.0,36.0,2021
250130,40.0,40.0,2021
250150,37.0,37.0,2021
250180,48.0,48.0,2021
250190,25.0,25.0,2021
250200,31.0,28.0,2021
250210,3.0,,2021
250230,16.0,16.0,2021
250240,19.0,19.0,2021
250250,25.0,25.0,2021
250260,12.0,12.0,2021
250280,32.0,32.0,2021
250290,26.0,26.0,2021
250300,43.0,43.0,2021
250320,35.0,35.0,2021
250340,5.0,5.0,2021
250350,13.0,13.0,2021
250370,233.0,171.0,2021
250400,2021.0,1551.0,2021
250420,1.0,1.0,2021
250430,64.0,64.0,2021
250440,58.0,58.0,2021
250460,100.0,,2021
250480,39.0,39.0,2021
250490,1.0,1.0,2021
250500,16.0,16.0,2021
250510,67.0,67.0,2021
250570,12.0,12.0,2021
250600,26.0,26.0,2021
250620,18.0,18.0,2021
250630,207.0,110.0,2021
250650,4.0,4.0,2021
250660,12.0,12.0,2021
250680,10.0,10.0,2021
250690,46.0,46.0,2021
250700,48.0,48.0,2021
250710,18.0,18.0,2021
250730,8.0,8.0,2021
250740,12.0,12.0,2021
250750,3223.0,2123.0,2021
250770,18.0,18.0,2021
250780,14.0,14.0,2021
250790,12.0,12.0,2021
250800,11.0,11.0,2021
250820,19.0,19.0,2021
250830,28.0,28.0,2021
250840,10.0,10.0,2021
250860,1.0,1.0,2021
250890,110.0,110.0,2021
250910,7.0,7.0,2021
250920,51.0,51.0,2021
250970,78.0,63.0,2021
250990,19.0,19.0,2021
251010,19.0,19.0,2021
251020,22.0,22.0,2021
251040,1.0,1.0,2021
251080,340.0,290.0,2021
251090,31.0,31.0,2021
251110,20.0,20.0,2021
251120,47.0,47.0,2021
251130,111.0,103.0,2021
251140,100.0,100.0,2021
251150,19.0,18.0,2021
251180,2.0,2.0,2021
251200,50.0,50.0,2021
251210,94.0,94.0,2021
251230,55.0,51.0,2021
251250,36.0,36.0,2021
251280,8.0,8.0,2021
251320,13.0,13.0,2021
251335,10.0,10.0,2021
251340,36.0,36.0,2021
251370,175.0,161.0,2021
251385,6.0,6.0,2021
251390,47.0,47.0,2021
251420,3.0,3.0,2021
251430,15.0,15.0,2021
251450,17.0,17.0,2021
251490,26.0,26.0,2021
251530,78.0,78.0,2021
251540,24.0,24.0,2021
251550,58.0,58.0,2021
251570,12.0,12.0,2021
251590,7.0,7.0,2021
251600,34.0,34.0,2021
251610,22.0,22.0,2021
251620,141.0,93.0,2021
251630,41.0,41.0,2021
251650,52.0,52.0,2021
251660,23.0,23.0,2021
251670,39.0,39.0,2021
251690,47.0,47.0,2021
260005,270.0,24.0,2021
260010,129.0,97.0,2021
260020,55.0,55.0,2021
260030,108.0,76.0,2021
260040,50.0,50.0,2021
260050,39.0,39.0,2021
260060,24.0,24.0,2021
260070,26.0,26.0,2021
260080,24.0,24.0,2021
260090,31.0,31.0,2021
260100,12.0,12.0,2021
260105,5.0,5.0,2021
260110,226.0,198.0,2021
260120,139.0,111.0,2021
260130,17.0,17.0,2021
260140,95.0,95.0,2021
260150,9.0,9.0,2021
260160,39.0,39.0,2021
260170,87.0,51.0,2021
260180,24.0,24.0,2021
260190,172.0,138.0,2021
260200,29.0,29.0,2021
260210,53.0,53.0,2021
260220,33.0,33.0,2021
260230,52.0,52.0,2021
260240,16.0,16.0,2021
260250,11.0,11.0,2021
260260,60.0,60.0,2021
260270,17.0,17.0,2021
260280,57.0,57.0,2021
260290,403.0,219.0,2021
260300,76.0,76.0,2021
260310,26.0,26.0,2021
260320,50.0,50.0,2021
260330,17.0,17.0,2021
260340,17.0,17.0,2021
260345,444.0,29.0,2021
260350,19.0,19.0,2021
260360,12.0,12.0,2021
260370,32.0,32.0,2021
260380,40.0,40.0,2021
260390,25.0,25.0,2021
260392,11.0,11.0,2021
260400,116.0,105.0,2021
260410,973.0,750.0,2021
260415,35.0,35.0,2021
260420,27.0,27.0,2021
260430,18.0,18.0,2021
260440,10.0,10.0,2021
260450,32.0,30.0,2021
260460,34.0,34.0,2021
260470,29.0,29.0,2021
260480,39.0,39.0,2021
260490,21.0,21.0,2021
260500,20.0,20.0,2021
260510,87.0,49.0,2021
260515,27.0,27.0,2021
260520,83.0,51.0,2021
260530,42.0,42.0,2021
260540,28.0,28.0,2021
260545,17.0,17.0,2021
260560,33.0,33.0,2021
260570,71.0,61.0,2021
260580,11.0,11.0,2021
260590,23.0,23.0,2021
260600,374.0,284.0,2021
260610,23.0,23.0,2021
260620,166.0,123.0,2021
260630,19.0,19.0,2021
260640,111.0,69.0,2021
260650,22.0,22.0,2021
260660,26.0,26.0,2021
260670,20.0,20.0,2021
260680,309.0,100.0,2021
260690,22.0,22.0,2021
260700,13.0,13.0,2021
260710,4.0,4.0,2021
260720,53.0,53.0,2021
260730,45.0,45.0,2021
260740,15.0,15.0,2021
260750,51.0,51.0,2021
260760,14.0,14.0,2021
260765,42.0,42.0,2021
260770,32.0,32.0,2021
260775,6.0,6.0,2021
260780,14.0,14.0,2021
260790,888.0,710.0,2021
260795,32.0,32.0,2021
260800,19.0,19.0,2021
260805,23.0,23.0,2021
260810,33.0,33.0,2021
260820,14.0,14.0,2021
260825,12.0,12.0,2021
260830,16.0,16.0,2021
260840,27.0,27.0,2021
260845,13.0,13.0,2021
260850,27.0,27.0,2021
260860,33.0,33.0,2021
260870,17.0,17.0,2021
260875,35.0,35.0,2021
260880,44.0,44.0,2021
260890,129.0,104.0,2021
260900,52.0,52.0,2021
260910,15.0,15.0,2021
260915,27.0,27.0,2021
260920,13.0,13.0,2021
260930,9.0,9.0,2021
260940,135.0,135.0,2021
260950,40.0,40.0,2021
260960,664.0,367.0,2021
260970,32.0,32.0,2021
260980,23.0,23.0,2021
260990,114.0,108.0,2021
261000,279.0,248.0,2021
261010,14.0,14.0,2021
261020,26.0,26.0,2021
261030,27.0,27.0,2021
261040,28.0,28.0,2021
261050,39.0,39.0,2021
261060,135.0,98.0,2021
261070,472.0,380.0,2021
261080,22.0,22.0,2021
261090,151.0,105.0,2021
261100,113.0,113.0,2021
261110,900.0,611.0,2021
261120,23.0,23.0,2021
261130,35.0,35.0,2021
261140,4.0,4.0,2021
261150,19.0,19.0,2021
261160,8951.0,6329.0,2021
261170,38.0,38.0,2021
261180,38.0,38.0,2021
261190,16.0,16.0,2021
261200,10.0,10.0,2021
261210,5.0,5.0,2021
261220,266.0,200.0,2021
261230,30.0,30.0,2021
261240,14.0,14.0,2021
261245,24.0,24.0,2021
261247,16.0,16.0,2021
261250,100.0,94.0,2021
261255,17.0,17.0,2021
261260,30.0,30.0,2021
261280,19.0,19.0,2021
261290,28.0,28.0,2021
261300,51.0,51.0,2021
261310,30.0,30.0,2021
261320,31.0,31.0,2021
261330,34.0,34.0,2021
261340,26.0,26.0,2021
261350,33.0,32.0,2021
261360,90.0,82.0,2021
261370,130.0,130.0,2021
261380,22.0,22.0,2021
261390,483.0,372.0,2021
261400,32.0,32.0,2021
261410,73.0,54.0,2021
261420,26.0,26.0,2021
261430,20.0,20.0,2021
261440,18.0,12.0,2021
261450,203.0,198.0,2021
261460,69.0,49.0,2021
261480,21.0,21.0,2021
261485,30.0,30.0,2021
261500,56.0,56.0,2021
261510,13.0,13.0,2021
261520,11.0,11.0,2021
261530,147.0,116.0,2021
261540,44.0,44.0,2021
261550,11.0,11.0,2021
261560,76.0,32.0,2021
261570,24.0,24.0,2021
261580,21.0,21.0,2021
261590,39.0,39.0,2021
261600,24.0,24.0,2021
261610,15.0,15.0,2021
261618,4.0,4.0,2021
261620,62.0,62.0,2021
261630,40.0,40.0,2021
261640,444.0,319.0,2021
261650,14.0,14.0,2021
270010,25.0,25.0,2021
270020,25.0,25.0,2021
270030,1063.0,852.0,2021
270040,44.0,44.0,2021
270070,35.0,35.0,2021
270100,14.0,14.0,2021
270120,3.0,3.0,2021
270130,26.0,26.0,2021
270140,77.0,77.0,2021
270170,71.0,71.0,2021
270210,33.0,33.0,2021
270230,274.0,274.0,2021
270235,8.0,8.0,2021
270240,94.0,94.0,2021
270280,15.0,15.0,2021
270290,48.0,48.0,2021
270300,3.0,3.0,2021
270310,14.0,14.0,2021
270380,50.0,50.0,2021
270400,35.0,35.0,2021
270410,3.0,3.0,2021
270420,14.0,14.0,2021
270430,3014.0,2197.0,2021
270440,31.0,31.0,2021
270450,4.0,4.0,2021
270470,3.0,3.0,2021
270500,36.0,36.0,2021
270510,24.0,24.0,2021
270550,53.0,53.0,2021
270570,47.0,46.0,2021
270630,146.0,130.0,2021
270640,52.0,52.0,2021
270660,16.0,16.0,2021
270670,109.0,95.0,2021
270680,18.0,18.0,2021
270690,50.0,50.0,2021
270710,42.0,42.0,2021
270730,97.0,97.0,2021
270760,28.0,28.0,2021
270770,81.0,41.0,2021
270800,138.0,138.0,2021
270820,3.0,3.0,2021
270830,70.0,70.0,2021
270840,31.0,31.0,2021
270850,27.0,27.0,2021
270860,124.0,116.0,2021
270880,6.0,6.0,2021
270910,1.0,1.0,2021
270915,68.0,68.0,2021
270920,9.0,9.0,2021
270930,138.0,128.0,2021
270940,40.0,40.0,2021
280020,32.0,32.0,2021
280030,2198.0,1379.0,2021
280067,18.0,18.0,2021
280120,35.0,35.0,2021
280130,80.0,80.0,2021
280140,1.0,1.0,2021
280210,189.0,180.0,2021
280230,1.0,1.0,2021
280290,177.0,148.0,2021
280300,30.0,30.0,2021
280340,21.0,21.0,2021
280350,168.0,151.0,2021
280360,1.0,1.0,2021
280420,7.0,7.0,2021
280440,25.0,25.0,2021
280450,58.0,58.0,2021
280480,48.0,48.0,2021
280540,18.0,18.0,2021
280550,12.0,12.0,2021
280560,18.0,18.0,2021
280570,49.0,49.0,2021
280580,1.0,1.0,2021
280590,56.0,56.0,2021
280610,13.0,13.0,2021
280670,36.0,30.0,2021
280710,19.0,19.0,2021
280760,5.0,1.0,2021
290010,9.0,9.0,2021
290020,25.0,25.0,2021
290030,8.0,8.0,2021
290035,19.0,19.0,2021
290040,20.0,20.0,2021
290050,15.0,15.0,2021
290060,13.0,13.0,2021
290070,221.0,146.0,2021
290080,59.0,51.0,2021
290100,65.0,65.0,2021
290110,16.0,16.0,2021
290115,26.0,26.0,2021
290120,33.0,33.0,2021
290130,32.0,32.0,2021
290135,23.0,22.0,2021
290140,6.0,6.0,2021
290150,6.0,6.0,2021
290160,142.0,142.0,2021
290190,1.0,1.0,2021
290200,33.0,33.0,2021
290205,23.0,23.0,2021
290210,57.0,57.0,2021
290240,40.0,40.0,2021
290250,28.0,28.0,2021
290260,32.0,32.0,2021
290270,83.0,82.0,2021
290280,84.0,67.0,2021
290290,32.0,32.0,2021
290300,26.0,26.0,2021
290320,447.0,375.0,2021
290323,23.0,22.0,2021
290327,29.0,29.0,2021
290330,9.0,9.0,2021
290340,40.0,40.0,2021
290350,44.0,44.0,2021
290360,14.0,14.0,2021
290380,14.0,14.0,2021
290390,122.0,122.0,2021
290395,28.0,14.0,2021
290400,24.0,24.0,2021
290405,16.0,16.0,2021
290410,23.0,23.0,2021
290420,43.0,43.0,2021
290430,19.0,19.0,2021
290440,35.0,35.0,2021
290450,15.0,15.0,2021
290460,122.0,110.0,2021
290475,19.0,19.0,2021
290480,14.0,14.0,2021
290485,4.0,4.0,2021
290490,83.0,83.0,2021
290500,52.0,50.0,2021
290510,36.0,36.0,2021
290520,166.0,144.0,2021
290530,33.0,33.0,2021
290550,39.0,39.0,2021
290560,67.0,67.0,2021
290570,453.0,232.0,2021
290580,17.0,17.0,2021
290590,77.0,36.0,2021
290600,81.0,69.0,2021
290610,24.0,24.0,2021
290620,36.0,36.0,2021
290630,75.0,65.0,2021
290640,7.0,7.0,2021
290650,102.0,52.0,2021
290660,37.0,37.0,2021
290670,57.0,57.0,2021
290680,58.0,58.0,2021
290682,41.0,41.0,2021
290685,11.0,11.0,2021
290687,57.0,57.0,2021
290689,3.0,3.0,2021
290690,57.0,57.0,2021
290710,30.0,30.0,2021
290720,41.0,41.0,2021
290730,60.0,60.0,2021
290750,100.0,46.0,2021
290755,8.0,8.0,2021
290760,42.0,42.0,2021
290770,15.0,15.0,2021
290780,49.0,46.0,2021
290790,30.0,30.0,2021
290800,43.0,43.0,2021
290810,31.0,31.0,2021
290820,5.0,5.0,2021
290830,36.0,36.0,2021
290840,214.0,119.0,2021
290850,95.0,36.0,2021
290860,15.0,15.0,2021
290870,16.0,16.0,2021
290890,32.0,32.0,2021
290900,5.0,5.0,2021
290910,36.0,36.0,2021
290920,9.0,9.0,2021
290930,35.0,35.0,2021
290940,29.0,29.0,2021
290950,24.0,24.0,2021
290960,23.0,23.0,2021
290970,69.0,69.0,2021
290980,95.0,73.0,2021
290990,26.0,26.0,2021
291005,87.0,55.0,2021
291010,14.0,14.0,2021
291030,12.0,12.0,2021
291040,49.0,49.0,2021
291050,65.0,65.0,2021
291060,40.0,40.0,2021
291070,70.0,70.0,2021
291072,258.0,139.0,2021
291077,6.0,6.0,2021
291080,1359.0,983.0,2021
291085,31.0,31.0,2021
291110,29.0,29.0,2021
291120,84.0,80.0,2021
291130,18.0,18.0,2021
291150,5.0,5.0,2021
291160,42.0,2.0,2021
291170,201.0,165.0,2021
291180,32.0,32.0,2021
291190,34.0,34.0,2021
291200,29.0,29.0,2021
291210,32.0,32.0,2021
291230,21.0,21.0,2021
291240,44.0,11.0,2021
291250,14.0,14.0,2021
291260,2.0,2.0,2021
291270,30.0,30.0,2021
291280,23.0,23.0,2021
291290,91.0,91.0,2021
291300,62.0,35.0,2021
291310,49.0,48.0,2021
291320,78.0,50.0,2021
291330,22.0,22.0,2021
291340,29.0,29.0,2021
291345,8.0,8.0,2021
291350,84.0,80.0,2021
291360,725.0,520.0,2021
291370,38.0,38.0,2021
291380,9.0,9.0,2021
291390,128.0,89.0,2021
291400,44.0,43.0,2021
291410,24.0,24.0,2021
291420,29.0,29.0,2021
291430,16.0,16.0,2021
291440,47.0,47.0,2021
291450,32.0,32.0,2021
291460,190.0,142.0,2021
291465,46.0,46.0,2021
291470,111.0,109.0,2021
291480,524.0,423.0,2021
291490,61.0,61.0,2021
291500,11.0,11.0,2021
291510,8.0,8.0,2021
291520,5.0,5.0,2021
291530,20.0,20.0,2021
291535,24.0,24.0,2021
291540,12.0,12.0,2021
291550,60.0,60.0,2021
291560,84.0,83.0,2021
291580,50.0,50.0,2021
291600,54.0,52.0,2021
291610,52.0,52.0,2021
291630,12.0,12.0,2021
291640,122.0,78.0,2021
291650,54.0,54.0,2021
291660,16.0,16.0,2021
291670,19.0,19.0,2021
291680,30.0,30.0,2021
291685,14.0,14.0,2021
291690,85.0,85.0,2021
291700,40.0,40.0,2021
291710,41.0,41.0,2021
291720,24.0,24.0,2021
291730,33.0,33.0,2021
291733,14.0,14.0,2021
291735,30.0,30.0,2021
291740,29.0,29.0,2021
291750,191.0,144.0,2021
291760,117.0,117.0,2021
291770,32.0,32.0,2021
291800,597.0,462.0,2021
291810,34.0,34.0,2021
291820,29.0,29.0,2021
291830,14.0,14.0,2021
291835,32.0,32.0,2021
291840,569.0,526.0,2021
291845,24.0,24.0,2021
291850,31.0,31.0,2021
291855,37.0,37.0,2021
291860,12.0,12.0,2021
291875,17.0,17.0,2021
291880,41.0,41.0,2021
291905,27.0,27.0,2021
291915,50.0,50.0,2021
291920,700.0,566.0,2021
291930,14.0,14.0,2021
291940,20.0,20.0,2021
291950,89.0,51.0,2021
291955,154.0,107.0,2021
291960,20.0,20.0,2021
291970,27.0,27.0,2021
291980,76.0,61.0,2021
291990,20.0,20.0,2021
291992,32.0,28.0,2021
292000,14.0,14.0,2021
292010,27.0,27.0,2021
292020,21.0,21.0,2021
292045,8.0,8.0,2021
292050,58.0,58.0,2021
292060,14.0,14.0,2021
292080,19.0,19.0,2021
292100,87.0,65.0,2021
292105,21.0,21.0,2021
292110,32.0,32.0,2021
292120,87.0,87.0,2021
292130,21.0,21.0,2021
292140,20.0,,2021
292150,60.0,60.0,2021
292160,2.0,2.0,2021
292170,56.0,47.0,2021
292180,24.0,24.0,2021
292190,32.0,32.0,2021
292200,97.0,69.0,2021
292205,34.0,34.0,2021
292210,32.0,32.0,2021
292230,40.0,40.0,2021
292240,45.0,45.0,2021
292250,50.0,50.0,2021
292265,30.0,30.0,2021
292270,30.0,30.0,2021
292273,5.0,5.0,2021
292290,19.0,19.0,2021
292300,61.0,61.0,2021
292310,23.0,23.0,2021
292320,13.0,13.0,2021
292330,15.0,15.0,2021
292335,17.0,17.0,2021
292340,54.0,54.0,2021
292360,90.0,81.0,2021
292370,36.0,36.0,2021
292380,21.0,18.0,2021
292390,13.0,13.0,2021
292400,185.0,159.0,2021
292405,8.0,8.0,2021
292430,26.0,26.0,2021
292440,30.0,30.0,2021
292450,24.0,24.0,2021
292460,58.0,58.0,2021
292465,11.0,6.0,2021
292470,17.0,17.0,2021
292480,25.0,25.0,2021
292490,27.0,27.0,2021
292500,59.0,59.0,2021
292510,55.0,45.0,2021
292520,147.0,135.0,2021
292525,31.0,31.0,2021
292530,199.0,158.0,2021
292540,21.0,21.0,2021
292550,42.0,42.0,2021
292560,17.0,17.0,2021
292575,17.0,17.0,2021
292580,50.0,50.0,2021
292590,17.0,17.0,2021
292595,22.0,22.0,2021
292600,101.0,71.0,2021
292610,24.0,24.0,2021
292620,29.0,29.0,2021
292630,121.0,115.0,2021
292640,59.0,59.0,2021
292650,5.0,5.0,2021
292660,95.0,83.0,2021
292670,17.0,17.0,2021
292690,27.0,27.0,2021
292700,57.0,57.0,2021
292720,120.0,113.0,2021
292730,9.0,9.0,2021
292740,8321.0,5795.0,2021
292750,10.0,10.0,2021
292770,22.0,22.0,2021
292790,27.0,27.0,2021
292800,127.0,123.0,2021
292810,59.0,48.0,2021
292820,36.0,36.0,2021
292830,13.0,13.0,2021
292840,24.0,24.0,2021
292850,28.0,28.0,2021
292860,89.0,82.0,2021
292870,342.0,240.0,2021
292880,112.0,89.0,2021
292890,24.0,24.0,2021
292895,20.0,20.0,2021
292900,90.0,85.0,2021
292905,49.0,22.0,2021
292910,18.0,18.0,2021
292920,35.0,34.0,2021
292925,34.0,34.0,2021
292930,36.0,36.0,2021
292940,29.0,29.0,2021
292950,53.0,53.0,2021
292960,27.0,27.0,2021
292970,25.0,25.0,2021
292975,13.0,13.0,2021
292980,39.0,39.0,2021
292990,69.0,65.0,2021
293000,20.0,20.0,2021
293010,122.0,84.0,2021
293015,31.0,31.0,2021
293020,32.0,32.0,2021
293030,37.0,37.0,2021
293040,25.0,25.0,2021
293050,224.0,197.0,2021
293060,33.0,33.0,2021
293070,86.0,86.0,2021
293075,17.0,17.0,2021
293077,54.0,54.0,2021
293080,12.0,12.0,2021
293090,32.0,32.0,2021
293105,30.0,30.0,2021
293110,20.0,20.0,2021
293120,26.0,26.0,2021
293130,33.0,33.0,2021
293135,289.0,216.0,2021
293150,18.0,18.0,2021
293160,24.0,24.0,2021
293180,19.0,19.0,2021
293190,58.0,30.0,2021
293200,24.0,24.0,2021
293210,71.0,71.0,2021
293220,100.0,100.0,2021
293230,37.0,37.0,2021
293240,30.0,30.0,2021
293245,5.0,5.0,2021
293250,47.0,47.0,2021
293260,34.0,34.0,2021
293280,24.0,24.0,2021
293290,121.0,112.0,2021
293300,64.0,60.0,2021
293305,21.0,21.0,2021
293310,30.0,30.0,2021
293315,17.0,17.0,2021
293320,13.0,13.0,2021
293325,12.0,12.0,2021
293330,808.0,612.0,2021
293340,40.0,37.0,2021
293345,28.0,28.0,2021
293350,44.0,44.0,2021
293360,85.0,85.0,2021
310010,9.0,9.0,2021
310020,46.0,41.0,2021
310030,66.0,59.0,2021
310060,13.0,13.0,2021
310090,63.0,59.0,2021
310100,47.0,46.0,2021
310110,53.0,43.0,2021
310120,30.0,28.0,2021
310130,17.0,13.0,2021
310150,83.0,48.0,2021
310160,458.0,203.0,2021
310170,82.0,82.0,2021
310190,44.0,36.0,2021
310200,30.0,26.0,2021
310210,17.0,16.0,2021
310230,35.0,30.0,2021
310260,65.0,50.0,2021
310270,26.0,26.0,2021
310280,49.0,36.0,2021
310290,12.0,12.0,2021
310340,79.0,67.0,2021
310350,194.0,123.0,2021
310375,13.0,13.0,2021
310400,315.0,155.0,2021
310410,8.0,8.0,2021
310420,82.0,65.0,2021
310430,15.0,15.0,2021
310450,27.0,27.0,2021
310470,35.0,35.0,2021
310490,59.0,48.0,2021
310510,171.0,91.0,2021
310540,34.0,34.0,2021
310560,1105.0,475.0,2021
310590,52.0,36.0,2021
310620,8956.0,5123.0,2021
310630,50.0,34.0,2021
310640,31.0,31.0,2021
310650,40.0,40.0,2021
310670,725.0,402.0,2021
310690,35.0,28.0,2021
310710,71.0,55.0,2021
310730,64.0,64.0,2021
310740,54.0,31.0,2021
310750,29.0,29.0,2021
310780,50.0,,2021
310800,66.0,50.0,2021
310820,7.0,7.0,2021
310830,8.0,,2021
310840,19.0,15.0,2021
310860,115.0,103.0,2021
310890,24.0,17.0,2021
310900,52.0,52.0,2021
310910,25.0,19.0,2021
310930,31.0,21.0,2021
310940,31.0,31.0,2021
310950,42.0,30.0,2021
310990,44.0,37.0,2021
311000,57.0,52.0,2021
311030,49.0,25.0,2021
311050,27.0,21.0,2021
311060,49.0,32.0,2021
311070,36.0,29.0,2021
311090,22.0,20.0,2021
311100,49.0,43.0,2021
311110,41.0,41.0,2021
311120,108.0,75.0,2021
311130,14.0,14.0,2021
311150,38.0,35.0,2021
311160,51.0,45.0,2021
311180,25.0,23.0,2021
311200,24.0,22.0,2021
311230,55.0,45.0,2021
311260,19.0,19.0,2021
311270,20.0,20.0,2021
311280,22.0,20.0,2021
311300,42.0,42.0,2021
311320,47.0,42.0,2021
311330,209.0,159.0,2021
311340,224.0,148.0,2021
311350,21.0,21.0,2021
311360,20.0,14.0,2021
311370,46.0,46.0,2021
311380,10.0,10.0,2021
311390,37.0,37.0,2021
311400,26.0,24.0,2021
311410,49.0,47.0,2021
311430,61.0,50.0,2021
311440,30.0,27.0,2021
311450,38.0,26.0,2021
311460,19.0,17.0,2021
311510,45.0,33.0,2021
311530,139.0,91.0,2021
311550,33.0,31.0,2021
311570,22.0,22.0,2021
311580,19.0,19.0,2021
311615,17.0,17.0,2021
311630,14.0,14.0,2021
311660,44.0,36.0,2021
311680,38.0,38.0,2021
311710,19.0,19.0,2021
311730,22.0,22.0,2021
311750,47.0,37.0,2021
311770,32.0,24.0,2021
311800,60.0,36.0,2021
311820,15.0,11.0,2021
311830,247.0,177.0,2021
311840,53.0,42.0,2021
311860,585.0,373.0,2021
311880,33.0,33.0,2021
311930,50.0,50.0,2021
311940,128.0,63.0,2021
312020,19.0,19.0,2021
312050,25.0,23.0,2021
312080,66.0,61.0,2021
312090,180.0,129.0,2021
312100,21.0,21.0,2021
312120,19.0,14.0,2021
312160,201.0,177.0,2021
312180,9.0,,2021
312200,42.0,42.0,2021
312210,21.0,21.0,2021
312230,675.0,219.0,2021
312235,1.0,,2021
312240,7.0,,2021
312260,19.0,19.0,2021
312270,27.0,18.0,2021
312320,40.0,35.0,2021
312360,40.0,40.0,2021
312390,49.0,46.0,2021
312400,22.0,20.0,2021
312410,42.0,37.0,2021
312420,47.0,42.0,2021
312430,40.0,40.0,2021
312450,25.0,20.0,2021
312470,21.0,21.0,2021
312480,4.0,4.0,2021
312490,30.0,29.0,2021
312510,78.0,74.0,2021
312550,8.0,8.0,2021
312560,42.0,42.0,2021
312590,25.0,23.0,2021
312595,19.0,19.0,2021
312610,92.0,55.0,2021
312620,10.0,10.0,2021
312650,11.0,11.0,2021
312670,45.0,45.0,2021
312690,16.0,16.0,2021
312710,80.0,45.0,2021
312760,26.0,26.0,2021
312770,558.0,385.0,2021
312780,48.0,48.0,2021
312800,88.0,73.0,2021
312810,29.0,24.0,2021
312820,23.0,23.0,2021
312830,39.0,27.0,2021
312860,16.0,16.0,2021
312870,119.0,55.0,2021
312910,10.0,10.0,2021
312940,29.0,29.0,2021
312950,39.0,36.0,2021
312970,12.0,12.0,2021
312980,81.0,81.0,2021
313010,5.0,5.0,2021
313030,30.0,18.0,2021
313050,30.0,28.0,2021
313090,48.0,47.0,2021
313120,52.0,47.0,2021
313130,576.0,394.0,2021
313150,18.0,15.0,2021
313170,249.0,195.0,2021
313180,20.0,20.0,2021
313190,75.0,49.0,2021
313210,41.0,41.0,2021
313220,45.0,44.0,2021
313230,28.0,28.0,2021
313240,171.0,97.0,2021
313250,91.0,69.0,2021
313270,83.0,79.0,2021
313290,18.0,14.0,2021
313300,47.0,47.0,2021
313310,40.0,32.0,2021
313320,20.0,18.0,2021
313330,63.0,58.0,2021
313350,54.0,46.0,2021
313375,34.0,34.0,2021
313380,126.0,82.0,2021
313420,227.0,146.0,2021
313440,84.0,64.0,2021
313460,31.0,31.0,2021
313470,52.0,50.0,2021
313480,12.0,10.0,2021
313490,37.0,26.0,2021
313505,25.0,25.0,2021
313510,155.0,125.0,2021
313520,45.0,41.0,2021
313540,27.0,27.0,2021
313580,60.0,54.0,2021
313600,33.0,33.0,2021
313620,113.0,68.0,2021
313630,65.0,48.0,2021
313650,27.0,27.0,2021
313665,14.0,14.0,2021
313670,2490.0,1443.0,2021
313690,14.0,11.0,2021
313700,21.0,21.0,2021
313710,9.0,9.0,2021
313720,56.0,48.0,2021
313750,16.0,16.0,2021
313760,60.0,43.0,2021
313770,50.0,40.0,2021
313780,50.0,46.0,2021
313790,8.0,8.0,2021
313800,23.0,20.0,2021
313820,217.0,148.0,2021
313840,100.0,78.0,2021
313860,32.0,27.0,2021
313880,33.0,28.0,2021
313890,44.0,44.0,2021
313900,56.0,42.0,2021
313920,33.0,33.0,2021
313930,38.0,34.0,2021
313940,224.0,170.0,2021
313950,95.0,82.0,2021
313960,84.0,68.0,2021
313980,38.0,30.0,2021
313990,30.0,30.0,2021
314000,90.0,79.0,2021
314050,18.0,18.0,2021
314070,64.0,51.0,2021
314090,44.0,42.0,2021
314100,4.0,4.0,2021
314110,49.0,38.0,2021
314120,10.0,10.0,2021
314140,48.0,45.0,2021
314150,18.0,18.0,2021
314160,20.0,13.0,2021
314180,61.0,42.0,2021
314190,20.0,13.0,2021
314200,30.0,30.0,2021
314220,40.0,31.0,2021
314240,13.0,12.0,2021
314260,44.0,44.0,2021
314270,30.0,30.0,2021
314280,22.0,18.0,2021
314290,42.0,40.0,2021
314300,18.0,13.0,2021
314310,122.0,98.0,2021
314320,50.0,28.0,2021
314330,982.0,712.0,2021
314350,20.0,19.0,2021
314370,1.0,1.0,2021
314390,501.0,316.0,2021
314400,50.0,46.0,2021
314410,50.0,27.0,2021
314430,75.0,50.0,2021
314450,15.0,15.0,2021
314460,34.0,28.0,2021
314470,43.0,43.0,2021
314480,263.0,88.0,2021
314500,28.0,23.0,2021
314510,18.0,18.0,2021
314520,115.0,40.0,2021
314530,39.0,39.0,2021
314560,106.0,92.0,2021
314590,106.0,47.0,2021
314600,50.0,40.0,2021
314610,103.0,74.0,2021
314630,33.0,33.0,2021
314650,18.0,18.0,2021
314670,28.0,22.0,2021
314700,270.0,71.0,2021
314710,98.0,55.0,2021
314720,33.0,30.0,2021
314730,48.0,40.0,2021
314750,20.0,19.0,2021
314760,49.0,29.0,2021
314770,30.0,26.0,2021
314790,312.0,178.0,2021
314800,488.0,252.0,2021
314810,164.0,96.0,2021
314860,52.0,34.0,2021
314870,73.0,64.0,2021
314910,17.0,9.0,2021
314920,8.0,8.0,2021
314930,59.0,47.0,2021
314980,28.0,26.0,2021
314990,50.0,36.0,2021
315030,14.0,14.0,2021
315050,12.0,12.0,2021
315080,26.0,25.0,2021
315110,32.0,32.0,2021
315120,160.0,77.0,2021
315140,50.0,37.0,2021
315150,76.0,53.0,2021
315160,6.0,6.0,2021
315170,49.0,40.0,2021
315180,541.0,265.0,2021
315190,18.0,18.0,2021
315200,32.0,25.0,2021
315210,233.0,163.0,2021
315220,46.0,39.0,2021
315240,33.0,32.0,2021
315250,369.0,210.0,2021
315260,27.0,26.0,2021
315270,31.0,28.0,2021
315280,30.0,30.0,2021
315290,16.0,14.0,2021
315300,2.0,2.0,2021
315310,18.0,18.0,2021
315340,18.0,18.0,2021
315400,56.0,34.0,2021
315410,34.0,30.0,2021
315420,49.0,39.0,2021
315430,65.0,56.0,2021
315460,128.0,115.0,2021
315470,12.0,11.0,2021
315480,6.0,6.0,2021
315490,40.0,31.0,2021
315520,18.0,18.0,2021
315540,39.0,39.0,2021
315550,19.0,19.0,2021
315560,40.0,40.0,2021
315570,37.0,27.0,2021
315580,60.0,32.0,2021
315590,17.0,14.0,2021
315600,33.0,33.0,2021
315640,5.0,5.0,2021
315660,36.0,32.0,2021
315670,110.0,108.0,2021
315680,42.0,42.0,2021
315690,51.0,35.0,2021
315700,138.0,102.0,2021
315710,15.0,13.0,2021
315720,50.0,35.0,2021
315770,30.0,30.0,2021
315780,173.0,163.0,2021
315790,31.0,31.0,2021
315800,13.0,10.0,2021
315810,6.0,6.0,2021
315820,41.0,41.0,2021
315920,43.0,,2021
315930,20.0,17.0,2021
315960,48.0,34.0,2021
315980,39.0,34.0,2021
315990,40.0,37.0,2021
316030,8.0,,2021
316040,50.0,41.0,2021
316070,63.0,54.0,2021
316100,41.0,41.0,2021
316110,55.0,55.0,2021
316200,47.0,28.0,2021
316210,51.0,33.0,2021
316220,23.0,17.0,2021
316240,31.0,31.0,2021
316250,202.0,149.0,2021
316257,12.0,12.0,2021
316270,48.0,48.0,2021
316280,52.0,50.0,2021
316290,56.0,51.0,2021
316292,4.0,4.0,2021
316370,94.0,67.0,2021
316390,8.0,8.0,2021
316420,18.0,18.0,2021
316430,11.0,11.0,2021
316470,320.0,266.0,2021
316500,45.0,30.0,2021
316510,1.0,,2021
316530,30.0,23.0,2021
316553,37.0,37.0,2021
316570,20.0,6.0,2021
316680,33.0,33.0,2021
316690,14.0,13.0,2021
316710,56.0,37.0,2021
316720,350.0,238.0,2021
316800,99.0,92.0,2021
316840,52.0,49.0,2021
316850,15.0,15.0,2021
316860,295.0,239.0,2021
316870,69.0,41.0,2021
316890,14.0,14.0,2021
316920,41.0,25.0,2021
316930,153.0,103.0,2021
316935,34.0,27.0,2021
316940,126.0,73.0,2021
316960,15.0,15.0,2021
316970,56.0,39.0,2021
316990,336.0,260.0,2021
317005,2.0,,2021
317010,839.0,606.0,2021
317020,1507.0,918.0,2021
317040,147.0,82.0,2021
317043,34.0,34.0,2021
317052,31.0,31.0,2021
317070,347.0,201.0,2021
317080,77.0,53.0,2021
317090,23.0,23.0,2021
317100,50.0,37.0,2021
317120,65.0,59.0,2021
317130,245.0,162.0,2021
317160,39.0,39.0,2021
317170,27.0,25.0,2021
317180,49.0,49.0,2021
317200,90.0,60.0,2021
320010,63.0,57.0,2021
320020,47.0,40.0,2021
320040,225.0,53.0,2021
320050,16.0,16.0,2021
320060,141.0,96.0,2021
320070,10.0,10.0,2021
320080,51.0,51.0,2021
320090,86.0,61.0,2021
320100,38.0,30.0,2021
320115,4.0,4.0,2021
320120,630.0,482.0,2021
320130,379.0,237.0,2021
320140,55.0,37.0,2021
320150,491.0,356.0,2021
320160,29.0,29.0,2021
320170,20.0,17.0,2021
320190,102.0,95.0,2021
320210,56.0,46.0,2021
320220,71.0,11.0,2021
320230,67.0,50.0,2021
320240,82.0,59.0,2021
320245,50.0,35.0,2021
320260,24.0,22.0,2021
320270,51.0,47.0,2021
320280,90.0,84.0,2021
320290,38.0,36.0,2021
320300,65.0,55.0,2021
320305,22.0,22.0,2021
320310,48.0,48.0,2021
320313,51.0,33.0,2021
320316,23.0,23.0,2021
320320,392.0,268.0,2021
320332,94.0,,2021
320340,62.0,49.0,2021
320350,35.0,32.0,2021
320360,19.0,19.0,2021
320370,30.0,30.0,2021
320380,21.0,21.0,2021
320390,64.0,51.0,2021
320400,8.0,8.0,2021
320405,36.0,30.0,2021
320410,32.0,32.0,2021
320420,88.0,12.0,2021
320435,26.0,26.0,2021
320450,25.0,25.0,2021
320455,58.0,56.0,2021
320460,72.0,65.0,2021
320470,142.0,20.0,2021
320480,76.0,76.0,2021
320490,322.0,230.0,2021
320500,651.0,355.0,2021
320503,30.0,30.0,2021
320506,108.0,64.0,2021
320520,1035.0,627.0,2021
320530,1678.0,1088.0,2021
330010,291.0,245.0,2021
330015,35.0,35.0,2021
330020,198.0,163.0,2021
330022,21.0,21.0,2021
330023,56.0,56.0,2021
330025,73.0,73.0,2021
330030,286.0,238.0,2021
330040,313.0,199.0,2021
330045,432.0,297.0,2021
330050,65.0,60.0,2021
330060,155.0,93.0,2021
330070,431.0,228.0,2021
330080,68.0,68.0,2021
330090,45.0,33.0,2021
330095,2.0,2.0,2021
330100,1733.0,1133.0,2021
330110,83.0,71.0,2021
330120,32.0,31.0,2021
330130,39.0,39.0,2021
330140,21.0,21.0,2021
330150,40.0,40.0,2021
330160,30.0,30.0,2021
330170,1240.0,892.0,2021
330180,29.0,23.0,2021
330185,155.0,91.0,2021
330190,327.0,320.0,2021
330200,180.0,111.0,2021
330205,56.0,,2021
330210,71.0,40.0,2021
330220,366.0,237.0,2021
330225,36.0,36.0,2021
330227,20.0,20.0,2021
330230,30.0,30.0,2021
330240,464.0,246.0,2021
330250,184.0,134.0,2021
330260,62.0,62.0,2021
330270,187.0,153.0,2021
330280,45.0,35.0,2021
330285,180.0,104.0,2021
330290,62.0,62.0,2021
330300,48.0,30.0,2021
330310,49.0,39.0,2021
330320,248.0,114.0,2021
330330,1866.0,1049.0,2021
330340,663.0,404.0,2021
330350,976.0,540.0,2021
330360,89.0,69.0,2021
330370,108.0,95.0,2021
330380,57.0,57.0,2021
330390,1676.0,1110.0,2021
330395,33.0,33.0,2021
330400,59.0,53.0,2021
330410,1.0,1.0,2021
330411,45.0,45.0,2021
330412,33.0,33.0,2021
330414,119.0,119.0,2021
330415,70.0,70.0,2021
330420,342.0,158.0,2021
330430,126.0,95.0,2021
330440,41.0,41.0,2021
330450,27.0,27.0,2021
330452,116.0,104.0,2021
330455,15999.0,8210.0,2021
330460,23.0,23.0,2021
330470,176.0,83.0,2021
330475,38.0,38.0,2021
330480,111.0,102.0,2021
330490,1176.0,684.0,2021
330500,66.0,66.0,2021
330510,196.0,131.0,2021
330515,49.0,49.0,2021
330520,62.0,46.0,2021
330530,48.0,40.0,2021
330540,4.0,4.0,2021
330550,104.0,104.0,2021
330555,36.0,36.0,2021
330560,40.0,40.0,2021
330570,28.0,28.0,2021
330575,220.0,20.0,2021
330580,390.0,270.0,2021
330590,38.0,31.0,2021
330600,258.0,58.0,2021
330610,313.0,288.0,2021
330615,26.0,23.0,2021
330620,338.0,284.0,2021
330630,769.0,418.0,2021
350010,235.0,206.0,2021
350050,30.0,22.0,2021
350070,55.0,39.0,2021
350100,31.0,29.0,2021
350110,22.0,19.0,2021
350115,120.0,,2021
350130,20.0,18.0,2021
350160,485.0,193.0,2021
350170,193.0,193.0,2021
350190,380.0,220.0,2021
350210,118.0,83.0,2021
350220,57.0,54.0,2021
350250,92.0,69.0,2021
350260,14.0,13.0,2021
350270,55.0,51.0,2021
350280,445.0,281.0,2021
350290,329.0,8.0,2021
350310,6.0,6.0,2021
350320,499.0,299.0,2021
350330,499.0,252.0,2021
350340,32.0,15.0,2021
350380,63.0,,2021
350390,97.0,29.0,2021
350400,302.0,169.0,2021
350410,192.0,55.0,2021
350420,40.0,35.0,2021
350450,159.0,95.0,2021
350490,15.0,15.0,2021
350520,50.0,43.0,2021
350530,91.0,59.0,2021
350550,515.0,393.0,2021
350570,464.0,388.0,2021
350580,30.0,23.0,2021
350590,134.0,102.0,2021
350600,1291.0,689.0,2021
350610,149.0,84.0,2021
350630,28.0,28.0,2021
350635,50.0,50.0,2021
350640,36.0,35.0,2021
350650,146.0,66.0,2021
350660,4.0,4.0,2021
350670,16.0,15.0,2021
350680,35.0,29.0,2021
350700,53.0,41.0,2021
350710,11.0,11.0,2021
350740,26.0,16.0,2021
350750,744.0,556.0,2021
350760,371.0,212.0,2021
350790,41.0,35.0,2021
350810,36.0,18.0,2021
350840,66.0,13.0,2021
350850,184.0,59.0,2021
350860,31.0,31.0,2021
350870,62.0,62.0,2021
350880,48.0,37.0,2021
350900,128.0,74.0,2021
350920,125.0,25.0,2021
350930,27.0,21.0,2021
350940,140.0,55.0,2021
350950,2771.0,1409.0,2021
350960,54.0,54.0,2021
350970,195.0,185.0,2021
351000,30.0,25.0,2021
351020,45.0,37.0,2021
351030,59.0,14.0,2021
351040,110.0,61.0,2021
351050,308.0,254.0,2021
351060,270.0,220.0,2021
351070,31.0,12.0,2021
351080,386.0,378.0,2021
351100,31.0,30.0,2021
351110,601.0,374.0,2021
351130,52.0,,2021
351140,39.0,32.0,2021
351150,38.0,26.0,2021
351160,27.0,23.0,2021
351170,33.0,26.0,2021
351190,24.0,21.0,2021
351200,63.0,51.0,2021
351210,20.0,20.0,2021
351220,48.0,36.0,2021
351230,12.0,12.0,2021
351260,6.0,6.0,2021
351270,1.0,1.0,2021
351280,71.0,31.0,2021
351300,363.0,132.0,2021
351310,15.0,13.0,2021
351340,105.0,88.0,2021
351350,120.0,96.0,2021
351360,40.0,25.0,2021
351370,40.0,32.0,2021
351380,638.0,569.0,2021
351390,186.0,186.0,2021
351410,67.0,47.0,2021
351430,17.0,17.0,2021
351440,150.0,115.0,2021
351450,87.0,77.0,2021
351480,2.0,2.0,2021
351490,6.0,6.0,2021
351500,219.0,64.0,2021
351510,17.0,17.0,2021
351518,446.0,346.0,2021
351520,37.0,31.0,2021
351540,20.0,12.0,2021
351550,135.0,84.0,2021
351570,189.0,189.0,2021
351600,47.0,30.0,2021
351620,613.0,428.0,2021
351630,164.0,164.0,2021
351640,671.0,621.0,2021
351660,45.0,27.0,2021
351670,287.0,258.0,2021
351690,28.0,19.0,2021
351700,38.0,36.0,2021
351740,71.0,53.0,2021
351760,27.0,27.0,2021
351770,48.0,40.0,2021
351780,23.0,15.0,2021
351820,74.0,48.0,2021
351830,33.0,31.0,2021
351840,277.0,133.0,2021
351860,66.0,59.0,2021
351870,415.0,312.0,2021
351880,1935.0,1496.0,2021
351900,58.0,58.0,2021
351907,99.0,77.0,2021
351910,30.0,28.0,2021
351930,27.0,27.0,2021
351940,27.0,9.0,2021
351960,104.0,47.0,2021
351970,217.0,59.0,2021
351990,18.0,18.0,2021
352010,43.0,37.0,2021
352020,8.0,8.0,2021
352030,9.0,9.0,2021
352040,59.0,59.0,2021
352044,110.0,74.0,2021
352050,379.0,221.0,2021
352070,36.0,4.0,2021
352090,49.0,38.0,2021
352100,15.0,15.0,2021
352130,39.0,29.0,2021
352140,13.0,13.0,2021
352170,19.0,19.0,2021
352180,35.0,35.0,2021
352190,50.0,32.0,2021
352210,135.0,108.0,2021
352220,647.0,192.0,2021
352230,162.0,120.0,2021
352240,157.0,112.0,2021
352250,397.0,261.0,2021
352260,926.0,565.0,2021
352270,65.0,39.0,2021
352280,41.0,29.0,2021
352290,30.0,30.0,2021
352310,253.0,229.0,2021
352320,61.0,51.0,2021
352340,120.0,61.0,2021
352350,14.0,7.0,2021
352360,22.0,22.0,2021
352390,298.0,298.0,2021
352400,86.0,48.0,2021
352410,120.0,53.0,2021
352420,17.0,17.0,2021
352430,212.0,49.0,2021
352440,363.0,167.0,2021
352450,216.0,149.0,2021
352470,77.0,75.0,2021
352480,151.0,103.0,2021
352500,18.0,3.0,2021
352520,29.0,17.0,2021
352530,1025.0,700.0,2021
352550,11.0,11.0,2021
352570,67.0,22.0,2021
352590,832.0,412.0,2021
352600,46.0,25.0,2021
352620,20.0,20.0,2021
352640,46.0,28.0,2021
352670,122.0,84.0,2021
352680,179.0,53.0,2021
352690,361.0,174.0,2021
352710,442.0,334.0,2021
352720,158.0,68.0,2021
352730,32.0,28.0,2021
352740,36.0,30.0,2021
352800,31.0,18.0,2021
352810,18.0,15.0,2021
352850,52.0,46.0,2021
352880,26.0,22.0,2021
352900,889.0,688.0,2021
352920,45.0,40.0,2021
352930,162.0,100.0,2021
352940,481.0,214.0,2021
352970,95.0,74.0,2021
352980,11.0,11.0,2021
353010,68.0,68.0,2021
353020,20.0,20.0,2021
353030,81.0,30.0,2021
353050,125.0,78.0,2021
353060,857.0,599.0,2021
353070,379.0,187.0,2021
353080,186.0,121.0,2021
353110,90.0,36.0,2021
353130,109.0,58.0,2021
353140,80.0,30.0,2021
353150,70.0,51.0,2021
353180,35.0,26.0,2021
353190,47.0,41.0,2021
353200,19.0,9.0,2021
353240,20.0,20.0,2021
353250,21.0,10.0,2021
353260,129.0,35.0,2021
353290,18.0,13.0,2021
353300,62.0,19.0,2021
353340,43.0,43.0,2021
353350,83.0,47.0,2021
353390,79.0,41.0,2021
353430,98.0,60.0,2021
353440,906.0,608.0,2021
353460,71.0,47.0,2021
353470,162.0,83.0,2021
353475,33.0,28.0,2021
353490,37.0,32.0,2021
353520,25.0,15.0,2021
353530,54.0,36.0,2021
353540,31.0,31.0,2021
353550,96.0,73.0,2021
353580,15.0,15.0,2021
353600,32.0,26.0,2021
353620,166.0,166.0,2021
353630,35.0,23.0,2021
353650,118.0,118.0,2021
353660,24.0,18.0,2021
353670,42.0,36.0,2021
353700,64.0,55.0,2021
353710,98.0,98.0,2021
353720,3.0,3.0,2021
353730,151.0,141.0,2021
353740,52.0,47.0,2021
353760,14.0,14.0,2021
353780,79.0,59.0,2021
353790,35.0,27.0,2021
353800,253.0,127.0,2021
353860,51.0,29.0,2021
353870,690.0,335.0,2021
353880,68.0,49.0,2021
353890,285.0,84.0,2021
353900,45.0,20.0,2021
353930,168.0,59.0,2021
353940,44.0,41.0,2021
353950,50.0,32.0,2021
353980,10.0,10.0,2021
354000,31.0,26.0,2021
354020,25.0,21.0,2021
354040,18.0,7.0,2021
354060,47.0,35.0,2021
354070,55.0,33.0,2021
354080,31.0,27.0,2021
354100,339.0,207.0,2021
354120,51.0,40.0,2021
354130,78.0,68.0,2021
354140,1095.0,737.0,2021
354150,96.0,60.0,2021
354160,37.0,37.0,2021
354190,19.0,19.0,2021
354220,103.0,71.0,2021
354240,40.0,31.0,2021
354260,182.0,147.0,2021
354290,24.0,18.0,2021
354300,32.0,32.0,2021
354330,167.0,53.0,2021
354340,2226.0,1409.0,2021
354380,23.0,20.0,2021
354390,350.0,205.0,2021
354400,36.0,32.0,2021
354420,42.0,26.0,2021
354425,80.0,80.0,2021
354430,54.0,14.0,2021
354490,30.0,20.0,2021
354500,9.0,9.0,2021
354520,160.0,116.0,2021
354530,52.0,43.0,2021
354540,34.0,22.0,2021
354560,24.0,7.0,2021
354580,164.0,108.0,2021
354630,35.0,25.0,2021
354640,96.0,55.0,2021
354660,80.0,58.0,2021
354680,76.0,64.0,2021
354690,8.0,,2021
354700,6.0,6.0,2021
354730,59.0,59.0,2021
354750,311.0,288.0,2021
354760,32.0,19.0,2021
354770,56.0,37.0,2021
354780,1526.0,755.0,2021
354790,16.0,16.0,2021
354850,1650.0,766.0,2021
354860,40.0,26.0,2021
354870,1878.0,836.0,2021
354880,745.0,177.0,2021
354890,525.0,231.0,2021
354910,199.0,94.0,2021
354940,115.0,68.0,2021
354970,138.0,78.0,2021
354980,2102.0,894.0,2021
354990,1608.0,731.0,2021
354995,73.0,13.0,2021
355000,11.0,10.0,2021
355010,26.0,23.0,2021
355020,45.0,45.0,2021
355030,29947.0,15997.0,2021
355040,62.0,50.0,2021
355060,268.0,62.0,2021
355070,90.0,84.0,2021
355080,30.0,26.0,2021
355090,40.0,36.0,2021
355100,258.0,158.0,2021
355150,125.0,112.0,2021
355160,49.0,33.0,2021
355170,136.0,65.0,2021
355200,2.0,2.0,2021
355210,70.0,63.0,2021
355220,1449.0,869.0,2021
355230,22.0,20.0,2021
355240,201.0,192.0,2021
355250,237.0,86.0,2021
355260,30.0,11.0,2021
355270,35.0,22.0,2021
355280,460.0,299.0,2021
355300,29.0,24.0,2021
355320,4.0,4.0,2021
355330,36.0,28.0,2021
355340,72.0,30.0,2021
355360,14.0,12.0,2021
355370,120.0,72.0,2021
355380,49.0,31.0,2021
355400,105.0,59.0,2021
355410,524.0,330.0,2021
355430,58.0,52.0,2021
355440,34.0,30.0,2021
355450,55.0,33.0,2021
355470,20.0,13.0,2021
355500,350.0,334.0,2021
355510,48.0,30.0,2021
355540,92.0,74.0,2021
355580,26.0,24.0,2021
355600,34.0,11.0,2021
355620,142.0,56.0,2021
355630,55.0,31.0,2021
355640,50.0,31.0,2021
355650,35.0,31.0,2021
355660,72.0,,2021
355670,85.0,62.0,2021
355680,48.0,30.0,2021
355700,237.0,78.0,2021
355710,215.0,115.0,2021
355720,51.0,30.0,2021
410020,3.0,3.0,2021
410030,12.0,12.0,2021
410045,19.0,19.0,2021
410050,39.0,39.0,2021
410060,20.0,19.0,2021
410080,20.0,20.0,2021
410090,13.0,13.0,2021
410100,34.0,33.0,2021
410110,62.0,57.0,2021
410120,31.0,31.0,2021
410130,2.0,2.0,2021
410140,262.0,193.0,2021
410150,388.0,322.0,2021
410170,56.0,50.0,2021
410180,62.0,62.0,2021
410190,49.0,38.0,2021
410200,82.0,69.0,2021
410210,97.0,50.0,2021
410240,112.0,62.0,2021
410250,29.0,29.0,2021
410280,17.0,17.0,2021
410290,43.0,43.0,2021
410305,20.0,20.0,2021
410310,11.0,11.0,2021
410320,29.0,29.0,2021
410330,26.0,26.0,2021
410360,100.0,90.0,2021
410370,100.0,57.0,2021
410390,50.0,48.0,2021
410400,356.0,323.0,2021
410420,941.0,838.0,2021
410430,207.0,137.0,2021
410440,31.0,31.0,2021
410442,41.0,39.0,2021
410450,38.0,28.0,2021
410460,34.0,32.0,2021
410480,967.0,592.0,2021
410490,119.0,82.0,2021
410510,25.0,25.0,2021
410520,26.0,26.0,2021
410530,36.0,28.0,2021
410540,77.0,70.0,2021
410550,157.0,119.0,2021
410560,22.0,22.0,2021
410570,56.0,49.0,2021
410580,91.0,55.0,2021
410590,101.0,80.0,2021
410600,24.0,24.0,2021
410610,20.0,20.0,2021
410620,16.0,16.0,2021
410630,85.0,85.0,2021
410640,233.0,143.0,2021
410650,61.0,46.0,2021
410660,32.0,32.0,2021
410670,11.0,11.0,2021
410680,35.0,35.0,2021
410690,5079.0,2489.0,2021
410700,19.0,16.0,2021
410710,19.0,19.0,2021
410715,15.0,15.0,2021
410720,98.0,85.0,2021
410750,33.0,33.0,2021
410753,30.0,20.0,2021
410760,16.0,16.0,2021
410765,47.0,47.0,2021
410775,31.0,31.0,2021
410790,23.0,23.0,2021
410800,17.0,17.0,2021
410820,38.0,31.0,2021
410830,386.0,266.0,2021
410832,10.0,10.0,2021
410840,271.0,176.0,2021
410855,10.0,10.0,2021
410860,97.0,55.0,2021
410870,26.0,26.0,2021
410880,62.0,53.0,2021
410890,16.0,16.0,2021
410900,4.0,4.0,2021
410930,88.0,87.0,2021
410940,479.0,350.0,2021
410950,14.0,14.0,2021
410960,50.0,50.0,2021
410970,51.0,51.0,2021
410975,43.0,43.0,2021
410980,127.0,63.0,2021
411030,11.0,11.0,2021
411040,16.0,16.0,2021
411050,18.0,18.0,2021
411060,31.0,31.0,2021
411070,164.0,100.0,2021
411080,31.0,31.0,2021
411095,25.0,25.0,2021
411100,21.0,21.0,2021
411110,16.0,16.0,2021
411125,37.0,35.0,2021
411130,17.0,17.0,2021
411140,18.0,18.0,2021
411150,253.0,219.0,2021
411170,18.0,18.0,2021
411180,117.0,86.0,2021
411190,28.0,28.0,2021
411200,79.0,79.0,2021
411210,356.0,345.0,2021
411230,2.0,2.0,2021
411240,18.0,18.0,2021
411250,23.0,23.0,2021
411270,19.0,18.0,2021
411275,34.0,30.0,2021
411280,31.0,26.0,2021
411290,14.0,14.0,2021
411300,19.0,19.0,2021
411310,23.0,23.0,2021
411320,136.0,96.0,2021
411330,117.0,100.0,2021
411345,20.0,20.0,2021
411350,145.0,118.0,2021
411370,1913.0,1177.0,2021
411375,29.0,18.0,2021
411380,16.0,16.0,2021
411390,39.0,33.0,2021
411400,14.0,10.0,2021
411410,45.0,40.0,2021
411420,81.0,52.0,2021
411430,48.0,48.0,2021
411440,57.0,49.0,2021
411450,24.0,24.0,2021
411460,152.0,98.0,2021
411500,23.0,22.0,2021
411520,1745.0,927.0,2021
411535,2.0,2.0,2021
411540,12.0,12.0,2021
411550,21.0,21.0,2021
411560,48.0,40.0,2021
411570,12.0,12.0,2021
411580,162.0,54.0,2021
411600,10.0,10.0,2021
411605,44.0,32.0,2021
411620,18.0,18.0,2021
411670,49.0,40.0,2021
411680,22.0,20.0,2021
411690,33.0,33.0,2021
411695,12.0,12.0,2021
411700,16.0,14.0,2021
411710,33.0,31.0,2021
411720,16.0,16.0,2021
411722,11.0,6.0,2021
411727,48.0,48.0,2021
411730,11.0,,2021
411750,38.0,38.0,2021
411760,91.0,90.0,2021
411770,46.0,31.0,2021
411790,63.0,43.0,2021
411800,44.0,32.0,2021
411820,198.0,122.0,2021
411830,15.0,15.0,2021
411840,157.0,90.0,2021
411845,17.0,15.0,2021
411850,272.0,166.0,2021
411870,12.0,12.0,2021
411890,15.0,15.0,2021
411910,50.0,46.0,2021
411915,291.0,277.0,2021
411920,27.0,17.0,2021
411930,91.0,82.0,2021
411940,20.0,20.0,2021
411950,708.0,488.0,2021
411960,90.0,80.0,2021
411970,15.0,15.0,2021
411980,42.0,35.0,2021
411990,693.0,457.0,2021
412000,31.0,31.0,2021
412020,10.0,10.0,2021
412033,20.0,20.0,2021
412035,48.0,39.0,2021
412050,10.0,10.0,2021
412060,128.0,118.0,2021
412070,28.0,26.0,2021
412090,19.0,19.0,2021
412100,27.0,26.0,2021
412120,25.0,25.0,2021
412130,16.0,16.0,2021
412150,56.0,52.0,2021
412180,54.0,51.0,2021
412190,49.0,44.0,2021
412200,55.0,52.0,2021
412220,25.0,25.0,2021
412230,30.0,27.0,2021
412240,213.0,206.0,2021
412250,31.0,31.0,2021
412260,29.0,25.0,2021
412265,25.0,25.0,2021
412290,16.0,16.0,2021
412310,15.0,15.0,2021
412350,53.0,33.0,2021
412370,27.0,19.0,2021
412380,50.0,50.0,2021
412385,41.0,41.0,2021
412390,40.0,40.0,2021
412400,20.0,20.0,2021
412410,163.0,139.0,2021
412420,10.0,10.0,2021
412430,10.0,10.0,2021
412440,28.0,23.0,2021
412460,16.0,15.0,2021
412470,20.0,20.0,2021
412490,17.0,17.0,2021
412500,18.0,18.0,2021
412510,25.0,25.0,2021
412520,29.0,21.0,2021
412535,22.0,22.0,2021
412540,18.0,18.0,2021
412545,22.0,19.0,2021
412550,169.0,113.0,2021
412560,50.0,38.0,2021
412570,94.0,20.0,2021
412580,25.0,23.0,2021
412600,8.0,8.0,2021
412620,31.0,31.0,2021
412625,143.0,104.0,2021
412640,23.0,23.0,2021
412650,16.0,16.0,2021
412660,54.0,35.0,2021
412667,16.0,16.0,2021
412670,9.0,9.0,2021
412700,17.0,17.0,2021
412710,204.0,128.0,2021
412720,61.0,59.0,2021
412730,29.0,25.0,2021
412750,30.0,30.0,2021
412760,14.0,14.0,2021
412770,264.0,108.0,2021
412780,66.0,50.0,2021
412785,34.0,34.0,2021
412788,6.0,6.0,2021
412790,22.0,22.0,2021
412795,23.0,23.0,2021
412796,53.0,49.0,2021
412800,106.0,51.0,2021
412810,687.0,535.0,2021
412820,256.0,123.0,2021
412840,58.0,46.0,2021
412850,50.0,50.0,2021
412855,27.0,26.0,2021
412860,20.0,18.0,2021
420010,42.0,38.0,2021
420020,27.0,15.0,2021
420040,31.0,26.0,2021
420070,24.0,18.0,2021
420090,75.0,44.0,2021
420100,38.0,35.0,2021
420110,43.0,21.0,2021
420127,21.0,15.0,2021
420140,97.0,97.0,2021
420150,42.0,37.0,2021
420160,22.0,20.0,2021
420190,14.0,13.0,2021
420200,282.0,96.0,2021
420220,2.0,1.0,2021
420230,80.0,80.0,2021
420240,699.0,379.0,2021
420245,4.0,4.0,2021
420250,14.0,14.0,2021
420260,29.0,23.0,2021
420280,68.0,57.0,2021
420290,280.0,168.0,2021
420300,109.0,89.0,2021
420310,25.0,13.0,2021
420320,157.0,38.0,2021
420330,32.0,21.0,2021
420340,32.0,26.0,2021
420350,45.0,29.0,2021
420360,92.0,71.0,2021
420370,18.0,18.0,2021
420380,61.0,41.0,2021
420390,61.0,58.0,2021
420400,33.0,23.0,2021
420410,27.0,24.0,2021
420420,407.0,268.0,2021
420430,167.0,104.0,2021
420440,30.0,25.0,2021
420455,20.0,20.0,2021
420460,515.0,297.0,2021
420470,48.0,39.0,2021
420480,136.0,103.0,2021
420490,42.0,42.0,2021
420500,42.0,36.0,2021
420530,32.0,29.0,2021
420540,1781.0,982.0,2021
420550,51.0,48.0,2021
420580,20.0,,2021
420590,99.0,92.0,2021
420640,32.0,30.0,2021
420650,50.0,50.0,2021
420660,21.0,19.0,2021
420680,30.0,,2021
420690,71.0,71.0,2021
420700,91.0,87.0,2021
420720,26.0,26.0,2021
420730,60.0,56.0,2021
420750,109.0,96.0,2021
420760,28.0,24.0,2021
420765,41.0,39.0,2021
420770,12.0,11.0,2021
420780,29.0,26.0,2021
420790,19.0,19.0,2021
420800,39.0,27.0,2021
420810,21.0,20.0,2021
420820,394.0,322.0,2021
420830,57.0,35.0,2021
420840,48.0,32.0,2021
420845,1.0,1.0,2021
420850,55.0,47.0,2021
420870,46.0,34.0,2021
420880,47.0,44.0,2021
420890,318.0,206.0,2021
420900,189.0,135.0,2021
420910,1213.0,804.0,2021
420915,1.0,1.0,2021
420930,406.0,289.0,2021
420940,102.0,79.0,2021
420950,1.0,1.0,2021
420960,39.0,39.0,2021
420970,41.0,41.0,2021
420985,75.0,69.0,2021
421000,39.0,38.0,2021
421003,91.0,86.0,2021
421010,122.0,101.0,2021
421030,37.0,31.0,2021
421050,81.0,65.0,2021
421060,21.0,21.0,2021
421080,50.0,30.0,2021
421090,31.0,27.0,2021
421100,48.0,41.0,2021
421105,16.0,16.0,2021
421120,135.0,106.0,2021
421130,59.0,56.0,2021
421140,33.0,27.0,2021
421150,55.0,55.0,2021
421160,49.0,43.0,2021
421170,55.0,36.0,2021
421175,49.0,46.0,2021
421190,42.0,,2021
421200,36.0,30.0,2021
421210,71.0,57.0,2021
421220,37.0,32.0,2021
421250,85.0,33.0,2021
421260,32.0,26.0,2021
421270,16.0,14.0,2021
421290,42.0,27.0,2021
421320,50.0,40.0,2021
421330,38.0,38.0,2021
421340,77.0,65.0,2021
421360,99.0,88.0,2021
421370,41.0,34.0,2021
421380,51.0,50.0,2021
421400,44.0,42.0,2021
421420,50.0,44.0,2021
421450,31.0,30.0,2021
421470,49.0,43.0,2021
421480,258.0,176.0,2021
421490,32.0,26.0,2021
421500,96.0,82.0,2021
421530,31.0,31.0,2021
421540,15.0,13.0,2021
421550,144.0,100.0,2021
421570,59.0,56.0,2021
421580,96.0,47.0,2021
421590,29.0,29.0,2021
421600,47.0,30.0,2021
421620,37.0,37.0,2021
421625,32.0,24.0,2021
421630,23.0,16.0,2021
421650,129.0,99.0,2021
421660,887.0,707.0,2021
421670,23.0,18.0,2021
421690,55.0,45.0,2021
421710,20.0,20.0,2021
421720,108.0,71.0,2021
421725,105.0,105.0,2021
421730,31.0,29.0,2021
421750,51.0,39.0,2021
421770,89.0,73.0,2021
421780,38.0,36.0,2021
421790,54.0,36.0,2021
421800,60.0,46.0,2021
421810,30.0,24.0,2021
421820,111.0,83.0,2021
421830,64.0,47.0,2021
421840,41.0,39.0,2021
421860,68.0,67.0,2021
421870,463.0,263.0,2021
421875,48.0,39.0,2021
421880,60.0,36.0,2021
421890,48.0,39.0,2021
421900,96.0,69.0,2021
421910,24.0,20.0,2021
421920,22.0,21.0,2021
421930,140.0,96.0,2021
421935,17.0,15.0,2021
421940,21.0,21.0,2021
421950,151.0,120.0,2021
421960,23.0,16.0,2021
421970,47.0,47.0,2021
430003,42.0,34.0,2021
430010,51.0,39.0,2021
430020,49.0,39.0,2021
430030,35.0,31.0,2021
430040,172.0,137.0,2021
430050,23.0,23.0,2021
430060,90.0,90.0,2021
430064,28.0,25.0,2021
430070,38.0,25.0,2021
430080,51.0,35.0,2021
430090,36.0,31.0,2021
430100,86.0,82.0,2021
430120,76.0,61.0,2021
430130,48.0,36.0,2021
430140,60.0,38.0,2021
430150,55.0,48.0,2021
430160,208.0,149.0,2021
430190,41.0,41.0,2021
430210,288.0,156.0,2021
430220,40.0,27.0,2021
430230,32.0,31.0,2021
430235,43.0,27.0,2021
430240,45.0,33.0,2021
430245,39.0,31.0,2021
430260,35.0,25.0,2021
430270,38.0,38.0,2021
430280,79.0,59.0,2021
430290,36.0,30.0,2021
430300,176.0,114.0,2021
430310,81.0,81.0,2021
430330,40.0,30.0,2021
430340,41.0,33.0,2021
430350,120.0,104.0,2021
430360,32.0,32.0,2021
430370,55.0,46.0,2021
430380,49.0,47.0,2021
430390,81.0,81.0,2021
430400,35.0,34.0,2021
430420,104.0,78.0,2021
430430,39.0,32.0,2021
430440,44.0,36.0,2021
430450,104.0,86.0,2021
430460,991.0,659.0,2021
430463,91.0,86.0,2021
430470,160.0,95.0,2021
430480,79.0,42.0,2021
430490,33.0,23.0,2021
430510,1404.0,673.0,2021
430520,53.0,32.0,2021
430530,49.0,36.0,2021
430535,67.0,67.0,2021
430540,30.0,25.0,2021
430570,19.0,17.0,2021
430580,23.0,18.0,2021
430590,30.0,19.0,2021
430600,55.0,41.0,2021
430610,200.0,98.0,2021
430620,8.0,6.0,2021
430630,32.0,26.0,2021
430640,66.0,57.0,2021
430645,50.0,35.0,2021
430650,25.0,20.0,2021
430660,113.0,79.0,2021
430680,117.0,35.0,2021
430690,48.0,36.0,2021
430700,268.0,145.0,2021
430710,34.0,34.0,2021
430750,60.0,51.0,2021
430755,42.0,23.0,2021
430760,52.0,51.0,2021
430770,145.0,138.0,2021
430780,120.0,93.0,2021
430790,112.0,71.0,2021
430800,58.0,45.0,2021
430810,61.0,40.0,2021
430820,52.0,34.0,2021
430840,27.0,27.0,2021
430845,24.0,21.0,2021
430850,95.0,77.0,2021
430860,70.0,39.0,2021
430870,30.0,30.0,2021
430890,85.0,70.0,2021
430900,50.0,43.0,2021
430910,87.0,54.0,2021
430920,164.0,126.0,2021
430925,4.0,4.0,2021
430930,56.0,30.0,2021
430940,73.0,50.0,2021
430950,45.0,36.0,2021
430960,77.0,57.0,2021
430970,32.0,29.0,2021
431000,41.0,25.0,2021
431010,87.0,71.0,2021
431020,369.0,175.0,2021
431030,40.0,24.0,2021
431050,70.0,55.0,2021
431053,20.0,,2021
431060,79.0,77.0,2021
431070,10.0,10.0,2021
431075,24.0,19.0,2021
431080,52.0,42.0,2021
431085,52.0,44.0,2021
431100,73.0,60.0,2021
431110,51.0,32.0,2021
431112,10.0,10.0,2021
431115,3.0,3.0,2021
431120,67.0,49.0,2021
431130,73.0,47.0,2021
431140,154.0,101.0,2021
431150,32.0,29.0,2021
431180,129.0,57.0,2021
431190,52.0,36.0,2021
431205,40.0,30.0,2021
431210,28.0,21.0,2021
431220,40.0,28.0,2021
431240,134.0,134.0,2021
431250,29.0,29.0,2021
431260,31.0,25.0,2021
431265,50.0,33.0,2021
431270,81.0,61.0,2021
431290,54.0,32.0,2021
431300,37.0,23.0,2021
431310,52.0,36.0,2021
431320,34.0,26.0,2021
431330,71.0,43.0,2021
431340,493.0,260.0,2021
431350,89.0,68.0,2021
431360,52.0,48.0,2021
431365,39.0,30.0,2021
431370,88.0,74.0,2021
431380,68.0,61.0,2021
431390,70.0,49.0,2021
431400,40.0,29.0,2021
431402,32.0,32.0,2021
431405,100.0,100.0,2021
431410,1110.0,607.0,2021
431420,46.0,40.0,2021
431430,17.0,11.0,2021
431440,1099.0,724.0,2021
431447,30.0,18.0,2021
431450,51.0,51.0,2021
431460,102.0,82.0,2021
431470,50.0,44.0,2021
431480,49.0,49.0,2021
431490,6636.0,4026.0,2021
431500,50.0,40.0,2021
431510,50.0,31.0,2021
431515,49.0,46.0,2021
431520,30.0,25.0,2021
431530,62.0,51.0,2021
431535,19.0,14.0,2021
431550,51.0,43.0,2021
431560,559.0,540.0,2021
431570,97.0,97.0,2021
431575,33.0,30.0,2021
431580,38.0,26.0,2021
431590,51.0,39.0,2021
431600,52.0,50.0,2021
431610,105.0,89.0,2021
431620,32.0,23.0,2021
431630,35.0,32.0,2021
431640,96.0,59.0,2021
431643,19.0,16.0,2021
431645,32.0,23.0,2021
431650,32.0,25.0,2021
431660,65.0,47.0,2021
431670,51.0,38.0,2021
431680,317.0,192.0,2021
431690,937.0,477.0,2021
431710,163.0,57.0,2021
431720,208.0,123.0,2021
431730,58.0,49.0,2021
431740,92.0,68.0,2021
431750,234.0,151.0,2021
431760,82.0,75.0,2021
431780,85.0,63.0,2021
431790,56.0,41.0,2021
431800,142.0,110.0,2021
431810,64.0,49.0,2021
431820,62.0,56.0,2021
431830,188.0,155.0,2021
431840,129.0,113.0,2021
431843,50.0,50.0,2021
431850,53.0,45.0,2021
431860,54.0,40.0,2021
431870,209.0,177.0,2021
431880,172.0,125.0,2021
431890,122.0,103.0,2021
431900,75.0,45.0,2021
431910,43.0,32.0,2021
431915,38.0,30.0,2021
431930,36.0,25.0,2021
431940,55.0,45.0,2021
431950,91.0,60.0,2021
431960,65.0,55.0,2021
431980,41.0,40.0,2021
431990,122.0,88.0,2021
432000,179.0,129.0,2021
432010,78.0,62.0,2021
432020,66.0,50.0,2021
432026,34.0,32.0,2021
432030,32.0,20.0,2021
432040,55.0,36.0,2021
432045,10.0,10.0,2021
432050,49.0,35.0,2021
432060,30.0,27.0,2021
432067,48.0,30.0,2021
432070,107.0,37.0,2021
432080,96.0,67.0,2021
432090,92.0,67.0,2021
432100,41.0,35.0,2021
432110,4.0,2.0,2021
432120,71.0,71.0,2021
432130,40.0,29.0,2021
432140,95.0,58.0,2021
432143,3.0,,2021
432145,76.0,52.0,2021
432150,63.0,59.0,2021
432160,94.0,94.0,2021
432170,58.0,54.0,2021
432180,69.0,41.0,2021
432190,104.0,69.0,2021
432195,48.0,48.0,2021
432200,50.0,36.0,2021
432210,34.0,22.0,2021
432220,73.0,53.0,2021
432230,37.0,26.0,2021
432240,160.0,111.0,2021
432250,135.0,95.0,2021
432253,39.0,29.0,2021
432260,101.0,68.0,2021
432270,49.0,44.0,2021
432280,63.0,39.0,2021
432290,50.0,33.0,2021
432300,347.0,277.0,2021
432380,27.0,,2021
500020,21.0,21.0,2021
500060,91.0,65.0,2021
500070,31.0,30.0,2021
500080,12.0,8.0,2021
500085,27.0,14.0,2021
500090,10.0,10.0,2021
500100,72.0,44.0,2021
500110,143.0,109.0,2021
500124,9.0,9.0,2021
500150,12.0,12.0,2021
500190,42.0,21.0,2021
500210,32.0,28.0,2021
500215,8.0,8.0,2021
500220,32.0,32.0,2021
500230,20.0,11.0,2021
500240,39.0,20.0,2021
500260,25.0,18.0,2021
500270,2353.0,1492.0,2021
500280,8.0,4.0,2021
500290,59.0,32.0,2021
500295,76.0,46.0,2021
500315,9.0,9.0,2021
500320,213.0,147.0,2021
500325,59.0,45.0,2021
500330,93.0,65.0,2021
500345,12.0,12.0,2021
500348,19.0,19.0,2021
500370,525.0,337.0,2021
500375,53.0,13.0,2021
500380,66.0,56.0,2021
500390,10.0,10.0,2021
500400,12.0,10.0,2021
500410,26.0,16.0,2021
500430,38.0,32.0,2021
500440,13.0,13.0,2021
500450,22.0,22.0,2021
500460,27.0,14.0,2021
500470,32.0,32.0,2021
500500,43.0,37.0,2021
500510,21.0,19.0,2021
500515,9.0,9.0,2021
500520,10.0,,2021
500525,6.0,6.0,2021
500540,50.0,44.0,2021
500560,23.0,23.0,2021
500568,48.0,42.0,2021
500570,103.0,86.0,2021
500580,6.0,6.0,2021
500600,24.0,24.0,2021
500620,107.0,73.0,2021
500625,17.0,12.0,2021
500630,201.0,134.0,2021
500635,15.0,15.0,2021
500640,28.0,28.0,2021
500660,165.0,131.0,2021
500690,16.0,16.0,2021
500710,16.0,16.0,2021
500720,66.0,61.0,2021
500730,21.0,7.0,2021
500740,29.0,29.0,2021
500750,9.0,9.0,2021
500755,8.0,8.0,2021
500769,45.0,45.0,2021
500770,18.0,18.0,2021
500790,38.0,26.0,2021
500793,22.0,10.0,2021
500795,8.0,8.0,2021
500797,6.0,6.0,2021
500830,195.0,112.0,2021
500840,7.0,7.0,2021
510020,83.0,68.0,2021
510025,209.0,129.0,2021
510030,98.0,34.0,2021
510060,24.0,19.0,2021
510080,32.0,32.0,2021
510100,12.0,12.0,2021
510125,19.0,16.0,2021
510130,40.0,40.0,2021
510140,31.0,27.0,2021
510160,11.0,11.0,2021
510180,108.0,72.0,2021
510190,31.0,31.0,2021
510250,251.0,210.0,2021
510260,24.0,24.0,2021
510263,29.0,28.0,2021
510267,72.0,43.0,2021
510268,16.0,16.0,2021
510269,5.0,5.0,2021
510270,60.0,41.0,2021
510279,1.0,1.0,2021
510305,34.0,33.0,2021
510310,16.0,16.0,2021
510320,120.0,91.0,2021
510325,34.0,28.0,2021
510330,42.0,31.0,2021
510335,63.0,56.0,2021
510337,33.0,33.0,2021
510340,1791.0,1233.0,2021
510350,46.0,37.0,2021
510360,20.0,15.0,2021
510385,17.0,17.0,2021
510390,15.0,15.0,2021
510410,42.0,28.0,2021
510420,22.0,18.0,2021
510455,16.0,16.0,2021
510460,35.0,35.0,2021
510480,56.0,46.0,2021
510500,37.0,32.0,2021
510510,56.0,25.0,2021
510515,129.0,69.0,2021
510517,18.0,18.0,2021
510520,20.0,20.0,2021
510525,101.0,65.0,2021
510550,44.0,44.0,2021
510558,12.0,12.0,2021
510560,42.0,24.0,2021
510562,90.0,68.0,2021
510590,41.0,34.0,2021
510600,5.0,5.0,2021
510610,16.0,16.0,2021
510615,14.0,14.0,2021
510618,6.0,6.0,2021
510620,13.0,13.0,2021
510621,5.0,5.0,2021
510622,179.0,126.0,2021
510623,50.0,34.0,2021
510625,24.0,24.0,2021
510627,14.0,14.0,2021
510628,27.0,27.0,2021
510629,35.0,35.0,2021
510630,70.0,70.0,2021
510637,31.0,31.0,2021
510642,42.0,42.0,2021
510650,64.0,58.0,2021
510675,113.0,73.0,2021
510677,18.0,18.0,2021
510680,19.0,19.0,2021
510682,4.0,4.0,2021
510700,98.0,79.0,2021
510704,210.0,123.0,2021
510706,31.0,26.0,2021
510710,43.0,34.0,2021
510718,37.0,33.0,2021
510719,15.0,15.0,2021
510720,18.0,18.0,2021
510730,22.0,22.0,2021
510760,548.0,445.0,2021
510770,61.0,61.0,2021
510774,4.0,4.0,2021
510775,14.0,14.0,2021
510777,27.0,27.0,2021
510780,20.0,20.0,2021
510785,40.0,40.0,2021
510787,52.0,33.0,2021
510790,293.0,152.0,2021
510792,219.0,148.0,2021
510794,14.0,14.0,2021
510795,188.0,101.0,2021
510800,20.0,20.0,2021
510805,37.0,37.0,2021
510810,14.0,14.0,2021
510820,24.0,22.0,2021
510835,5.0,5.0,2021
510840,504.0,394.0,2021
510860,41.0,41.0,2021
510885,8.0,8.0,2021
510890,6.0,6.0,2021
510895,13.0,13.0,2021
520010,9.0,9.0,2021
520013,72.0,38.0,2021
520017,5.0,5.0,2021
520025,44.0,43.0,2021
520030,34.0,34.0,2021
520050,14.0,14.0,2021
520055,24.0,24.0,2021
520060,11.0,11.0,2021
520080,32.0,32.0,2021
520085,17.0,17.0,2021
520090,13.0,13.0,2021
520110,1130.0,636.0,2021
520130,20.0,20.0,2021
520140,1336.0,1081.0,2021
520150,18.0,18.0,2021
520160,17.0,17.0,2021
520170,33.0,33.0,2021
520180,9.0,9.0,2021
520215,10.0,10.0,2021
520235,14.0,14.0,2021
520250,15.0,15.0,2021
520280,12.0,12.0,2021
520310,6.0,6.0,2021
520320,22.0,22.0,2021
520330,55.0,52.0,2021
520340,23.0,23.0,2021
520350,22.0,22.0,2021
520355,2.0,2.0,2021
520380,24.0,24.0,2021
520390,32.0,25.0,2021
520393,14.0,14.0,2021
520400,12.0,12.0,2021
520410,26.0,26.0,2021
520425,18.0,18.0,2021
520430,36.0,28.0,2021
520440,53.0,53.0,2021
520450,157.0,104.0,2021
520465,29.0,29.0,2021
520470,16.0,16.0,2021
520480,18.0,18.0,2021
520490,43.0,29.0,2021
520500,17.0,17.0,2021
520505,15.0,15.0,2021
520510,302.0,177.0,2021
520520,18.0,18.0,2021
520530,13.0,13.0,2021
520540,316.0,140.0,2021
520545,15.0,15.0,2021
520547,24.0,21.0,2021
520549,61.0,35.0,2021
520551,22.0,22.0,2021
520552,11.0,11.0,2021
520570,16.0,16.0,2021
520580,81.0,14.0,2021
520590,26.0,26.0,2021
520620,55.0,42.0,2021
520630,8.0,8.0,2021
520640,86.0,60.0,2021
520650,11.0,11.0,2021
520660,14.0,14.0,2021
520670,13.0,13.0,2021
520680,15.0,15.0,2021
520710,14.0,14.0,2021
520725,24.0,24.0,2021
520735,10.0,10.0,2021
520740,25.0,25.0,2021
520750,18.0,18.0,2021
520753,19.0,19.0,2021
520760,16.0,16.0,2021
520780,37.0,26.0,2021
520790,7.0,7.0,2021
520800,144.0,78.0,2021
520810,25.0,25.0,2021
520830,24.0,24.0,2021
520840,18.0,18.0,2021
520850,33.0,26.0,2021
520860,247.0,165.0,2021
520870,7270.0,3362.0,2021
520880,52.0,27.0,2021
520890,33.0,27.0,2021
520910,151.0,75.0,2021
520929,8.0,8.0,2021
520960,10.0,10.0,2021
520970,21.0,21.0,2021
520980,28.0,28.0,2021
520990,16.0,16.0,2021
520993,16.0,16.0,2021
520995,51.0,20.0,2021
521000,105.0,60.0,2021
521010,130.0,104.0,2021
521020,129.0,48.0,2021
521030,8.0,8.0,2021
521040,69.0,31.0,2021
521060,10.0,10.0,2021
521080,18.0,18.0,2021
521090,41.0,41.0,2021
521100,23.0,23.0,2021
521120,91.0,81.0,2021
521130,17.0,17.0,2021
521140,18.0,18.0,2021
521150,190.0,130.0,2021
521160,16.0,16.0,2021
521170,13.0,13.0,2021
521180,63.0,55.0,2021
521190,182.0,133.0,2021
521200,10.0,10.0,2021
521210,18.0,18.0,2021
521220,67.0,29.0,2021
521250,202.0,121.0,2021
521260,13.0,13.0,2021
521270,16.0,16.0,2021
521280,44.0,18.0,2021
521290,24.0,24.0,2021
521295,14.0,14.0,2021
521300,12.0,12.0,2021
521308,104.0,51.0,2021
521310,261.0,181.0,2021
521350,16.0,16.0,2021
521370,24.0,24.0,2021
521375,18.0,18.0,2021
521380,98.0,66.0,2021
521385,19.0,19.0,2021
521400,20.0,20.0,2021
521405,18.0,18.0,2021
521410,19.0,19.0,2021
521440,16.0,16.0,2021
521450,123.0,50.0,2021
521460,106.0,61.0,2021
521470,4.0,4.0,2021
521483,45.0,45.0,2021
521500,5.0,5.0,2021
521520,10.0,10.0,2021
521523,20.0,20.0,2021
521530,28.0,19.0,2021
521550,31.0,31.0,2021
521560,41.0,40.0,2021
521565,19.0,19.0,2021
521570,33.0,6.0,2021
521580,9.0,9.0,2021
521590,19.0,19.0,2021
521600,9.0,9.0,2021
521630,27.0,27.0,2021
521640,20.0,20.0,2021
521680,26.0,24.0,2021
521710,70.0,60.0,2021
521720,28.0,28.0,2021
521730,35.0,35.0,2021
521740,35.0,35.0,2021
521760,63.0,43.0,2021
521770,59.0,31.0,2021
521800,83.0,54.0,2021
521805,17.0,17.0,2021
521810,17.0,17.0,2021
521830,69.0,53.0,2021
521850,136.0,59.0,2021
521860,25.0,25.0,2021
521878,9.0,9.0,2021
521880,488.0,333.0,2021
521890,80.0,76.0,2021
521900,17.0,17.0,2021
521910,15.0,15.0,2021
521920,16.0,16.0,2021
521925,17.0,17.0,2021
521930,172.0,142.0,2021
521950,16.0,16.0,2021
521960,17.0,17.0,2021
521970,38.0,38.0,2021
521973,19.0,19.0,2021
521975,112.0,12.0,2021
521980,22.0,22.0,2021
521990,7.0,7.0,2021
522000,26.0,26.0,2021
522010,91.0,42.0,2021
522015,24.0,24.0,2021
522020,99.0,58.0,2021
522026,11.0,11.0,2021
522040,50.0,50.0,2021
522045,65.0,45.0,2021
522050,21.0,21.0,2021
522060,40.0,40.0,2021
522068,20.0,20.0,2021
522100,46.0,25.0,2021
522130,12.0,6.0,2021
522140,511.0,410.0,2021
522145,15.0,15.0,2021
522150,17.0,17.0,2021
522155,19.0,19.0,2021
522160,302.0,225.0,2021
522170,47.0,20.0,2021
522185,69.0,32.0,2021
522200,40.0,32.0,2021
522205,16.0,16.0,2021
522220,13.0,13.0,2021
530010,7844.0,4587.0,2021
110001,49.0,43.0,2022
110002,243.0,138.0,2022
110003,8.0,8.0,2022
110004,401.0,321.0,2022
110005,40.0,40.0,2022
110006,50.0,50.0,2022
110007,10.0,10.0,2022
110008,45.0,45.0,2022
110009,54.0,36.0,2022
110010,114.0,105.0,2022
110011,115.0,100.0,2022
110012,307.0,186.0,2022
110013,48.0,48.0,2022
110014,44.0,44.0,2022
110015,128.0,51.0,2022
110018,60.0,48.0,2022
110020,1899.0,1397.0,2022
110025,48.0,48.0,2022
110026,8.0,8.0,2022
110028,84.0,68.0,2022
110029,25.0,25.0,2022
110030,216.0,195.0,2022
110032,43.0,43.0,2022
110033,35.0,35.0,2022
110034,35.0,35.0,2022
110037,24.0,24.0,2022
110040,16.0,16.0,2022
110045,66.0,32.0,2022
110050,23.0,23.0,2022
110060,13.0,13.0,2022
110070,19.0,19.0,2022
110080,15.0,15.0,2022
110090,7.0,7.0,2022
110092,11.0,11.0,2022
110094,26.0,26.0,2022
110100,22.0,21.0,2022
110110,20.0,20.0,2022
110120,16.0,16.0,2022
110130,33.0,25.0,2022
110140,24.0,24.0,2022
110143,16.0,16.0,2022
110145,8.0,8.0,2022
110146,6.0,6.0,2022
110148,12.0,12.0,2022
110149,31.0,31.0,2022
110150,36.0,36.0,2022
110155,12.0,12.0,2022
110160,13.0,13.0,2022
110170,25.0,25.0,2022
110175,12.0,12.0,2022
110180,16.0,16.0,2022
120001,7.0,7.0,2022
120005,12.0,12.0,2022
120010,41.0,41.0,2022
120020,198.0,184.0,2022
120030,42.0,42.0,2022
120032,10.0,10.0,2022
120033,32.0,32.0,2022
120034,23.0,23.0,2022
120035,13.0,13.0,2022
120038,44.0,44.0,2022
120039,14.0,14.0,2022
120040,992.0,861.0,2022
120042,16.0,16.0,2022
120043,16.0,16.0,2022
120045,29.0,29.0,2022
120050,30.0,30.0,2022
120060,42.0,42.0,2022
120070,34.0,34.0,2022
130002,38.0,38.0,2022
130006,26.0,26.0,2022
130008,20.0,20.0,2022
130010,23.0,23.0,2022
130014,36.0,36.0,2022
130020,16.0,16.0,2022
130030,41.0,41.0,2022
130040,30.0,30.0,2022
130050,30.0,30.0,2022
130060,48.0,48.0,2022
130063,22.0,22.0,2022
130068,22.0,22.0,2022
130070,60.0,60.0,2022
130080,38.0,38.0,2022
130083,20.0,20.0,2022
130090,24.0,24.0,2022
130100,45.0,45.0,2022
130110,20.0,20.0,2022
130115,19.0,19.0,2022
130120,105.0,101.0,2022
130130,47.0,47.0,2022
130140,76.0,76.0,2022
130150,24.0,24.0,2022
130160,58.0,58.0,2022
130165,20.0,20.0,2022
130170,40.0,39.0,2022
130180,26.0,26.0,2022
130185,40.0,40.0,2022
130190,110.0,110.0,2022
130195,25.0,25.0,2022
130200,29.0,29.0,2022
130210,20.0,20.0,2022
130220,20.0,20.0,2022
130230,18.0,18.0,2022
130240,56.0,56.0,2022
130250,72.0,72.0,2022
130255,30.0,30.0,2022
130260,3604.0,2826.0,2022
130270,49.0,49.0,2022
130280,19.0,19.0,2022
130290,95.0,95.0,2022
130300,24.0,24.0,2022
130310,41.0,41.0,2022
130320,26.0,26.0,2022
130330,34.0,32.0,2022
130340,176.0,166.0,2022
130350,26.0,26.0,2022
130353,29.0,29.0,2022
130356,23.0,23.0,2022
130360,21.0,20.0,2022
130370,53.0,25.0,2022
130380,88.0,88.0,2022
130390,46.0,46.0,2022
130395,20.0,20.0,2022
130400,27.0,27.0,2022
130406,63.0,63.0,2022
130410,30.0,30.0,2022
130420,105.0,93.0,2022
130423,33.0,33.0,2022
130426,20.0,20.0,2022
130430,40.0,40.0,2022
130440,32.0,32.0,2022
140005,26.0,22.0,2022
140010,1101.0,1022.0,2022
140015,14.0,8.0,2022
140020,15.0,15.0,2022
140023,14.0,14.0,2022
140028,1.0,,2022
140030,22.0,14.0,2022
140040,24.0,24.0,2022
140045,15.0,15.0,2022
140047,82.0,82.0,2022
140050,20.0,20.0,2022
140060,13.0,13.0,2022
150010,274.0,222.0,2022
150013,21.0,21.0,2022
150020,33.0,33.0,2022
150030,30.0,30.0,2022
150034,40.0,40.0,2022
150040,96.0,92.0,2022
150050,107.0,107.0,2022
150060,282.0,222.0,2022
150070,20.0,20.0,2022
150080,866.0,718.0,2022
150085,41.0,41.0,2022
150090,87.0,83.0,2022
150095,58.0,58.0,2022
150110,15.0,15.0,2022
150120,33.0,32.0,2022
150125,10.0,10.0,2022
150130,147.0,123.0,2022
150140,3982.0,2245.0,2022
150145,48.0,48.0,2022
150157,31.0,31.0,2022
150170,315.0,266.0,2022
150172,33.0,33.0,2022
150175,24.0,24.0,2022
150178,44.0,44.0,2022
150180,182.0,182.0,2022
150190,43.0,30.0,2022
150200,20.0,20.0,2022
150210,178.0,161.0,2022
150215,100.0,77.0,2022
150220,260.0,237.0,2022
150230,162.0,89.0,2022
150240,530.0,426.0,2022
150250,16.0,16.0,2022
150270,119.0,117.0,2022
150275,30.0,30.0,2022
150276,11.0,11.0,2022
150277,39.0,39.0,2022
150280,26.0,26.0,2022
150290,27.0,27.0,2022
150293,116.0,93.0,2022
150295,41.0,41.0,2022
150300,10.0,10.0,2022
150304,20.0,20.0,2022
150307,18.0,18.0,2022
150309,24.0,24.0,2022
150310,23.0,23.0,2022
150320,45.0,45.0,2022
150330,138.0,129.0,2022
150340,19.0,19.0,2022
150345,85.0,85.0,2022
150350,30.0,30.0,2022
150360,517.0,188.0,2022
150370,53.0,53.0,2022
150375,24.0,24.0,2022
150380,110.0,83.0,2022
150390,100.0,87.0,2022
150400,20.0,20.0,2022
150405,52.0,52.0,2022
150420,427.0,320.0,2022
150430,27.0,27.0,2022
150440,18.0,18.0,2022
150442,162.0,134.0,2022
150445,38.0,38.0,2022
150450,15.0,15.0,2022
150460,27.0,27.0,2022
150470,50.0,50.0,2022
150480,54.0,54.0,2022
150490,42.0,42.0,2022
150495,32.0,32.0,2022
150497,15.0,15.0,2022
150503,42.0,34.0,2022
150506,54.0,54.0,2022
150510,65.0,63.0,2022
150520,15.0,15.0,2022
150530,93.0,74.0,2022
150540,24.0,24.0,2022
150543,90.0,88.0,2022
150548,37.0,32.0,2022
150549,20.0,20.0,2022
150550,212.0,137.0,2022
150553,332.0,140.0,2022
150555,22.0,22.0,2022
150563,27.0,27.0,2022
150565,39.0,39.0,2022
150570,20.0,20.0,2022
150580,29.0,29.0,2022
150590,49.0,49.0,2022
150600,33.0,33.0,2022
150610,10.0,10.0,2022
150613,285.0,192.0,2022
150616,56.0,31.0,2022
150618,98.0,92.0,2022
150619,29.0,29.0,2022
150620,47.0,47.0,2022
150630,19.0,19.0,2022
150640,15.0,15.0,2022
150650,60.0,60.0,2022
150655,16.0,16.0,2022
150658,68.0,68.0,2022
150660,47.0,47.0,2022
150670,66.0,66.0,2022
150680,492.0,394.0,2022
150700,76.0,74.0,2022
150710,20.0,20.0,2022
150715,21.0,21.0,2022
150720,31.0,31.0,2022
150730,143.0,98.0,2022
150745,41.0,41.0,2022
150747,24.0,24.0,2022
150750,19.0,19.0,2022
150760,66.0,66.0,2022
150770,32.0,32.0,2022
150775,14.0,14.0,2022
150780,14.0,14.0,2022
150790,48.0,48.0,2022
150795,40.0,40.0,2022
150797,26.0,26.0,2022
150800,87.0,77.0,2022
150803,15.0,15.0,2022
150805,21.0,21.0,2022
150808,99.0,87.0,2022
150810,306.0,209.0,2022
150812,118.0,117.0,2022
150815,81.0,78.0,2022
150820,37.0,37.0,2022
150830,65.0,65.0,2022
150835,43.0,43.0,2022
150840,119.0,87.0,2022
160005,30.0,30.0,2022
160010,37.0,37.0,2022
160015,15.0,15.0,2022
160020,20.0,20.0,2022
160023,12.0,12.0,2022
160027,85.0,85.0,2022
160030,947.0,817.0,2022
160040,14.0,14.0,2022
160050,51.0,51.0,2022
160053,34.0,34.0,2022
160060,141.0,139.0,2022
160070,18.0,18.0,2022
160080,8.0,8.0,2022
170070,32.0,32.0,2022
170100,8.0,8.0,2022
170190,17.0,17.0,2022
170200,30.0,30.0,2022
170210,582.0,455.0,2022
170220,25.0,25.0,2022
170230,28.0,28.0,2022
170240,37.0,37.0,2022
170255,73.0,73.0,2022
170305,3.0,3.0,2022
170370,5.0,5.0,2022
170550,69.0,69.0,2022
170610,27.0,27.0,2022
170700,39.0,39.0,2022
170710,27.0,27.0,2022
170730,14.0,5.0,2022
170765,5.0,5.0,2022
170770,5.0,5.0,2022
170820,19.0,19.0,2022
170900,16.0,16.0,2022
170930,61.0,59.0,2022
170950,202.0,132.0,2022
171050,27.0,27.0,2022
171190,30.0,30.0,2022
171250,2.0,2.0,2022
171320,71.0,71.0,2022
171330,20.0,20.0,2022
171360,5.0,5.0,2022
171420,10.0,10.0,2022
171575,32.0,32.0,2022
171610,135.0,75.0,2022
171620,24.0,24.0,2022
171650,31.0,31.0,2022
171660,27.0,27.0,2022
171670,21.0,21.0,2022
171700,6.0,6.0,2022
171750,42.0,42.0,2022
171780,2.0,2.0,2022
171790,7.0,7.0,2022
171820,151.0,151.0,2022
172065,19.0,19.0,2022
172080,16.0,16.0,2022
172090,24.0,24.0,2022
172100,1009.0,555.0,2022
172120,38.0,38.0,2022
172210,31.0,31.0,2022
210005,254.0,164.0,2022
210010,20.0,20.0,2022
210020,31.0,31.0,2022
210030,24.0,24.0,2022
210043,50.0,50.0,2022
210047,28.0,28.0,2022
210050,27.0,27.0,2022
210055,11.0,11.0,2022
210060,95.0,86.0,2022
210070,27.0,27.0,2022
210080,16.0,16.0,2022
210083,15.0,15.0,2022
210087,17.0,17.0,2022
210090,117.0,117.0,2022
210095,58.0,58.0,2022
210100,48.0,48.0,2022
210110,25.0,25.0,2022
210120,207.0,196.0,2022
210125,26.0,26.0,2022
210130,23.0,23.0,2022
210140,174.0,151.0,2022
210150,31.0,31.0,2022
210160,215.0,185.0,2022
210170,58.0,53.0,2022
210173,7.0,7.0,2022
210177,18.0,18.0,2022
210180,20.0,20.0,2022
210190,18.0,18.0,2022
210193,15.0,15.0,2022
210197,15.0,15.0,2022
210200,36.0,36.0,2022
210203,22.0,22.0,2022
210210,37.0,37.0,2022
210220,27.0,27.0,2022
210230,44.0,44.0,2022
210232,84.0,84.0,2022
210240,19.0,19.0,2022
210250,20.0,20.0,2022
210255,21.0,21.0,2022
210260,21.0,21.0,2022
210270,59.0,59.0,2022
210275,13.0,12.0,2022
210280,43.0,43.0,2022
210290,46.0,46.0,2022
210300,371.0,371.0,2022
210310,15.0,15.0,2022
210312,15.0,15.0,2022
210317,14.0,14.0,2022
210320,167.0,135.0,2022
210325,21.0,21.0,2022
210330,104.0,104.0,2022
210340,129.0,109.0,2022
210350,134.0,134.0,2022
210355,15.0,15.0,2022
210360,94.0,94.0,2022
210370,109.0,103.0,2022
210375,14.0,14.0,2022
210380,29.0,29.0,2022
210390,26.0,26.0,2022
210400,44.0,44.0,2022
210405,61.0,53.0,2022
210407,42.0,42.0,2022
210408,18.0,18.0,2022
210409,13.0,13.0,2022
210410,31.0,31.0,2022
210420,20.0,20.0,2022
210440,29.0,29.0,2022
210450,24.0,24.0,2022
210455,33.0,33.0,2022
210460,35.0,30.0,2022
210462,20.0,20.0,2022
210465,25.0,25.0,2022
210467,204.0,200.0,2022
210470,18.0,18.0,2022
210480,252.0,250.0,2022
210490,36.0,32.0,2022
210500,30.0,30.0,2022
210510,34.0,30.0,2022
210515,37.0,37.0,2022
210520,37.0,37.0,2022
210530,815.0,638.0,2022
210535,25.0,25.0,2022
210540,74.0,74.0,2022
210542,76.0,76.0,2022
210545,16.0,16.0,2022
210547,20.0,20.0,2022
210550,62.0,60.0,2022
210560,22.0,22.0,2022
210565,3.0,3.0,2022
210570,221.0,174.0,2022
210580,20.0,20.0,2022
210590,45.0,45.0,2022
210592,23.0,23.0,2022
210594,2.0,2.0,2022
210596,19.0,19.0,2022
210600,38.0,38.0,2022
210610,20.0,20.0,2022
210620,9.0,9.0,2022
210630,20.0,20.0,2022
210632,11.0,11.0,2022
210637,18.0,18.0,2022
210640,23.0,23.0,2022
210650,17.0,17.0,2022
210660,50.0,50.0,2022
210663,2.0,2.0,2022
210667,12.0,12.0,2022
210670,22.0,22.0,2022
210675,52.0,44.0,2022
210680,17.0,17.0,2022
210690,70.0,70.0,2022
210700,24.0,24.0,2022
210710,38.0,34.0,2022
210720,24.0,24.0,2022
210725,24.0,24.0,2022
210730,15.0,15.0,2022
210735,60.0,60.0,2022
210740,20.0,20.0,2022
210745,50.0,42.0,2022
210750,26.0,26.0,2022
210760,17.0,15.0,2022
210770,48.0,48.0,2022
210780,51.0,51.0,2022
210790,116.0,90.0,2022
210800,55.0,55.0,2022
210805,20.0,20.0,2022
210810,35.0,35.0,2022
210820,165.0,138.0,2022
210825,36.0,36.0,2022
210830,62.0,62.0,2022
210840,27.0,27.0,2022
210845,62.0,58.0,2022
210850,40.0,40.0,2022
210860,236.0,228.0,2022
210870,41.0,41.0,2022
210880,24.0,24.0,2022
210890,29.0,29.0,2022
210900,62.0,54.0,2022
210905,28.0,28.0,2022
210910,194.0,190.0,2022
210920,15.0,15.0,2022
210923,24.0,24.0,2022
210927,15.0,15.0,2022
210930,22.0,22.0,2022
210940,19.0,19.0,2022
210945,48.0,13.0,2022
210950,58.0,58.0,2022
210955,20.0,20.0,2022
210960,123.0,113.0,2022
210970,32.0,32.0,2022
210975,17.0,17.0,2022
210980,58.0,58.0,2022
210990,292.0,210.0,2022
211000,53.0,53.0,2022
211003,80.0,80.0,2022
211010,42.0,42.0,2022
211020,35.0,35.0,2022
211023,16.0,16.0,2022
211027,20.0,20.0,2022
211030,30.0,30.0,2022
211040,32.0,32.0,2022
211050,49.0,49.0,2022
211060,27.0,27.0,2022
211065,20.0,20.0,2022
211070,50.0,46.0,2022
211080,22.0,22.0,2022
211085,24.0,24.0,2022
211090,25.0,25.0,2022
211100,50.0,50.0,2022
211102,35.0,35.0,2022
211105,20.0,20.0,2022
211107,20.0,20.0,2022
211110,54.0,52.0,2022
211120,106.0,72.0,2022
211125,20.0,20.0,2022
211130,4574.0,3328.0,2022
211140,31.0,31.0,2022
211150,71.0,71.0,2022
211153,26.0,26.0,2022
211157,18.0,18.0,2022
211160,57.0,57.0,2022
211163,12.0,12.0,2022
211170,56.0,56.0,2022
211172,34.0,34.0,2022
211174,20.0,20.0,2022
211176,31.0,31.0,2022
211178,14.0,14.0,2022
211180,34.0,34.0,2022
211190,24.0,22.0,2022
211195,16.0,16.0,2022
211200,18.0,18.0,2022
211210,50.0,50.0,2022
211220,145.0,145.0,2022
211223,29.0,29.0,2022
211227,30.0,30.0,2022
211230,55.0,55.0,2022
211240,52.0,52.0,2022
211245,30.0,30.0,2022
211250,54.0,39.0,2022
211260,37.0,37.0,2022
211270,45.0,45.0,2022
211280,110.0,110.0,2022
211285,31.0,31.0,2022
211290,32.0,32.0,2022
211300,48.0,44.0,2022
211400,51.0,51.0,2022
220010,15.0,15.0,2022
220020,27.0,27.0,2022
220025,12.0,12.0,2022
220030,14.0,14.0,2022
220040,37.0,37.0,2022
220050,45.0,45.0,2022
220060,11.0,11.0,2022
220070,10.0,10.0,2022
220090,6.0,6.0,2022
220100,4.0,4.0,2022
220110,18.0,18.0,2022
220115,11.0,11.0,2022
220120,74.0,70.0,2022
220140,21.0,21.0,2022
220150,24.0,24.0,2022
220160,15.0,15.0,2022
220170,4.0,4.0,2022
220180,21.0,21.0,2022
220190,60.0,52.0,2022
220191,6.0,6.0,2022
220196,10.0,10.0,2022
220200,42.0,42.0,2022
220202,16.0,16.0,2022
220220,201.0,98.0,2022
220225,4.0,4.0,2022
220230,27.0,27.0,2022
220240,9.0,9.0,2022
220250,11.0,11.0,2022
220260,38.0,38.0,2022
220270,41.0,41.0,2022
220277,7.0,7.0,2022
220280,7.0,7.0,2022
220290,52.0,52.0,2022
220300,25.0,25.0,2022
220310,21.0,21.0,2022
220320,34.0,34.0,2022
220330,40.0,40.0,2022
220335,7.0,7.0,2022
220350,34.0,34.0,2022
220360,8.0,8.0,2022
220370,75.0,55.0,2022
220380,2.0,2.0,2022
220390,263.0,248.0,2022
220400,14.0,14.0,2022
220410,4.0,4.0,2022
220420,14.0,14.0,2022
220430,25.0,25.0,2022
220440,9.0,9.0,2022
220450,34.0,34.0,2022
220470,11.0,11.0,2022
220480,19.0,19.0,2022
220490,20.0,20.0,2022
220500,21.0,21.0,2022
220510,26.0,26.0,2022
220520,35.0,31.0,2022
220530,7.0,7.0,2022
220540,17.0,17.0,2022
220545,6.0,6.0,2022
220550,24.0,24.0,2022
220553,13.0,13.0,2022
220555,10.0,10.0,2022
220560,8.0,8.0,2022
220570,43.0,43.0,2022
220580,50.0,50.0,2022
220585,7.0,7.0,2022
220590,11.0,11.0,2022
220595,77.0,68.0,2022
220600,11.0,11.0,2022
220610,15.0,15.0,2022
220620,22.0,20.0,2022
220640,13.0,13.0,2022
220650,20.0,20.0,2022
220660,25.0,25.0,2022
220670,6.0,6.0,2022
220680,9.0,9.0,2022
220690,8.0,8.0,2022
220700,108.0,96.0,2022
220720,36.0,36.0,2022
220730,9.0,9.0,2022
220740,12.0,12.0,2022
220750,16.0,16.0,2022
220760,17.0,17.0,2022
220770,575.0,523.0,2022
220780,89.0,86.0,2022
220790,76.0,55.0,2022
220800,416.0,330.0,2022
220810,16.0,16.0,2022
220820,35.0,35.0,2022
220830,65.0,65.0,2022
220840,76.0,63.0,2022
220850,17.0,17.0,2022
220855,3.0,3.0,2022
220860,16.0,16.0,2022
220870,19.0,19.0,2022
220880,29.0,29.0,2022
220890,17.0,17.0,2022
220900,2.0,2.0,2022
220910,11.0,11.0,2022
220920,10.0,10.0,2022
220937,16.0,8.0,2022
220940,4.0,4.0,2022
220950,7.0,7.0,2022
220960,20.0,20.0,2022
220970,7.0,7.0,2022
220980,12.0,12.0,2022
220990,12.0,12.0,2022
221000,73.0,73.0,2022
221010,6.0,6.0,2022
221020,8.0,8.0,2022
221030,29.0,29.0,2022
221040,39.0,26.0,2022
221050,41.0,41.0,2022
221060,225.0,222.0,2022
221070,52.0,52.0,2022
221080,29.0,29.0,2022
221090,12.0,12.0,2022
221100,3190.0,2195.0,2022
221110,50.0,50.0,2022
221120,40.0,40.0,2022
221130,55.0,55.0,2022
221140,14.0,14.0,2022
221170,19.0,19.0,2022
230020,74.0,70.0,2022
230030,94.0,94.0,2022
230040,34.0,34.0,2022
230060,19.0,19.0,2022
230070,33.0,33.0,2022
230075,44.0,44.0,2022
230080,16.0,16.0,2022
230090,13.0,13.0,2022
230100,138.0,46.0,2022
230110,120.0,106.0,2022
230120,64.0,64.0,2022
230125,29.0,29.0,2022
230130,42.0,42.0,2022
230140,11.0,11.0,2022
230150,20.0,20.0,2022
230160,46.0,46.0,2022
230170,89.0,89.0,2022
230180,19.0,19.0,2022
230185,17.0,17.0,2022
230190,439.0,350.0,2022
230195,21.0,21.0,2022
230200,23.0,23.0,2022
230205,9.0,9.0,2022
230210,78.0,51.0,2022
230220,52.0,52.0,2022
230230,33.0,33.0,2022
230240,74.0,66.0,2022
230250,267.0,244.0,2022
230260,96.0,95.0,2022
230270,48.0,48.0,2022
230280,132.0,118.0,2022
230290,14.0,14.0,2022
230300,21.0,21.0,2022
230310,18.0,18.0,2022
230320,47.0,47.0,2022
230330,18.0,18.0,2022
230340,16.0,16.0,2022
230350,44.0,44.0,2022
230360,18.0,18.0,2022
230365,20.0,20.0,2022
230370,234.0,154.0,2022
230380,58.0,58.0,2022
230390,23.0,23.0,2022
230393,16.0,16.0,2022
230395,12.0,12.0,2022
230400,14.0,14.0,2022
230410,186.0,162.0,2022
230420,314.0,221.0,2022
230423,41.0,41.0,2022
230425,56.0,56.0,2022
230426,12.0,12.0,2022
230427,9.0,9.0,2022
230428,104.0,54.0,2022
230430,41.0,41.0,2022
230435,8.0,8.0,2022
230440,8972.0,5692.0,2022
230445,17.0,17.0,2022
230450,16.0,16.0,2022
230460,13.0,13.0,2022
230470,58.0,58.0,2022
230480,25.0,25.0,2022
230490,19.0,19.0,2022
230495,20.0,20.0,2022
230500,60.0,60.0,2022
230510,11.0,11.0,2022
230520,34.0,34.0,2022
230523,71.0,71.0,2022
230526,21.0,21.0,2022
230530,50.0,50.0,2022
230533,7.0,7.0,2022
230535,16.0,16.0,2022
230540,118.0,118.0,2022
230550,279.0,249.0,2022
230560,38.0,38.0,2022
230565,18.0,18.0,2022
230570,26.0,26.0,2022
230580,153.0,72.0,2022
230590,47.0,40.0,2022
230600,33.0,33.0,2022
230610,21.0,21.0,2022
230620,17.0,17.0,2022
230625,28.0,28.0,2022
230630,36.0,34.0,2022
230640,179.0,148.0,2022
230650,28.0,28.0,2022
230655,44.0,44.0,2022
230670,22.0,22.0,2022
230680,26.0,26.0,2022
230690,43.0,43.0,2022
230700,38.0,38.0,2022
230710,49.0,49.0,2022
230720,33.0,33.0,2022
230725,20.0,20.0,2022
230730,512.0,433.0,2022
230740,51.0,51.0,2022
230750,53.0,49.0,2022
230760,157.0,141.0,2022
230763,24.0,24.0,2022
230765,326.0,262.0,2022
230770,104.0,44.0,2022
230780,43.0,43.0,2022
230790,12.0,12.0,2022
230800,34.0,34.0,2022
230810,54.0,54.0,2022
230820,20.0,20.0,2022
230830,104.0,101.0,2022
230835,28.0,28.0,2022
230837,8.0,8.0,2022
230840,68.0,68.0,2022
230850,65.0,65.0,2022
230860,49.0,49.0,2022
230870,174.0,50.0,2022
230880,17.0,17.0,2022
230890,21.0,21.0,2022
230900,40.0,40.0,2022
230910,9.0,9.0,2022
230920,20.0,20.0,2022
230930,43.0,43.0,2022
230940,25.0,25.0,2022
230945,19.0,19.0,2022
230950,37.0,37.0,2022
230960,53.0,53.0,2022
230970,43.0,38.0,2022
230980,20.0,20.0,2022
231000,12.0,12.0,2022
231010,16.0,16.0,2022
231020,41.0,41.0,2022
231025,25.0,25.0,2022
231030,49.0,49.0,2022
231040,28.0,28.0,2022
231050,51.0,51.0,2022
231060,22.0,22.0,2022
231070,58.0,58.0,2022
231080,25.0,25.0,2022
231085,16.0,16.0,2022
231090,32.0,32.0,2022
231095,21.0,21.0,2022
231100,21.0,21.0,2022
231110,24.0,24.0,2022
231120,18.0,18.0,2022
231123,13.0,13.0,2022
231126,29.0,29.0,2022
231130,162.0,156.0,2022
231135,24.0,24.0,2022
231140,322.0,322.0,2022
231150,25.0,25.0,2022
231160,50.0,50.0,2022
231170,28.0,28.0,2022
231180,218.0,97.0,2022
231190,37.0,37.0,2022
231195,14.0,14.0,2022
231200,40.0,40.0,2022
231210,21.0,21.0,2022
231220,53.0,51.0,2022
231230,89.0,75.0,2022
231240,44.0,44.0,2022
231260,22.0,22.0,2022
231270,53.0,53.0,2022
231290,868.0,814.0,2022
231300,33.0,33.0,2022
231310,62.0,62.0,2022
231320,59.0,59.0,2022
231325,16.0,16.0,2022
231330,130.0,129.0,2022
231335,16.0,16.0,2022
231340,124.0,124.0,2022
231350,44.0,44.0,2022
231355,13.0,13.0,2022
231360,69.0,69.0,2022
231370,21.0,21.0,2022
231375,13.0,13.0,2022
231380,25.0,25.0,2022
231390,19.0,19.0,2022
231395,19.0,19.0,2022
231400,67.0,65.0,2022
231410,74.0,74.0,2022
240010,43.0,37.0,2022
240020,43.0,34.0,2022
240030,16.0,16.0,2022
240050,124.0,124.0,2022
240060,50.0,50.0,2022
240070,21.0,21.0,2022
240080,28.0,28.0,2022
240090,32.0,32.0,2022
240100,71.0,71.0,2022
240110,34.0,34.0,2022
240120,9.0,9.0,2022
240140,9.0,9.0,2022
240145,21.0,21.0,2022
240150,1.0,1.0,2022
240160,15.0,15.0,2022
240170,10.0,10.0,2022
240180,14.0,14.0,2022
240185,6.0,6.0,2022
240190,8.0,8.0,2022
240200,163.0,141.0,2022
240230,32.0,32.0,2022
240240,18.0,18.0,2022
240250,6.0,6.0,2022
240260,52.0,52.0,2022
240270,24.0,24.0,2022
240280,3.0,3.0,2022
240290,9.0,9.0,2022
240300,12.0,12.0,2022
240310,112.0,92.0,2022
240320,12.0,12.0,2022
240325,186.0,171.0,2022
240330,8.0,8.0,2022
240340,20.0,20.0,2022
240360,20.0,20.0,2022
240370,15.0,15.0,2022
240380,10.0,10.0,2022
240400,6.0,6.0,2022
240420,25.0,25.0,2022
240430,12.0,12.0,2022
240440,13.0,13.0,2022
240450,44.0,44.0,2022
240485,8.0,8.0,2022
240490,15.0,15.0,2022
240500,2.0,2.0,2022
240510,3.0,3.0,2022
240520,20.0,20.0,2022
240530,12.0,12.0,2022
240540,1.0,1.0,2022
240550,3.0,3.0,2022
240560,25.0,25.0,2022
240570,32.0,30.0,2022
240580,29.0,29.0,2022
240590,2.0,2.0,2022
240600,10.0,10.0,2022
240610,48.0,48.0,2022
240620,10.0,10.0,2022
240650,24.0,24.0,2022
240670,31.0,31.0,2022
240690,12.0,12.0,2022
240700,30.0,30.0,2022
240710,58.0,52.0,2022
240720,72.0,72.0,2022
240725,12.0,12.0,2022
240730,15.0,15.0,2022
240740,12.0,12.0,2022
240760,16.0,16.0,2022
240770,6.0,6.0,2022
240780,15.0,14.0,2022
240790,13.0,13.0,2022
240800,898.0,690.0,2022
240810,3570.0,2278.0,2022
240820,25.0,1.0,2022
240830,43.0,43.0,2022
240840,10.0,10.0,2022
240860,4.0,4.0,2022
240880,6.0,6.0,2022
240890,55.0,50.0,2022
240895,14.0,14.0,2022
240910,30.0,30.0,2022
240930,45.0,40.0,2022
240940,173.0,159.0,2022
240950,5.0,5.0,2022
240960,4.0,4.0,2022
240980,11.0,11.0,2022
240990,10.0,10.0,2022
241000,10.0,10.0,2022
241010,30.0,30.0,2022
241020,41.0,41.0,2022
241025,2.0,2.0,2022
241030,6.0,6.0,2022
241050,8.0,8.0,2022
241060,19.0,19.0,2022
241070,24.0,24.0,2022
241080,6.0,6.0,2022
241090,12.0,12.0,2022
241100,18.0,18.0,2022
241105,14.0,14.0,2022
241110,1.0,1.0,2022
241120,126.0,121.0,2022
241140,25.0,25.0,2022
241142,11.0,11.0,2022
241150,50.0,50.0,2022
241200,94.0,56.0,2022
241210,8.0,8.0,2022
241220,88.0,48.0,2022
241230,16.0,16.0,2022
241240,12.0,12.0,2022
241250,32.0,32.0,2022
241255,4.0,3.0,2022
241260,31.0,30.0,2022
241280,19.0,19.0,2022
241290,10.0,10.0,2022
241300,14.0,14.0,2022
241310,1.0,1.0,2022
241330,12.0,12.0,2022
241335,17.0,17.0,2022
241340,22.0,22.0,2022
241355,13.0,13.0,2022
241360,51.0,51.0,2022
241370,4.0,4.0,2022
241380,14.0,14.0,2022
241390,6.0,6.0,2022
241400,17.0,17.0,2022
241410,27.0,27.0,2022
241415,3.0,3.0,2022
241420,5.0,5.0,2022
241440,30.0,29.0,2022
241445,12.0,12.0,2022
241460,13.0,13.0,2022
241475,8.0,8.0,2022
241480,12.0,12.0,2022
241490,15.0,15.0,2022
241500,4.0,4.0,2022
250010,20.0,20.0,2022
250020,12.0,12.0,2022
250030,46.0,46.0,2022
250040,28.0,28.0,2022
250060,10.0,10.0,2022
250070,32.0,32.0,2022
250080,2.0,2.0,2022
250090,17.0,17.0,2022
250100,15.0,15.0,2022
250110,36.0,36.0,2022
250130,40.0,40.0,2022
250150,37.0,37.0,2022
250180,48.0,48.0,2022
250190,25.0,25.0,2022
250200,31.0,28.0,2022
250210,3.0,,2022
250230,16.0,16.0,2022
250240,19.0,19.0,2022
250250,29.0,29.0,2022
250260,12.0,12.0,2022
250280,32.0,32.0,2022
250290,26.0,26.0,2022
250300,43.0,43.0,2022
250320,43.0,43.0,2022
250340,5.0,5.0,2022
250350,13.0,13.0,2022
250370,243.0,181.0,2022
250400,1958.0,1529.0,2022
250420,1.0,1.0,2022
250430,64.0,64.0,2022
250440,58.0,58.0,2022
250460,100.0,,2022
250480,39.0,39.0,2022
250500,16.0,16.0,2022
250510,67.0,67.0,2022
250570,12.0,12.0,2022
250600,26.0,26.0,2022
250620,18.0,18.0,2022
250630,207.0,110.0,2022
250650,4.0,4.0,2022
250660,12.0,12.0,2022
250690,46.0,46.0,2022
250700,48.0,48.0,2022
250710,18.0,18.0,2022
250730,8.0,8.0,2022
250740,12.0,12.0,2022
250750,3168.0,1993.0,2022
250770,19.0,18.0,2022
250780,14.0,14.0,2022
250790,12.0,12.0,2022
250800,11.0,11.0,2022
250820,19.0,19.0,2022
250830,28.0,28.0,2022
250840,10.0,10.0,2022
250890,110.0,110.0,2022
250910,7.0,7.0,2022
250920,51.0,51.0,2022
250970,78.0,63.0,2022
250990,19.0,19.0,2022
251010,19.0,19.0,2022
251040,1.0,1.0,2022
251080,410.0,294.0,2022
251090,31.0,31.0,2022
251110,20.0,20.0,2022
251120,47.0,47.0,2022
251130,135.0,127.0,2022
251140,100.0,100.0,2022
251150,19.0,18.0,2022
251180,2.0,2.0,2022
251200,50.0,50.0,2022
251210,94.0,94.0,2022
251230,55.0,51.0,2022
251250,43.0,43.0,2022
251280,8.0,8.0,2022
251320,13.0,13.0,2022
251335,10.0,10.0,2022
251340,36.0,36.0,2022
251370,235.0,221.0,2022
251390,47.0,47.0,2022
251420,3.0,3.0,2022
251430,15.0,15.0,2022
251450,17.0,17.0,2022
251490,26.0,26.0,2022
251530,79.0,78.0,2022
251540,24.0,24.0,2022
251550,58.0,58.0,2022
251570,12.0,12.0,2022
251590,7.0,7.0,2022
251600,34.0,34.0,2022
251610,22.0,22.0,2022
251620,141.0,93.0,2022
251630,64.0,64.0,2022
251650,52.0,52.0,2022
251660,23.0,23.0,2022
251670,39.0,39.0,2022
251690,47.0,47.0,2022
251700,6.0,6.0,2022
260005,270.0,24.0,2022
260010,169.0,139.0,2022
260020,55.0,55.0,2022
260030,108.0,76.0,2022
260040,50.0,50.0,2022
260050,33.0,33.0,2022
260060,24.0,24.0,2022
260070,26.0,26.0,2022
260080,24.0,24.0,2022
260090,31.0,31.0,2022
260100,12.0,12.0,2022
260105,8.0,8.0,2022
260110,266.0,238.0,2022
260120,184.0,154.0,2022
260130,17.0,17.0,2022
260140,95.0,95.0,2022
260150,9.0,9.0,2022
260160,39.0,39.0,2022
260170,87.0,51.0,2022
260180,24.0,24.0,2022
260190,205.0,171.0,2022
260200,29.0,29.0,2022
260210,44.0,44.0,2022
260220,48.0,48.0,2022
260230,52.0,52.0,2022
260240,16.0,16.0,2022
260250,7.0,7.0,2022
260260,109.0,49.0,2022
260270,17.0,17.0,2022
260280,67.0,67.0,2022
260290,367.0,183.0,2022
260300,76.0,76.0,2022
260310,26.0,26.0,2022
260320,30.0,30.0,2022
260330,11.0,11.0,2022
260340,17.0,17.0,2022
260345,134.0,29.0,2022
260350,15.0,15.0,2022
260360,12.0,12.0,2022
260370,32.0,32.0,2022
260380,18.0,18.0,2022
260390,15.0,15.0,2022
260392,11.0,11.0,2022
260400,115.0,94.0,2022
260410,1112.0,875.0,2022
260415,35.0,35.0,2022
260420,27.0,27.0,2022
260430,18.0,18.0,2022
260440,10.0,10.0,2022
260450,32.0,30.0,2022
260460,34.0,34.0,2022
260470,29.0,29.0,2022
260480,39.0,39.0,2022
260490,21.0,21.0,2022
260500,20.0,20.0,2022
260510,76.0,38.0,2022
260515,27.0,27.0,2022
260520,81.0,68.0,2022
260530,32.0,32.0,2022
260540,17.0,17.0,2022
260545,17.0,17.0,2022
260560,28.0,28.0,2022
260570,71.0,61.0,2022
260580,11.0,11.0,2022
260590,23.0,23.0,2022
260600,352.0,262.0,2022
260610,23.0,23.0,2022
260620,161.0,122.0,2022
260630,19.0,19.0,2022
260640,106.0,64.0,2022
260650,25.0,25.0,2022
260660,26.0,26.0,2022
260670,20.0,20.0,2022
260680,309.0,100.0,2022
260690,16.0,16.0,2022
260700,13.0,13.0,2022
260710,4.0,4.0,2022
260720,53.0,53.0,2022
260730,45.0,45.0,2022
260750,51.0,51.0,2022
260760,14.0,14.0,2022
260765,42.0,42.0,2022
260770,25.0,25.0,2022
260775,6.0,6.0,2022
260780,14.0,14.0,2022
260790,844.0,730.0,2022
260795,32.0,32.0,2022
260800,19.0,19.0,2022
260805,23.0,23.0,2022
260810,33.0,33.0,2022
260820,14.0,14.0,2022
260825,6.0,6.0,2022
260830,17.0,17.0,2022
260840,27.0,27.0,2022
260845,13.0,13.0,2022
260850,27.0,27.0,2022
260860,45.0,45.0,2022
260870,17.0,17.0,2022
260875,35.0,35.0,2022
260880,44.0,44.0,2022
260890,129.0,104.0,2022
260900,52.0,52.0,2022
260910,15.0,15.0,2022
260915,27.0,27.0,2022
260920,13.0,13.0,2022
260930,9.0,9.0,2022
260940,179.0,179.0,2022
260950,40.0,40.0,2022
260960,659.0,362.0,2022
260970,32.0,32.0,2022
260980,29.0,29.0,2022
260990,82.0,76.0,2022
261000,291.0,270.0,2022
261010,14.0,14.0,2022
261020,26.0,26.0,2022
261030,27.0,27.0,2022
261040,28.0,28.0,2022
261050,39.0,39.0,2022
261060,135.0,98.0,2022
261070,466.0,374.0,2022
261080,22.0,22.0,2022
261090,151.0,105.0,2022
261100,128.0,120.0,2022
261110,774.0,491.0,2022
261120,23.0,23.0,2022
261130,35.0,35.0,2022
261140,4.0,4.0,2022
261150,19.0,19.0,2022
261153,13.0,13.0,2022
261160,9462.0,6588.0,2022
261170,38.0,38.0,2022
261180,38.0,38.0,2022
261190,16.0,16.0,2022
261200,30.0,10.0,2022
261210,5.0,5.0,2022
261220,175.0,155.0,2022
261230,30.0,30.0,2022
261240,14.0,14.0,2022
261245,24.0,24.0,2022
261247,16.0,16.0,2022
261250,84.0,78.0,2022
261255,18.0,18.0,2022
261260,30.0,30.0,2022
261280,19.0,19.0,2022
261290,28.0,28.0,2022
261300,51.0,51.0,2022
261310,30.0,30.0,2022
261320,29.0,29.0,2022
261330,34.0,34.0,2022
261340,26.0,26.0,2022
261350,33.0,32.0,2022
261360,90.0,82.0,2022
261370,150.0,150.0,2022
261380,27.0,27.0,2022
261390,528.0,423.0,2022
261400,32.0,32.0,2022
261410,73.0,54.0,2022
261420,26.0,26.0,2022
261430,20.0,20.0,2022
261440,13.0,13.0,2022
261450,203.0,198.0,2022
261460,55.0,35.0,2022
261480,21.0,21.0,2022
261485,30.0,30.0,2022
261500,56.0,56.0,2022
261510,14.0,14.0,2022
261520,11.0,11.0,2022
261530,147.0,50.0,2022
261540,44.0,44.0,2022
261550,11.0,11.0,2022
261560,74.0,30.0,2022
261570,24.0,24.0,2022
261580,21.0,21.0,2022
261590,35.0,35.0,2022
261600,24.0,24.0,2022
261610,15.0,15.0,2022
261618,4.0,4.0,2022
261620,62.0,62.0,2022
261630,40.0,40.0,2022
261640,476.0,343.0,2022
261650,14.0,14.0,2022
270010,25.0,25.0,2022
270020,25.0,25.0,2022
270030,1063.0,852.0,2022
270040,44.0,44.0,2022
270070,35.0,35.0,2022
270100,14.0,14.0,2022
270120,3.0,3.0,2022
270130,26.0,26.0,2022
270140,42.0,42.0,2022
270170,50.0,50.0,2022
270210,33.0,33.0,2022
270230,275.0,275.0,2022
270235,8.0,8.0,2022
270240,86.0,86.0,2022
270280,15.0,15.0,2022
270290,48.0,48.0,2022
270300,3.0,3.0,2022
270310,14.0,14.0,2022
270380,50.0,50.0,2022
270400,35.0,35.0,2022
270410,3.0,3.0,2022
270420,14.0,14.0,2022
270430,3217.0,2366.0,2022
270440,31.0,31.0,2022
270450,4.0,4.0,2022
270470,3.0,3.0,2022
270500,36.0,36.0,2022
270510,24.0,24.0,2022
270550,53.0,53.0,2022
270570,47.0,46.0,2022
270630,113.0,95.0,2022
270640,52.0,52.0,2022
270660,16.0,16.0,2022
270670,109.0,95.0,2022
270680,18.0,18.0,2022
270690,50.0,50.0,2022
270710,42.0,42.0,2022
270730,115.0,97.0,2022
270760,28.0,28.0,2022
270770,81.0,41.0,2022
270800,128.0,128.0,2022
270820,3.0,3.0,2022
270830,50.0,50.0,2022
270840,31.0,31.0,2022
270850,27.0,27.0,2022
270860,124.0,116.0,2022
270880,6.0,6.0,2022
270910,1.0,1.0,2022
270915,68.0,68.0,2022
270920,9.0,9.0,2022
270930,128.0,116.0,2022
270940,40.0,40.0,2022
280020,32.0,32.0,2022
280030,2144.0,1333.0,2022
280067,18.0,18.0,2022
280120,20.0,20.0,2022
280130,80.0,80.0,2022
280140,1.0,1.0,2022
280210,189.0,165.0,2022
280230,1.0,1.0,2022
280290,159.0,130.0,2022
280300,30.0,30.0,2022
280340,21.0,21.0,2022
280350,173.0,156.0,2022
280360,1.0,1.0,2022
280450,48.0,48.0,2022
280480,48.0,48.0,2022
280540,18.0,18.0,2022
280550,12.0,12.0,2022
280570,53.0,53.0,2022
280580,1.0,1.0,2022
280590,56.0,56.0,2022
280610,13.0,13.0,2022
280670,36.0,30.0,2022
280710,19.0,19.0,2022
290010,9.0,9.0,2022
290020,25.0,25.0,2022
290030,8.0,8.0,2022
290035,12.0,12.0,2022
290040,20.0,20.0,2022
290050,15.0,15.0,2022
290060,13.0,13.0,2022
290070,228.0,153.0,2022
290080,59.0,51.0,2022
290100,69.0,69.0,2022
290110,16.0,16.0,2022
290115,26.0,26.0,2022
290120,33.0,33.0,2022
290130,32.0,32.0,2022
290135,23.0,22.0,2022
290140,6.0,6.0,2022
290150,6.0,6.0,2022
290160,142.0,142.0,2022
290190,1.0,1.0,2022
290200,33.0,33.0,2022
290205,23.0,23.0,2022
290210,60.0,60.0,2022
290240,40.0,40.0,2022
290250,28.0,28.0,2022
290260,36.0,36.0,2022
290270,83.0,82.0,2022
290280,65.0,46.0,2022
290290,32.0,32.0,2022
290300,26.0,26.0,2022
290320,460.0,388.0,2022
290323,23.0,22.0,2022
290327,29.0,29.0,2022
290330,9.0,9.0,2022
290340,40.0,40.0,2022
290350,50.0,50.0,2022
290360,14.0,14.0,2022
290380,14.0,14.0,2022
290390,122.0,122.0,2022
290395,28.0,14.0,2022
290400,24.0,24.0,2022
290405,16.0,16.0,2022
290410,23.0,23.0,2022
290420,43.0,43.0,2022
290430,19.0,19.0,2022
290440,35.0,35.0,2022
290450,15.0,15.0,2022
290460,124.0,112.0,2022
290475,19.0,19.0,2022
290480,14.0,14.0,2022
290485,1.0,1.0,2022
290490,83.0,83.0,2022
290500,52.0,50.0,2022
290510,36.0,36.0,2022
290520,176.0,154.0,2022
290530,33.0,33.0,2022
290550,39.0,39.0,2022
290560,67.0,67.0,2022
290570,552.0,257.0,2022
290580,17.0,17.0,2022
290590,77.0,36.0,2022
290600,87.0,75.0,2022
290610,24.0,24.0,2022
290620,36.0,36.0,2022
290630,75.0,65.0,2022
290640,7.0,7.0,2022
290650,96.0,46.0,2022
290660,37.0,37.0,2022
290670,57.0,57.0,2022
290680,52.0,52.0,2022
290682,41.0,41.0,2022
290685,11.0,11.0,2022
290687,57.0,57.0,2022
290689,3.0,3.0,2022
290690,59.0,59.0,2022
290700,5.0,5.0,2022
290710,30.0,30.0,2022
290720,41.0,41.0,2022
290730,60.0,50.0,2022
290750,112.0,57.0,2022
290755,8.0,8.0,2022
290760,42.0,42.0,2022
290770,15.0,15.0,2022
290780,40.0,37.0,2022
290790,30.0,30.0,2022
290800,50.0,50.0,2022
290810,31.0,31.0,2022
290820,5.0,5.0,2022
290830,36.0,36.0,2022
290840,214.0,119.0,2022
290850,54.0,42.0,2022
290860,15.0,15.0,2022
290870,16.0,16.0,2022
290890,32.0,32.0,2022
290900,5.0,5.0,2022
290910,36.0,36.0,2022
290920,9.0,9.0,2022
290930,40.0,35.0,2022
290940,29.0,29.0,2022
290950,24.0,24.0,2022
290960,23.0,23.0,2022
290970,69.0,69.0,2022
290980,95.0,73.0,2022
290990,26.0,26.0,2022
291005,94.0,62.0,2022
291010,14.0,14.0,2022
291030,12.0,12.0,2022
291040,49.0,49.0,2022
291050,65.0,65.0,2022
291060,40.0,40.0,2022
291070,65.0,65.0,2022
291072,196.0,109.0,2022
291077,6.0,6.0,2022
291080,1301.0,930.0,2022
291085,31.0,31.0,2022
291110,29.0,29.0,2022
291120,68.0,64.0,2022
291130,18.0,18.0,2022
291150,5.0,5.0,2022
291160,42.0,2.0,2022
291170,216.0,180.0,2022
291180,28.0,28.0,2022
291190,34.0,34.0,2022
291200,34.0,34.0,2022
291210,32.0,32.0,2022
291230,21.0,21.0,2022
291240,44.0,11.0,2022
291250,14.0,14.0,2022
291260,2.0,2.0,2022
291270,30.0,30.0,2022
291280,23.0,23.0,2022
291290,60.0,60.0,2022
291300,62.0,30.0,2022
291310,49.0,48.0,2022
291320,83.0,55.0,2022
291330,22.0,22.0,2022
291340,29.0,29.0,2022
291345,8.0,8.0,2022
291350,84.0,80.0,2022
291360,705.0,492.0,2022
291370,38.0,38.0,2022
291380,9.0,9.0,2022
291390,130.0,91.0,2022
291400,44.0,43.0,2022
291410,24.0,24.0,2022
291420,29.0,29.0,2022
291430,16.0,16.0,2022
291440,47.0,47.0,2022
291450,32.0,32.0,2022
291460,208.0,188.0,2022
291465,46.0,46.0,2022
291470,215.0,212.0,2022
291480,574.0,473.0,2022
291490,61.0,61.0,2022
291500,11.0,11.0,2022
291510,8.0,8.0,2022
291520,5.0,5.0,2022
291530,20.0,20.0,2022
291535,24.0,24.0,2022
291540,12.0,12.0,2022
291550,60.0,60.0,2022
291560,84.0,83.0,2022
291580,50.0,50.0,2022
291600,54.0,54.0,2022
291610,52.0,52.0,2022
291630,12.0,12.0,2022
291640,122.0,78.0,2022
291650,54.0,54.0,2022
291660,16.0,16.0,2022
291670,19.0,19.0,2022
291680,30.0,30.0,2022
291685,12.0,12.0,2022
291690,85.0,85.0,2022
291700,40.0,40.0,2022
291710,41.0,41.0,2022
291720,24.0,24.0,2022
291730,33.0,33.0,2022
291733,14.0,14.0,2022
291735,30.0,30.0,2022
291740,29.0,29.0,2022
291750,199.0,144.0,2022
291760,117.0,117.0,2022
291770,32.0,32.0,2022
291800,660.0,491.0,2022
291810,31.0,31.0,2022
291820,30.0,30.0,2022
291830,14.0,14.0,2022
291835,32.0,32.0,2022
291840,515.0,469.0,2022
291845,24.0,24.0,2022
291850,31.0,31.0,2022
291855,37.0,37.0,2022
291860,16.0,16.0,2022
291875,17.0,17.0,2022
291880,41.0,41.0,2022
291905,27.0,27.0,2022
291915,50.0,50.0,2022
291920,710.0,566.0,2022
291930,10.0,10.0,2022
291940,20.0,20.0,2022
291950,89.0,51.0,2022
291955,135.0,90.0,2022
291960,20.0,20.0,2022
291970,27.0,27.0,2022
291980,82.0,67.0,2022
291990,20.0,20.0,2022
291992,32.0,28.0,2022
292000,14.0,14.0,2022
292010,27.0,27.0,2022
292020,21.0,21.0,2022
292045,8.0,8.0,2022
292050,42.0,42.0,2022
292060,14.0,14.0,2022
292080,19.0,19.0,2022
292100,87.0,65.0,2022
292105,21.0,21.0,2022
292110,40.0,40.0,2022
292120,87.0,87.0,2022
292130,21.0,21.0,2022
292140,3.0,3.0,2022
292150,61.0,61.0,2022
292160,2.0,2.0,2022
292170,56.0,47.0,2022
292180,24.0,24.0,2022
292190,32.0,32.0,2022
292200,97.0,69.0,2022
292205,34.0,34.0,2022
292210,32.0,32.0,2022
292230,40.0,40.0,2022
292240,45.0,45.0,2022
292250,50.0,50.0,2022
292265,30.0,30.0,2022
292270,30.0,30.0,2022
292273,5.0,5.0,2022
292290,19.0,19.0,2022
292300,64.0,64.0,2022
292310,23.0,23.0,2022
292320,13.0,13.0,2022
292330,15.0,15.0,2022
292335,17.0,17.0,2022
292340,54.0,54.0,2022
292360,89.0,81.0,2022
292370,36.0,36.0,2022
292380,21.0,18.0,2022
292390,13.0,13.0,2022
292400,191.0,165.0,2022
292405,8.0,8.0,2022
292430,26.0,26.0,2022
292440,30.0,30.0,2022
292450,24.0,24.0,2022
292460,58.0,58.0,2022
292465,11.0,6.0,2022
292470,17.0,17.0,2022
292480,25.0,25.0,2022
292490,27.0,27.0,2022
292500,59.0,59.0,2022
292510,57.0,57.0,2022
292520,147.0,135.0,2022
292525,37.0,37.0,2022
292530,192.0,154.0,2022
292540,21.0,21.0,2022
292550,42.0,42.0,2022
292560,17.0,17.0,2022
292575,17.0,17.0,2022
292580,50.0,50.0,2022
292590,17.0,17.0,2022
292595,22.0,22.0,2022
292600,79.0,42.0,2022
292610,24.0,24.0,2022
292620,29.0,29.0,2022
292630,121.0,115.0,2022
292640,59.0,59.0,2022
292650,11.0,11.0,2022
292660,102.0,91.0,2022
292670,16.0,16.0,2022
292690,27.0,27.0,2022
292700,57.0,57.0,2022
292720,120.0,113.0,2022
292730,9.0,9.0,2022
292740,7985.0,5371.0,2022
292750,10.0,10.0,2022
292770,22.0,22.0,2022
292790,28.0,28.0,2022
292800,112.0,108.0,2022
292810,59.0,48.0,2022
292820,36.0,36.0,2022
292830,13.0,13.0,2022
292840,24.0,24.0,2022
292850,28.0,28.0,2022
292860,93.0,86.0,2022
292870,363.0,240.0,2022
292880,112.0,89.0,2022
292890,24.0,24.0,2022
292895,20.0,20.0,2022
292900,90.0,85.0,2022
292905,49.0,22.0,2022
292910,18.0,18.0,2022
292920,34.0,33.0,2022
292925,34.0,34.0,2022
292930,36.0,36.0,2022
292940,29.0,29.0,2022
292950,53.0,53.0,2022
292960,77.0,77.0,2022
292970,25.0,25.0,2022
292975,13.0,13.0,2022
292980,39.0,39.0,2022
292990,106.0,98.0,2022
293000,20.0,20.0,2022
293010,122.0,72.0,2022
293015,31.0,31.0,2022
293020,32.0,32.0,2022
293030,37.0,37.0,2022
293040,25.0,25.0,2022
293050,196.0,168.0,2022
293060,33.0,33.0,2022
293070,76.0,72.0,2022
293075,17.0,17.0,2022
293077,54.0,54.0,2022
293080,12.0,12.0,2022
293090,32.0,32.0,2022
293100,16.0,16.0,2022
293105,30.0,30.0,2022
293110,20.0,20.0,2022
293120,26.0,26.0,2022
293130,33.0,33.0,2022
293135,290.0,217.0,2022
293150,17.0,17.0,2022
293160,24.0,24.0,2022
293180,19.0,19.0,2022
293190,58.0,30.0,2022
293200,24.0,24.0,2022
293210,71.0,71.0,2022
293220,100.0,100.0,2022
293230,41.0,41.0,2022
293240,30.0,30.0,2022
293245,5.0,5.0,2022
293250,47.0,47.0,2022
293260,34.0,34.0,2022
293280,24.0,24.0,2022
293290,121.0,110.0,2022
293300,64.0,60.0,2022
293305,21.0,21.0,2022
293310,30.0,30.0,2022
293315,17.0,17.0,2022
293325,15.0,15.0,2022
293330,838.0,617.0,2022
293340,45.0,43.0,2022
293345,28.0,28.0,2022
293350,44.0,44.0,2022
293360,87.0,87.0,2022
310010,12.0,12.0,2022
310020,46.0,41.0,2022
310030,66.0,59.0,2022
310060,13.0,13.0,2022
310090,66.0,61.0,2022
310100,47.0,46.0,2022
310110,53.0,43.0,2022
310120,39.0,33.0,2022
310130,17.0,13.0,2022
310150,83.0,48.0,2022
310160,459.0,208.0,2022
310170,77.0,72.0,2022
310190,44.0,40.0,2022
310200,26.0,20.0,2022
310210,17.0,16.0,2022
310230,35.0,30.0,2022
310260,65.0,50.0,2022
310270,25.0,25.0,2022
310280,52.0,37.0,2022
310290,12.0,12.0,2022
310340,72.0,60.0,2022
310350,194.0,123.0,2022
310375,13.0,13.0,2022
310400,236.0,160.0,2022
310410,8.0,8.0,2022
310420,65.0,43.0,2022
310430,15.0,15.0,2022
310450,27.0,27.0,2022
310470,35.0,35.0,2022
310490,59.0,48.0,2022
310510,168.0,80.0,2022
310540,34.0,34.0,2022
310560,842.0,416.0,2022
310590,45.0,37.0,2022
310620,9265.0,5383.0,2022
310630,50.0,34.0,2022
310640,31.0,31.0,2022
310650,40.0,40.0,2022
310670,723.0,397.0,2022
310690,35.0,28.0,2022
310710,71.0,55.0,2022
310730,70.0,70.0,2022
310740,87.0,66.0,2022
310750,29.0,29.0,2022
310780,40.0,30.0,2022
310800,66.0,50.0,2022
310820,7.0,7.0,2022
310830,8.0,,2022
310840,19.0,15.0,2022
310860,114.0,105.0,2022
310890,24.0,17.0,2022
310900,48.0,48.0,2022
310910,25.0,19.0,2022
310930,31.0,21.0,2022
310940,31.0,31.0,2022
310950,42.0,30.0,2022
310990,44.0,37.0,2022
311000,51.0,46.0,2022
311030,49.0,25.0,2022
311050,23.0,19.0,2022
311060,57.0,44.0,2022
311070,36.0,29.0,2022
311090,22.0,20.0,2022
311100,46.0,38.0,2022
311110,37.0,26.0,2022
311120,106.0,70.0,2022
311130,10.0,10.0,2022
311150,38.0,35.0,2022
311160,51.0,45.0,2022
311180,25.0,23.0,2022
311200,35.0,32.0,2022
311230,60.0,52.0,2022
311260,27.0,27.0,2022
311280,22.0,19.0,2022
311300,44.0,43.0,2022
311320,47.0,39.0,2022
311330,201.0,145.0,2022
311340,226.0,151.0,2022
311350,21.0,21.0,2022
311360,20.0,14.0,2022
311370,46.0,46.0,2022
311380,10.0,10.0,2022
311390,37.0,37.0,2022
311400,26.0,24.0,2022
311410,32.0,28.0,2022
311430,53.0,42.0,2022
311440,30.0,27.0,2022
311450,38.0,26.0,2022
311460,21.0,17.0,2022
311510,52.0,40.0,2022
311530,139.0,91.0,2022
311550,33.0,31.0,2022
311570,22.0,22.0,2022
311580,19.0,19.0,2022
311615,18.0,18.0,2022
311630,14.0,14.0,2022
311660,44.0,36.0,2022
311680,38.0,38.0,2022
311710,19.0,19.0,2022
311730,22.0,18.0,2022
311750,43.0,33.0,2022
311770,32.0,24.0,2022
311800,86.0,55.0,2022
311820,15.0,11.0,2022
311830,248.0,161.0,2022
311840,53.0,44.0,2022
311860,640.0,441.0,2022
311880,40.0,40.0,2022
311930,49.0,45.0,2022
311940,137.0,63.0,2022
312020,19.0,19.0,2022
312050,25.0,23.0,2022
312080,66.0,61.0,2022
312090,167.0,118.0,2022
312100,21.0,21.0,2022
312120,19.0,14.0,2022
312160,195.0,177.0,2022
312180,9.0,,2022
312200,37.0,30.0,2022
312210,21.0,21.0,2022
312230,655.0,199.0,2022
312235,1.0,,2022
312240,7.0,,2022
312260,19.0,19.0,2022
312270,27.0,18.0,2022
312320,40.0,35.0,2022
312360,40.0,40.0,2022
312390,49.0,46.0,2022
312400,16.0,16.0,2022
312410,57.0,52.0,2022
312420,47.0,42.0,2022
312430,40.0,40.0,2022
312450,25.0,20.0,2022
312470,21.0,21.0,2022
312480,4.0,4.0,2022
312490,30.0,29.0,2022
312510,75.0,71.0,2022
312550,8.0,8.0,2022
312560,42.0,42.0,2022
312590,25.0,23.0,2022
312595,19.0,19.0,2022
312610,92.0,57.0,2022
312620,10.0,10.0,2022
312650,11.0,11.0,2022
312670,50.0,50.0,2022
312690,16.0,16.0,2022
312710,80.0,45.0,2022
312760,28.0,26.0,2022
312770,569.0,412.0,2022
312780,50.0,50.0,2022
312800,60.0,38.0,2022
312810,29.0,24.0,2022
312820,23.0,23.0,2022
312830,34.0,22.0,2022
312860,16.0,16.0,2022
312870,119.0,55.0,2022
312910,12.0,12.0,2022
312940,23.0,23.0,2022
312950,29.0,25.0,2022
312970,12.0,12.0,2022
312980,91.0,91.0,2022
313010,21.0,21.0,2022
313030,30.0,18.0,2022
313050,30.0,28.0,2022
313090,48.0,45.0,2022
313120,52.0,47.0,2022
313130,617.0,420.0,2022
313150,18.0,15.0,2022
313170,236.0,174.0,2022
313180,21.0,21.0,2022
313190,75.0,49.0,2022
313210,41.0,41.0,2022
313220,37.0,27.0,2022
313230,28.0,28.0,2022
313240,192.0,123.0,2022
313250,96.0,74.0,2022
313270,79.0,74.0,2022
313290,18.0,14.0,2022
313300,47.0,47.0,2022
313310,49.0,41.0,2022
313320,20.0,18.0,2022
313330,62.0,57.0,2022
313350,54.0,46.0,2022
313375,40.0,34.0,2022
313380,116.0,79.0,2022
313420,227.0,146.0,2022
313440,84.0,64.0,2022
313460,32.0,31.0,2022
313470,48.0,48.0,2022
313480,12.0,10.0,2022
313490,37.0,26.0,2022
313505,27.0,25.0,2022
313510,163.0,125.0,2022
313520,54.0,50.0,2022
313540,27.0,27.0,2022
313580,56.0,50.0,2022
313600,33.0,33.0,2022
313620,135.0,90.0,2022
313630,65.0,48.0,2022
313650,27.0,27.0,2022
313665,14.0,14.0,2022
313670,2482.0,1424.0,2022
313690,14.0,11.0,2022
313700,21.0,21.0,2022
313710,9.0,9.0,2022
313720,64.0,48.0,2022
313750,18.0,18.0,2022
313760,75.0,43.0,2022
313770,52.0,40.0,2022
313780,51.0,46.0,2022
313790,8.0,8.0,2022
313800,23.0,20.0,2022
313820,207.0,130.0,2022
313840,100.0,78.0,2022
313860,32.0,27.0,2022
313880,40.0,35.0,2022
313890,46.0,44.0,2022
313900,56.0,42.0,2022
313920,33.0,33.0,2022
313930,43.0,39.0,2022
313940,188.0,153.0,2022
313950,88.0,59.0,2022
313960,84.0,68.0,2022
313980,38.0,30.0,2022
313990,30.0,30.0,2022
314000,67.0,56.0,2022
314050,18.0,14.0,2022
314070,67.0,54.0,2022
314080,30.0,,2022
314090,52.0,50.0,2022
314100,4.0,4.0,2022
314110,50.0,38.0,2022
314120,10.0,10.0,2022
314140,48.0,44.0,2022
314150,18.0,18.0,2022
314160,20.0,12.0,2022
314180,61.0,42.0,2022
314190,20.0,13.0,2022
314200,30.0,28.0,2022
314220,33.0,25.0,2022
314240,13.0,12.0,2022
314260,44.0,44.0,2022
314270,30.0,30.0,2022
314280,22.0,18.0,2022
314290,42.0,40.0,2022
314300,18.0,13.0,2022
314310,114.0,99.0,2022
314320,50.0,28.0,2022
314330,1004.0,720.0,2022
314350,20.0,19.0,2022
314370,1.0,1.0,2022
314390,501.0,316.0,2022
314400,50.0,46.0,2022
314410,50.0,27.0,2022
314430,79.0,50.0,2022
314450,15.0,15.0,2022
314460,40.0,35.0,2022
314470,43.0,30.0,2022
314480,263.0,80.0,2022
314500,28.0,23.0,2022
314510,18.0,18.0,2022
314520,142.0,52.0,2022
314530,36.0,35.0,2022
314560,81.0,67.0,2022
314590,96.0,37.0,2022
314600,50.0,40.0,2022
314610,103.0,74.0,2022
314630,40.0,38.0,2022
314650,18.0,18.0,2022
314670,28.0,22.0,2022
314700,288.0,89.0,2022
314710,95.0,65.0,2022
314720,33.0,30.0,2022
314730,48.0,40.0,2022
314750,14.0,14.0,2022
314760,49.0,29.0,2022
314770,26.0,18.0,2022
314790,318.0,185.0,2022
314800,368.0,187.0,2022
314810,171.0,113.0,2022
314860,52.0,51.0,2022
314870,69.0,61.0,2022
314910,17.0,9.0,2022
314920,8.0,8.0,2022
314930,77.0,65.0,2022
314980,24.0,21.0,2022
314990,50.0,36.0,2022
315030,14.0,14.0,2022
315050,12.0,12.0,2022
315080,25.0,24.0,2022
315110,32.0,32.0,2022
315120,153.0,91.0,2022
315140,55.0,37.0,2022
315150,76.0,47.0,2022
315160,6.0,6.0,2022
315170,58.0,51.0,2022
315180,525.0,228.0,2022
315190,18.0,18.0,2022
315200,32.0,30.0,2022
315210,247.0,182.0,2022
315220,46.0,38.0,2022
315240,33.0,32.0,2022
315250,399.0,259.0,2022
315260,27.0,26.0,2022
315270,31.0,28.0,2022
315280,30.0,30.0,2022
315290,16.0,14.0,2022
315300,2.0,2.0,2022
315310,18.0,18.0,2022
315340,18.0,18.0,2022
315400,49.0,31.0,2022
315410,34.0,30.0,2022
315420,49.0,39.0,2022
315430,65.0,56.0,2022
315460,88.0,82.0,2022
315470,12.0,11.0,2022
315480,6.0,6.0,2022
315490,40.0,31.0,2022
315520,18.0,18.0,2022
315550,19.0,19.0,2022
315560,40.0,40.0,2022
315570,32.0,25.0,2022
315580,60.0,36.0,2022
315590,17.0,16.0,2022
315600,32.0,32.0,2022
315640,5.0,5.0,2022
315660,38.0,35.0,2022
315670,111.0,105.0,2022
315680,42.0,42.0,2022
315690,50.0,30.0,2022
315700,107.0,70.0,2022
315710,15.0,13.0,2022
315720,50.0,31.0,2022
315770,38.0,38.0,2022
315780,183.0,173.0,2022
315790,31.0,31.0,2022
315800,13.0,10.0,2022
315810,6.0,6.0,2022
315820,41.0,41.0,2022
315920,43.0,,2022
315930,20.0,17.0,2022
315960,54.0,37.0,2022
315980,39.0,34.0,2022
315990,38.0,33.0,2022
316030,8.0,,2022
316040,52.0,42.0,2022
316070,66.0,57.0,2022
316100,40.0,36.0,2022
316110,59.0,59.0,2022
316200,47.0,28.0,2022
316210,52.0,34.0,2022
316220,23.0,17.0,2022
316240,31.0,31.0,2022
316250,236.0,135.0,2022
316257,12.0,12.0,2022
316270,48.0,48.0,2022
316280,49.0,47.0,2022
316290,44.0,39.0,2022
316292,24.0,24.0,2022
316370,88.0,59.0,2022
316390,8.0,8.0,2022
316420,18.0,18.0,2022
316430,12.0,12.0,2022
316470,350.0,275.0,2022
316500,45.0,30.0,2022
316510,1.0,,2022
316530,30.0,23.0,2022
316570,6.0,6.0,2022
316680,13.0,13.0,2022
316690,14.0,13.0,2022
316710,56.0,37.0,2022
316720,341.0,239.0,2022
316800,98.0,80.0,2022
316840,52.0,49.0,2022
316850,15.0,15.0,2022
316860,326.0,259.0,2022
316870,65.0,37.0,2022
316890,14.0,14.0,2022
316920,41.0,30.0,2022
316930,156.0,97.0,2022
316935,34.0,27.0,2022
316940,116.0,64.0,2022
316960,35.0,35.0,2022
316970,56.0,39.0,2022
316990,301.0,221.0,2022
317005,2.0,,2022
317010,919.0,623.0,2022
317020,1439.0,993.0,2022
317040,136.0,71.0,2022
317043,34.0,34.0,2022
317052,31.0,31.0,2022
317070,321.0,173.0,2022
317080,77.0,53.0,2022
317090,23.0,23.0,2022
317100,50.0,34.0,2022
317120,65.0,59.0,2022
317130,211.0,131.0,2022
317160,39.0,39.0,2022
317170,27.0,25.0,2022
317180,51.0,49.0,2022
317200,90.0,60.0,2022
320010,63.0,57.0,2022
320020,47.0,40.0,2022
320040,225.0,53.0,2022
320050,16.0,16.0,2022
320060,153.0,109.0,2022
320070,11.0,11.0,2022
320080,51.0,51.0,2022
320090,86.0,61.0,2022
320100,38.0,30.0,2022
320115,4.0,4.0,2022
320120,624.0,497.0,2022
320130,379.0,237.0,2022
320140,55.0,55.0,2022
320150,470.0,355.0,2022
320160,29.0,29.0,2022
320170,20.0,17.0,2022
320190,102.0,95.0,2022
320210,56.0,46.0,2022
320220,71.0,11.0,2022
320230,70.0,58.0,2022
320240,82.0,59.0,2022
320245,50.0,29.0,2022
320250,1.0,1.0,2022
320260,24.0,22.0,2022
320270,51.0,47.0,2022
320280,90.0,84.0,2022
320290,38.0,36.0,2022
320300,65.0,55.0,2022
320305,22.0,22.0,2022
320310,48.0,48.0,2022
320313,51.0,33.0,2022
320316,23.0,23.0,2022
320320,415.0,306.0,2022
320332,94.0,,2022
320340,39.0,29.0,2022
320350,35.0,32.0,2022
320360,19.0,19.0,2022
320370,22.0,19.0,2022
320380,21.0,21.0,2022
320390,64.0,51.0,2022
320400,20.0,20.0,2022
320405,36.0,30.0,2022
320410,32.0,32.0,2022
320420,68.0,12.0,2022
320435,26.0,26.0,2022
320450,25.0,25.0,2022
320455,58.0,56.0,2022
320460,64.0,56.0,2022
320470,142.0,20.0,2022
320480,76.0,76.0,2022
320490,323.0,230.0,2022
320500,767.0,471.0,2022
320501,6.0,6.0,2022
320503,30.0,30.0,2022
320506,76.0,66.0,2022
320520,1042.0,500.0,2022
320530,1715.0,1127.0,2022
330010,255.0,202.0,2022
330015,35.0,35.0,2022
330020,173.0,138.0,2022
330022,21.0,21.0,2022
330023,69.0,69.0,2022
330025,76.0,76.0,2022
330030,286.0,238.0,2022
330040,328.0,205.0,2022
330045,535.0,332.0,2022
330050,65.0,60.0,2022
330060,170.0,118.0,2022
330070,340.0,202.0,2022
330080,69.0,69.0,2022
330090,45.0,33.0,2022
330093,8.0,8.0,2022
330095,1.0,1.0,2022
330100,1568.0,957.0,2022
330110,83.0,71.0,2022
330120,36.0,35.0,2022
330130,48.0,48.0,2022
330140,21.0,21.0,2022
330150,40.0,40.0,2022
330160,30.0,30.0,2022
330170,1296.0,925.0,2022
330180,29.0,23.0,2022
330185,155.0,91.0,2022
330190,331.0,324.0,2022
330200,180.0,111.0,2022
330205,56.0,,2022
330210,62.0,31.0,2022
330220,352.0,223.0,2022
330225,36.0,36.0,2022
330227,20.0,20.0,2022
330230,30.0,30.0,2022
330240,471.0,265.0,2022
330250,209.0,158.0,2022
330260,62.0,62.0,2022
330270,185.0,174.0,2022
330280,45.0,35.0,2022
330285,179.0,103.0,2022
330290,68.0,68.0,2022
330300,49.0,30.0,2022
330310,49.0,39.0,2022
330320,222.0,88.0,2022
330330,2227.0,949.0,2022
330340,663.0,404.0,2022
330350,1165.0,674.0,2022
330360,87.0,69.0,2022
330370,128.0,120.0,2022
330380,59.0,59.0,2022
330390,1576.0,940.0,2022
330395,33.0,33.0,2022
330400,61.0,55.0,2022
330410,1.0,1.0,2022
330411,45.0,45.0,2022
330412,33.0,33.0,2022
330414,121.0,121.0,2022
330415,65.0,65.0,2022
330420,348.0,165.0,2022
330430,118.0,93.0,2022
330440,41.0,41.0,2022
330450,27.0,27.0,2022
330452,127.0,115.0,2022
330455,16319.0,8334.0,2022
330460,23.0,23.0,2022
330470,176.0,83.0,2022
330475,46.0,46.0,2022
330480,111.0,102.0,2022
330490,1004.0,665.0,2022
330500,59.0,59.0,2022
330510,199.0,152.0,2022
330515,48.0,48.0,2022
330520,79.0,56.0,2022
330530,48.0,40.0,2022
330540,4.0,4.0,2022
330550,102.0,102.0,2022
330555,26.0,26.0,2022
330560,40.0,40.0,2022
330570,28.0,28.0,2022
330575,214.0,14.0,2022
330580,357.0,223.0,2022
330590,38.0,31.0,2022
330600,86.0,58.0,2022
330610,313.0,288.0,2022
330615,23.0,23.0,2022
330620,338.0,284.0,2022
330630,804.0,453.0,2022
350010,221.0,192.0,2022
350030,24.0,24.0,2022
350050,42.0,30.0,2022
350070,54.0,38.0,2022
350100,31.0,29.0,2022
350110,22.0,19.0,2022
350115,120.0,,2022
350130,20.0,18.0,2022
350160,486.0,200.0,2022
350170,261.0,261.0,2022
350190,374.0,216.0,2022
350210,118.0,83.0,2022
350220,57.0,54.0,2022
350250,92.0,69.0,2022
350260,14.0,13.0,2022
350270,55.0,51.0,2022
350280,417.0,253.0,2022
350290,330.0,45.0,2022
350310,6.0,6.0,2022
350320,536.0,300.0,2022
350330,448.0,205.0,2022
350340,32.0,15.0,2022
350380,8.0,8.0,2022
350390,39.0,39.0,2022
350400,277.0,151.0,2022
350410,192.0,55.0,2022
350420,44.0,35.0,2022
350450,172.0,126.0,2022
350490,15.0,15.0,2022
350520,58.0,45.0,2022
350530,91.0,59.0,2022
350550,486.0,413.0,2022
350570,510.0,430.0,2022
350580,30.0,23.0,2022
350590,133.0,101.0,2022
350600,1377.0,715.0,2022
350610,141.0,76.0,2022
350630,28.0,28.0,2022
350635,49.0,49.0,2022
350640,36.0,35.0,2022
350650,147.0,66.0,2022
350660,4.0,4.0,2022
350670,16.0,15.0,2022
350680,18.0,18.0,2022
350700,54.0,39.0,2022
350710,11.0,11.0,2022
350740,26.0,16.0,2022
350750,858.0,549.0,2022
350760,364.0,203.0,2022
350790,41.0,35.0,2022
350810,40.0,26.0,2022
350840,65.0,12.0,2022
350850,199.0,75.0,2022
350860,32.0,32.0,2022
350870,62.0,62.0,2022
350880,48.0,37.0,2022
350900,133.0,69.0,2022
350920,139.0,39.0,2022
350930,32.0,21.0,2022
350940,140.0,55.0,2022
350950,2646.0,1370.0,2022
350960,54.0,54.0,2022
350970,195.0,185.0,2022
351000,30.0,25.0,2022
351020,45.0,37.0,2022
351030,59.0,14.0,2022
351040,104.0,61.0,2022
351050,322.0,254.0,2022
351060,270.0,220.0,2022
351070,31.0,10.0,2022
351080,406.0,398.0,2022
351100,31.0,30.0,2022
351110,592.0,374.0,2022
351140,39.0,32.0,2022
351150,38.0,26.0,2022
351160,27.0,23.0,2022
351170,33.0,26.0,2022
351190,24.0,21.0,2022
351200,54.0,41.0,2022
351210,20.0,20.0,2022
351220,52.0,40.0,2022
351230,15.0,14.0,2022
351260,2.0,2.0,2022
351270,2.0,2.0,2022
351280,61.0,28.0,2022
351300,526.0,132.0,2022
351310,15.0,13.0,2022
351340,121.0,83.0,2022
351350,84.0,84.0,2022
351360,40.0,25.0,2022
351370,40.0,32.0,2022
351380,632.0,593.0,2022
351390,186.0,186.0,2022
351410,67.0,47.0,2022
351430,17.0,17.0,2022
351440,150.0,115.0,2022
351450,87.0,77.0,2022
351480,2.0,2.0,2022
351490,6.0,6.0,2022
351500,264.0,109.0,2022
351510,15.0,15.0,2022
351518,422.0,343.0,2022
351520,37.0,31.0,2022
351540,20.0,12.0,2022
351550,135.0,84.0,2022
351570,189.0,189.0,2022
351600,47.0,30.0,2022
351620,535.0,370.0,2022
351630,168.0,168.0,2022
351640,434.0,384.0,2022
351660,45.0,27.0,2022
351670,269.0,240.0,2022
351690,28.0,19.0,2022
351700,38.0,36.0,2022
351740,71.0,53.0,2022
351770,60.0,52.0,2022
351780,23.0,15.0,2022
351820,74.0,48.0,2022
351830,31.0,29.0,2022
351840,310.0,183.0,2022
351860,66.0,59.0,2022
351870,447.0,306.0,2022
351880,1890.0,1423.0,2022
351900,58.0,58.0,2022
351907,119.0,97.0,2022
351910,30.0,28.0,2022
351930,37.0,27.0,2022
351940,27.0,9.0,2022
351960,104.0,49.0,2022
351970,228.0,70.0,2022
351990,18.0,18.0,2022
352010,43.0,37.0,2022
352020,8.0,8.0,2022
352030,9.0,9.0,2022
352040,39.0,39.0,2022
352044,110.0,74.0,2022
352050,384.0,228.0,2022
352070,36.0,4.0,2022
352090,49.0,38.0,2022
352100,15.0,15.0,2022
352130,50.0,43.0,2022
352140,3.0,3.0,2022
352170,19.0,19.0,2022
352180,35.0,33.0,2022
352190,50.0,35.0,2022
352210,135.0,135.0,2022
352220,650.0,195.0,2022
352230,152.0,110.0,2022
352240,147.0,102.0,2022
352250,360.0,224.0,2022
352260,939.0,560.0,2022
352270,69.0,43.0,2022
352280,41.0,29.0,2022
352290,30.0,30.0,2022
352310,256.0,250.0,2022
352320,78.0,51.0,2022
352340,120.0,61.0,2022
352350,14.0,7.0,2022
352360,10.0,10.0,2022
352390,436.0,351.0,2022
352400,86.0,48.0,2022
352410,120.0,53.0,2022
352420,17.0,17.0,2022
352430,277.0,46.0,2022
352440,363.0,167.0,2022
352450,216.0,149.0,2022
352470,84.0,84.0,2022
352480,151.0,103.0,2022
352500,15.0,,2022
352520,29.0,17.0,2022
352530,996.0,679.0,2022
352550,11.0,11.0,2022
352570,67.0,22.0,2022
352590,841.0,426.0,2022
352600,46.0,25.0,2022
352620,1.0,1.0,2022
352640,46.0,28.0,2022
352670,135.0,77.0,2022
352680,171.0,44.0,2022
352690,390.0,172.0,2022
352710,417.0,333.0,2022
352720,173.0,85.0,2022
352730,32.0,28.0,2022
352740,36.0,30.0,2022
352800,31.0,18.0,2022
352810,15.0,10.0,2022
352850,47.0,41.0,2022
352880,26.0,22.0,2022
352900,892.0,687.0,2022
352920,45.0,40.0,2022
352930,152.0,93.0,2022
352940,496.0,229.0,2022
352970,72.0,51.0,2022
352980,11.0,11.0,2022
353010,85.0,85.0,2022
353020,23.0,23.0,2022
353030,79.0,28.0,2022
353050,137.0,78.0,2022
353060,852.0,598.0,2022
353070,347.0,155.0,2022
353080,173.0,109.0,2022
353110,90.0,36.0,2022
353130,94.0,48.0,2022
353140,80.0,30.0,2022
353150,70.0,51.0,2022
353180,35.0,26.0,2022
353190,47.0,35.0,2022
353200,19.0,9.0,2022
353240,20.0,20.0,2022
353250,21.0,10.0,2022
353260,129.0,35.0,2022
353290,18.0,13.0,2022
353300,62.0,19.0,2022
353340,35.0,35.0,2022
353350,83.0,47.0,2022
353390,79.0,41.0,2022
353430,98.0,60.0,2022
353440,980.0,682.0,2022
353460,72.0,58.0,2022
353470,169.0,97.0,2022
353475,33.0,28.0,2022
353490,37.0,32.0,2022
353520,20.0,10.0,2022
353530,43.0,27.0,2022
353540,31.0,31.0,2022
353550,96.0,73.0,2022
353580,15.0,15.0,2022
353600,32.0,26.0,2022
353620,166.0,166.0,2022
353630,35.0,23.0,2022
353650,118.0,118.0,2022
353660,11.0,10.0,2022
353670,62.0,60.0,2022
353700,64.0,55.0,2022
353710,98.0,98.0,2022
353720,3.0,3.0,2022
353730,180.0,157.0,2022
353740,52.0,47.0,2022
353760,18.0,15.0,2022
353780,79.0,59.0,2022
353790,35.0,27.0,2022
353800,255.0,129.0,2022
353860,42.0,28.0,2022
353870,760.0,405.0,2022
353880,68.0,49.0,2022
353890,290.0,85.0,2022
353900,45.0,20.0,2022
353930,178.0,66.0,2022
353940,23.0,21.0,2022
353950,50.0,32.0,2022
353980,10.0,10.0,2022
354000,26.0,19.0,2022
354020,25.0,21.0,2022
354040,18.0,6.0,2022
354060,63.0,45.0,2022
354070,55.0,33.0,2022
354080,32.0,28.0,2022
354100,339.0,207.0,2022
354120,51.0,40.0,2022
354130,78.0,68.0,2022
354140,1095.0,735.0,2022
354150,102.0,62.0,2022
354160,64.0,64.0,2022
354190,19.0,19.0,2022
354220,103.0,71.0,2022
354240,40.0,31.0,2022
354260,237.0,192.0,2022
354290,24.0,18.0,2022
354300,26.0,26.0,2022
354330,164.0,50.0,2022
354340,2265.0,1422.0,2022
354380,23.0,20.0,2022
354390,369.0,218.0,2022
354400,72.0,64.0,2022
354420,36.0,25.0,2022
354425,80.0,80.0,2022
354430,54.0,14.0,2022
354490,30.0,20.0,2022
354500,9.0,9.0,2022
354520,116.0,116.0,2022
354530,52.0,43.0,2022
354540,34.0,22.0,2022
354560,19.0,11.0,2022
354580,196.0,116.0,2022
354630,35.0,25.0,2022
354640,96.0,55.0,2022
354660,80.0,63.0,2022
354680,86.0,74.0,2022
354690,8.0,,2022
354700,6.0,6.0,2022
354730,61.0,61.0,2022
354750,311.0,288.0,2022
354760,32.0,19.0,2022
354770,56.0,37.0,2022
354780,1575.0,742.0,2022
354790,16.0,16.0,2022
354850,1609.0,720.0,2022
354860,40.0,26.0,2022
354870,1743.0,719.0,2022
354880,795.0,177.0,2022
354890,409.0,167.0,2022
354910,199.0,94.0,2022
354940,104.0,63.0,2022
354970,141.0,80.0,2022
354980,2148.0,1070.0,2022
354990,1588.0,730.0,2022
354995,60.0,,2022
355000,25.0,16.0,2022
355010,58.0,42.0,2022
355020,65.0,65.0,2022
355030,29764.0,15418.0,2022
355040,63.0,51.0,2022
355060,275.0,62.0,2022
355070,111.0,99.0,2022
355080,30.0,26.0,2022
355090,40.0,36.0,2022
355100,276.0,176.0,2022
355150,125.0,112.0,2022
355160,49.0,33.0,2022
355170,131.0,61.0,2022
355200,2.0,2.0,2022
355210,70.0,63.0,2022
355220,1421.0,875.0,2022
355230,22.0,20.0,2022
355240,201.0,192.0,2022
355250,272.0,111.0,2022
355260,30.0,11.0,2022
355270,35.0,22.0,2022
355280,450.0,289.0,2022
355300,29.0,24.0,2022
355320,4.0,4.0,2022
355330,36.0,28.0,2022
355340,72.0,30.0,2022
355360,16.0,15.0,2022
355370,122.0,74.0,2022
355380,47.0,32.0,2022
355400,105.0,59.0,2022
355410,516.0,366.0,2022
355430,58.0,52.0,2022
355440,34.0,30.0,2022
355450,55.0,33.0,2022
355470,20.0,13.0,2022
355480,10.0,,2022
355500,340.0,324.0,2022
355510,48.0,30.0,2022
355540,92.0,74.0,2022
355580,26.0,24.0,2022
355600,34.0,11.0,2022
355620,142.0,56.0,2022
355630,55.0,31.0,2022
355640,50.0,31.0,2022
355645,40.0,,2022
355650,33.0,31.0,2022
355660,72.0,,2022
355670,85.0,62.0,2022
355680,48.0,30.0,2022
355700,102.0,64.0,2022
355710,219.0,115.0,2022
355720,51.0,30.0,2022
410020,3.0,3.0,2022
410030,12.0,12.0,2022
410045,19.0,19.0,2022
410050,39.0,39.0,2022
410060,20.0,19.0,2022
410080,20.0,20.0,2022
410090,13.0,13.0,2022
410100,34.0,33.0,2022
410110,62.0,57.0,2022
410120,31.0,31.0,2022
410130,2.0,2.0,2022
410140,262.0,193.0,2022
410150,388.0,322.0,2022
410170,20.0,20.0,2022
410180,62.0,62.0,2022
410190,49.0,38.0,2022
410200,82.0,69.0,2022
410210,97.0,56.0,2022
410240,112.0,62.0,2022
410250,1.0,1.0,2022
410280,17.0,17.0,2022
410290,43.0,43.0,2022
410305,20.0,20.0,2022
410310,11.0,11.0,2022
410320,29.0,29.0,2022
410330,26.0,26.0,2022
410360,99.0,89.0,2022
410370,115.0,72.0,2022
410390,50.0,48.0,2022
410400,356.0,323.0,2022
410420,827.0,751.0,2022
410430,236.0,165.0,2022
410440,31.0,31.0,2022
410442,41.0,39.0,2022
410450,38.0,28.0,2022
410460,34.0,32.0,2022
410470,47.0,47.0,2022
410480,966.0,588.0,2022
410490,119.0,84.0,2022
410510,25.0,25.0,2022
410520,17.0,17.0,2022
410530,36.0,28.0,2022
410540,77.0,70.0,2022
410550,165.0,125.0,2022
410560,22.0,22.0,2022
410570,56.0,49.0,2022
410580,91.0,55.0,2022
410590,101.0,80.0,2022
410600,24.0,24.0,2022
410610,20.0,20.0,2022
410620,16.0,16.0,2022
410630,33.0,33.0,2022
410640,233.0,143.0,2022
410650,61.0,46.0,2022
410660,32.0,32.0,2022
410670,11.0,11.0,2022
410680,35.0,35.0,2022
410690,5121.0,2464.0,2022
410700,19.0,16.0,2022
410710,19.0,19.0,2022
410720,51.0,49.0,2022
410750,33.0,33.0,2022
410753,12.0,10.0,2022
410760,22.0,22.0,2022
410765,47.0,47.0,2022
410775,31.0,31.0,2022
410790,23.0,23.0,2022
410800,17.0,17.0,2022
410820,38.0,31.0,2022
410830,394.0,272.0,2022
410832,10.0,10.0,2022
410840,303.0,208.0,2022
410855,10.0,10.0,2022
410860,97.0,55.0,2022
410870,26.0,26.0,2022
410880,62.0,45.0,2022
410890,16.0,16.0,2022
410900,4.0,4.0,2022
410930,52.0,51.0,2022
410940,405.0,267.0,2022
410950,14.0,14.0,2022
410960,36.0,36.0,2022
410970,51.0,51.0,2022
410975,43.0,43.0,2022
410980,127.0,63.0,2022
411030,11.0,11.0,2022
411040,16.0,16.0,2022
411050,18.0,18.0,2022
411060,31.0,31.0,2022
411070,164.0,110.0,2022
411080,31.0,31.0,2022
411095,25.0,25.0,2022
411100,21.0,21.0,2022
411125,37.0,35.0,2022
411130,17.0,17.0,2022
411140,16.0,16.0,2022
411150,171.0,150.0,2022
411170,18.0,18.0,2022
411180,117.0,86.0,2022
411190,28.0,28.0,2022
411200,79.0,79.0,2022
411210,356.0,345.0,2022
411240,18.0,18.0,2022
411250,23.0,23.0,2022
411275,34.0,30.0,2022
411280,31.0,26.0,2022
411290,14.0,14.0,2022
411300,18.0,18.0,2022
411310,23.0,23.0,2022
411320,137.0,97.0,2022
411330,117.0,100.0,2022
411345,20.0,20.0,2022
411350,138.0,113.0,2022
411370,1943.0,1214.0,2022
411375,29.0,18.0,2022
411380,16.0,16.0,2022
411390,39.0,33.0,2022
411400,14.0,10.0,2022
411420,80.0,47.0,2022
411430,46.0,46.0,2022
411440,59.0,50.0,2022
411450,24.0,24.0,2022
411460,76.0,22.0,2022
411500,23.0,23.0,2022
411520,1943.0,987.0,2022
411535,2.0,2.0,2022
411540,12.0,12.0,2022
411550,21.0,21.0,2022
411560,48.0,40.0,2022
411570,12.0,12.0,2022
411580,115.0,54.0,2022
411600,10.0,10.0,2022
411605,36.0,32.0,2022
411620,18.0,18.0,2022
411670,49.0,40.0,2022
411680,22.0,20.0,2022
411690,35.0,35.0,2022
411695,12.0,12.0,2022
411700,16.0,14.0,2022
411710,33.0,31.0,2022
411720,16.0,16.0,2022
411722,11.0,6.0,2022
411727,48.0,48.0,2022
411730,11.0,,2022
411750,38.0,38.0,2022
411760,91.0,90.0,2022
411770,36.0,30.0,2022
411790,68.0,48.0,2022
411820,173.0,97.0,2022
411830,15.0,15.0,2022
411840,207.0,140.0,2022
411845,17.0,15.0,2022
411850,272.0,166.0,2022
411890,21.0,21.0,2022
411910,53.0,50.0,2022
411915,291.0,277.0,2022
411920,33.0,23.0,2022
411930,91.0,82.0,2022
411940,18.0,18.0,2022
411950,723.0,498.0,2022
411960,89.0,81.0,2022
411970,15.0,15.0,2022
411980,42.0,35.0,2022
411990,680.0,445.0,2022
411995,2.0,,2022
412000,31.0,31.0,2022
412020,10.0,10.0,2022
412033,20.0,20.0,2022
412035,48.0,39.0,2022
412050,10.0,10.0,2022
412060,125.0,115.0,2022
412070,28.0,26.0,2022
412090,32.0,32.0,2022
412100,27.0,26.0,2022
412120,25.0,22.0,2022
412130,16.0,16.0,2022
412150,56.0,52.0,2022
412180,54.0,51.0,2022
412190,49.0,44.0,2022
412200,55.0,52.0,2022
412220,30.0,30.0,2022
412230,30.0,27.0,2022
412240,213.0,206.0,2022
412250,31.0,31.0,2022
412260,29.0,25.0,2022
412290,16.0,16.0,2022
412310,15.0,15.0,2022
412350,56.0,33.0,2022
412370,27.0,19.0,2022
412380,50.0,50.0,2022
412390,40.0,40.0,2022
412400,20.0,20.0,2022
412410,163.0,139.0,2022
412420,10.0,10.0,2022
412430,10.0,10.0,2022
412440,28.0,23.0,2022
412460,17.0,16.0,2022
412470,20.0,20.0,2022
412490,17.0,17.0,2022
412500,18.0,18.0,2022
412510,25.0,25.0,2022
412535,22.0,22.0,2022
412540,18.0,18.0,2022
412545,22.0,19.0,2022
412550,172.0,116.0,2022
412560,50.0,38.0,2022
412570,104.0,27.0,2022
412580,25.0,23.0,2022
412600,8.0,8.0,2022
412620,31.0,31.0,2022
412625,131.0,77.0,2022
412640,23.0,23.0,2022
412650,16.0,16.0,2022
412660,54.0,35.0,2022
412667,16.0,16.0,2022
412670,9.0,9.0,2022
412690,7.0,7.0,2022
412700,17.0,17.0,2022
412710,203.0,118.0,2022
412720,62.0,60.0,2022
412730,29.0,25.0,2022
412750,30.0,30.0,2022
412760,16.0,16.0,2022
412770,300.0,108.0,2022
412780,66.0,50.0,2022
412785,34.0,34.0,2022
412788,6.0,6.0,2022
412790,22.0,22.0,2022
412796,53.0,49.0,2022
412800,106.0,51.0,2022
412810,691.0,536.0,2022
412820,260.0,210.0,2022
412840,58.0,56.0,2022
412850,50.0,50.0,2022
412855,27.0,26.0,2022
412860,20.0,18.0,2022
412863,4.0,4.0,2022
420010,42.0,38.0,2022
420020,27.0,15.0,2022
420040,31.0,26.0,2022
420070,27.0,27.0,2022
420090,45.0,34.0,2022
420100,38.0,35.0,2022
420110,43.0,21.0,2022
420127,23.0,19.0,2022
420140,112.0,112.0,2022
420150,45.0,40.0,2022
420160,22.0,20.0,2022
420190,14.0,13.0,2022
420200,283.0,97.0,2022
420220,2.0,1.0,2022
420230,63.0,63.0,2022
420240,708.0,388.0,2022
420245,7.0,7.0,2022
420250,14.0,14.0,2022
420260,50.0,38.0,2022
420280,69.0,50.0,2022
420290,280.0,172.0,2022
420300,101.0,71.0,2022
420310,20.0,18.0,2022
420320,166.0,47.0,2022
420330,30.0,20.0,2022
420340,24.0,22.0,2022
420350,45.0,29.0,2022
420360,76.0,55.0,2022
420370,18.0,18.0,2022
420380,76.0,50.0,2022
420390,63.0,59.0,2022
420400,33.0,23.0,2022
420410,27.0,24.0,2022
420420,406.0,268.0,2022
420430,187.0,101.0,2022
420440,30.0,25.0,2022
420460,515.0,297.0,2022
420470,48.0,41.0,2022
420480,136.0,103.0,2022
420490,48.0,41.0,2022
420500,42.0,36.0,2022
420530,37.0,36.0,2022
420540,1897.0,1106.0,2022
420550,58.0,40.0,2022
420580,20.0,,2022
420590,99.0,92.0,2022
420640,32.0,30.0,2022
420650,50.0,50.0,2022
420660,21.0,19.0,2022
420680,30.0,,2022
420690,88.0,88.0,2022
420700,91.0,87.0,2022
420720,31.0,31.0,2022
420730,72.0,64.0,2022
420750,109.0,96.0,2022
420760,28.0,24.0,2022
420765,33.0,27.0,2022
420770,20.0,19.0,2022
420780,29.0,26.0,2022
420790,19.0,19.0,2022
420800,35.0,26.0,2022
420810,21.0,20.0,2022
420820,377.0,312.0,2022
420830,57.0,35.0,2022
420840,43.0,30.0,2022
420850,60.0,52.0,2022
420870,46.0,34.0,2022
420880,49.0,44.0,2022
420890,334.0,226.0,2022
420900,174.0,120.0,2022
420910,1122.0,793.0,2022
420915,1.0,1.0,2022
420930,488.0,368.0,2022
420940,84.0,70.0,2022
420950,1.0,1.0,2022
420960,39.0,39.0,2022
420970,41.0,41.0,2022
420985,75.0,69.0,2022
421000,39.0,38.0,2022
421003,91.0,86.0,2022
421010,115.0,101.0,2022
421030,37.0,31.0,2022
421050,76.0,65.0,2022
421060,21.0,19.0,2022
421080,50.0,30.0,2022
421090,31.0,27.0,2022
421100,63.0,52.0,2022
421105,13.0,13.0,2022
421120,108.0,84.0,2022
421130,60.0,56.0,2022
421140,33.0,27.0,2022
421150,50.0,50.0,2022
421160,60.0,51.0,2022
421170,55.0,36.0,2022
421175,49.0,46.0,2022
421190,42.0,,2022
421200,36.0,30.0,2022
421210,63.0,53.0,2022
421220,27.0,24.0,2022
421250,78.0,30.0,2022
421260,32.0,26.0,2022
421270,16.0,14.0,2022
421290,42.0,27.0,2022
421320,65.0,50.0,2022
421330,38.0,38.0,2022
421340,74.0,56.0,2022
421360,99.0,88.0,2022
421370,41.0,34.0,2022
421380,51.0,50.0,2022
421400,44.0,42.0,2022
421420,55.0,49.0,2022
421450,31.0,30.0,2022
421470,49.0,43.0,2022
421480,258.0,176.0,2022
421490,32.0,26.0,2022
421500,96.0,82.0,2022
421530,31.0,31.0,2022
421540,15.0,13.0,2022
421550,120.0,85.0,2022
421570,75.0,73.0,2022
421580,122.0,66.0,2022
421590,29.0,29.0,2022
421600,54.0,35.0,2022
421620,37.0,37.0,2022
421625,23.0,20.0,2022
421630,30.0,25.0,2022
421650,129.0,97.0,2022
421660,868.0,688.0,2022
421670,27.0,22.0,2022
421690,48.0,38.0,2022
421710,20.0,20.0,2022
421720,119.0,82.0,2022
421725,105.0,105.0,2022
421730,31.0,29.0,2022
421750,51.0,39.0,2022
421770,89.0,73.0,2022
421780,38.0,36.0,2022
421790,23.0,16.0,2022
421800,60.0,47.0,2022
421810,30.0,24.0,2022
421820,140.0,109.0,2022
421830,60.0,49.0,2022
421840,41.0,39.0,2022
421860,68.0,67.0,2022
421870,441.0,263.0,2022
421875,64.0,60.0,2022
421880,60.0,36.0,2022
421890,48.0,39.0,2022
421900,96.0,69.0,2022
421910,24.0,20.0,2022
421920,20.0,20.0,2022
421930,131.0,81.0,2022
421935,17.0,15.0,2022
421940,21.0,21.0,2022
421950,140.0,110.0,2022
421960,23.0,16.0,2022
421970,31.0,31.0,2022
430003,42.0,34.0,2022
430010,51.0,39.0,2022
430020,48.0,38.0,2022
430030,50.0,31.0,2022
430040,172.0,137.0,2022
430050,23.0,22.0,2022
430060,111.0,90.0,2022
430064,32.0,30.0,2022
430070,38.0,25.0,2022
430080,51.0,35.0,2022
430090,36.0,31.0,2022
430100,70.0,64.0,2022
430120,76.0,61.0,2022
430130,48.0,36.0,2022
430140,60.0,38.0,2022
430150,55.0,49.0,2022
430160,227.0,149.0,2022
430190,43.0,43.0,2022
430210,236.0,98.0,2022
430220,40.0,25.0,2022
430230,32.0,31.0,2022
430235,43.0,27.0,2022
430240,50.0,36.0,2022
430245,39.0,31.0,2022
430260,35.0,25.0,2022
430270,38.0,38.0,2022
430280,79.0,59.0,2022
430290,36.0,30.0,2022
430300,176.0,108.0,2022
430310,81.0,81.0,2022
430330,40.0,30.0,2022
430340,41.0,33.0,2022
430350,120.0,104.0,2022
430360,32.0,32.0,2022
430370,55.0,46.0,2022
430380,49.0,49.0,2022
430390,81.0,81.0,2022
430400,35.0,34.0,2022
430420,104.0,78.0,2022
430430,39.0,32.0,2022
430440,48.0,39.0,2022
430450,104.0,86.0,2022
430460,1004.0,664.0,2022
430463,91.0,86.0,2022
430470,160.0,95.0,2022
430480,79.0,42.0,2022
430490,33.0,25.0,2022
430510,1353.0,651.0,2022
430520,55.0,32.0,2022
430530,49.0,36.0,2022
430535,75.0,75.0,2022
430540,30.0,25.0,2022
430570,19.0,17.0,2022
430580,23.0,18.0,2022
430590,30.0,19.0,2022
430600,55.0,40.0,2022
430610,261.0,98.0,2022
430620,10.0,8.0,2022
430630,32.0,26.0,2022
430640,66.0,57.0,2022
430645,50.0,35.0,2022
430650,25.0,20.0,2022
430660,124.0,98.0,2022
430680,130.0,35.0,2022
430690,53.0,41.0,2022
430700,269.0,146.0,2022
430710,34.0,34.0,2022
430750,60.0,51.0,2022
430755,42.0,23.0,2022
430760,51.0,49.0,2022
430770,158.0,151.0,2022
430780,120.0,93.0,2022
430790,134.0,77.0,2022
430800,68.0,55.0,2022
430810,61.0,51.0,2022
430820,51.0,33.0,2022
430840,20.0,20.0,2022
430845,24.0,21.0,2022
430850,95.0,77.0,2022
430860,70.0,38.0,2022
430870,30.0,30.0,2022
430890,85.0,60.0,2022
430900,50.0,43.0,2022
430910,87.0,54.0,2022
430920,173.0,124.0,2022
430925,4.0,4.0,2022
430930,77.0,51.0,2022
430940,73.0,50.0,2022
430950,45.0,36.0,2022
430960,72.0,47.0,2022
430970,40.0,37.0,2022
431000,41.0,25.0,2022
431010,91.0,71.0,2022
431020,360.0,167.0,2022
431030,40.0,24.0,2022
431050,70.0,55.0,2022
431053,20.0,,2022
431060,67.0,57.0,2022
431070,10.0,10.0,2022
431075,24.0,19.0,2022
431080,55.0,47.0,2022
431085,52.0,44.0,2022
431100,75.0,60.0,2022
431110,51.0,32.0,2022
431112,10.0,10.0,2022
431120,67.0,49.0,2022
431130,73.0,47.0,2022
431140,150.0,102.0,2022
431150,32.0,29.0,2022
431180,129.0,57.0,2022
431190,52.0,36.0,2022
431200,10.0,10.0,2022
431205,40.0,30.0,2022
431210,20.0,15.0,2022
431220,40.0,28.0,2022
431240,216.0,134.0,2022
431250,29.0,29.0,2022
431260,31.0,25.0,2022
431265,50.0,33.0,2022
431270,81.0,71.0,2022
431290,54.0,32.0,2022
431300,37.0,23.0,2022
431310,52.0,36.0,2022
431320,34.0,26.0,2022
431330,71.0,43.0,2022
431340,458.0,223.0,2022
431350,112.0,69.0,2022
431360,52.0,48.0,2022
431365,39.0,30.0,2022
431370,92.0,77.0,2022
431380,51.0,48.0,2022
431390,73.0,50.0,2022
431400,40.0,29.0,2022
431402,32.0,30.0,2022
431405,113.0,94.0,2022
431410,1098.0,607.0,2022
431420,46.0,40.0,2022
431430,17.0,11.0,2022
431440,1089.0,698.0,2022
431447,30.0,18.0,2022
431450,51.0,51.0,2022
431460,102.0,82.0,2022
431470,50.0,45.0,2022
431480,57.0,57.0,2022
431490,6815.0,4012.0,2022
431500,58.0,40.0,2022
431510,50.0,31.0,2022
431515,49.0,46.0,2022
431520,30.0,25.0,2022
431530,62.0,51.0,2022
431535,19.0,14.0,2022
431550,51.0,43.0,2022
431560,528.0,485.0,2022
431570,97.0,97.0,2022
431575,33.0,30.0,2022
431580,38.0,26.0,2022
431590,51.0,39.0,2022
431600,52.0,50.0,2022
431610,110.0,94.0,2022
431620,32.0,23.0,2022
431630,35.0,32.0,2022
431640,96.0,55.0,2022
431643,19.0,16.0,2022
431645,32.0,23.0,2022
431650,32.0,25.0,2022
431660,66.0,48.0,2022
431670,51.0,38.0,2022
431680,317.0,192.0,2022
431690,987.0,517.0,2022
431700,30.0,30.0,2022
431710,197.0,95.0,2022
431720,186.0,100.0,2022
431730,58.0,49.0,2022
431740,141.0,71.0,2022
431750,215.0,134.0,2022
431760,82.0,75.0,2022
431780,85.0,63.0,2022
431790,56.0,41.0,2022
431800,154.0,117.0,2022
431810,64.0,49.0,2022
431820,62.0,56.0,2022
431830,188.0,155.0,2022
431840,244.0,228.0,2022
431843,50.0,50.0,2022
431850,53.0,45.0,2022
431860,54.0,40.0,2022
431870,209.0,177.0,2022
431880,190.0,143.0,2022
431890,122.0,103.0,2022
431900,75.0,45.0,2022
431910,51.0,37.0,2022
431915,40.0,32.0,2022
431930,36.0,25.0,2022
431940,55.0,45.0,2022
431950,91.0,60.0,2022
431960,65.0,55.0,2022
431980,41.0,40.0,2022
431990,127.0,88.0,2022
432000,235.0,185.0,2022
432010,78.0,62.0,2022
432020,66.0,50.0,2022
432026,34.0,32.0,2022
432030,32.0,20.0,2022
432040,55.0,36.0,2022
432045,10.0,10.0,2022
432050,49.0,37.0,2022
432060,30.0,27.0,2022
432067,48.0,30.0,2022
432070,107.0,37.0,2022
432080,96.0,67.0,2022
432090,91.0,66.0,2022
432100,41.0,35.0,2022
432110,4.0,2.0,2022
432120,71.0,71.0,2022
432130,51.0,39.0,2022
432140,131.0,65.0,2022
432143,3.0,,2022
432145,76.0,53.0,2022
432150,63.0,59.0,2022
432160,94.0,94.0,2022
432170,58.0,54.0,2022
432180,69.0,41.0,2022
432190,94.0,63.0,2022
432195,48.0,48.0,2022
432200,50.0,36.0,2022
432210,34.0,22.0,2022
432220,73.0,53.0,2022
432230,37.0,26.0,2022
432240,153.0,110.0,2022
432250,135.0,95.0,2022
432253,39.0,29.0,2022
432260,101.0,71.0,2022
432270,49.0,44.0,2022
432280,63.0,39.0,2022
432290,50.0,33.0,2022
432300,287.0,277.0,2022
432380,51.0,,2022
500020,21.0,21.0,2022
500025,10.0,10.0,2022
500060,96.0,70.0,2022
500070,25.0,24.0,2022
500080,12.0,8.0,2022
500085,27.0,14.0,2022
500090,10.0,10.0,2022
500100,65.0,37.0,2022
500110,155.0,113.0,2022
500124,9.0,9.0,2022
500150,12.0,12.0,2022
500190,42.0,21.0,2022
500210,32.0,28.0,2022
500215,8.0,8.0,2022
500220,32.0,32.0,2022
500230,20.0,11.0,2022
500240,39.0,20.0,2022
500260,25.0,18.0,2022
500270,2575.0,1520.0,2022
500280,13.0,13.0,2022
500290,59.0,32.0,2022
500295,50.0,50.0,2022
500315,9.0,9.0,2022
500320,213.0,147.0,2022
500325,59.0,45.0,2022
500330,93.0,65.0,2022
500345,12.0,12.0,2022
500348,13.0,13.0,2022
500370,532.0,343.0,2022
500375,87.0,34.0,2022
500380,66.0,56.0,2022
500390,9.0,9.0,2022
500400,12.0,10.0,2022
500410,26.0,16.0,2022
500430,38.0,32.0,2022
500440,13.0,13.0,2022
500450,22.0,22.0,2022
500460,27.0,14.0,2022
500470,32.0,32.0,2022
500500,43.0,37.0,2022
500510,21.0,19.0,2022
500515,9.0,9.0,2022
500520,10.0,,2022
500525,6.0,6.0,2022
500540,54.0,44.0,2022
500560,23.0,23.0,2022
500568,48.0,42.0,2022
500570,103.0,86.0,2022
500580,6.0,6.0,2022
500600,24.0,24.0,2022
500620,107.0,73.0,2022
500625,17.0,12.0,2022
500630,201.0,149.0,2022
500635,15.0,15.0,2022
500640,34.0,34.0,2022
500660,151.0,117.0,2022
500690,16.0,16.0,2022
500710,16.0,16.0,2022
500720,59.0,54.0,2022
500730,21.0,7.0,2022
500740,25.0,25.0,2022
500750,7.0,7.0,2022
500755,8.0,8.0,2022
500769,45.0,45.0,2022
500770,18.0,18.0,2022
500790,37.0,25.0,2022
500793,22.0,10.0,2022
500795,8.0,8.0,2022
500797,6.0,6.0,2022
500830,251.0,166.0,2022
500840,7.0,7.0,2022
510020,82.0,67.0,2022
510025,214.0,74.0,2022
510030,99.0,23.0,2022
510060,24.0,19.0,2022
510080,31.0,31.0,2022
510100,12.0,12.0,2022
510125,19.0,16.0,2022
510130,40.0,40.0,2022
510140,31.0,27.0,2022
510160,11.0,11.0,2022
510170,34.0,34.0,2022
510180,119.0,72.0,2022
510190,31.0,31.0,2022
510250,254.0,222.0,2022
510260,26.0,26.0,2022
510263,29.0,28.0,2022
510267,77.0,51.0,2022
510268,16.0,16.0,2022
510269,5.0,5.0,2022
510270,48.0,29.0,2022
510279,1.0,1.0,2022
510305,33.0,33.0,2022
510310,16.0,16.0,2022
510320,125.0,96.0,2022
510325,28.0,28.0,2022
510330,62.0,51.0,2022
510335,53.0,46.0,2022
510337,33.0,33.0,2022
510340,1766.0,1209.0,2022
510350,46.0,37.0,2022
510360,20.0,15.0,2022
510385,17.0,17.0,2022
510390,15.0,15.0,2022
510410,50.0,36.0,2022
510420,22.0,18.0,2022
510455,16.0,16.0,2022
510460,35.0,35.0,2022
510480,60.0,50.0,2022
510500,37.0,32.0,2022
510510,73.0,42.0,2022
510515,123.0,66.0,2022
510517,18.0,18.0,2022
510520,21.0,21.0,2022
510525,103.0,67.0,2022
510550,46.0,39.0,2022
510558,24.0,24.0,2022
510560,44.0,26.0,2022
510562,89.0,78.0,2022
510590,41.0,34.0,2022
510600,30.0,30.0,2022
510610,16.0,16.0,2022
510615,14.0,14.0,2022
510620,13.0,13.0,2022
510621,5.0,5.0,2022
510622,98.0,69.0,2022
510623,50.0,34.0,2022
510625,18.0,18.0,2022
510627,14.0,14.0,2022
510628,28.0,28.0,2022
510629,41.0,41.0,2022
510630,35.0,35.0,2022
510637,31.0,31.0,2022
510642,52.0,52.0,2022
510650,64.0,58.0,2022
510670,21.0,21.0,2022
510675,87.0,67.0,2022
510677,18.0,18.0,2022
510680,19.0,19.0,2022
510682,4.0,4.0,2022
510700,75.0,64.0,2022
510704,195.0,100.0,2022
510706,41.0,36.0,2022
510710,31.0,22.0,2022
510718,37.0,33.0,2022
510719,15.0,15.0,2022
510720,18.0,18.0,2022
510730,22.0,22.0,2022
510760,605.0,502.0,2022
510770,79.0,79.0,2022
510774,9.0,4.0,2022
510775,14.0,14.0,2022
510777,22.0,22.0,2022
510780,20.0,20.0,2022
510785,28.0,28.0,2022
510787,52.0,33.0,2022
510790,337.0,180.0,2022
510792,213.0,145.0,2022
510794,14.0,14.0,2022
510795,191.0,83.0,2022
510800,20.0,20.0,2022
510805,37.0,37.0,2022
510810,14.0,14.0,2022
510820,24.0,23.0,2022
510840,523.0,447.0,2022
510860,21.0,21.0,2022
510895,13.0,13.0,2022
520010,9.0,9.0,2022
520013,72.0,38.0,2022
520017,5.0,5.0,2022
520025,52.0,51.0,2022
520030,34.0,34.0,2022
520050,14.0,14.0,2022
520055,24.0,24.0,2022
520060,12.0,12.0,2022
520080,32.0,32.0,2022
520085,17.0,17.0,2022
520090,13.0,13.0,2022
520110,1074.0,586.0,2022
520130,20.0,20.0,2022
520140,1250.0,991.0,2022
520150,18.0,18.0,2022
520160,17.0,17.0,2022
520170,33.0,33.0,2022
520180,7.0,7.0,2022
520215,10.0,10.0,2022
520235,14.0,14.0,2022
520250,15.0,15.0,2022
520280,12.0,12.0,2022
520310,6.0,6.0,2022
520320,22.0,22.0,2022
520330,52.0,52.0,2022
520340,23.0,23.0,2022
520350,22.0,22.0,2022
520355,2.0,2.0,2022
520380,24.0,24.0,2022
520390,32.0,25.0,2022
520393,14.0,14.0,2022
520400,12.0,12.0,2022
520410,44.0,44.0,2022
520425,18.0,18.0,2022
520430,36.0,28.0,2022
520440,46.0,46.0,2022
520450,157.0,104.0,2022
520465,29.0,29.0,2022
520470,12.0,12.0,2022
520480,18.0,18.0,2022
520490,43.0,29.0,2022
520500,17.0,17.0,2022
520505,15.0,15.0,2022
520510,268.0,143.0,2022
520520,18.0,18.0,2022
520530,16.0,16.0,2022
520540,312.0,132.0,2022
520545,15.0,15.0,2022
520547,24.0,21.0,2022
520549,61.0,35.0,2022
520551,22.0,22.0,2022
520552,12.0,12.0,2022
520570,16.0,16.0,2022
520580,81.0,14.0,2022
520590,27.0,27.0,2022
520620,55.0,42.0,2022
520630,8.0,8.0,2022
520640,86.0,60.0,2022
520650,11.0,11.0,2022
520660,14.0,14.0,2022
520670,13.0,13.0,2022
520680,15.0,15.0,2022
520710,14.0,14.0,2022
520725,24.0,24.0,2022
520735,10.0,10.0,2022
520740,26.0,25.0,2022
520750,18.0,18.0,2022
520753,19.0,19.0,2022
520760,16.0,16.0,2022
520780,43.0,32.0,2022
520790,7.0,7.0,2022
520800,148.0,76.0,2022
520810,25.0,25.0,2022
520830,24.0,24.0,2022
520840,16.0,16.0,2022
520850,33.0,26.0,2022
520860,210.0,135.0,2022
520870,6955.0,3311.0,2022
520880,52.0,27.0,2022
520890,33.0,27.0,2022
520910,142.0,66.0,2022
520929,10.0,10.0,2022
520960,10.0,10.0,2022
520970,21.0,21.0,2022
520980,28.0,28.0,2022
520990,17.0,17.0,2022
520993,16.0,16.0,2022
520995,51.0,20.0,2022
521000,105.0,60.0,2022
521010,141.0,115.0,2022
521020,119.0,38.0,2022
521030,8.0,8.0,2022
521040,69.0,31.0,2022
521060,10.0,10.0,2022
521080,18.0,18.0,2022
521090,41.0,41.0,2022
521100,23.0,23.0,2022
521120,91.0,81.0,2022
521130,17.0,17.0,2022
521140,18.0,18.0,2022
521150,291.0,251.0,2022
521160,16.0,16.0,2022
521170,13.0,13.0,2022
521180,80.0,72.0,2022
521190,179.0,105.0,2022
521200,10.0,10.0,2022
521210,18.0,18.0,2022
521220,67.0,29.0,2022
521250,203.0,122.0,2022
521260,13.0,13.0,2022
521270,15.0,15.0,2022
521280,44.0,18.0,2022
521290,24.0,24.0,2022
521295,14.0,14.0,2022
521300,12.0,12.0,2022
521308,104.0,51.0,2022
521310,259.0,179.0,2022
521350,16.0,16.0,2022
521370,24.0,24.0,2022
521375,18.0,18.0,2022
521380,98.0,66.0,2022
521385,19.0,19.0,2022
521390,20.0,20.0,2022
521400,20.0,20.0,2022
521405,18.0,18.0,2022
521410,19.0,19.0,2022
521440,16.0,16.0,2022
521450,121.0,56.0,2022
521460,103.0,58.0,2022
521470,4.0,4.0,2022
521483,45.0,45.0,2022
521500,5.0,5.0,2022
521520,10.0,10.0,2022
521523,21.0,21.0,2022
521530,28.0,19.0,2022
521550,31.0,31.0,2022
521560,29.0,28.0,2022
521565,19.0,19.0,2022
521570,64.0,37.0,2022
521580,9.0,9.0,2022
521590,19.0,19.0,2022
521600,9.0,9.0,2022
521630,27.0,27.0,2022
521640,20.0,20.0,2022
521680,31.0,29.0,2022
521710,70.0,60.0,2022
521720,28.0,28.0,2022
521730,38.0,38.0,2022
521740,35.0,35.0,2022
521760,75.0,43.0,2022
521770,59.0,31.0,2022
521800,76.0,47.0,2022
521805,16.0,16.0,2022
521810,17.0,17.0,2022
521830,69.0,53.0,2022
521850,126.0,59.0,2022
521860,25.0,25.0,2022
521878,9.0,9.0,2022
521880,522.0,367.0,2022
521890,80.0,76.0,2022
521900,17.0,17.0,2022
521910,15.0,15.0,2022
521920,16.0,16.0,2022
521925,17.0,17.0,2022
521930,176.0,146.0,2022
521950,16.0,16.0,2022
521960,17.0,17.0,2022
521970,38.0,38.0,2022
521973,19.0,19.0,2022
521975,112.0,12.0,2022
521980,22.0,22.0,2022
521990,11.0,11.0,2022
522000,26.0,26.0,2022
522010,101.0,52.0,2022
522015,24.0,24.0,2022
522020,99.0,58.0,2022
522026,11.0,11.0,2022
522040,50.0,50.0,2022
522045,63.0,61.0,2022
522050,21.0,21.0,2022
522060,40.0,40.0,2022
522068,20.0,20.0,2022
522100,46.0,25.0,2022
522130,12.0,6.0,2022
522140,542.0,429.0,2022
522145,15.0,15.0,2022
522150,17.0,17.0,2022
522155,19.0,19.0,2022
522160,439.0,353.0,2022
522170,47.0,20.0,2022
522185,73.0,35.0,2022
522200,40.0,32.0,2022
522205,16.0,16.0,2022
522220,13.0,13.0,2022
530010,7751.0,4479.0,2022
110001,55.0,49.0,2023
110002,257.0,139.0,2023
110003,8.0,8.0,2023
110004,400.0,313.0,2023
110005,40.0,40.0,2023
110006,50.0,50.0,2023
110007,10.0,10.0,2023
110008,45.0,45.0,2023
110009,54.0,36.0,2023
110010,114.0,105.0,2023
110011,115.0,100.0,2023
110012,299.0,232.0,2023
110013,48.0,48.0,2023
110014,44.0,44.0,2023
110015,158.0,81.0,2023
110018,67.0,55.0,2023
110020,1892.0,1347.0,2023
110025,48.0,48.0,2023
110026,8.0,8.0,2023
110028,81.0,68.0,2023
110029,25.0,25.0,2023
110030,271.0,206.0,2023
110032,46.0,46.0,2023
110033,35.0,35.0,2023
110034,35.0,35.0,2023
110037,24.0,24.0,2023
110040,16.0,16.0,2023
110045,66.0,32.0,2023
110050,23.0,23.0,2023
110060,13.0,13.0,2023
110070,19.0,19.0,2023
110080,15.0,15.0,2023
110090,19.0,19.0,2023
110092,11.0,11.0,2023
110094,29.0,29.0,2023
110100,22.0,21.0,2023
110110,20.0,20.0,2023
110120,16.0,16.0,2023
110130,33.0,25.0,2023
110140,31.0,31.0,2023
110143,17.0,17.0,2023
110145,8.0,8.0,2023
110146,6.0,6.0,2023
110147,3.0,,2023
110148,12.0,12.0,2023
110149,31.0,31.0,2023
110150,36.0,36.0,2023
110155,12.0,12.0,2023
110160,13.0,13.0,2023
110170,25.0,25.0,2023
110175,12.0,12.0,2023
110180,16.0,16.0,2023
120001,7.0,7.0,2023
120005,12.0,12.0,2023
120010,61.0,61.0,2023
120020,190.0,176.0,2023
120030,42.0,42.0,2023
120032,10.0,10.0,2023
120033,32.0,32.0,2023
120034,23.0,23.0,2023
120035,14.0,14.0,2023
120038,45.0,45.0,2023
120039,7.0,7.0,2023
120040,944.0,813.0,2023
120042,16.0,16.0,2023
120043,16.0,16.0,2023
120045,29.0,29.0,2023
120050,30.0,30.0,2023
120060,42.0,42.0,2023
120070,34.0,34.0,2023
130002,38.0,38.0,2023
130006,30.0,30.0,2023
130008,20.0,20.0,2023
130010,32.0,32.0,2023
130014,36.0,36.0,2023
130020,31.0,31.0,2023
130030,41.0,41.0,2023
130040,29.0,29.0,2023
130050,30.0,30.0,2023
130060,48.0,48.0,2023
130063,22.0,22.0,2023
130068,22.0,22.0,2023
130070,65.0,65.0,2023
130080,49.0,49.0,2023
130083,20.0,20.0,2023
130090,24.0,24.0,2023
130100,46.0,45.0,2023
130110,20.0,20.0,2023
130115,19.0,19.0,2023
130120,105.0,101.0,2023
130130,48.0,48.0,2023
130140,76.0,76.0,2023
130150,24.0,24.0,2023
130160,58.0,58.0,2023
130165,20.0,20.0,2023
130170,40.0,39.0,2023
130180,26.0,26.0,2023
130185,40.0,40.0,2023
130190,110.0,110.0,2023
130195,25.0,25.0,2023
130200,29.0,29.0,2023
130210,20.0,20.0,2023
130220,20.0,20.0,2023
130230,25.0,25.0,2023
130240,52.0,52.0,2023
130250,72.0,72.0,2023
130255,30.0,30.0,2023
130260,3704.0,2850.0,2023
130270,49.0,49.0,2023
130280,19.0,19.0,2023
130290,95.0,95.0,2023
130300,24.0,24.0,2023
130310,41.0,41.0,2023
130320,26.0,26.0,2023
130330,27.0,25.0,2023
130340,177.0,167.0,2023
130350,29.0,29.0,2023
130353,29.0,29.0,2023
130356,23.0,23.0,2023
130360,21.0,20.0,2023
130370,72.0,44.0,2023
130380,78.0,78.0,2023
130390,46.0,45.0,2023
130395,20.0,20.0,2023
130400,27.0,27.0,2023
130406,63.0,63.0,2023
130410,30.0,30.0,2023
130420,105.0,93.0,2023
130423,33.0,33.0,2023
130426,26.0,26.0,2023
130430,40.0,40.0,2023
130440,32.0,32.0,2023
140005,30.0,30.0,2023
140010,1173.0,1083.0,2023
140015,13.0,3.0,2023
140020,15.0,15.0,2023
140023,14.0,14.0,2023
140028,1.0,,2023
140030,17.0,1.0,2023
140040,24.0,6.0,2023
140045,13.0,13.0,2023
140047,84.0,84.0,2023
140050,20.0,20.0,2023
140060,11.0,11.0,2023
150010,278.0,226.0,2023
150013,21.0,21.0,2023
150020,33.0,33.0,2023
150030,30.0,30.0,2023
150034,40.0,40.0,2023
150040,95.0,91.0,2023
150050,107.0,107.0,2023
150060,225.0,179.0,2023
150070,20.0,20.0,2023
150080,866.0,718.0,2023
150085,41.0,41.0,2023
150090,83.0,71.0,2023
150095,58.0,58.0,2023
150110,15.0,15.0,2023
150120,33.0,32.0,2023
150125,10.0,10.0,2023
150130,173.0,128.0,2023
150140,3898.0,2251.0,2023
150145,48.0,48.0,2023
150157,31.0,31.0,2023
150170,305.0,252.0,2023
150172,33.0,33.0,2023
150175,24.0,24.0,2023
150178,29.0,29.0,2023
150180,140.0,140.0,2023
150200,20.0,20.0,2023
150210,183.0,157.0,2023
150215,110.0,77.0,2023
150220,260.0,237.0,2023
150230,189.0,89.0,2023
150240,525.0,423.0,2023
150250,16.0,16.0,2023
150270,119.0,117.0,2023
150275,30.0,30.0,2023
150276,11.0,11.0,2023
150277,39.0,39.0,2023
150280,26.0,26.0,2023
150290,27.0,27.0,2023
150293,116.0,93.0,2023
150295,41.0,41.0,2023
150300,10.0,10.0,2023
150304,20.0,20.0,2023
150307,18.0,18.0,2023
150309,24.0,24.0,2023
150310,23.0,23.0,2023
150320,45.0,45.0,2023
150330,145.0,129.0,2023
150340,19.0,19.0,2023
150345,83.0,83.0,2023
150350,30.0,30.0,2023
150360,517.0,188.0,2023
150370,53.0,53.0,2023
150375,27.0,27.0,2023
150380,112.0,73.0,2023
150390,100.0,87.0,2023
150400,20.0,20.0,2023
150405,52.0,52.0,2023
150420,338.0,231.0,2023
150430,27.0,27.0,2023
150440,18.0,18.0,2023
150442,162.0,134.0,2023
150445,38.0,38.0,2023
150450,15.0,15.0,2023
150460,27.0,27.0,2023
150470,50.0,50.0,2023
150480,57.0,57.0,2023
150490,42.0,42.0,2023
150495,32.0,32.0,2023
150497,15.0,15.0,2023
150500,6.0,6.0,2023
150503,47.0,34.0,2023
150506,54.0,54.0,2023
150510,65.0,63.0,2023
150520,15.0,15.0,2023
150530,93.0,74.0,2023
150540,24.0,24.0,2023
150543,190.0,188.0,2023
150548,37.0,32.0,2023
150549,20.0,20.0,2023
150550,177.0,102.0,2023
150553,339.0,149.0,2023
150555,22.0,22.0,2023
150563,27.0,27.0,2023
150565,39.0,39.0,2023
150570,20.0,20.0,2023
150580,49.0,49.0,2023
150590,49.0,49.0,2023
150600,24.0,24.0,2023
150610,10.0,10.0,2023
150613,285.0,192.0,2023
150616,56.0,31.0,2023
150618,60.0,36.0,2023
150619,29.0,29.0,2023
150620,47.0,47.0,2023
150630,19.0,19.0,2023
150640,15.0,15.0,2023
150650,60.0,60.0,2023
150655,16.0,16.0,2023
150658,46.0,46.0,2023
150660,51.0,51.0,2023
150670,66.0,66.0,2023
150680,394.0,314.0,2023
150700,85.0,85.0,2023
150710,20.0,20.0,2023
150715,21.0,21.0,2023
150720,31.0,31.0,2023
150730,143.0,98.0,2023
150745,41.0,41.0,2023
150747,24.0,24.0,2023
150750,19.0,19.0,2023
150760,66.0,66.0,2023
150770,32.0,32.0,2023
150775,14.0,14.0,2023
150780,14.0,14.0,2023
150790,48.0,48.0,2023
150795,40.0,40.0,2023
150797,26.0,26.0,2023
150800,87.0,77.0,2023
150803,15.0,15.0,2023
150805,21.0,21.0,2023
150808,99.0,87.0,2023
150810,279.0,209.0,2023
150812,100.0,100.0,2023
150815,81.0,78.0,2023
150820,37.0,37.0,2023
150830,65.0,65.0,2023
150835,42.0,42.0,2023
150840,119.0,87.0,2023
160005,30.0,30.0,2023
160010,37.0,37.0,2023
160015,16.0,16.0,2023
160020,20.0,20.0,2023
160023,13.0,13.0,2023
160027,73.0,73.0,2023
160030,1025.0,850.0,2023
160040,14.0,14.0,2023
160050,51.0,51.0,2023
160053,34.0,34.0,2023
160060,128.0,125.0,2023
160070,18.0,18.0,2023
160080,8.0,8.0,2023
170070,32.0,32.0,2023
170100,20.0,20.0,2023
170190,17.0,17.0,2023
170200,30.0,30.0,2023
170210,598.0,491.0,2023
170220,25.0,25.0,2023
170230,28.0,28.0,2023
170240,50.0,50.0,2023
170255,80.0,80.0,2023
170305,3.0,3.0,2023
170370,5.0,5.0,2023
170550,69.0,69.0,2023
170610,27.0,27.0,2023
170700,39.0,39.0,2023
170710,31.0,31.0,2023
170730,14.0,5.0,2023
170765,5.0,5.0,2023
170770,5.0,5.0,2023
170820,19.0,19.0,2023
170900,16.0,16.0,2023
170930,62.0,60.0,2023
170950,240.0,173.0,2023
171050,27.0,27.0,2023
171190,30.0,30.0,2023
171250,6.0,6.0,2023
171320,72.0,72.0,2023
171330,20.0,20.0,2023
171360,15.0,15.0,2023
171420,13.0,13.0,2023
171575,32.0,32.0,2023
171610,104.0,104.0,2023
171620,24.0,24.0,2023
171650,31.0,31.0,2023
171660,27.0,27.0,2023
171670,21.0,21.0,2023
171700,15.0,15.0,2023
171750,21.0,21.0,2023
171780,2.0,2.0,2023
171790,7.0,7.0,2023
171820,154.0,154.0,2023
172065,14.0,14.0,2023
172080,20.0,20.0,2023
172090,24.0,24.0,2023
172100,1045.0,586.0,2023
172120,38.0,38.0,2023
172210,31.0,31.0,2023
210005,256.0,166.0,2023
210010,20.0,20.0,2023
210020,31.0,31.0,2023
210030,24.0,24.0,2023
210043,50.0,50.0,2023
210047,43.0,43.0,2023
210050,31.0,31.0,2023
210055,11.0,11.0,2023
210060,95.0,86.0,2023
210070,27.0,27.0,2023
210080,16.0,16.0,2023
210083,15.0,15.0,2023
210087,17.0,17.0,2023
210090,117.0,117.0,2023
210095,58.0,58.0,2023
210100,48.0,48.0,2023
210110,25.0,25.0,2023
210120,207.0,196.0,2023
210125,26.0,26.0,2023
210130,23.0,23.0,2023
210140,155.0,132.0,2023
210150,31.0,31.0,2023
210160,215.0,185.0,2023
210170,58.0,53.0,2023
210173,7.0,7.0,2023
210177,18.0,18.0,2023
210180,14.0,14.0,2023
210190,18.0,18.0,2023
210193,15.0,15.0,2023
210197,15.0,15.0,2023
210200,36.0,36.0,2023
210203,22.0,22.0,2023
210210,37.0,37.0,2023
210220,27.0,27.0,2023
210230,44.0,44.0,2023
210232,69.0,69.0,2023
210235,19.0,19.0,2023
210240,19.0,19.0,2023
210250,20.0,20.0,2023
210255,21.0,21.0,2023
210260,21.0,21.0,2023
210270,59.0,59.0,2023
210275,13.0,12.0,2023
210280,43.0,43.0,2023
210290,46.0,46.0,2023
210300,354.0,354.0,2023
210310,15.0,15.0,2023
210312,15.0,15.0,2023
210317,14.0,14.0,2023
210320,167.0,135.0,2023
210325,21.0,21.0,2023
210330,104.0,104.0,2023
210340,129.0,109.0,2023
210350,130.0,130.0,2023
210355,15.0,15.0,2023
210360,94.0,94.0,2023
210370,109.0,103.0,2023
210375,1.0,1.0,2023
210380,29.0,29.0,2023
210390,26.0,26.0,2023
210400,44.0,44.0,2023
210405,61.0,53.0,2023
210407,20.0,20.0,2023
210408,18.0,18.0,2023
210409,13.0,13.0,2023
210410,31.0,31.0,2023
210420,20.0,20.0,2023
210440,29.0,29.0,2023
210450,24.0,24.0,2023
210455,33.0,33.0,2023
210460,35.0,30.0,2023
210462,20.0,20.0,2023
210465,25.0,25.0,2023
210467,204.0,200.0,2023
210470,18.0,18.0,2023
210480,252.0,250.0,2023
210490,36.0,32.0,2023
210500,30.0,30.0,2023
210510,34.0,30.0,2023
210515,42.0,42.0,2023
210520,37.0,37.0,2023
210530,816.0,638.0,2023
210535,25.0,25.0,2023
210540,74.0,74.0,2023
210542,76.0,76.0,2023
210545,16.0,16.0,2023
210547,20.0,20.0,2023
210550,64.0,60.0,2023
210560,22.0,22.0,2023
210565,3.0,3.0,2023
210570,199.0,152.0,2023
210580,20.0,20.0,2023
210590,45.0,45.0,2023
210592,23.0,23.0,2023
210594,18.0,18.0,2023
210596,19.0,19.0,2023
210600,27.0,27.0,2023
210610,20.0,20.0,2023
210620,9.0,9.0,2023
210630,20.0,20.0,2023
210632,11.0,11.0,2023
210637,18.0,18.0,2023
210640,23.0,23.0,2023
210650,17.0,17.0,2023
210660,50.0,50.0,2023
210663,2.0,2.0,2023
210667,12.0,12.0,2023
210670,22.0,22.0,2023
210675,52.0,44.0,2023
210680,17.0,17.0,2023
210690,70.0,70.0,2023
210700,24.0,24.0,2023
210710,38.0,34.0,2023
210720,24.0,24.0,2023
210725,24.0,24.0,2023
210730,15.0,15.0,2023
210735,60.0,60.0,2023
210740,20.0,20.0,2023
210745,50.0,42.0,2023
210750,26.0,26.0,2023
210760,17.0,15.0,2023
210770,48.0,48.0,2023
210780,51.0,51.0,2023
210790,116.0,90.0,2023
210800,55.0,55.0,2023
210805,20.0,20.0,2023
210810,35.0,35.0,2023
210820,165.0,138.0,2023
210825,36.0,36.0,2023
210830,62.0,62.0,2023
210840,27.0,27.0,2023
210845,62.0,58.0,2023
210850,40.0,40.0,2023
210860,236.0,228.0,2023
210870,44.0,44.0,2023
210880,24.0,24.0,2023
210890,29.0,29.0,2023
210900,62.0,54.0,2023
210905,28.0,28.0,2023
210910,194.0,190.0,2023
210920,15.0,15.0,2023
210923,24.0,24.0,2023
210927,15.0,15.0,2023
210930,22.0,22.0,2023
210940,19.0,19.0,2023
210945,55.0,20.0,2023
210950,51.0,51.0,2023
210955,7.0,7.0,2023
210960,123.0,113.0,2023
210970,32.0,32.0,2023
210975,17.0,17.0,2023
210980,61.0,61.0,2023
210990,302.0,220.0,2023
211000,58.0,58.0,2023
211003,80.0,80.0,2023
211010,42.0,42.0,2023
211020,35.0,35.0,2023
211023,16.0,16.0,2023
211027,20.0,20.0,2023
211030,30.0,30.0,2023
211040,32.0,32.0,2023
211050,49.0,49.0,2023
211060,27.0,27.0,2023
211065,20.0,20.0,2023
211070,50.0,46.0,2023
211080,22.0,22.0,2023
211085,24.0,24.0,2023
211090,25.0,25.0,2023
211100,50.0,50.0,2023
211102,35.0,35.0,2023
211105,20.0,20.0,2023
211107,20.0,20.0,2023
211110,54.0,52.0,2023
211120,106.0,72.0,2023
211125,20.0,20.0,2023
211130,4512.0,3267.0,2023
211140,31.0,31.0,2023
211150,70.0,70.0,2023
211153,26.0,26.0,2023
211157,18.0,18.0,2023
211160,57.0,57.0,2023
211163,12.0,12.0,2023
211170,56.0,56.0,2023
211172,39.0,39.0,2023
211174,20.0,20.0,2023
211178,21.0,21.0,2023
211180,34.0,34.0,2023
211190,24.0,22.0,2023
211195,16.0,16.0,2023
211200,18.0,18.0,2023
211210,50.0,50.0,2023
211220,145.0,145.0,2023
211223,27.0,27.0,2023
211227,30.0,30.0,2023
211230,55.0,55.0,2023
211240,52.0,52.0,2023
211245,30.0,30.0,2023
211250,54.0,39.0,2023
211260,37.0,37.0,2023
211270,45.0,45.0,2023
211280,110.0,110.0,2023
211285,31.0,31.0,2023
211290,32.0,32.0,2023
211300,48.0,44.0,2023
211400,48.0,48.0,2023
220010,15.0,15.0,2023
220020,27.0,27.0,2023
220025,12.0,12.0,2023
220030,14.0,14.0,2023
220040,37.0,37.0,2023
220050,45.0,45.0,2023
220060,11.0,11.0,2023
220070,10.0,10.0,2023
220090,6.0,6.0,2023
220100,4.0,4.0,2023
220110,22.0,22.0,2023
220115,11.0,11.0,2023
220120,73.0,69.0,2023
220140,21.0,21.0,2023
220150,24.0,24.0,2023
220160,15.0,15.0,2023
220170,4.0,4.0,2023
220180,21.0,21.0,2023
220190,62.0,54.0,2023
220191,6.0,6.0,2023
220196,10.0,10.0,2023
220200,42.0,42.0,2023
220202,16.0,16.0,2023
220220,196.0,75.0,2023
220225,4.0,4.0,2023
220230,27.0,27.0,2023
220240,9.0,9.0,2023
220250,11.0,11.0,2023
220260,38.0,38.0,2023
220270,41.0,41.0,2023
220277,7.0,7.0,2023
220280,7.0,7.0,2023
220290,52.0,52.0,2023
220300,25.0,25.0,2023
220310,21.0,21.0,2023
220320,34.0,34.0,2023
220330,40.0,40.0,2023
220335,7.0,7.0,2023
220350,34.0,34.0,2023
220360,8.0,8.0,2023
220370,73.0,53.0,2023
220380,2.0,2.0,2023
220390,261.0,248.0,2023
220400,9.0,9.0,2023
220410,4.0,4.0,2023
220420,14.0,14.0,2023
220430,25.0,25.0,2023
220440,9.0,9.0,2023
220450,34.0,34.0,2023
220470,11.0,11.0,2023
220480,19.0,19.0,2023
220490,20.0,20.0,2023
220500,21.0,21.0,2023
220510,26.0,26.0,2023
220520,28.0,27.0,2023
220530,7.0,7.0,2023
220540,17.0,17.0,2023
220545,6.0,6.0,2023
220550,24.0,24.0,2023
220553,13.0,13.0,2023
220555,10.0,10.0,2023
220560,8.0,8.0,2023
220570,43.0,43.0,2023
220580,50.0,50.0,2023
220585,7.0,7.0,2023
220590,11.0,11.0,2023
220595,34.0,,2023
220600,8.0,,2023
220610,15.0,15.0,2023
220620,22.0,20.0,2023
220640,13.0,13.0,2023
220650,20.0,20.0,2023
220660,25.0,25.0,2023
220670,6.0,6.0,2023
220680,9.0,9.0,2023
220690,8.0,8.0,2023
220700,99.0,83.0,2023
220720,36.0,36.0,2023
220730,9.0,9.0,2023
220740,12.0,12.0,2023
220750,16.0,16.0,2023
220760,32.0,32.0,2023
220770,600.0,545.0,2023
220780,89.0,86.0,2023
220790,84.0,80.0,2023
220800,397.0,311.0,2023
220810,16.0,16.0,2023
220820,35.0,35.0,2023
220830,65.0,65.0,2023
220840,88.0,88.0,2023
220850,42.0,42.0,2023
220855,3.0,3.0,2023
220860,16.0,16.0,2023
220870,19.0,19.0,2023
220880,29.0,29.0,2023
220890,17.0,17.0,2023
220900,2.0,2.0,2023
220910,11.0,11.0,2023
220920,13.0,13.0,2023
220937,16.0,8.0,2023
220940,7.0,7.0,2023
220950,7.0,7.0,2023
220960,20.0,20.0,2023
220970,7.0,7.0,2023
220980,12.0,12.0,2023
220990,12.0,12.0,2023
221000,71.0,71.0,2023
221010,6.0,6.0,2023
221020,8.0,8.0,2023
221030,29.0,29.0,2023
221040,42.0,29.0,2023
221050,41.0,41.0,2023
221060,233.0,230.0,2023
221070,52.0,52.0,2023
221080,29.0,29.0,2023
221090,12.0,12.0,2023
221100,3112.0,2137.0,2023
221110,50.0,50.0,2023
221120,40.0,40.0,2023
221130,44.0,44.0,2023
221140,14.0,14.0,2023
221170,19.0,19.0,2023
230020,74.0,70.0,2023
230030,94.0,94.0,2023
230040,34.0,34.0,2023
230060,19.0,19.0,2023
230070,29.0,29.0,2023
230075,40.0,40.0,2023
230080,16.0,16.0,2023
230090,13.0,13.0,2023
230100,220.0,46.0,2023
230110,121.0,107.0,2023
230120,64.0,64.0,2023
230125,29.0,29.0,2023
230130,42.0,42.0,2023
230140,11.0,11.0,2023
230150,20.0,20.0,2023
230160,46.0,46.0,2023
230170,114.0,114.0,2023
230180,19.0,19.0,2023
230185,17.0,17.0,2023
230190,429.0,356.0,2023
230195,21.0,21.0,2023
230200,23.0,23.0,2023
230205,9.0,9.0,2023
230210,77.0,62.0,2023
230220,60.0,60.0,2023
230230,33.0,33.0,2023
230240,74.0,66.0,2023
230250,239.0,226.0,2023
230260,96.0,95.0,2023
230270,48.0,48.0,2023
230280,132.0,113.0,2023
230290,14.0,14.0,2023
230300,21.0,21.0,2023
230310,18.0,18.0,2023
230320,47.0,47.0,2023
230330,18.0,18.0,2023
230340,17.0,17.0,2023
230350,57.0,52.0,2023
230360,18.0,18.0,2023
230365,20.0,20.0,2023
230370,228.0,148.0,2023
230380,58.0,58.0,2023
230390,23.0,23.0,2023
230393,16.0,16.0,2023
230395,12.0,12.0,2023
230400,14.0,14.0,2023
230410,178.0,144.0,2023
230420,340.0,241.0,2023
230423,45.0,45.0,2023
230425,56.0,56.0,2023
230426,12.0,12.0,2023
230427,9.0,9.0,2023
230428,84.0,54.0,2023
230430,41.0,41.0,2023
230435,8.0,8.0,2023
230440,8525.0,5460.0,2023
230445,17.0,17.0,2023
230450,16.0,16.0,2023
230460,13.0,13.0,2023
230470,58.0,58.0,2023
230480,25.0,25.0,2023
230490,19.0,19.0,2023
230495,20.0,20.0,2023
230500,42.0,42.0,2023
230510,11.0,11.0,2023
230520,34.0,34.0,2023
230523,71.0,71.0,2023
230526,21.0,21.0,2023
230530,50.0,50.0,2023
230533,7.0,7.0,2023
230535,16.0,16.0,2023
230540,103.0,103.0,2023
230550,291.0,261.0,2023
230560,38.0,38.0,2023
230565,18.0,18.0,2023
230570,26.0,26.0,2023
230580,151.0,74.0,2023
230590,47.0,40.0,2023
230600,33.0,33.0,2023
230610,25.0,25.0,2023
230620,17.0,17.0,2023
230625,38.0,38.0,2023
230630,34.0,32.0,2023
230640,183.0,152.0,2023
230650,15.0,15.0,2023
230655,44.0,44.0,2023
230670,22.0,22.0,2023
230680,26.0,26.0,2023
230690,49.0,49.0,2023
230700,38.0,38.0,2023
230710,49.0,49.0,2023
230720,33.0,33.0,2023
230725,26.0,26.0,2023
230730,573.0,492.0,2023
230740,51.0,51.0,2023
230750,53.0,49.0,2023
230760,205.0,186.0,2023
230763,24.0,24.0,2023
230765,360.0,296.0,2023
230770,104.0,44.0,2023
230780,47.0,47.0,2023
230790,12.0,12.0,2023
230800,34.0,34.0,2023
230810,54.0,54.0,2023
230820,20.0,20.0,2023
230830,50.0,50.0,2023
230835,28.0,28.0,2023
230837,8.0,8.0,2023
230840,68.0,68.0,2023
230850,45.0,45.0,2023
230860,49.0,49.0,2023
230870,180.0,56.0,2023
230880,17.0,17.0,2023
230890,21.0,21.0,2023
230900,50.0,50.0,2023
230910,9.0,9.0,2023
230920,20.0,20.0,2023
230930,43.0,43.0,2023
230940,27.0,27.0,2023
230945,19.0,19.0,2023
230950,37.0,37.0,2023
230960,52.0,52.0,2023
230970,43.0,38.0,2023
230980,20.0,20.0,2023
231000,12.0,12.0,2023
231010,16.0,16.0,2023
231020,41.0,41.0,2023
231025,25.0,25.0,2023
231030,49.0,49.0,2023
231040,28.0,28.0,2023
231050,49.0,49.0,2023
231060,22.0,22.0,2023
231070,54.0,54.0,2023
231080,25.0,25.0,2023
231085,16.0,16.0,2023
231090,30.0,30.0,2023
231095,21.0,21.0,2023
231100,32.0,32.0,2023
231110,24.0,24.0,2023
231120,18.0,18.0,2023
231123,13.0,13.0,2023
231126,31.0,31.0,2023
231130,157.0,151.0,2023
231135,32.0,32.0,2023
231140,312.0,312.0,2023
231150,25.0,25.0,2023
231160,58.0,58.0,2023
231170,28.0,28.0,2023
231180,223.0,102.0,2023
231190,37.0,37.0,2023
231195,14.0,14.0,2023
231200,40.0,40.0,2023
231210,21.0,21.0,2023
231220,53.0,51.0,2023
231230,89.0,75.0,2023
231240,44.0,44.0,2023
231260,22.0,22.0,2023
231270,53.0,53.0,2023
231290,868.0,818.0,2023
231300,33.0,33.0,2023
231310,81.0,81.0,2023
231320,59.0,59.0,2023
231325,16.0,16.0,2023
231330,133.0,132.0,2023
231335,16.0,16.0,2023
231340,98.0,98.0,2023
231350,26.0,26.0,2023
231355,13.0,13.0,2023
231360,36.0,36.0,2023
231370,21.0,21.0,2023
231375,13.0,13.0,2023
231380,25.0,25.0,2023
231390,21.0,21.0,2023
231395,19.0,19.0,2023
231400,67.0,65.0,2023
231410,76.0,76.0,2023
240010,43.0,37.0,2023
240020,67.0,58.0,2023
240030,16.0,16.0,2023
240050,125.0,125.0,2023
240060,50.0,50.0,2023
240070,21.0,21.0,2023
240080,28.0,28.0,2023
240090,32.0,32.0,2023
240100,71.0,71.0,2023
240110,34.0,34.0,2023
240120,9.0,9.0,2023
240130,8.0,8.0,2023
240140,9.0,9.0,2023
240145,21.0,21.0,2023
240150,1.0,1.0,2023
240160,15.0,15.0,2023
240170,10.0,10.0,2023
240180,14.0,14.0,2023
240185,6.0,6.0,2023
240190,8.0,8.0,2023
240200,163.0,141.0,2023
240230,32.0,32.0,2023
240240,18.0,18.0,2023
240250,6.0,6.0,2023
240260,52.0,52.0,2023
240270,24.0,24.0,2023
240280,3.0,3.0,2023
240290,9.0,9.0,2023
240300,12.0,12.0,2023
240310,94.0,86.0,2023
240320,12.0,12.0,2023
240325,229.0,214.0,2023
240330,8.0,8.0,2023
240340,20.0,20.0,2023
240360,20.0,20.0,2023
240370,15.0,15.0,2023
240380,10.0,10.0,2023
240400,6.0,6.0,2023
240420,26.0,26.0,2023
240430,12.0,12.0,2023
240440,13.0,13.0,2023
240450,44.0,44.0,2023
240485,8.0,8.0,2023
240490,15.0,15.0,2023
240500,2.0,2.0,2023
240510,3.0,3.0,2023
240520,16.0,16.0,2023
240530,13.0,13.0,2023
240540,1.0,1.0,2023
240550,3.0,3.0,2023
240560,25.0,25.0,2023
240570,32.0,30.0,2023
240580,39.0,39.0,2023
240590,2.0,2.0,2023
240600,10.0,10.0,2023
240610,48.0,48.0,2023
240620,10.0,10.0,2023
240650,24.0,24.0,2023
240670,33.0,33.0,2023
240690,12.0,12.0,2023
240700,30.0,30.0,2023
240710,56.0,55.0,2023
240720,50.0,50.0,2023
240725,12.0,12.0,2023
240730,15.0,15.0,2023
240740,13.0,13.0,2023
240760,16.0,16.0,2023
240770,6.0,6.0,2023
240780,15.0,14.0,2023
240790,13.0,13.0,2023
240800,888.0,760.0,2023
240810,3326.0,2223.0,2023
240820,25.0,1.0,2023
240830,43.0,43.0,2023
240840,10.0,10.0,2023
240860,4.0,4.0,2023
240880,6.0,6.0,2023
240890,55.0,50.0,2023
240895,6.0,6.0,2023
240910,30.0,30.0,2023
240930,48.0,40.0,2023
240940,170.0,152.0,2023
240950,5.0,5.0,2023
240960,4.0,4.0,2023
240980,11.0,11.0,2023
240990,10.0,10.0,2023
241000,10.0,10.0,2023
241010,30.0,30.0,2023
241020,41.0,41.0,2023
241025,2.0,2.0,2023
241030,6.0,6.0,2023
241050,8.0,8.0,2023
241060,19.0,19.0,2023
241070,24.0,24.0,2023
241080,6.0,6.0,2023
241090,12.0,12.0,2023
241100,18.0,18.0,2023
241105,14.0,14.0,2023
241110,1.0,1.0,2023
241120,126.0,121.0,2023
241140,25.0,25.0,2023
241142,11.0,11.0,2023
241150,49.0,45.0,2023
241200,98.0,60.0,2023
241210,8.0,8.0,2023
241220,88.0,48.0,2023
241230,16.0,16.0,2023
241240,12.0,12.0,2023
241250,32.0,32.0,2023
241255,4.0,3.0,2023
241260,31.0,30.0,2023
241280,19.0,19.0,2023
241290,10.0,10.0,2023
241300,14.0,14.0,2023
241310,1.0,1.0,2023
241330,12.0,12.0,2023
241335,17.0,17.0,2023
241340,22.0,22.0,2023
241355,13.0,13.0,2023
241360,51.0,51.0,2023
241370,4.0,4.0,2023
241380,14.0,14.0,2023
241390,6.0,6.0,2023
241400,17.0,17.0,2023
241410,27.0,27.0,2023
241415,3.0,3.0,2023
241420,5.0,5.0,2023
241440,30.0,29.0,2023
241445,12.0,12.0,2023
241450,28.0,28.0,2023
241460,13.0,13.0,2023
241475,9.0,9.0,2023
241480,12.0,12.0,2023
241490,15.0,15.0,2023
241500,4.0,4.0,2023
250010,20.0,20.0,2023
250020,12.0,12.0,2023
250030,46.0,46.0,2023
250040,28.0,28.0,2023
250053,1.0,1.0,2023
250060,10.0,10.0,2023
250070,32.0,32.0,2023
250080,2.0,2.0,2023
250090,17.0,17.0,2023
250100,15.0,15.0,2023
250110,36.0,36.0,2023
250130,40.0,40.0,2023
250150,37.0,37.0,2023
250160,3.0,3.0,2023
250180,48.0,48.0,2023
250190,25.0,25.0,2023
250200,31.0,28.0,2023
250210,3.0,,2023
250230,16.0,16.0,2023
250240,19.0,19.0,2023
250250,29.0,29.0,2023
250260,12.0,12.0,2023
250280,32.0,32.0,2023
250290,25.0,25.0,2023
250300,43.0,43.0,2023
250320,31.0,31.0,2023
250340,5.0,5.0,2023
250350,13.0,13.0,2023
250370,245.0,183.0,2023
250400,2219.0,1682.0,2023
250420,1.0,1.0,2023
250430,64.0,64.0,2023
250440,58.0,58.0,2023
250460,100.0,,2023
250480,39.0,39.0,2023
250500,16.0,16.0,2023
250510,67.0,67.0,2023
250570,12.0,12.0,2023
250600,26.0,26.0,2023
250620,18.0,18.0,2023
250625,1.0,1.0,2023
250630,204.0,102.0,2023
250650,4.0,4.0,2023
250660,12.0,12.0,2023
250690,47.0,43.0,2023
250700,50.0,50.0,2023
250710,18.0,18.0,2023
250730,8.0,8.0,2023
250740,12.0,12.0,2023
250750,3249.0,2051.0,2023
250770,19.0,18.0,2023
250780,12.0,12.0,2023
250790,12.0,12.0,2023
250800,16.0,16.0,2023
250820,19.0,19.0,2023
250830,28.0,28.0,2023
250840,6.0,6.0,2023
250890,107.0,107.0,2023
250910,7.0,7.0,2023
250920,51.0,51.0,2023
250970,113.0,98.0,2023
250990,19.0,19.0,2023
251010,19.0,19.0,2023
251040,1.0,1.0,2023
251080,370.0,293.0,2023
251090,31.0,31.0,2023
251110,20.0,20.0,2023
251120,47.0,47.0,2023
251130,151.0,143.0,2023
251140,100.0,100.0,2023
251150,19.0,18.0,2023
251180,2.0,2.0,2023
251200,50.0,50.0,2023
251210,94.0,94.0,2023
251230,55.0,51.0,2023
251250,42.0,42.0,2023
251280,8.0,8.0,2023
251320,13.0,13.0,2023
251335,10.0,10.0,2023
251340,53.0,53.0,2023
251370,246.0,232.0,2023
251390,47.0,47.0,2023
251420,3.0,3.0,2023
251430,15.0,15.0,2023
251450,17.0,17.0,2023
251490,26.0,26.0,2023
251530,79.0,78.0,2023
251540,24.0,24.0,2023
251550,58.0,58.0,2023
251570,12.0,12.0,2023
251590,7.0,7.0,2023
251600,34.0,34.0,2023
251610,22.0,22.0,2023
251620,145.0,93.0,2023
251630,64.0,64.0,2023
251650,52.0,52.0,2023
251660,23.0,23.0,2023
251670,39.0,39.0,2023
251690,47.0,47.0,2023
251700,14.0,14.0,2023
260005,270.0,24.0,2023
260010,199.0,170.0,2023
260020,46.0,46.0,2023
260030,92.0,76.0,2023
260040,50.0,50.0,2023
260050,33.0,33.0,2023
260060,34.0,34.0,2023
260070,26.0,26.0,2023
260080,24.0,24.0,2023
260090,31.0,31.0,2023
260100,12.0,12.0,2023
260105,8.0,8.0,2023
260110,204.0,189.0,2023
260120,191.0,162.0,2023
260130,17.0,17.0,2023
260140,95.0,95.0,2023
260150,9.0,9.0,2023
260160,18.0,18.0,2023
260170,87.0,51.0,2023
260180,24.0,24.0,2023
260190,205.0,171.0,2023
260200,29.0,29.0,2023
260210,42.0,42.0,2023
260220,48.0,48.0,2023
260230,52.0,52.0,2023
260240,16.0,16.0,2023
260250,7.0,7.0,2023
260260,124.0,64.0,2023
260270,17.0,17.0,2023
260280,108.0,35.0,2023
260290,367.0,183.0,2023
260300,76.0,76.0,2023
260310,26.0,26.0,2023
260320,50.0,50.0,2023
260330,11.0,11.0,2023
260340,17.0,17.0,2023
260345,329.0,29.0,2023
260350,15.0,15.0,2023
260360,12.0,12.0,2023
260370,32.0,32.0,2023
260380,18.0,18.0,2023
260390,15.0,15.0,2023
260392,11.0,11.0,2023
260400,119.0,98.0,2023
260410,1111.0,716.0,2023
260415,35.0,35.0,2023
260420,27.0,27.0,2023
260430,18.0,18.0,2023
260440,10.0,10.0,2023
260450,32.0,30.0,2023
260460,34.0,34.0,2023
260470,29.0,29.0,2023
260480,39.0,39.0,2023
260490,21.0,21.0,2023
260500,20.0,20.0,2023
260510,76.0,38.0,2023
260515,28.0,28.0,2023
260520,81.0,51.0,2023
260530,32.0,32.0,2023
260540,17.0,17.0,2023
260545,17.0,17.0,2023
260560,28.0,28.0,2023
260570,71.0,61.0,2023
260580,11.0,11.0,2023
260590,23.0,23.0,2023
260600,397.0,307.0,2023
260610,23.0,23.0,2023
260620,133.0,104.0,2023
260630,19.0,19.0,2023
260640,141.0,64.0,2023
260650,25.0,25.0,2023
260660,26.0,26.0,2023
260670,20.0,20.0,2023
260680,309.0,100.0,2023
260690,16.0,16.0,2023
260700,13.0,13.0,2023
260710,4.0,4.0,2023
260720,20.0,20.0,2023
260730,47.0,47.0,2023
260740,13.0,13.0,2023
260750,51.0,51.0,2023
260760,3.0,3.0,2023
260765,42.0,42.0,2023
260770,25.0,25.0,2023
260775,6.0,6.0,2023
260780,14.0,14.0,2023
260790,597.0,484.0,2023
260795,32.0,32.0,2023
260800,19.0,19.0,2023
260805,23.0,23.0,2023
260810,33.0,33.0,2023
260820,14.0,14.0,2023
260825,6.0,6.0,2023
260830,17.0,17.0,2023
260840,27.0,27.0,2023
260845,13.0,13.0,2023
260850,27.0,27.0,2023
260860,45.0,45.0,2023
260870,17.0,17.0,2023
260875,40.0,40.0,2023
260880,43.0,43.0,2023
260890,150.0,125.0,2023
260900,52.0,52.0,2023
260910,15.0,15.0,2023
260915,27.0,27.0,2023
260920,13.0,13.0,2023
260930,9.0,9.0,2023
260940,179.0,179.0,2023
260950,40.0,40.0,2023
260960,391.0,297.0,2023
260970,32.0,32.0,2023
260980,29.0,29.0,2023
260990,105.0,99.0,2023
261000,382.0,361.0,2023
261010,14.0,14.0,2023
261020,26.0,26.0,2023
261030,27.0,27.0,2023
261040,28.0,28.0,2023
261050,39.0,39.0,2023
261060,135.0,98.0,2023
261070,422.0,301.0,2023
261080,22.0,22.0,2023
261090,159.0,105.0,2023
261100,128.0,128.0,2023
261110,759.0,475.0,2023
261120,23.0,23.0,2023
261130,14.0,14.0,2023
261140,4.0,4.0,2023
261150,19.0,19.0,2023
261153,13.0,13.0,2023
261160,9442.0,6290.0,2023
261170,38.0,38.0,2023
261180,38.0,38.0,2023
261190,16.0,16.0,2023
261200,30.0,10.0,2023
261210,5.0,5.0,2023
261220,130.0,110.0,2023
261230,30.0,30.0,2023
261240,14.0,14.0,2023
261245,24.0,24.0,2023
261247,16.0,16.0,2023
261250,84.0,78.0,2023
261255,18.0,18.0,2023
261260,42.0,42.0,2023
261270,12.0,12.0,2023
261280,19.0,19.0,2023
261290,28.0,28.0,2023
261300,51.0,51.0,2023
261310,32.0,32.0,2023
261320,29.0,29.0,2023
261330,34.0,34.0,2023
261340,26.0,26.0,2023
261350,33.0,32.0,2023
261360,90.0,82.0,2023
261370,146.0,106.0,2023
261380,27.0,27.0,2023
261390,530.0,425.0,2023
261400,32.0,32.0,2023
261410,66.0,47.0,2023
261420,26.0,26.0,2023
261430,20.0,20.0,2023
261440,13.0,13.0,2023
261450,203.0,198.0,2023
261460,70.0,50.0,2023
261480,17.0,17.0,2023
261485,30.0,30.0,2023
261500,56.0,56.0,2023
261510,14.0,14.0,2023
261520,11.0,11.0,2023
261530,147.0,50.0,2023
261540,28.0,28.0,2023
261550,11.0,11.0,2023
261560,74.0,30.0,2023
261570,24.0,24.0,2023
261580,19.0,19.0,2023
261590,35.0,35.0,2023
261600,24.0,24.0,2023
261610,15.0,15.0,2023
261618,4.0,4.0,2023
261620,62.0,62.0,2023
261630,40.0,40.0,2023
261640,428.0,251.0,2023
261650,14.0,14.0,2023
270010,25.0,25.0,2023
270020,25.0,25.0,2023
270030,1164.0,909.0,2023
270040,44.0,44.0,2023
270070,35.0,35.0,2023
270100,14.0,14.0,2023
270120,3.0,3.0,2023
270130,26.0,26.0,2023
270140,27.0,27.0,2023
270170,50.0,50.0,2023
270210,33.0,33.0,2023
270230,341.0,341.0,2023
270235,8.0,8.0,2023
270240,86.0,86.0,2023
270280,15.0,15.0,2023
270290,48.0,48.0,2023
270300,3.0,3.0,2023
270310,14.0,14.0,2023
270380,50.0,50.0,2023
270400,35.0,35.0,2023
270410,3.0,3.0,2023
270420,14.0,14.0,2023
270430,3065.0,2228.0,2023
270440,31.0,31.0,2023
270450,4.0,4.0,2023
270470,3.0,3.0,2023
270500,36.0,36.0,2023
270510,24.0,24.0,2023
270550,53.0,53.0,2023
270570,47.0,46.0,2023
270630,113.0,95.0,2023
270640,52.0,52.0,2023
270660,16.0,16.0,2023
270670,109.0,95.0,2023
270680,18.0,18.0,2023
270690,50.0,50.0,2023
270710,42.0,42.0,2023
270730,144.0,144.0,2023
270760,28.0,28.0,2023
270770,81.0,41.0,2023
270800,119.0,119.0,2023
270820,3.0,3.0,2023
270830,50.0,50.0,2023
270840,31.0,31.0,2023
270850,27.0,27.0,2023
270860,124.0,116.0,2023
270880,6.0,6.0,2023
270910,1.0,1.0,2023
270915,68.0,68.0,2023
270920,20.0,20.0,2023
270930,122.0,86.0,2023
270940,40.0,40.0,2023
280020,32.0,32.0,2023
280030,2177.0,1423.0,2023
280067,18.0,18.0,2023
280120,20.0,20.0,2023
280130,78.0,78.0,2023
280140,1.0,1.0,2023
280210,189.0,165.0,2023
280230,1.0,1.0,2023
280290,159.0,129.0,2023
280300,31.0,31.0,2023
280340,21.0,21.0,2023
280350,195.0,178.0,2023
280360,1.0,1.0,2023
280450,58.0,48.0,2023
280480,48.0,48.0,2023
280540,18.0,18.0,2023
280570,53.0,53.0,2023
280580,1.0,1.0,2023
280590,56.0,56.0,2023
280610,13.0,13.0,2023
280670,41.0,40.0,2023
280710,21.0,21.0,2023
290010,9.0,9.0,2023
290020,25.0,25.0,2023
290030,8.0,8.0,2023
290035,12.0,12.0,2023
290040,20.0,20.0,2023
290050,9.0,9.0,2023
290070,222.0,145.0,2023
290080,59.0,51.0,2023
290100,69.0,69.0,2023
290110,16.0,16.0,2023
290115,26.0,26.0,2023
290120,33.0,33.0,2023
290130,32.0,32.0,2023
290135,23.0,22.0,2023
290140,6.0,6.0,2023
290150,12.0,12.0,2023
290160,142.0,142.0,2023
290190,1.0,1.0,2023
290200,33.0,33.0,2023
290205,23.0,23.0,2023
290210,60.0,60.0,2023
290240,40.0,40.0,2023
290250,28.0,28.0,2023
290260,45.0,45.0,2023
290270,103.0,103.0,2023
290280,65.0,46.0,2023
290290,32.0,32.0,2023
290300,26.0,26.0,2023
290320,460.0,388.0,2023
290323,23.0,22.0,2023
290327,29.0,29.0,2023
290330,9.0,9.0,2023
290340,40.0,40.0,2023
290350,51.0,51.0,2023
290360,14.0,14.0,2023
290380,14.0,14.0,2023
290390,122.0,122.0,2023
290395,28.0,14.0,2023
290400,24.0,24.0,2023
290405,16.0,16.0,2023
290410,23.0,23.0,2023
290420,43.0,43.0,2023
290430,19.0,19.0,2023
290440,35.0,35.0,2023
290450,15.0,15.0,2023
290460,124.0,112.0,2023
290475,20.0,20.0,2023
290480,14.0,14.0,2023
290485,1.0,1.0,2023
290490,83.0,83.0,2023
290500,52.0,50.0,2023
290510,36.0,36.0,2023
290520,176.0,154.0,2023
290530,33.0,33.0,2023
290550,39.0,39.0,2023
290560,96.0,96.0,2023
290570,695.0,292.0,2023
290580,17.0,17.0,2023
290590,77.0,36.0,2023
290600,74.0,53.0,2023
290610,24.0,24.0,2023
290620,36.0,36.0,2023
290630,75.0,65.0,2023
290640,7.0,7.0,2023
290650,121.0,76.0,2023
290660,37.0,37.0,2023
290670,57.0,57.0,2023
290680,52.0,52.0,2023
290682,41.0,41.0,2023
290685,18.0,18.0,2023
290687,57.0,57.0,2023
290689,3.0,3.0,2023
290690,59.0,59.0,2023
290700,5.0,5.0,2023
290710,30.0,30.0,2023
290720,41.0,41.0,2023
290730,60.0,50.0,2023
290750,112.0,57.0,2023
290755,8.0,8.0,2023
290760,42.0,42.0,2023
290770,15.0,15.0,2023
290780,48.0,45.0,2023
290790,30.0,30.0,2023
290800,50.0,50.0,2023
290810,31.0,31.0,2023
290820,5.0,5.0,2023
290830,32.0,32.0,2023
290840,214.0,119.0,2023
290850,54.0,42.0,2023
290860,15.0,15.0,2023
290870,16.0,16.0,2023
290890,32.0,32.0,2023
290900,5.0,5.0,2023
290910,36.0,36.0,2023
290930,40.0,35.0,2023
290940,12.0,12.0,2023
290950,24.0,24.0,2023
290960,23.0,23.0,2023
290970,69.0,69.0,2023
290980,118.0,96.0,2023
290990,26.0,26.0,2023
291005,94.0,62.0,2023
291010,19.0,19.0,2023
291030,12.0,12.0,2023
291040,49.0,49.0,2023
291050,30.0,30.0,2023
291060,74.0,74.0,2023
291070,71.0,71.0,2023
291072,208.0,109.0,2023
291077,11.0,11.0,2023
291080,1616.0,1063.0,2023
291085,31.0,31.0,2023
291110,29.0,29.0,2023
291120,54.0,50.0,2023
291130,18.0,18.0,2023
291150,5.0,5.0,2023
291160,42.0,2.0,2023
291170,265.0,219.0,2023
291180,26.0,26.0,2023
291190,34.0,34.0,2023
291200,34.0,34.0,2023
291210,32.0,32.0,2023
291230,21.0,21.0,2023
291240,44.0,11.0,2023
291250,14.0,14.0,2023
291260,2.0,2.0,2023
291270,30.0,30.0,2023
291280,23.0,23.0,2023
291290,60.0,60.0,2023
291300,62.0,30.0,2023
291310,49.0,48.0,2023
291320,83.0,55.0,2023
291330,22.0,22.0,2023
291340,29.0,29.0,2023
291345,8.0,8.0,2023
291350,84.0,80.0,2023
291360,626.0,403.0,2023
291370,50.0,50.0,2023
291380,9.0,9.0,2023
291390,131.0,62.0,2023
291400,49.0,48.0,2023
291410,24.0,24.0,2023
291420,29.0,29.0,2023
291430,16.0,16.0,2023
291440,47.0,47.0,2023
291450,33.0,33.0,2023
291460,262.0,236.0,2023
291465,46.0,46.0,2023
291470,215.0,212.0,2023
291480,605.0,503.0,2023
291490,61.0,61.0,2023
291500,11.0,11.0,2023
291510,8.0,8.0,2023
291520,5.0,5.0,2023
291530,20.0,20.0,2023
291535,24.0,24.0,2023
291540,12.0,12.0,2023
291550,60.0,60.0,2023
291560,84.0,83.0,2023
291580,50.0,50.0,2023
291600,54.0,54.0,2023
291610,52.0,52.0,2023
291630,12.0,12.0,2023
291640,130.0,94.0,2023
291650,57.0,57.0,2023
291660,16.0,16.0,2023
291670,19.0,19.0,2023
291680,30.0,30.0,2023
291685,12.0,12.0,2023
291690,85.0,85.0,2023
291700,40.0,40.0,2023
291710,41.0,41.0,2023
291720,24.0,24.0,2023
291730,33.0,33.0,2023
291733,14.0,14.0,2023
291735,30.0,30.0,2023
291740,30.0,30.0,2023
291750,132.0,73.0,2023
291760,117.0,117.0,2023
291770,32.0,32.0,2023
291800,658.0,497.0,2023
291810,31.0,31.0,2023
291820,30.0,30.0,2023
291830,14.0,14.0,2023
291835,32.0,32.0,2023
291840,639.0,506.0,2023
291845,24.0,24.0,2023
291850,31.0,31.0,2023
291855,37.0,37.0,2023
291860,16.0,16.0,2023
291875,17.0,17.0,2023
291880,41.0,41.0,2023
291905,27.0,27.0,2023
291910,7.0,7.0,2023
291915,50.0,50.0,2023
291920,634.0,480.0,2023
291930,10.0,10.0,2023
291940,20.0,20.0,2023
291950,90.0,52.0,2023
291955,204.0,148.0,2023
291960,20.0,20.0,2023
291970,27.0,27.0,2023
291980,80.0,67.0,2023
291990,20.0,20.0,2023
291992,28.0,28.0,2023
292000,14.0,14.0,2023
292010,27.0,27.0,2023
292020,21.0,21.0,2023
292045,8.0,8.0,2023
292050,42.0,42.0,2023
292060,14.0,14.0,2023
292080,19.0,19.0,2023
292100,60.0,38.0,2023
292105,21.0,21.0,2023
292110,40.0,40.0,2023
292120,87.0,87.0,2023
292130,21.0,21.0,2023
292140,3.0,3.0,2023
292150,69.0,68.0,2023
292160,2.0,2.0,2023
292170,56.0,47.0,2023
292180,24.0,24.0,2023
292190,32.0,32.0,2023
292200,97.0,69.0,2023
292205,34.0,34.0,2023
292210,32.0,32.0,2023
292230,31.0,31.0,2023
292240,45.0,45.0,2023
292250,50.0,50.0,2023
292265,30.0,30.0,2023
292270,30.0,30.0,2023
292273,15.0,5.0,2023
292290,19.0,19.0,2023
292300,64.0,64.0,2023
292310,22.0,22.0,2023
292320,19.0,19.0,2023
292330,15.0,15.0,2023
292335,17.0,17.0,2023
292340,54.0,54.0,2023
292360,89.0,81.0,2023
292370,36.0,36.0,2023
292380,21.0,18.0,2023
292390,13.0,13.0,2023
292400,281.0,222.0,2023
292405,8.0,8.0,2023
292430,26.0,26.0,2023
292440,30.0,30.0,2023
292450,24.0,24.0,2023
292460,58.0,58.0,2023
292465,15.0,6.0,2023
292470,17.0,17.0,2023
292480,25.0,25.0,2023
292490,36.0,36.0,2023
292500,59.0,59.0,2023
292510,57.0,57.0,2023
292520,147.0,135.0,2023
292525,37.0,37.0,2023
292530,192.0,154.0,2023
292540,21.0,21.0,2023
292550,42.0,42.0,2023
292560,17.0,17.0,2023
292570,37.0,37.0,2023
292575,17.0,17.0,2023
292580,50.0,50.0,2023
292590,17.0,17.0,2023
292595,22.0,22.0,2023
292600,90.0,53.0,2023
292610,24.0,24.0,2023
292620,29.0,29.0,2023
292630,121.0,115.0,2023
292640,59.0,59.0,2023
292650,10.0,10.0,2023
292660,102.0,91.0,2023
292670,16.0,16.0,2023
292690,27.0,27.0,2023
292700,57.0,57.0,2023
292710,12.0,12.0,2023
292720,120.0,113.0,2023
292730,9.0,9.0,2023
292740,8016.0,5360.0,2023
292750,10.0,10.0,2023
292770,22.0,22.0,2023
292790,41.0,41.0,2023
292800,112.0,108.0,2023
292810,59.0,48.0,2023
292820,36.0,36.0,2023
292830,13.0,13.0,2023
292840,24.0,24.0,2023
292850,28.0,28.0,2023
292860,86.0,79.0,2023
292870,416.0,309.0,2023
292880,85.0,62.0,2023
292890,30.0,30.0,2023
292895,20.0,20.0,2023
292900,90.0,85.0,2023
292905,49.0,22.0,2023
292910,18.0,18.0,2023
292920,34.0,33.0,2023
292925,34.0,34.0,2023
292930,37.0,37.0,2023
292940,29.0,29.0,2023
292950,53.0,53.0,2023
292960,77.0,77.0,2023
292970,25.0,25.0,2023
292975,13.0,13.0,2023
292980,39.0,39.0,2023
292990,106.0,98.0,2023
293000,20.0,20.0,2023
293010,111.0,73.0,2023
293015,31.0,31.0,2023
293020,32.0,32.0,2023
293030,37.0,37.0,2023
293040,26.0,26.0,2023
293050,205.0,160.0,2023
293060,33.0,33.0,2023
293070,78.0,72.0,2023
293075,17.0,17.0,2023
293077,35.0,35.0,2023
293080,12.0,12.0,2023
293090,32.0,32.0,2023
293100,16.0,16.0,2023
293105,30.0,30.0,2023
293110,20.0,20.0,2023
293120,26.0,26.0,2023
293130,33.0,33.0,2023
293135,257.0,179.0,2023
293150,17.0,17.0,2023
293160,24.0,24.0,2023
293170,7.0,7.0,2023
293180,19.0,19.0,2023
293190,58.0,30.0,2023
293200,24.0,24.0,2023
293210,71.0,71.0,2023
293220,100.0,100.0,2023
293230,41.0,41.0,2023
293240,30.0,30.0,2023
293245,5.0,5.0,2023
293250,47.0,47.0,2023
293260,34.0,34.0,2023
293280,24.0,24.0,2023
293290,90.0,78.0,2023
293300,68.0,64.0,2023
293305,21.0,21.0,2023
293310,30.0,30.0,2023
293315,17.0,17.0,2023
293325,15.0,15.0,2023
293330,990.0,727.0,2023
293340,45.0,43.0,2023
293345,28.0,28.0,2023
293350,44.0,44.0,2023
293360,87.0,87.0,2023
310010,12.0,12.0,2023
310020,46.0,41.0,2023
310030,66.0,59.0,2023
310060,15.0,15.0,2023
310090,66.0,61.0,2023
310100,47.0,46.0,2023
310110,53.0,43.0,2023
310120,39.0,33.0,2023
310130,17.0,13.0,2023
310150,86.0,48.0,2023
310160,459.0,208.0,2023
310170,77.0,72.0,2023
310190,44.0,40.0,2023
310200,26.0,20.0,2023
310210,17.0,16.0,2023
310230,36.0,31.0,2023
310260,52.0,37.0,2023
310270,35.0,35.0,2023
310280,52.0,39.0,2023
310290,13.0,12.0,2023
310340,72.0,60.0,2023
310350,491.0,353.0,2023
310375,14.0,14.0,2023
310400,218.0,142.0,2023
310410,8.0,8.0,2023
310420,65.0,43.0,2023
310430,15.0,15.0,2023
310450,36.0,36.0,2023
310470,38.0,38.0,2023
310490,59.0,48.0,2023
310510,165.0,77.0,2023
310540,34.0,34.0,2023
310560,819.0,383.0,2023
310590,48.0,42.0,2023
310620,8943.0,5171.0,2023
310630,50.0,47.0,2023
310640,31.0,31.0,2023
310650,40.0,40.0,2023
310670,724.0,397.0,2023
310690,35.0,28.0,2023
310710,71.0,55.0,2023
310730,70.0,70.0,2023
310740,87.0,66.0,2023
310750,29.0,29.0,2023
310780,40.0,33.0,2023
310800,66.0,50.0,2023
310820,7.0,7.0,2023
310830,8.0,,2023
310840,19.0,15.0,2023
310860,114.0,105.0,2023
310890,24.0,17.0,2023
310900,51.0,51.0,2023
310910,25.0,19.0,2023
310930,31.0,21.0,2023
310940,31.0,31.0,2023
310950,42.0,30.0,2023
310990,44.0,37.0,2023
311000,51.0,46.0,2023
311030,49.0,25.0,2023
311050,23.0,19.0,2023
311060,49.0,35.0,2023
311070,36.0,29.0,2023
311090,22.0,20.0,2023
311100,46.0,38.0,2023
311110,36.0,25.0,2023
311120,109.0,77.0,2023
311130,10.0,10.0,2023
311150,38.0,35.0,2023
311160,51.0,45.0,2023
311180,25.0,23.0,2023
311200,22.0,18.0,2023
311230,54.0,49.0,2023
311260,31.0,31.0,2023
311280,17.0,14.0,2023
311300,44.0,43.0,2023
311320,47.0,39.0,2023
311330,201.0,145.0,2023
311340,232.0,156.0,2023
311350,21.0,21.0,2023
311360,20.0,14.0,2023
311370,46.0,46.0,2023
311380,10.0,10.0,2023
311390,37.0,37.0,2023
311400,10.0,10.0,2023
311410,34.0,30.0,2023
311430,44.0,35.0,2023
311440,30.0,28.0,2023
311450,38.0,26.0,2023
311460,21.0,17.0,2023
311510,56.0,50.0,2023
311530,121.0,78.0,2023
311550,33.0,31.0,2023
311570,22.0,22.0,2023
311580,19.0,19.0,2023
311615,18.0,18.0,2023
311630,14.0,14.0,2023
311660,41.0,34.0,2023
311680,38.0,38.0,2023
311690,5.0,5.0,2023
311710,19.0,19.0,2023
311730,22.0,18.0,2023
311750,43.0,39.0,2023
311770,34.0,28.0,2023
311800,86.0,55.0,2023
311820,15.0,11.0,2023
311830,242.0,162.0,2023
311840,53.0,44.0,2023
311860,622.0,435.0,2023
311880,40.0,40.0,2023
311930,30.0,26.0,2023
311940,137.0,63.0,2023
312020,19.0,19.0,2023
312050,25.0,23.0,2023
312080,66.0,61.0,2023
312090,189.0,141.0,2023
312100,21.0,21.0,2023
312120,19.0,14.0,2023
312160,179.0,161.0,2023
312180,9.0,,2023
312200,37.0,30.0,2023
312210,21.0,21.0,2023
312230,656.0,199.0,2023
312235,1.0,,2023
312240,7.0,,2023
312245,1.0,1.0,2023
312260,19.0,19.0,2023
312270,7.0,6.0,2023
312320,40.0,30.0,2023
312360,40.0,40.0,2023
312390,64.0,61.0,2023
312400,16.0,16.0,2023
312410,57.0,52.0,2023
312420,47.0,42.0,2023
312430,40.0,40.0,2023
312450,25.0,20.0,2023
312470,21.0,21.0,2023
312480,4.0,4.0,2023
312490,27.0,21.0,2023
312510,71.0,42.0,2023
312550,8.0,8.0,2023
312560,45.0,42.0,2023
312590,25.0,24.0,2023
312595,19.0,19.0,2023
312610,99.0,57.0,2023
312620,10.0,10.0,2023
312650,11.0,11.0,2023
312670,50.0,50.0,2023
312690,16.0,16.0,2023
312710,80.0,45.0,2023
312760,28.0,26.0,2023
312770,554.0,399.0,2023
312780,50.0,50.0,2023
312800,90.0,68.0,2023
312810,29.0,24.0,2023
312820,23.0,23.0,2023
312830,34.0,22.0,2023
312860,16.0,16.0,2023
312870,119.0,55.0,2023
312910,12.0,12.0,2023
312940,23.0,23.0,2023
312950,29.0,25.0,2023
312970,12.0,12.0,2023
312980,92.0,92.0,2023
313010,37.0,37.0,2023
313030,30.0,18.0,2023
313050,40.0,38.0,2023
313090,48.0,45.0,2023
313120,90.0,44.0,2023
313130,616.0,364.0,2023
313170,238.0,174.0,2023
313180,21.0,21.0,2023
313190,75.0,49.0,2023
313210,38.0,38.0,2023
313220,45.0,40.0,2023
313230,28.0,28.0,2023
313240,188.0,122.0,2023
313250,97.0,74.0,2023
313270,83.0,78.0,2023
313290,18.0,14.0,2023
313300,47.0,47.0,2023
313310,56.0,48.0,2023
313320,20.0,18.0,2023
313330,64.0,59.0,2023
313350,45.0,37.0,2023
313375,40.0,34.0,2023
313380,116.0,79.0,2023
313420,225.0,146.0,2023
313440,71.0,58.0,2023
313460,32.0,31.0,2023
313470,49.0,48.0,2023
313480,12.0,10.0,2023
313490,37.0,26.0,2023
313505,27.0,25.0,2023
313510,163.0,125.0,2023
313520,65.0,61.0,2023
313540,27.0,27.0,2023
313580,56.0,50.0,2023
313600,33.0,33.0,2023
313620,135.0,90.0,2023
313630,65.0,48.0,2023
313650,27.0,27.0,2023
313665,14.0,14.0,2023
313670,2501.0,1431.0,2023
313690,14.0,11.0,2023
313700,21.0,21.0,2023
313710,9.0,9.0,2023
313720,64.0,48.0,2023
313750,18.0,18.0,2023
313760,75.0,43.0,2023
313770,52.0,40.0,2023
313780,50.0,45.0,2023
313790,8.0,8.0,2023
313800,23.0,20.0,2023
313820,207.0,130.0,2023
313840,100.0,78.0,2023
313860,36.0,30.0,2023
313880,40.0,35.0,2023
313890,46.0,44.0,2023
313900,58.0,44.0,2023
313920,43.0,43.0,2023
313930,43.0,39.0,2023
313940,185.0,145.0,2023
313950,108.0,59.0,2023
313960,85.0,69.0,2023
313980,38.0,30.0,2023
313990,30.0,30.0,2023
314000,67.0,56.0,2023
314050,18.0,14.0,2023
314070,67.0,51.0,2023
314080,30.0,,2023
314090,50.0,45.0,2023
314100,4.0,4.0,2023
314110,49.0,38.0,2023
314120,10.0,10.0,2023
314140,53.0,49.0,2023
314150,21.0,21.0,2023
314160,20.0,12.0,2023
314180,61.0,42.0,2023
314190,20.0,13.0,2023
314200,30.0,28.0,2023
314220,46.0,30.0,2023
314240,13.0,12.0,2023
314260,44.0,39.0,2023
314270,34.0,31.0,2023
314280,22.0,18.0,2023
314290,42.0,40.0,2023
314300,18.0,13.0,2023
314310,118.0,99.0,2023
314320,50.0,28.0,2023
314330,1001.0,697.0,2023
314350,20.0,19.0,2023
314390,495.0,308.0,2023
314400,50.0,46.0,2023
314410,50.0,27.0,2023
314430,75.0,46.0,2023
314450,15.0,15.0,2023
314460,40.0,36.0,2023
314470,43.0,30.0,2023
314480,304.0,71.0,2023
314500,28.0,23.0,2023
314510,18.0,18.0,2023
314520,76.0,52.0,2023
314530,36.0,35.0,2023
314560,109.0,67.0,2023
314590,96.0,37.0,2023
314600,50.0,40.0,2023
314610,118.0,75.0,2023
314630,40.0,38.0,2023
314650,18.0,18.0,2023
314670,27.0,21.0,2023
314700,288.0,89.0,2023
314710,106.0,71.0,2023
314720,33.0,30.0,2023
314730,50.0,42.0,2023
314750,14.0,14.0,2023
314760,49.0,29.0,2023
314770,19.0,11.0,2023
314790,318.0,189.0,2023
314800,381.0,200.0,2023
314810,186.0,126.0,2023
314860,52.0,51.0,2023
314870,69.0,61.0,2023
314910,14.0,9.0,2023
314920,8.0,8.0,2023
314930,77.0,65.0,2023
314980,24.0,21.0,2023
314990,52.0,38.0,2023
315030,14.0,14.0,2023
315050,12.0,12.0,2023
315080,25.0,24.0,2023
315110,32.0,32.0,2023
315120,153.0,91.0,2023
315140,50.0,34.0,2023
315150,76.0,47.0,2023
315160,6.0,6.0,2023
315170,64.0,60.0,2023
315180,550.0,250.0,2023
315190,18.0,18.0,2023
315200,32.0,30.0,2023
315210,252.0,187.0,2023
315220,48.0,40.0,2023
315240,33.0,32.0,2023
315250,377.0,236.0,2023
315260,27.0,26.0,2023
315270,33.0,30.0,2023
315280,28.0,26.0,2023
315290,17.0,15.0,2023
315300,2.0,2.0,2023
315310,18.0,18.0,2023
315340,18.0,18.0,2023
315400,49.0,36.0,2023
315410,34.0,30.0,2023
315420,49.0,39.0,2023
315430,65.0,56.0,2023
315460,101.0,95.0,2023
315470,12.0,11.0,2023
315480,6.0,6.0,2023
315490,48.0,41.0,2023
315520,18.0,18.0,2023
315550,25.0,25.0,2023
315560,40.0,40.0,2023
315570,32.0,25.0,2023
315580,46.0,28.0,2023
315590,17.0,16.0,2023
315600,32.0,32.0,2023
315640,5.0,5.0,2023
315660,38.0,35.0,2023
315670,111.0,105.0,2023
315680,42.0,42.0,2023
315690,50.0,30.0,2023
315700,107.0,70.0,2023
315710,15.0,13.0,2023
315720,50.0,31.0,2023
315770,41.0,41.0,2023
315780,185.0,169.0,2023
315790,31.0,31.0,2023
315800,13.0,10.0,2023
315820,41.0,41.0,2023
315920,43.0,,2023
315930,19.0,17.0,2023
315960,54.0,37.0,2023
315970,2.0,2.0,2023
315980,39.0,34.0,2023
315990,38.0,34.0,2023
316030,8.0,,2023
316040,54.0,44.0,2023
316070,66.0,57.0,2023
316100,40.0,36.0,2023
316110,59.0,59.0,2023
316200,47.0,28.0,2023
316210,53.0,35.0,2023
316220,23.0,17.0,2023
316240,31.0,31.0,2023
316250,233.0,131.0,2023
316257,12.0,12.0,2023
316270,48.0,42.0,2023
316280,49.0,47.0,2023
316290,44.0,39.0,2023
316292,24.0,24.0,2023
316370,122.0,66.0,2023
316390,8.0,8.0,2023
316420,18.0,18.0,2023
316430,12.0,12.0,2023
316470,367.0,285.0,2023
316500,45.0,30.0,2023
316510,1.0,,2023
316530,30.0,23.0,2023
316570,8.0,6.0,2023
316680,37.0,37.0,2023
316690,14.0,13.0,2023
316710,69.0,50.0,2023
316720,343.0,241.0,2023
316800,98.0,76.0,2023
316840,52.0,49.0,2023
316860,334.0,267.0,2023
316870,43.0,37.0,2023
316890,14.0,14.0,2023
316920,37.0,25.0,2023
316930,167.0,115.0,2023
316935,35.0,27.0,2023
316940,116.0,62.0,2023
316960,22.0,18.0,2023
316970,46.0,39.0,2023
316990,310.0,230.0,2023
317005,2.0,,2023
317010,881.0,657.0,2023
317020,1466.0,949.0,2023
317040,136.0,71.0,2023
317043,34.0,34.0,2023
317052,31.0,31.0,2023
317070,305.0,186.0,2023
317080,53.0,53.0,2023
317090,23.0,23.0,2023
317100,50.0,34.0,2023
317120,59.0,53.0,2023
317130,213.0,142.0,2023
317160,39.0,39.0,2023
317170,37.0,37.0,2023
317180,48.0,46.0,2023
317200,90.0,60.0,2023
320010,63.0,57.0,2023
320020,47.0,40.0,2023
320040,184.0,107.0,2023
320050,16.0,16.0,2023
320060,123.0,88.0,2023
320070,11.0,11.0,2023
320080,52.0,52.0,2023
320090,86.0,61.0,2023
320100,38.0,30.0,2023
320115,4.0,4.0,2023
320120,619.0,484.0,2023
320130,379.0,237.0,2023
320140,55.0,55.0,2023
320150,420.0,306.0,2023
320160,29.0,29.0,2023
320170,23.0,20.0,2023
320190,102.0,95.0,2023
320210,56.0,46.0,2023
320220,72.0,27.0,2023
320230,70.0,58.0,2023
320240,197.0,114.0,2023
320245,14.0,14.0,2023
320250,1.0,1.0,2023
320270,12.0,12.0,2023
320280,90.0,84.0,2023
320290,38.0,36.0,2023
320300,65.0,55.0,2023
320305,22.0,22.0,2023
320310,50.0,50.0,2023
320313,51.0,33.0,2023
320316,23.0,23.0,2023
320320,402.0,259.0,2023
320332,80.0,20.0,2023
320340,39.0,29.0,2023
320350,35.0,32.0,2023
320360,19.0,19.0,2023
320370,22.0,19.0,2023
320380,21.0,21.0,2023
320390,64.0,51.0,2023
320400,20.0,20.0,2023
320405,36.0,30.0,2023
320410,32.0,32.0,2023
320420,42.0,31.0,2023
320425,8.0,8.0,2023
320435,26.0,26.0,2023
320450,25.0,25.0,2023
320455,58.0,56.0,2023
320460,106.0,75.0,2023
320470,170.0,20.0,2023
320480,98.0,76.0,2023
320490,329.0,235.0,2023
320500,983.0,607.0,2023
320501,6.0,6.0,2023
320503,30.0,30.0,2023
320506,84.0,69.0,2023
320520,1131.0,563.0,2023
320530,1837.0,1186.0,2023
330010,236.0,199.0,2023
330015,35.0,35.0,2023
330020,166.0,131.0,2023
330022,21.0,21.0,2023
330023,69.0,69.0,2023
330025,76.0,76.0,2023
330030,286.0,238.0,2023
330040,394.0,194.0,2023
330045,400.0,275.0,2023
330050,65.0,60.0,2023
330060,170.0,118.0,2023
330070,436.0,214.0,2023
330080,78.0,78.0,2023
330090,42.0,33.0,2023
330093,8.0,8.0,2023
330095,41.0,1.0,2023
330100,1675.0,1019.0,2023
330110,83.0,71.0,2023
330120,41.0,38.0,2023
330130,54.0,54.0,2023
330140,21.0,21.0,2023
330150,50.0,50.0,2023
330160,30.0,30.0,2023
330170,1165.0,924.0,2023
330180,29.0,23.0,2023
330185,155.0,91.0,2023
330190,317.0,282.0,2023
330200,168.0,99.0,2023
330205,56.0,,2023
330210,62.0,31.0,2023
330220,352.0,223.0,2023
330225,36.0,36.0,2023
330227,30.0,30.0,2023
330230,32.0,30.0,2023
330240,601.0,309.0,2023
330250,208.0,157.0,2023
330260,64.0,64.0,2023
330270,186.0,185.0,2023
330280,97.0,87.0,2023
330285,189.0,113.0,2023
330290,68.0,68.0,2023
330300,56.0,29.0,2023
330310,49.0,39.0,2023
330320,228.0,94.0,2023
330330,2307.0,938.0,2023
330340,713.0,469.0,2023
330350,1163.0,674.0,2023
330360,87.0,69.0,2023
330370,128.0,120.0,2023
330380,59.0,59.0,2023
330390,1659.0,945.0,2023
330395,33.0,33.0,2023
330400,52.0,47.0,2023
330410,1.0,1.0,2023
330411,45.0,45.0,2023
330412,33.0,33.0,2023
330414,121.0,121.0,2023
330415,67.0,67.0,2023
330420,331.0,159.0,2023
330430,118.0,93.0,2023
330440,41.0,41.0,2023
330450,27.0,27.0,2023
330452,124.0,112.0,2023
330455,16473.0,8311.0,2023
330460,23.0,23.0,2023
330470,176.0,83.0,2023
330475,39.0,39.0,2023
330480,111.0,102.0,2023
330490,1045.0,723.0,2023
330500,59.0,59.0,2023
330510,310.0,172.0,2023
330515,48.0,48.0,2023
330520,77.0,54.0,2023
330530,48.0,40.0,2023
330540,4.0,4.0,2023
330550,156.0,156.0,2023
330555,35.0,35.0,2023
330560,40.0,40.0,2023
330570,28.0,28.0,2023
330575,64.0,14.0,2023
330580,367.0,223.0,2023
330590,38.0,31.0,2023
330600,91.0,63.0,2023
330610,313.0,288.0,2023
330615,23.0,23.0,2023
330620,378.0,284.0,2023
330630,840.0,494.0,2023
350010,195.0,138.0,2023
350030,24.0,24.0,2023
350050,42.0,30.0,2023
350070,54.0,38.0,2023
350100,21.0,19.0,2023
350110,22.0,19.0,2023
350115,120.0,,2023
350130,18.0,16.0,2023
350160,440.0,154.0,2023
350170,253.0,253.0,2023
350190,374.0,216.0,2023
350210,108.0,69.0,2023
350220,57.0,54.0,2023
350250,92.0,69.0,2023
350260,14.0,13.0,2023
350270,51.0,45.0,2023
350280,418.0,269.0,2023
350290,330.0,45.0,2023
350310,6.0,6.0,2023
350320,484.0,254.0,2023
350330,418.0,165.0,2023
350340,32.0,15.0,2023
350380,8.0,8.0,2023
350390,36.0,36.0,2023
350400,277.0,151.0,2023
350410,266.0,60.0,2023
350420,44.0,35.0,2023
350450,178.0,132.0,2023
350490,15.0,15.0,2023
350520,58.0,45.0,2023
350530,51.0,36.0,2023
350550,486.0,413.0,2023
350570,524.0,430.0,2023
350580,30.0,23.0,2023
350590,133.0,101.0,2023
350600,1329.0,761.0,2023
350610,175.0,137.0,2023
350630,23.0,23.0,2023
350635,49.0,49.0,2023
350640,36.0,35.0,2023
350650,148.0,66.0,2023
350660,13.0,13.0,2023
350670,16.0,15.0,2023
350680,18.0,18.0,2023
350700,54.0,39.0,2023
350710,11.0,11.0,2023
350740,26.0,16.0,2023
350750,820.0,511.0,2023
350760,364.0,203.0,2023
350790,41.0,35.0,2023
350810,40.0,26.0,2023
350840,66.0,15.0,2023
350850,199.0,75.0,2023
350860,32.0,32.0,2023
350870,50.0,50.0,2023
350880,45.0,34.0,2023
350900,122.0,69.0,2023
350920,139.0,39.0,2023
350930,32.0,21.0,2023
350940,140.0,55.0,2023
350950,2785.0,1371.0,2023
350960,54.0,54.0,2023
350970,195.0,185.0,2023
351000,30.0,25.0,2023
351020,45.0,37.0,2023
351030,59.0,14.0,2023
351040,104.0,61.0,2023
351050,327.0,259.0,2023
351060,270.0,220.0,2023
351070,31.0,10.0,2023
351080,406.0,398.0,2023
351100,31.0,30.0,2023
351110,622.0,374.0,2023
351140,38.0,35.0,2023
351150,38.0,26.0,2023
351160,27.0,23.0,2023
351170,33.0,26.0,2023
351190,24.0,21.0,2023
351200,54.0,41.0,2023
351210,20.0,20.0,2023
351220,52.0,40.0,2023
351230,15.0,14.0,2023
351260,2.0,2.0,2023
351270,2.0,2.0,2023
351280,61.0,28.0,2023
351300,518.0,133.0,2023
351310,15.0,13.0,2023
351340,121.0,83.0,2023
351350,119.0,119.0,2023
351360,40.0,25.0,2023
351370,40.0,25.0,2023
351380,594.0,555.0,2023
351390,186.0,186.0,2023
351410,67.0,47.0,2023
351430,15.0,15.0,2023
351440,143.0,108.0,2023
351450,87.0,77.0,2023
351480,2.0,2.0,2023
351490,6.0,6.0,2023
351500,244.0,89.0,2023
351510,15.0,15.0,2023
351518,415.0,336.0,2023
351520,51.0,45.0,2023
351540,20.0,12.0,2023
351550,135.0,84.0,2023
351570,189.0,189.0,2023
351600,47.0,30.0,2023
351620,565.0,404.0,2023
351630,168.0,168.0,2023
351640,434.0,384.0,2023
351660,45.0,27.0,2023
351670,269.0,240.0,2023
351690,28.0,19.0,2023
351700,38.0,36.0,2023
351740,71.0,53.0,2023
351770,60.0,52.0,2023
351780,23.0,15.0,2023
351820,74.0,48.0,2023
351830,31.0,29.0,2023
351840,283.0,166.0,2023
351860,61.0,53.0,2023
351870,447.0,306.0,2023
351880,1901.0,1423.0,2023
351900,58.0,58.0,2023
351907,106.0,84.0,2023
351910,30.0,28.0,2023
351930,38.0,27.0,2023
351940,27.0,9.0,2023
351960,104.0,49.0,2023
351970,245.0,70.0,2023
351990,18.0,18.0,2023
352010,43.0,32.0,2023
352020,8.0,8.0,2023
352040,39.0,39.0,2023
352044,110.0,74.0,2023
352050,454.0,270.0,2023
352070,36.0,4.0,2023
352090,49.0,28.0,2023
352100,15.0,15.0,2023
352110,1.0,,2023
352130,50.0,43.0,2023
352140,3.0,3.0,2023
352170,19.0,19.0,2023
352180,31.0,31.0,2023
352190,50.0,35.0,2023
352210,145.0,145.0,2023
352220,633.0,195.0,2023
352230,191.0,148.0,2023
352240,147.0,102.0,2023
352250,360.0,224.0,2023
352260,927.0,538.0,2023
352270,69.0,43.0,2023
352280,41.0,29.0,2023
352290,35.0,35.0,2023
352310,273.0,267.0,2023
352320,78.0,51.0,2023
352340,120.0,61.0,2023
352350,14.0,7.0,2023
352360,10.0,10.0,2023
352390,465.0,351.0,2023
352400,86.0,48.0,2023
352410,120.0,53.0,2023
352420,17.0,17.0,2023
352430,277.0,46.0,2023
352440,354.0,165.0,2023
352450,216.0,168.0,2023
352470,84.0,84.0,2023
352480,151.0,103.0,2023
352500,15.0,,2023
352520,29.0,17.0,2023
352530,876.0,569.0,2023
352550,11.0,11.0,2023
352570,67.0,37.0,2023
352590,876.0,464.0,2023
352600,46.0,25.0,2023
352620,1.0,1.0,2023
352640,46.0,28.0,2023
352670,135.0,77.0,2023
352680,171.0,44.0,2023
352690,386.0,172.0,2023
352710,369.0,279.0,2023
352720,200.0,85.0,2023
352730,32.0,28.0,2023
352740,36.0,30.0,2023
352800,31.0,18.0,2023
352810,15.0,10.0,2023
352850,44.0,44.0,2023
352880,26.0,22.0,2023
352900,855.0,572.0,2023
352920,45.0,40.0,2023
352930,151.0,87.0,2023
352940,528.0,261.0,2023
352970,72.0,51.0,2023
352980,11.0,11.0,2023
353010,88.0,88.0,2023
353020,23.0,23.0,2023
353030,79.0,28.0,2023
353050,137.0,78.0,2023
353060,848.0,591.0,2023
353070,347.0,155.0,2023
353080,172.0,109.0,2023
353110,36.0,36.0,2023
353130,96.0,49.0,2023
353140,80.0,30.0,2023
353150,70.0,51.0,2023
353180,35.0,26.0,2023
353190,47.0,35.0,2023
353200,9.0,8.0,2023
353240,20.0,20.0,2023
353250,21.0,10.0,2023
353260,129.0,35.0,2023
353290,18.0,13.0,2023
353300,62.0,19.0,2023
353340,35.0,35.0,2023
353350,73.0,41.0,2023
353390,79.0,47.0,2023
353430,98.0,60.0,2023
353440,949.0,629.0,2023
353460,72.0,58.0,2023
353470,167.0,97.0,2023
353475,33.0,28.0,2023
353520,20.0,12.0,2023
353530,43.0,29.0,2023
353550,96.0,73.0,2023
353580,15.0,15.0,2023
353600,32.0,26.0,2023
353620,154.0,154.0,2023
353630,35.0,23.0,2023
353650,79.0,79.0,2023
353660,24.0,18.0,2023
353670,62.0,54.0,2023
353700,64.0,55.0,2023
353710,85.0,75.0,2023
353720,3.0,3.0,2023
353730,138.0,120.0,2023
353740,52.0,47.0,2023
353760,18.0,15.0,2023
353780,79.0,59.0,2023
353790,35.0,27.0,2023
353800,255.0,129.0,2023
353860,42.0,28.0,2023
353870,732.0,375.0,2023
353880,68.0,49.0,2023
353890,290.0,85.0,2023
353900,47.0,22.0,2023
353930,127.0,67.0,2023
353940,23.0,21.0,2023
353950,56.0,32.0,2023
353980,10.0,10.0,2023
354000,26.0,19.0,2023
354020,23.0,19.0,2023
354040,18.0,6.0,2023
354060,63.0,45.0,2023
354070,55.0,33.0,2023
354080,32.0,28.0,2023
354100,378.0,216.0,2023
354120,51.0,40.0,2023
354130,78.0,68.0,2023
354140,1095.0,735.0,2023
354150,102.0,62.0,2023
354160,64.0,64.0,2023
354190,19.0,19.0,2023
354220,103.0,71.0,2023
354240,40.0,31.0,2023
354260,242.0,195.0,2023
354290,13.0,10.0,2023
354300,26.0,26.0,2023
354330,156.0,42.0,2023
354340,2242.0,1425.0,2023
354380,23.0,20.0,2023
354390,387.0,210.0,2023
354400,72.0,64.0,2023
354420,36.0,25.0,2023
354425,80.0,80.0,2023
354430,14.0,14.0,2023
354490,30.0,20.0,2023
354500,9.0,9.0,2023
354520,116.0,116.0,2023
354530,52.0,43.0,2023
354540,34.0,22.0,2023
354560,19.0,11.0,2023
354580,196.0,116.0,2023
354630,35.0,25.0,2023
354640,96.0,55.0,2023
354660,81.0,58.0,2023
354680,82.0,71.0,2023
354690,8.0,,2023
354700,6.0,6.0,2023
354730,62.0,62.0,2023
354750,265.0,253.0,2023
354760,32.0,19.0,2023
354770,56.0,37.0,2023
354780,1560.0,763.0,2023
354790,9.0,9.0,2023
354850,1627.0,720.0,2023
354860,40.0,26.0,2023
354870,1761.0,719.0,2023
354880,795.0,177.0,2023
354890,417.0,171.0,2023
354910,199.0,94.0,2023
354940,104.0,63.0,2023
354970,141.0,79.0,2023
354980,2169.0,1050.0,2023
354990,1590.0,735.0,2023
354995,60.0,,2023
355000,25.0,16.0,2023
355010,58.0,42.0,2023
355020,80.0,80.0,2023
355030,30293.0,15409.0,2023
355040,63.0,51.0,2023
355060,274.0,62.0,2023
355070,111.0,99.0,2023
355080,30.0,26.0,2023
355090,40.0,36.0,2023
355100,283.0,182.0,2023
355150,84.0,82.0,2023
355160,49.0,33.0,2023
355170,134.0,61.0,2023
355200,2.0,2.0,2023
355210,70.0,63.0,2023
355220,1627.0,904.0,2023
355230,22.0,20.0,2023
355240,191.0,182.0,2023
355250,352.0,191.0,2023
355260,30.0,11.0,2023
355270,35.0,22.0,2023
355280,450.0,289.0,2023
355300,29.0,24.0,2023
355320,4.0,4.0,2023
355330,36.0,28.0,2023
355340,72.0,30.0,2023
355360,16.0,15.0,2023
355370,122.0,74.0,2023
355380,47.0,32.0,2023
355400,129.0,78.0,2023
355410,516.0,366.0,2023
355430,58.0,52.0,2023
355440,34.0,30.0,2023
355450,55.0,33.0,2023
355470,20.0,13.0,2023
355480,10.0,,2023
355500,340.0,324.0,2023
355510,48.0,30.0,2023
355540,86.0,83.0,2023
355580,26.0,24.0,2023
355600,20.0,10.0,2023
355620,142.0,56.0,2023
355630,55.0,31.0,2023
355640,50.0,31.0,2023
355650,33.0,31.0,2023
355660,72.0,,2023
355670,85.0,62.0,2023
355680,48.0,30.0,2023
355700,102.0,64.0,2023
355710,211.0,115.0,2023
355720,51.0,30.0,2023
410020,3.0,3.0,2023
410030,12.0,12.0,2023
410045,19.0,19.0,2023
410050,39.0,39.0,2023
410060,20.0,19.0,2023
410080,20.0,20.0,2023
410090,13.0,13.0,2023
410100,34.0,33.0,2023
410110,62.0,57.0,2023
410120,31.0,31.0,2023
410130,2.0,2.0,2023
410140,262.0,159.0,2023
410150,388.0,322.0,2023
410160,32.0,32.0,2023
410170,20.0,20.0,2023
410180,62.0,62.0,2023
410190,49.0,38.0,2023
410200,77.0,68.0,2023
410210,99.0,90.0,2023
410240,112.0,62.0,2023
410250,1.0,1.0,2023
410280,17.0,17.0,2023
410290,43.0,43.0,2023
410305,20.0,20.0,2023
410310,9.0,9.0,2023
410320,29.0,29.0,2023
410330,26.0,26.0,2023
410360,95.0,89.0,2023
410370,118.0,82.0,2023
410390,34.0,26.0,2023
410400,356.0,323.0,2023
410420,828.0,776.0,2023
410430,215.0,149.0,2023
410440,31.0,31.0,2023
410442,41.0,39.0,2023
410450,38.0,28.0,2023
410460,34.0,32.0,2023
410470,50.0,50.0,2023
410480,964.0,590.0,2023
410490,119.0,84.0,2023
410510,25.0,25.0,2023
410520,17.0,17.0,2023
410530,36.0,28.0,2023
410540,77.0,70.0,2023
410550,164.0,124.0,2023
410560,22.0,22.0,2023
410570,56.0,49.0,2023
410580,107.0,71.0,2023
410590,101.0,80.0,2023
410600,24.0,24.0,2023
410610,20.0,20.0,2023
410620,16.0,16.0,2023
410630,33.0,33.0,2023
410640,293.0,185.0,2023
410650,61.0,46.0,2023
410660,32.0,32.0,2023
410670,11.0,11.0,2023
410680,35.0,35.0,2023
410690,5027.0,2458.0,2023
410700,19.0,16.0,2023
410710,19.0,19.0,2023
410720,51.0,41.0,2023
410750,34.0,31.0,2023
410753,12.0,10.0,2023
410760,22.0,22.0,2023
410765,47.0,47.0,2023
410775,31.0,31.0,2023
410790,23.0,23.0,2023
410800,17.0,17.0,2023
410820,45.0,44.0,2023
410830,422.0,297.0,2023
410832,10.0,10.0,2023
410840,279.0,208.0,2023
410855,10.0,10.0,2023
410860,98.0,53.0,2023
410870,26.0,26.0,2023
410880,62.0,50.0,2023
410890,16.0,16.0,2023
410900,4.0,4.0,2023
410930,39.0,38.0,2023
410940,425.0,284.0,2023
410950,14.0,14.0,2023
410960,32.0,32.0,2023
410970,51.0,51.0,2023
410975,43.0,43.0,2023
410980,127.0,63.0,2023
411030,11.0,11.0,2023
411040,16.0,16.0,2023
411050,18.0,18.0,2023
411060,31.0,31.0,2023
411070,215.0,123.0,2023
411080,19.0,19.0,2023
411095,25.0,25.0,2023
411100,21.0,21.0,2023
411125,34.0,34.0,2023
411130,17.0,17.0,2023
411140,16.0,16.0,2023
411150,211.0,190.0,2023
411170,18.0,18.0,2023
411180,117.0,86.0,2023
411190,28.0,28.0,2023
411200,71.0,71.0,2023
411210,356.0,345.0,2023
411240,19.0,16.0,2023
411250,23.0,23.0,2023
411275,34.0,30.0,2023
411280,31.0,26.0,2023
411290,14.0,14.0,2023
411300,18.0,18.0,2023
411310,23.0,23.0,2023
411320,146.0,106.0,2023
411330,117.0,100.0,2023
411345,20.0,20.0,2023
411350,138.0,118.0,2023
411370,1927.0,1210.0,2023
411375,29.0,18.0,2023
411380,16.0,16.0,2023
411390,39.0,33.0,2023
411400,14.0,14.0,2023
411420,80.0,47.0,2023
411430,46.0,46.0,2023
411440,59.0,50.0,2023
411450,32.0,32.0,2023
411460,76.0,22.0,2023
411500,23.0,23.0,2023
411520,1545.0,703.0,2023
411535,2.0,2.0,2023
411540,12.0,12.0,2023
411550,21.0,21.0,2023
411560,48.0,43.0,2023
411570,12.0,12.0,2023
411580,120.0,56.0,2023
411600,10.0,10.0,2023
411605,36.0,32.0,2023
411620,18.0,18.0,2023
411670,50.0,47.0,2023
411680,22.0,20.0,2023
411690,35.0,35.0,2023
411695,12.0,12.0,2023
411700,16.0,14.0,2023
411710,33.0,31.0,2023
411720,16.0,16.0,2023
411722,19.0,7.0,2023
411727,49.0,49.0,2023
411730,11.0,,2023
411750,32.0,32.0,2023
411760,91.0,90.0,2023
411770,36.0,30.0,2023
411790,68.0,48.0,2023
411820,199.0,123.0,2023
411830,5.0,5.0,2023
411840,207.0,140.0,2023
411845,20.0,20.0,2023
411850,272.0,166.0,2023
411890,21.0,21.0,2023
411910,53.0,50.0,2023
411915,255.0,250.0,2023
411920,33.0,6.0,2023
411940,18.0,18.0,2023
411950,723.0,498.0,2023
411960,89.0,81.0,2023
411970,12.0,12.0,2023
411980,42.0,35.0,2023
411990,682.0,477.0,2023
411995,2.0,,2023
412000,31.0,31.0,2023
412020,10.0,10.0,2023
412033,20.0,20.0,2023
412035,39.0,31.0,2023
412050,10.0,10.0,2023
412060,125.0,115.0,2023
412070,28.0,26.0,2023
412090,45.0,45.0,2023
412100,27.0,26.0,2023
412120,25.0,22.0,2023
412130,16.0,16.0,2023
412150,56.0,52.0,2023
412180,54.0,51.0,2023
412190,51.0,51.0,2023
412200,55.0,52.0,2023
412220,30.0,30.0,2023
412230,40.0,30.0,2023
412240,246.0,211.0,2023
412250,32.0,32.0,2023
412260,29.0,25.0,2023
412265,20.0,20.0,2023
412290,16.0,16.0,2023
412310,15.0,15.0,2023
412350,29.0,26.0,2023
412370,27.0,19.0,2023
412380,50.0,50.0,2023
412390,40.0,40.0,2023
412400,20.0,20.0,2023
412410,163.0,139.0,2023
412420,10.0,10.0,2023
412430,10.0,10.0,2023
412440,28.0,23.0,2023
412460,17.0,16.0,2023
412470,20.0,20.0,2023
412490,17.0,17.0,2023
412500,18.0,18.0,2023
412510,25.0,25.0,2023
412535,22.0,22.0,2023
412540,18.0,18.0,2023
412545,22.0,19.0,2023
412550,169.0,113.0,2023
412560,50.0,38.0,2023
412570,363.0,198.0,2023
412580,25.0,23.0,2023
412600,8.0,8.0,2023
412620,31.0,31.0,2023
412625,152.0,98.0,2023
412640,23.0,23.0,2023
412650,16.0,16.0,2023
412660,54.0,35.0,2023
412667,5.0,5.0,2023
412670,9.0,9.0,2023
412690,7.0,7.0,2023
412700,5.0,5.0,2023
412710,207.0,145.0,2023
412720,62.0,60.0,2023
412730,31.0,27.0,2023
412750,30.0,30.0,2023
412760,16.0,16.0,2023
412770,359.0,167.0,2023
412780,66.0,50.0,2023
412785,34.0,34.0,2023
412788,6.0,6.0,2023
412790,22.0,22.0,2023
412796,53.0,49.0,2023
412800,106.0,51.0,2023
412810,691.0,536.0,2023
412820,260.0,117.0,2023
412840,48.0,46.0,2023
412850,50.0,50.0,2023
412855,27.0,26.0,2023
412860,20.0,18.0,2023
412863,4.0,4.0,2023
420010,42.0,38.0,2023
420020,27.0,15.0,2023
420040,31.0,24.0,2023
420070,27.0,27.0,2023
420090,45.0,34.0,2023
420100,36.0,35.0,2023
420110,43.0,21.0,2023
420127,23.0,19.0,2023
420140,121.0,116.0,2023
420150,36.0,36.0,2023
420160,22.0,20.0,2023
420190,14.0,13.0,2023
420200,304.0,97.0,2023
420220,2.0,1.0,2023
420230,63.0,63.0,2023
420240,759.0,433.0,2023
420250,14.0,14.0,2023
420260,50.0,38.0,2023
420280,65.0,46.0,2023
420290,313.0,248.0,2023
420300,97.0,69.0,2023
420310,20.0,18.0,2023
420320,166.0,47.0,2023
420330,30.0,20.0,2023
420340,29.0,27.0,2023
420350,45.0,29.0,2023
420360,76.0,55.0,2023
420370,18.0,18.0,2023
420380,76.0,50.0,2023
420390,63.0,59.0,2023
420400,33.0,23.0,2023
420410,27.0,24.0,2023
420420,424.0,270.0,2023
420430,187.0,105.0,2023
420440,25.0,25.0,2023
420455,19.0,19.0,2023
420460,515.0,298.0,2023
420470,48.0,41.0,2023
420480,126.0,92.0,2023
420490,48.0,41.0,2023
420500,42.0,36.0,2023
420530,37.0,36.0,2023
420540,1920.0,1133.0,2023
420550,52.0,41.0,2023
420580,20.0,,2023
420590,99.0,92.0,2023
420640,32.0,30.0,2023
420650,50.0,50.0,2023
420660,21.0,19.0,2023
420680,30.0,,2023
420690,80.0,80.0,2023
420700,91.0,87.0,2023
420720,27.0,26.0,2023
420730,72.0,64.0,2023
420750,119.0,106.0,2023
420760,28.0,24.0,2023
420765,33.0,27.0,2023
420770,20.0,19.0,2023
420780,29.0,26.0,2023
420790,19.0,19.0,2023
420800,35.0,26.0,2023
420810,13.0,13.0,2023
420820,458.0,404.0,2023
420830,57.0,35.0,2023
420840,43.0,30.0,2023
420850,60.0,44.0,2023
420870,46.0,34.0,2023
420880,49.0,44.0,2023
420890,344.0,236.0,2023
420900,230.0,126.0,2023
420910,1136.0,752.0,2023
420915,1.0,1.0,2023
420930,491.0,364.0,2023
420940,84.0,70.0,2023
420950,1.0,1.0,2023
420960,34.0,34.0,2023
420970,41.0,41.0,2023
420985,79.0,69.0,2023
421000,50.0,50.0,2023
421003,91.0,86.0,2023
421010,109.0,95.0,2023
421030,35.0,30.0,2023
421050,76.0,62.0,2023
421060,21.0,19.0,2023
421080,50.0,30.0,2023
421090,31.0,27.0,2023
421100,63.0,52.0,2023
421105,13.0,13.0,2023
421120,108.0,84.0,2023
421130,60.0,56.0,2023
421140,33.0,27.0,2023
421150,50.0,50.0,2023
421160,60.0,50.0,2023
421170,55.0,36.0,2023
421175,49.0,49.0,2023
421190,47.0,,2023
421200,36.0,30.0,2023
421210,63.0,53.0,2023
421220,35.0,30.0,2023
421250,70.0,22.0,2023
421260,32.0,26.0,2023
421270,16.0,14.0,2023
421290,39.0,24.0,2023
421320,55.0,40.0,2023
421330,38.0,38.0,2023
421340,80.0,67.0,2023
421360,91.0,79.0,2023
421370,35.0,28.0,2023
421380,51.0,50.0,2023
421400,44.0,42.0,2023
421420,50.0,44.0,2023
421450,24.0,24.0,2023
421470,49.0,43.0,2023
421480,258.0,176.0,2023
421490,30.0,24.0,2023
421500,96.0,82.0,2023
421530,31.0,31.0,2023
421540,15.0,13.0,2023
421550,120.0,85.0,2023
421570,75.0,73.0,2023
421580,117.0,66.0,2023
421590,29.0,29.0,2023
421600,50.0,31.0,2023
421620,37.0,37.0,2023
421625,23.0,20.0,2023
421630,35.0,30.0,2023
421650,74.0,54.0,2023
421660,951.0,708.0,2023
421670,27.0,22.0,2023
421690,48.0,38.0,2023
421710,22.0,20.0,2023
421720,119.0,82.0,2023
421725,108.0,108.0,2023
421730,31.0,29.0,2023
421750,51.0,39.0,2023
421770,123.0,107.0,2023
421780,66.0,65.0,2023
421790,40.0,30.0,2023
421800,50.0,25.0,2023
421810,30.0,24.0,2023
421820,148.0,125.0,2023
421830,60.0,49.0,2023
421840,41.0,39.0,2023
421860,68.0,67.0,2023
421870,385.0,222.0,2023
421875,60.0,57.0,2023
421880,60.0,36.0,2023
421890,49.0,46.0,2023
421900,96.0,69.0,2023
421910,24.0,20.0,2023
421920,20.0,20.0,2023
421930,145.0,101.0,2023
421935,17.0,15.0,2023
421940,21.0,21.0,2023
421950,135.0,101.0,2023
421960,23.0,20.0,2023
421970,31.0,31.0,2023
430003,42.0,34.0,2023
430010,53.0,41.0,2023
430020,48.0,38.0,2023
430030,50.0,30.0,2023
430040,167.0,132.0,2023
430050,23.0,22.0,2023
430060,111.0,90.0,2023
430064,32.0,29.0,2023
430070,38.0,25.0,2023
430080,51.0,35.0,2023
430090,36.0,31.0,2023
430100,70.0,65.0,2023
430120,76.0,61.0,2023
430130,48.0,36.0,2023
430140,51.0,31.0,2023
430150,55.0,49.0,2023
430160,237.0,152.0,2023
430190,43.0,43.0,2023
430210,253.0,138.0,2023
430220,40.0,25.0,2023
430230,36.0,28.0,2023
430235,43.0,27.0,2023
430240,50.0,36.0,2023
430245,39.0,31.0,2023
430270,38.0,38.0,2023
430280,79.0,59.0,2023
430290,36.0,30.0,2023
430300,169.0,121.0,2023
430310,81.0,81.0,2023
430330,40.0,30.0,2023
430340,41.0,33.0,2023
430350,106.0,92.0,2023
430360,32.0,32.0,2023
430370,55.0,46.0,2023
430380,49.0,49.0,2023
430390,91.0,91.0,2023
430400,35.0,34.0,2023
430420,104.0,78.0,2023
430430,39.0,32.0,2023
430440,48.0,39.0,2023
430450,100.0,76.0,2023
430460,971.0,703.0,2023
430463,91.0,86.0,2023
430470,148.0,84.0,2023
430480,72.0,35.0,2023
430490,33.0,25.0,2023
430510,1352.0,673.0,2023
430520,55.0,32.0,2023
430530,49.0,36.0,2023
430535,54.0,54.0,2023
430540,30.0,25.0,2023
430570,34.0,29.0,2023
430580,23.0,18.0,2023
430590,30.0,19.0,2023
430600,52.0,36.0,2023
430610,261.0,98.0,2023
430620,6.0,6.0,2023
430630,32.0,27.0,2023
430640,66.0,57.0,2023
430645,50.0,35.0,2023
430650,25.0,20.0,2023
430660,124.0,98.0,2023
430680,130.0,35.0,2023
430690,59.0,47.0,2023
430700,262.0,146.0,2023
430710,34.0,34.0,2023
430750,51.0,51.0,2023
430755,42.0,23.0,2023
430760,51.0,51.0,2023
430770,158.0,151.0,2023
430780,110.0,83.0,2023
430790,136.0,83.0,2023
430800,68.0,55.0,2023
430810,61.0,51.0,2023
430820,51.0,33.0,2023
430840,20.0,20.0,2023
430845,24.0,21.0,2023
430850,95.0,77.0,2023
430860,91.0,55.0,2023
430870,30.0,30.0,2023
430890,78.0,51.0,2023
430900,49.0,42.0,2023
430910,92.0,59.0,2023
430920,172.0,121.0,2023
430925,4.0,4.0,2023
430930,54.0,54.0,2023
430940,70.0,45.0,2023
430950,44.0,35.0,2023
430960,72.0,47.0,2023
430970,30.0,24.0,2023
431000,41.0,25.0,2023
431010,71.0,51.0,2023
431020,359.0,183.0,2023
431030,40.0,24.0,2023
431050,70.0,55.0,2023
431053,20.0,,2023
431060,67.0,57.0,2023
431070,10.0,10.0,2023
431075,24.0,19.0,2023
431080,54.0,31.0,2023
431085,52.0,44.0,2023
431100,75.0,60.0,2023
431110,56.0,45.0,2023
431112,9.0,9.0,2023
431120,67.0,49.0,2023
431130,73.0,47.0,2023
431140,149.0,111.0,2023
431150,24.0,23.0,2023
431180,129.0,57.0,2023
431190,52.0,41.0,2023
431200,10.0,10.0,2023
431205,40.0,30.0,2023
431210,20.0,15.0,2023
431220,40.0,30.0,2023
431240,210.0,128.0,2023
431250,29.0,29.0,2023
431260,31.0,25.0,2023
431265,50.0,33.0,2023
431270,78.0,53.0,2023
431290,50.0,29.0,2023
431300,37.0,23.0,2023
431310,52.0,36.0,2023
431320,34.0,26.0,2023
431330,71.0,43.0,2023
431340,487.0,262.0,2023
431350,94.0,77.0,2023
431360,52.0,48.0,2023
431365,39.0,30.0,2023
431370,92.0,77.0,2023
431380,51.0,48.0,2023
431390,71.0,48.0,2023
431400,40.0,28.0,2023
431402,29.0,27.0,2023
431405,155.0,137.0,2023
431410,1019.0,562.0,2023
431420,46.0,40.0,2023
431430,18.0,11.0,2023
431440,1035.0,696.0,2023
431447,30.0,18.0,2023
431450,51.0,51.0,2023
431460,102.0,82.0,2023
431470,50.0,45.0,2023
431480,51.0,51.0,2023
431490,6708.0,4026.0,2023
431500,40.0,25.0,2023
431510,50.0,31.0,2023
431515,50.0,50.0,2023
431520,30.0,18.0,2023
431530,62.0,51.0,2023
431535,19.0,14.0,2023
431550,51.0,43.0,2023
431560,455.0,383.0,2023
431570,97.0,97.0,2023
431575,33.0,30.0,2023
431580,38.0,26.0,2023
431590,51.0,39.0,2023
431600,52.0,50.0,2023
431610,113.0,99.0,2023
431620,33.0,23.0,2023
431630,35.0,32.0,2023
431640,96.0,55.0,2023
431643,14.0,14.0,2023
431645,32.0,23.0,2023
431650,32.0,25.0,2023
431660,66.0,48.0,2023
431670,51.0,38.0,2023
431680,317.0,192.0,2023
431690,978.0,517.0,2023
431700,30.0,30.0,2023
431710,194.0,90.0,2023
431720,183.0,115.0,2023
431730,60.0,51.0,2023
431740,141.0,101.0,2023
431750,213.0,131.0,2023
431760,80.0,80.0,2023
431780,80.0,57.0,2023
431790,56.0,34.0,2023
431800,158.0,111.0,2023
431810,65.0,55.0,2023
431820,85.0,79.0,2023
431830,181.0,143.0,2023
431840,194.0,178.0,2023
431843,50.0,50.0,2023
431850,50.0,50.0,2023
431860,54.0,40.0,2023
431870,230.0,200.0,2023
431880,178.0,137.0,2023
431890,122.0,103.0,2023
431900,75.0,45.0,2023
431910,49.0,35.0,2023
431915,38.0,30.0,2023
431930,36.0,25.0,2023
431940,52.0,46.0,2023
431950,89.0,58.0,2023
431960,65.0,55.0,2023
431980,41.0,40.0,2023
431990,128.0,88.0,2023
432000,235.0,185.0,2023
432010,78.0,62.0,2023
432020,69.0,54.0,2023
432026,34.0,27.0,2023
432030,32.0,20.0,2023
432040,55.0,36.0,2023
432045,10.0,10.0,2023
432050,49.0,37.0,2023
432060,57.0,45.0,2023
432067,48.0,45.0,2023
432070,104.0,41.0,2023
432080,97.0,59.0,2023
432090,98.0,62.0,2023
432100,41.0,28.0,2023
432120,71.0,71.0,2023
432130,50.0,41.0,2023
432140,94.0,72.0,2023
432143,3.0,,2023
432145,76.0,57.0,2023
432150,63.0,59.0,2023
432160,94.0,94.0,2023
432170,55.0,51.0,2023
432180,69.0,41.0,2023
432190,94.0,63.0,2023
432195,48.0,48.0,2023
432200,50.0,36.0,2023
432210,34.0,22.0,2023
432220,85.0,62.0,2023
432230,37.0,26.0,2023
432240,153.0,110.0,2023
432250,135.0,101.0,2023
432253,39.0,29.0,2023
432260,101.0,71.0,2023
432270,49.0,42.0,2023
432280,73.0,39.0,2023
432290,50.0,36.0,2023
432300,190.0,180.0,2023
432380,38.0,,2023
500020,21.0,21.0,2023
500025,10.0,10.0,2023
500060,86.0,57.0,2023
500070,25.0,24.0,2023
500080,12.0,8.0,2023
500085,27.0,14.0,2023
500090,10.0,10.0,2023
500100,65.0,37.0,2023
500110,154.0,116.0,2023
500124,9.0,9.0,2023
500150,12.0,12.0,2023
500190,42.0,21.0,2023
500210,32.0,28.0,2023
500215,8.0,8.0,2023
500220,32.0,32.0,2023
500230,20.0,11.0,2023
500240,39.0,20.0,2023
500260,21.0,17.0,2023
500270,2539.0,1482.0,2023
500280,13.0,13.0,2023
500290,62.0,34.0,2023
500295,50.0,50.0,2023
500315,9.0,9.0,2023
500320,157.0,115.0,2023
500325,59.0,45.0,2023
500330,93.0,65.0,2023
500345,12.0,12.0,2023
500348,13.0,13.0,2023
500370,538.0,346.0,2023
500375,30.0,18.0,2023
500380,59.0,49.0,2023
500390,9.0,9.0,2023
500400,11.0,9.0,2023
500410,26.0,16.0,2023
500430,38.0,32.0,2023
500440,13.0,13.0,2023
500450,22.0,22.0,2023
500460,27.0,14.0,2023
500470,32.0,32.0,2023
500500,43.0,37.0,2023
500510,21.0,19.0,2023
500515,9.0,9.0,2023
500520,10.0,,2023
500525,6.0,6.0,2023
500540,54.0,44.0,2023
500560,23.0,23.0,2023
500568,48.0,42.0,2023
500570,89.0,72.0,2023
500580,6.0,6.0,2023
500600,19.0,19.0,2023
500620,103.0,74.0,2023
500625,17.0,12.0,2023
500630,201.0,149.0,2023
500635,10.0,10.0,2023
500640,34.0,34.0,2023
500660,141.0,107.0,2023
500690,16.0,16.0,2023
500710,16.0,16.0,2023
500720,59.0,54.0,2023
500730,21.0,7.0,2023
500740,25.0,25.0,2023
500750,7.0,7.0,2023
500755,8.0,8.0,2023
500769,45.0,45.0,2023
500770,18.0,18.0,2023
500780,11.0,11.0,2023
500790,53.0,36.0,2023
500793,22.0,10.0,2023
500795,8.0,8.0,2023
500797,6.0,6.0,2023
500830,250.0,162.0,2023
500840,7.0,7.0,2023
510020,82.0,67.0,2023
510025,140.0,67.0,2023
510030,76.0,23.0,2023
510060,24.0,19.0,2023
510080,31.0,31.0,2023
510100,12.0,12.0,2023
510125,19.0,16.0,2023
510130,40.0,40.0,2023
510140,31.0,27.0,2023
510160,11.0,11.0,2023
510170,39.0,39.0,2023
510180,112.0,65.0,2023
510190,40.0,40.0,2023
510250,338.0,336.0,2023
510260,25.0,25.0,2023
510263,30.0,29.0,2023
510267,66.0,60.0,2023
510268,16.0,16.0,2023
510269,5.0,5.0,2023
510270,48.0,29.0,2023
510300,1.0,,2023
510305,33.0,33.0,2023
510310,16.0,16.0,2023
510320,111.0,62.0,2023
510325,37.0,34.0,2023
510330,42.0,31.0,2023
510335,76.0,69.0,2023
510337,33.0,33.0,2023
510340,1876.0,1284.0,2023
510350,29.0,29.0,2023
510360,20.0,15.0,2023
510385,17.0,17.0,2023
510390,14.0,14.0,2023
510410,43.0,29.0,2023
510420,22.0,18.0,2023
510455,16.0,16.0,2023
510460,35.0,35.0,2023
510480,58.0,58.0,2023
510500,37.0,32.0,2023
510510,67.0,36.0,2023
510515,114.0,87.0,2023
510517,18.0,18.0,2023
510520,15.0,15.0,2023
510525,149.0,139.0,2023
510550,53.0,46.0,2023
510558,22.0,22.0,2023
510560,44.0,26.0,2023
510562,81.0,70.0,2023
510590,41.0,34.0,2023
510600,30.0,30.0,2023
510610,16.0,16.0,2023
510615,14.0,14.0,2023
510620,13.0,13.0,2023
510621,5.0,5.0,2023
510622,136.0,128.0,2023
510623,56.0,37.0,2023
510625,23.0,23.0,2023
510627,11.0,8.0,2023
510628,26.0,26.0,2023
510629,41.0,41.0,2023
510630,35.0,35.0,2023
510637,31.0,31.0,2023
510642,63.0,63.0,2023
510650,61.0,58.0,2023
510670,17.0,17.0,2023
510675,87.0,73.0,2023
510677,18.0,18.0,2023
510680,21.0,21.0,2023
510682,4.0,4.0,2023
510700,78.0,65.0,2023
510704,172.0,113.0,2023
510706,34.0,29.0,2023
510710,31.0,22.0,2023
510718,37.0,33.0,2023
510719,15.0,15.0,2023
510720,18.0,18.0,2023
510730,22.0,22.0,2023
510760,604.0,444.0,2023
510770,79.0,79.0,2023
510774,9.0,4.0,2023
510775,14.0,14.0,2023
510777,22.0,22.0,2023
510780,20.0,20.0,2023
510785,30.0,30.0,2023
510787,52.0,33.0,2023
510790,378.0,223.0,2023
510792,293.0,211.0,2023
510794,14.0,14.0,2023
510795,196.0,97.0,2023
510800,20.0,20.0,2023
510805,37.0,37.0,2023
510810,14.0,14.0,2023
510820,25.0,24.0,2023
510840,436.0,366.0,2023
510850,33.0,33.0,2023
510860,21.0,21.0,2023
510895,13.0,13.0,2023
520010,9.0,9.0,2023
520013,72.0,38.0,2023
520015,15.0,15.0,2023
520017,5.0,5.0,2023
520025,52.0,51.0,2023
520030,34.0,34.0,2023
520050,14.0,14.0,2023
520055,24.0,24.0,2023
520060,12.0,12.0,2023
520080,32.0,32.0,2023
520085,17.0,17.0,2023
520090,13.0,13.0,2023
520110,1064.0,595.0,2023
520130,20.0,20.0,2023
520140,1251.0,1010.0,2023
520150,18.0,18.0,2023
520160,17.0,17.0,2023
520170,33.0,33.0,2023
520180,7.0,7.0,2023
520215,10.0,10.0,2023
520235,14.0,14.0,2023
520250,15.0,15.0,2023
520280,12.0,12.0,2023
520310,6.0,6.0,2023
520320,22.0,22.0,2023
520330,52.0,52.0,2023
520340,23.0,23.0,2023
520350,22.0,22.0,2023
520355,2.0,2.0,2023
520380,24.0,24.0,2023
520390,32.0,25.0,2023
520393,14.0,14.0,2023
520400,12.0,12.0,2023
520410,44.0,44.0,2023
520425,18.0,18.0,2023
520430,36.0,28.0,2023
520440,34.0,34.0,2023
520450,201.0,148.0,2023
520465,29.0,29.0,2023
520470,12.0,12.0,2023
520480,18.0,18.0,2023
520490,43.0,29.0,2023
520500,17.0,17.0,2023
520505,15.0,15.0,2023
520510,276.0,159.0,2023
520520,18.0,18.0,2023
520530,16.0,16.0,2023
520540,314.0,132.0,2023
520545,15.0,15.0,2023
520547,24.0,24.0,2023
520549,101.0,71.0,2023
520551,22.0,22.0,2023
520552,12.0,12.0,2023
520570,13.0,13.0,2023
520580,81.0,14.0,2023
520590,27.0,27.0,2023
520620,55.0,42.0,2023
520630,8.0,8.0,2023
520640,86.0,60.0,2023
520650,11.0,11.0,2023
520660,14.0,14.0,2023
520670,13.0,13.0,2023
520680,15.0,15.0,2023
520710,14.0,14.0,2023
520725,24.0,24.0,2023
520735,10.0,10.0,2023
520740,26.0,25.0,2023
520750,18.0,18.0,2023
520753,19.0,19.0,2023
520760,16.0,16.0,2023
520780,43.0,32.0,2023
520790,7.0,7.0,2023
520800,178.0,104.0,2023
520810,25.0,25.0,2023
520830,24.0,24.0,2023
520840,16.0,16.0,2023
520850,33.0,26.0,2023
520860,210.0,135.0,2023
520870,6691.0,3287.0,2023
520880,52.0,27.0,2023
520890,33.0,27.0,2023
520910,142.0,66.0,2023
520929,10.0,10.0,2023
520960,10.0,10.0,2023
520970,21.0,21.0,2023
520980,28.0,28.0,2023
520990,17.0,17.0,2023
520993,16.0,16.0,2023
520995,51.0,20.0,2023
521000,112.0,67.0,2023
521010,146.0,120.0,2023
521020,84.0,22.0,2023
521030,8.0,8.0,2023
521040,69.0,31.0,2023
521060,10.0,10.0,2023
521080,18.0,18.0,2023
521090,41.0,41.0,2023
521100,23.0,23.0,2023
521120,91.0,57.0,2023
521130,17.0,17.0,2023
521140,18.0,18.0,2023
521150,291.0,251.0,2023
521160,16.0,16.0,2023
521170,13.0,13.0,2023
521180,79.0,71.0,2023
521190,167.0,127.0,2023
521200,10.0,10.0,2023
521210,18.0,18.0,2023
521220,67.0,29.0,2023
521250,213.0,132.0,2023
521260,13.0,13.0,2023
521270,15.0,15.0,2023
521280,44.0,18.0,2023
521290,24.0,24.0,2023
521295,14.0,14.0,2023
521300,12.0,12.0,2023
521308,104.0,51.0,2023
521310,189.0,139.0,2023
521350,16.0,16.0,2023
521370,24.0,24.0,2023
521375,18.0,18.0,2023
521380,98.0,66.0,2023
521385,19.0,19.0,2023
521390,20.0,20.0,2023
521400,20.0,20.0,2023
521405,18.0,18.0,2023
521410,19.0,19.0,2023
521440,16.0,16.0,2023
521450,146.0,51.0,2023
521460,103.0,58.0,2023
521470,4.0,4.0,2023
521483,45.0,45.0,2023
521500,5.0,5.0,2023
521520,10.0,10.0,2023
521523,11.0,11.0,2023
521530,28.0,28.0,2023
521550,19.0,19.0,2023
521560,29.0,28.0,2023
521565,19.0,19.0,2023
521570,64.0,37.0,2023
521580,9.0,9.0,2023
521590,19.0,19.0,2023
521600,9.0,9.0,2023
521630,27.0,27.0,2023
521640,20.0,20.0,2023
521680,31.0,29.0,2023
521710,70.0,60.0,2023
521720,28.0,28.0,2023
521730,38.0,38.0,2023
521740,35.0,35.0,2023
521760,75.0,43.0,2023
521770,59.0,31.0,2023
521800,76.0,47.0,2023
521805,16.0,16.0,2023
521810,17.0,17.0,2023
521830,55.0,53.0,2023
521850,126.0,59.0,2023
521860,25.0,25.0,2023
521878,9.0,9.0,2023
521880,541.0,364.0,2023
521890,80.0,50.0,2023
521900,17.0,17.0,2023
521910,15.0,15.0,2023
521920,16.0,16.0,2023
521925,17.0,17.0,2023
521930,176.0,146.0,2023
521950,16.0,16.0,2023
521960,17.0,17.0,2023
521970,38.0,38.0,2023
521973,19.0,19.0,2023
521975,114.0,14.0,2023
521980,22.0,22.0,2023
521990,11.0,11.0,2023
522000,26.0,26.0,2023
522010,101.0,52.0,2023
522015,24.0,24.0,2023
522020,99.0,58.0,2023
522026,11.0,11.0,2023
522040,50.0,50.0,2023
522045,67.0,61.0,2023
522050,21.0,21.0,2023
522060,40.0,40.0,2023
522068,20.0,20.0,2023
522100,46.0,25.0,2023
522119,3.0,3.0,2023
522130,12.0,6.0,2023
522140,554.0,469.0,2023
522145,15.0,15.0,2023
522150,17.0,17.0,2023
522155,19.0,19.0,2023
522160,436.0,349.0,2023
522170,47.0,20.0,2023
522185,73.0,35.0,2023
522200,40.0,32.0,2023
522205,16.0,16.0,2023
522220,13.0,13.0,2023
530010,7831.0,4595.0,2023
