cod_ibge7,cod_ibge6,municipio,municipio_norm,uf,uf_nome,regiao,mesorregiao,microrregiao
1100015,110001,Alta Floresta D'Oeste,ALTA FLORESTA D'OESTE,RO,Rondônia,Norte,Leste Rondoniense,Cacoal
1100023,110002,Ariquemes,ARIQUEMES,RO,Rondônia,Norte,Leste Rondoniense,Ariquemes
1100031,110003,Cabixi,CABIXI,RO,Rondônia,Norte,Leste Rondoniense,Colorado do Oeste
1100049,110004,Cacoal,CACOAL,RO,Rondônia,Norte,Leste Rondoniense,Cacoal
1100056,110005,Cerejeiras,CEREJEIRAS,RO,Rondônia,Norte,Leste Rondoniense,Colorado do Oeste
1100064,110006,Colorado do Oeste,COLORADO DO OESTE,RO,Rondônia,Norte,Leste Rondoniense,Colorado do Oeste
1100072,110007,Corumbiara,CORUMBIARA,RO,Rondônia,Norte,Leste Rondoniense,Colorado do Oeste
1100080,110008,Costa Marques,COSTA MARQUES,RO,Rondônia,Norte,Madeira-Guaporé,Guajará-Mirim
1100098,110009,Espigão D'Oeste,ESPIGAO D'OESTE,RO,Rondônia,Norte,Leste Rondoniense,Cacoal
1100106,110010,Guajará-Mirim,GUAJARA-MIRIM,RO,Rondônia,Norte,Madeira-Guaporé,Guajará-Mirim
1100114,110011,Jaru,JARU,RO,Rondônia,Norte,Leste Rondoniense,Ji-Paraná
1100122,110012,Ji-Paraná,JI-PARANA,RO,Rondônia,Norte,Leste Rondoniense,Ji-Paraná
1100130,110013,Machadinho D'Oeste,MACHADINHO D'OESTE,RO,Rondônia,Norte,Leste Rondoniense,Ariquemes
1100148,110014,Nova Brasilândia D'Oeste,NOVA BRASILANDIA D'OESTE,RO,Rondônia,Norte,Leste Rondoniense,Alvorada D'Oeste
1100155,110015,Ouro Preto do Oeste,OURO PRETO DO OESTE,RO,Rondônia,Norte,Leste Rondoniense,Ji-Paraná
1100189,110018,Pimenta Bueno,PIMENTA BUENO,RO,Rondônia,Norte,Leste Rondoniense,Vilhena
1100205,110020,Porto Velho,PORTO VELHO,RO,Rondônia,Norte,Madeira-Guaporé,Porto Velho
1100254,110025,Presidente Médici,PRESIDENTE MEDICI,RO,Rondônia,Norte,Leste Rondoniense,Ji-Paraná
1100262,110026,Rio Crespo,RIO CRESPO,RO,Rondônia,Norte,Leste Rondoniense,Ariquemes
1100288,110028,Rolim de Moura,ROLIM DE MOURA,RO,Rondônia,Norte,Leste Rondoniense,Cacoal
1100296,110029,Santa Luzia D'Oeste,SANTA LUZIA D'OESTE,RO,Rondônia,Norte,Leste Rondoniense,Cacoal
1100304,110030,Vilhena,VILHENA,RO,Rondônia,Norte,Leste Rondoniense,Vilhena
1100320,110032,São Miguel do Guaporé,SAO MIGUEL DO GUAPORE,RO,Rondônia,Norte,Leste Rondoniense,Alvorada D'Oeste
1100338,110033,Nova Mamoré,NOVA MAMORE,RO,Rondônia,Norte,Madeira-Guaporé,Porto Velho
1100346,110034,Alvorada D'Oeste,ALVORADA D'OESTE,RO,Rondônia,Norte,Leste Rondoniense,Alvorada D'Oeste
1100379,110037,Alto Alegre dos Parecis,ALTO ALEGRE DOS PARECIS,RO,Rondônia,Norte,Leste Rondoniense,Cacoal
1100403,110040,Alto Paraíso,ALTO PARAISO,RO,Rondônia,Norte,Leste Rondoniense,Ariquemes
1100452,110045,Buritis,BURITIS,RO,Rondônia,Norte,Madeira-Guaporé,Porto Velho
1100502,110050,Novo Horizonte do Oeste,NOVO HORIZONTE DO OESTE,RO,Rondônia,Norte,Leste Rondoniense,Cacoal
1100601,110060,Cacaulândia,CACAULANDIA,RO,Rondônia,Norte,Leste Rondoniense,Ariquemes
1100700,110070,Campo Novo de Rondônia,CAMPO NOVO DE RONDONIA,RO,Rondônia,Norte,Madeira-Guaporé,Porto Velho
1100809,110080,Candeias do Jamari,CANDEIAS DO JAMARI,RO,Rondônia,Norte,Madeira-Guaporé,Porto Velho
1100908,110090,Castanheiras,CASTANHEIRAS,RO,Rondônia,Norte,Leste Rondoniense,Cacoal
1100924,110092,Chupinguaia,CHUPINGUAIA,RO,Rondônia,Norte,Leste Rondoniense,Vilhena
1100940,110094,Cujubim,CUJUBIM,RO,Rondônia,Norte,Madeira-Guaporé,Porto Velho
1101005,110100,Governador Jorge Teixeira,GOVERNADOR JORGE TEIXEIRA,RO,Rondônia,Norte,Leste Rondoniense,Ji-Paraná
1101104,110110,Itapuã do Oeste,ITAPUA DO OESTE,RO,Rondônia,Norte,Madeira-Guaporé,Porto Velho
1101203,110120,Ministro Andreazza,MINISTRO ANDREAZZA,RO,Rondônia,Norte,Leste Rondoniense,Cacoal
1101302,110130,Mirante da Serra,MIRANTE DA SERRA,RO,Rondônia,Norte,Leste Rondoniense,Ji-Paraná
1101401,110140,Monte Negro,MONTE NEGRO,RO,Rondônia,Norte,Leste Rondoniense,Ariquemes
1101435,110143,Nova União,NOVA UNIAO,RO,Rondônia,Norte,Leste Rondoniense,Ji-Paraná
1101450,110145,Parecis,PARECIS,RO,Rondônia,Norte,Leste Rondoniense,Vilhena
1101468,110146,Pimenteiras do Oeste,PIMENTEIRAS DO OESTE,RO,Rondônia,Norte,Leste Rondoniense,Colorado do Oeste
1101476,110147,Primavera de Rondônia,PRIMAVERA DE RONDONIA,RO,Rondônia,Norte,Leste Rondoniense,Vilhena
1101484,110148,São Felipe D'Oeste,SAO FELIPE D'OESTE,RO,Rondônia,Norte,Leste Rondoniense,Vilhena
1101492,110149,São Francisco do Guaporé,SAO FRANCISCO DO GUAPORE,RO,Rondônia,Norte,Madeira-Guaporé,Guajará-Mirim
1101500,110150,Seringueiras,SERINGUEIRAS,RO,Rondônia,Norte,Leste Rondoniense,Alvorada D'Oeste
1101559,110155,Teixeirópolis,TEIXEIROPOLIS,RO,Rondônia,Norte,Leste Rondoniense,Ji-Paraná
1101609,110160,Theobroma,THEOBROMA,RO,Rondônia,Norte,Leste Rondoniense,Ji-Paraná
1101708,110170,Urupá,URUPA,RO,Rondônia,Norte,Leste Rondoniense,Ji-Paraná
1101757,110175,Vale do Anari,VALE DO ANARI,RO,Rondônia,Norte,Leste Rondoniense,Ariquemes
1101807,110180,Vale do Paraíso,VALE DO PARAISO,RO,Rondônia,Norte,Leste Rondoniense,Ji-Paraná
1200013,120001,Acrelândia,ACRELANDIA,AC,Acre,Norte,Vale do Acre,Rio Branco
1200054,120005,Assis Brasil,ASSIS BRASIL,AC,Acre,Norte,Vale do Acre,Brasiléia
1200104,120010,Brasiléia,BRASILEIA,AC,Acre,Norte,Vale do Acre,Brasiléia
1200138,120013,Bujari,BUJARI,AC,Acre,Norte,Vale do Acre,Rio Branco
1200179,120017,Capixaba,CAPIXABA,AC,Acre,Norte,Vale do Acre,Rio Branco
1200203,120020,Cruzeiro do Sul,CRUZEIRO DO SUL,AC,Acre,Norte,Vale do Juruá,Cruzeiro do Sul
1200252,120025,Epitaciolândia,EPITACIOLANDIA,AC,Acre,Norte,Vale do Acre,Brasiléia
1200302,120030,Feijó,FEIJO,AC,Acre,Norte,Vale do Juruá,Tarauacá
1200328,120032,Jordão,JORDAO,AC,Acre,Norte,Vale do Juruá,Tarauacá
1200336,120033,Mâncio Lima,MANCIO LIMA,AC,Acre,Norte,Vale do Juruá,Cruzeiro do Sul
1200344,120034,Manoel Urbano,MANOEL URBANO,AC,Acre,Norte,Vale do Acre,Sena Madureira
1200351,120035,Marechal Thaumaturgo,MARECHAL THAUMATURGO,AC,Acre,Norte,Vale do Juruá,Cruzeiro do Sul
1200385,120038,Plácido de Castro,PLACIDO DE CASTRO,AC,Acre,Norte,Vale do Acre,Rio Branco
1200393,120039,Porto Walter,PORTO WALTER,AC,Acre,Norte,Vale do Juruá,Cruzeiro do Sul
1200401,120040,Rio Branco,RIO BRANCO,AC,Acre,Norte,Vale do Acre,Rio Branco
1200427,120042,Rodrigues Alves,RODRIGUES ALVES,AC,Acre,Norte,Vale do Juruá,Cruzeiro do Sul
1200435,120043,Santa Rosa do Purus,SANTA ROSA DO PURUS,AC,Acre,Norte,Vale do Acre,Sena Madureira
1200450,120045,Senador Guiomard,SENADOR GUIOMARD,AC,Acre,Norte,Vale do Acre,Rio Branco
1200500,120050,Sena Madureira,SENA MADUREIRA,AC,Acre,Norte,Vale do Acre,Sena Madureira
1200609,120060,Tarauacá,TARAUACA,AC,Acre,Norte,Vale do Juruá,Tarauacá
1200708,120070,Xapuri,XAPURI,AC,Acre,Norte,Vale do Acre,Brasiléia
1200807,120080,Porto Acre,PORTO ACRE,AC,Acre,Norte,Vale do Acre,Rio Branco
1300029,130002,Alvarães,ALVARAES,AM,Amazonas,Norte,Centro Amazonense,Tefé
1300060,130006,Amaturá,AMATURA,AM,Amazonas,Norte,Sudoeste Amazonense,Alto Solimões
1300086,130008,Anamã,ANAMA,AM,Amazonas,Norte,Centro Amazonense,Coari
1300102,130010,Anori,ANORI,AM,Amazonas,Norte,Centro Amazonense,Coari
1300144,130014,Apuí,APUI,AM,Amazonas,Norte,Sul Amazonense,Madeira
1300201,130020,Atalaia do Norte,ATALAIA DO NORTE,AM,Amazonas,Norte,Sudoeste Amazonense,Alto Solimões
1300300,130030,Autazes,AUTAZES,AM,Amazonas,Norte,Centro Amazonense,Manaus
1300409,130040,Barcelos,BARCELOS,AM,Amazonas,Norte,Norte Amazonense,Rio Negro
1300508,130050,Barreirinha,BARREIRINHA,AM,Amazonas,Norte,Centro Amazonense,Parintins
1300607,130060,Benjamin Constant,BENJAMIN CONSTANT,AM,Amazonas,Norte,Sudoeste Amazonense,Alto Solimões
1300631,130063,Beruri,BERURI,AM,Amazonas,Norte,Centro Amazonense,Coari
1300680,130068,Boa Vista do Ramos,BOA VISTA DO RAMOS,AM,Amazonas,Norte,Centro Amazonense,Parintins
1300706,130070,Boca do Acre,BOCA DO ACRE,AM,Amazonas,Norte,Sul Amazonense,Boca do Acre
1300805,130080,Borba,BORBA,AM,Amazonas,Norte,Sul Amazonense,Madeira
1300839,130083,Caapiranga,CAAPIRANGA,AM,Amazonas,Norte,Centro Amazonense,Coari
1300904,130090,Canutama,CANUTAMA,AM,Amazonas,Norte,Sul Amazonense,Purus
1301001,130100,Carauari,CARAUARI,AM,Amazonas,Norte,Sudoeste Amazonense,Juruá
1301100,130110,Careiro,CAREIRO,AM,Amazonas,Norte,Centro Amazonense,Manaus
1301159,130115,Careiro da Várzea,CAREIRO DA VARZEA,AM,Amazonas,Norte,Centro Amazonense,Manaus
1301209,130120,Coari,COARI,AM,Amazonas,Norte,Centro Amazonense,Coari
1301308,130130,Codajás,CODAJAS,AM,Amazonas,Norte,Centro Amazonense,Coari
1301407,130140,Eirunepé,EIRUNEPE,AM,Amazonas,Norte,Sudoeste Amazonense,Juruá
1301506,130150,Envira,ENVIRA,AM,Amazonas,Norte,Sudoeste Amazonense,Juruá
1301605,130160,Fonte Boa,FONTE BOA,AM,Amazonas,Norte,Sudoeste Amazonense,Alto Solimões
1301654,130165,Guajará,GUAJARA,AM,Amazonas,Norte,Sudoeste Amazonense,Juruá
1301704,130170,Humaitá,HUMAITA,AM,Amazonas,Norte,Sul Amazonense,Madeira
1301803,130180,Ipixuna,IPIXUNA,AM,Amazonas,Norte,Sudoeste Amazonense,Juruá
1301852,130185,Iranduba,IRANDUBA,AM,Amazonas,Norte,Centro Amazonense,Manaus
1301902,130190,Itacoatiara,ITACOATIARA,AM,Amazonas,Norte,Centro Amazonense,Itacoatiara
1301951,130195,Itamarati,ITAMARATI,AM,Amazonas,Norte,Sudoeste Amazonense,Juruá
1302009,130200,Itapiranga,ITAPIRANGA,AM,Amazonas,Norte,Centro Amazonense,Itacoatiara
1302108,130210,Japurá,JAPURA,AM,Amazonas,Norte,Norte Amazonense,Japurá
1302207,130220,Juruá,JURUA,AM,Amazonas,Norte,Sudoeste Amazonense,Juruá
1302306,130230,Jutaí,JUTAI,AM,Amazonas,Norte,Sudoeste Amazonense,Alto Solimões
1302405,130240,Lábrea,LABREA,AM,Amazonas,Norte,Sul Amazonense,Purus
1302504,130250,Manacapuru,MANACAPURU,AM,Amazonas,Norte,Centro Amazonense,Manaus
1302553,130255,Manaquiri,MANAQUIRI,AM,Amazonas,Norte,Centro Amazonense,Manaus
1302603,130260,Manaus,MANAUS,AM,Amazonas,Norte,Centro Amazonense,Manaus
1302702,130270,Manicoré,MANICORE,AM,Amazonas,Norte,Sul Amazonense,Madeira
1302801,130280,Maraã,MARAA,AM,Amazonas,Norte,Norte Amazonense,Japurá
1302900,130290,Maués,MAUES,AM,Amazonas,Norte,Centro Amazonense,Parintins
1303007,130300,Nhamundá,NHAMUNDA,AM,Amazonas,Norte,Centro Amazonense,Parintins
1303106,130310,Nova Olinda do Norte,NOVA OLINDA DO NORTE,AM,Amazonas,Norte,Centro Amazonense,Itacoatiara
1303205,130320,Novo Airão,NOVO AIRAO,AM,Amazonas,Norte,Norte Amazonense,Rio Negro
1303304,130330,Novo Aripuanã,NOVO ARIPUANA,AM,Amazonas,Norte,Sul Amazonense,Madeira
1303403,130340,Parintins,PARINTINS,AM,Amazonas,Norte,Centro Amazonense,Parintins
1303502,130350,Pauini,PAUINI,AM,Amazonas,Norte,Sul Amazonense,Boca do Acre
1303536,130353,Presidente Figueiredo,PRESIDENTE FIGUEIREDO,AM,Amazonas,Norte,Centro Amazonense,Rio Preto da Eva
1303569,130356,Rio Preto da Eva,RIO PRETO DA EVA,AM,Amazonas,Norte,Centro Amazonense,Rio Preto da Eva
1303601,130360,Santa Isabel do Rio Negro,SANTA ISABEL DO RIO NEGRO,AM,Amazonas,Norte,Norte Amazonense,Rio Negro
1303700,130370,Santo Antônio do Içá,SANTO ANTONIO DO ICA,AM,Amazonas,Norte,Sudoeste Amazonense,Alto Solimões
1303809,130380,São Gabriel da Cachoeira,SAO GABRIEL DA CACHOEIRA,AM,Amazonas,Norte,Norte Amazonense,Rio Negro
1303908,130390,São Paulo de Olivença,SAO PAULO DE OLIVENCA,AM,Amazonas,Norte,Sudoeste Amazonense,Alto Solimões
1303957,130395,São Sebastião do Uatumã,SAO SEBASTIAO DO UATUMA,AM,Amazonas,Norte,Centro Amazonense,Parintins
1304005,130400,Silves,SILVES,AM,Amazonas,Norte,Centro Amazonense,Itacoatiara
1304062,130406,Tabatinga,TABATINGA,AM,Amazonas,Norte,Sudoeste Amazonense,Alto Solimões
1304104,130410,Tapauá,TAPAUA,AM,Amazonas,Norte,Sul Amazonense,Purus
1304203,130420,Tefé,TEFE,AM,Amazonas,Norte,Centro Amazonense,Tefé
1304237,130423,Tonantins,TONANTINS,AM,Amazonas,Norte,Sudoeste Amazonense,Alto Solimões
1304260,130426,Uarini,UARINI,AM,Amazonas,Norte,Centro Amazonense,Tefé
1304302,130430,Urucará,URUCARA,AM,Amazonas,Norte,Centro Amazonense,Parintins
1304401,130440,Urucurituba,URUCURITUBA,AM,Amazonas,Norte,Centro Amazonense,Itacoatiara
1400027,140002,Amajari,AMAJARI,RR,Roraima,Norte,Norte de Roraima,Boa Vista
1400050,140005,Alto Alegre,ALTO ALEGRE,RR,Roraima,Norte,Norte de Roraima,Boa Vista
1400100,140010,Boa Vista,BOA VISTA,RR,Roraima,Norte,Norte de Roraima,Boa Vista
1400159,140015,Bonfim,BONFIM,RR,Roraima,Norte,Norte de Roraima,Nordeste de Roraima
1400175,140017,Cantá,CANTA,RR,Roraima,Norte,Norte de Roraima,Nordeste de Roraima
1400209,140020,Caracaraí,CARACARAI,RR,Roraima,Norte,Sul de Roraima,Caracaraí
1400233,140023,Caroebe,CAROEBE,RR,Roraima,Norte,Sul de Roraima,Sudeste de Roraima
1400282,140028,Iracema,IRACEMA,RR,Roraima,Norte,Sul de Roraima,Caracaraí
1400308,140030,Mucajaí,MUCAJAI,RR,Roraima,Norte,Sul de Roraima,Caracaraí
1400407,140040,Normandia,NORMANDIA,RR,Roraima,Norte,Norte de Roraima,Nordeste de Roraima
1400456,140045,Pacaraima,PACARAIMA,RR,Roraima,Norte,Norte de Roraima,Boa Vista
1400472,140047,Rorainópolis,RORAINOPOLIS,RR,Roraima,Norte,Sul de Roraima,Sudeste de Roraima
1400506,140050,São João da Baliza,SAO JOAO DA BALIZA,RR,Roraima,Norte,Sul de Roraima,Sudeste de Roraima
1400605,140060,São Luiz do Anauá,SAO LUIZ DO ANAUA,RR,Roraima,Norte,Sul de Roraima,Sudeste de Roraima
1400704,140070,Uiramutã,UIRAMUTA,RR,Roraima,Norte,Norte de Roraima,Nordeste de Roraima
1500107,150010,Abaetetuba,ABAETETUBA,PA,Pará,Norte,Nordeste Paraense,Cametá
1500131,150013,Abel Figueiredo,ABEL FIGUEIREDO,PA,Pará,Norte,Sudeste Paraense,Paragominas
1500206,150020,Acará,ACARA,PA,Pará,Norte,Nordeste Paraense,Tomé-Açu
1500305,150030,Afuá,AFUA,PA,Pará,Norte,Marajó,Furos de Breves
1500347,150034,Água Azul do Norte,AGUA AZUL DO NORTE,PA,Pará,Norte,Sudeste Paraense,Parauapebas
1500404,150040,Alenquer,ALENQUER,PA,Pará,Norte,Baixo Amazonas,Santarém
1500503,150050,Almeirim,ALMEIRIM,PA,Pará,Norte,Baixo Amazonas,Almeirim
1500602,150060,Altamira,ALTAMIRA,PA,Pará,Norte,Sudoeste Paraense,Altamira
1500701,150070,Anajás,ANAJAS,PA,Pará,Norte,Marajó,Furos de Breves
1500800,150080,Ananindeua,ANANINDEUA,PA,Pará,Norte,Metropolitana de Belém,Belém
1500859,150085,Anapu,ANAPU,PA,Pará,Norte,Sudoeste Paraense,Altamira
1500909,150090,Augusto Corrêa,AUGUSTO CORREA,PA,Pará,Norte,Nordeste Paraense,Bragantina
1500958,150095,Aurora do Pará,AURORA DO PARA,PA,Pará,Norte,Nordeste Paraense,Guamá
1501006,150100,Aveiro,AVEIRO,PA,Pará,Norte,Sudoeste Paraense,Itaituba
1501105,150110,Bagre,BAGRE,PA,Pará,Norte,Marajó,Portel
1501204,150120,Baião,BAIAO,PA,Pará,Norte,Nordeste Paraense,Cametá
1501253,150125,Bannach,BANNACH,PA,Pará,Norte,Sudeste Paraense,São Félix do Xingu
1501303,150130,Barcarena,BARCARENA,PA,Pará,Norte,Metropolitana de Belém,Belém
1501402,150140,Belém,BELEM,PA,Pará,Norte,Metropolitana de Belém,Belém
1501451,150145,Belterra,BELTERRA,PA,Pará,Norte,Baixo Amazonas,Santarém
1501501,150150,Benevides,BENEVIDES,PA,Pará,Norte,Metropolitana de Belém,Belém
1501576,150157,Bom Jesus do Tocantins,BOM JESUS DO TOCANTINS,PA,Pará,Norte,Sudeste Paraense,Paragominas
1501600,150160,Bonito,BONITO,PA,Pará,Norte,Nordeste Paraense,Bragantina
1501709,150170,Bragança,BRAGANCA,PA,Pará,Norte,Nordeste Paraense,Bragantina
1501725,150172,Brasil Novo,BRASIL NOVO,PA,Pará,Norte,Sudoeste Paraense,Altamira
1501758,150175,Brejo Grande do Araguaia,BREJO GRANDE DO ARAGUAIA,PA,Pará,Norte,Sudeste Paraense,Marabá
1501782,150178,Breu Branco,BREU BRANCO,PA,Pará,Norte,Sudeste Paraense,Tucuruí
1501808,150180,Breves,BREVES,PA,Pará,Norte,Marajó,Furos de Breves
1501907,150190,Bujaru,BUJARU,PA,Pará,Norte,Metropolitana de Belém,Castanhal
1501956,150195,Cachoeira do Piriá,CACHOEIRA DO PIRIA,PA,Pará,Norte,Nordeste Paraense,Guamá
1502004,150200,Cachoeira do Arari,CACHOEIRA DO ARARI,PA,Pará,Norte,Marajó,Arari
1502103,150210,Cametá,CAMETA,PA,Pará,Norte,Nordeste Paraense,Cametá
1502152,150215,Canaã dos Carajás,CANAA DOS CARAJAS,PA,Pará,Norte,Sudeste Paraense,Parauapebas
1502202,150220,Capanema,CAPANEMA,PA,Pará,Norte,Nordeste Paraense,Bragantina
1502301,150230,Capitão Poço,CAPITAO POCO,PA,Pará,Norte,Nordeste Paraense,Guamá
1502400,150240,Castanhal,CASTANHAL,PA,Pará,Norte,Metropolitana de Belém,Castanhal
1502509,150250,Chaves,CHAVES,PA,Pará,Norte,Marajó,Arari
1502608,150260,Colares,COLARES,PA,Pará,Norte,Nordeste Paraense,Salgado
1502707,150270,Conceição do Araguaia,CONCEICAO DO ARAGUAIA,PA,Pará,Norte,Sudeste Paraense,Conceição do Araguaia
1502756,150275,Concórdia do Pará,CONCORDIA DO PARA,PA,Pará,Norte,Nordeste Paraense,Tomé-Açu
1502764,150276,Cumaru do Norte,CUMARU DO NORTE,PA,Pará,Norte,Sudeste Paraense,São Félix do Xingu
1502772,150277,Curionópolis,CURIONOPOLIS,PA,Pará,Norte,Sudeste Paraense,Parauapebas
1502806,150280,Curralinho,CURRALINHO,PA,Pará,Norte,Marajó,Furos de Breves
1502855,150285,Curuá,CURUA,PA,Pará,Norte,Baixo Amazonas,Santarém
1502905,150290,Curuçá,CURUCA,PA,Pará,Norte,Nordeste Paraense,Salgado
1502939,150293,Dom Eliseu,DOM ELISEU,PA,Pará,Norte,Sudeste Paraense,Paragominas
1502954,150295,Eldorado do Carajás,ELDORADO DO CARAJAS,PA,Pará,Norte,Sudeste Paraense,Parauapebas
1503002,150300,Faro,FARO,PA,Pará,Norte,Baixo Amazonas,Óbidos
1503044,150304,Floresta do Araguaia,FLORESTA DO ARAGUAIA,PA,Pará,Norte,Sudeste Paraense,Conceição do Araguaia
1503077,150307,Garrafão do Norte,GARRAFAO DO NORTE,PA,Pará,Norte,Nordeste Paraense,Guamá
1503093,150309,Goianésia do Pará,GOIANESIA DO PARA,PA,Pará,Norte,Sudeste Paraense,Paragominas
1503101,150310,Gurupá,GURUPA,PA,Pará,Norte,Marajó,Portel
1503200,150320,Igarapé-Açu,IGARAPE-ACU,PA,Pará,Norte,Nordeste Paraense,Bragantina
1503309,150330,Igarapé-Miri,IGARAPE-MIRI,PA,Pará,Norte,Nordeste Paraense,Cametá
1503408,150340,Inhangapi,INHANGAPI,PA,Pará,Norte,Metropolitana de Belém,Castanhal
1503457,150345,Ipixuna do Pará,IPIXUNA DO PARA,PA,Pará,Norte,Nordeste Paraense,Guamá
1503507,150350,Irituia,IRITUIA,PA,Pará,Norte,Nordeste Paraense,Guamá
1503606,150360,Itaituba,ITAITUBA,PA,Pará,Norte,Sudoeste Paraense,Itaituba
1503705,150370,Itupiranga,ITUPIRANGA,PA,Pará,Norte,Sudeste Paraense,Tucuruí
1503754,150375,Jacareacanga,JACAREACANGA,PA,Pará,Norte,Sudoeste Paraense,Itaituba
1503804,150380,Jacundá,JACUNDA,PA,Pará,Norte,Sudeste Paraense,Tucuruí
1503903,150390,Juruti,JURUTI,PA,Pará,Norte,Baixo Amazonas,Óbidos
1504000,150400,Limoeiro do Ajuru,LIMOEIRO DO AJURU,PA,Pará,Norte,Nordeste Paraense,Cametá
1504059,150405,Mãe do Rio,MAE DO RIO,PA,Pará,Norte,Nordeste Paraense,Guamá
1504109,150410,Magalhães Barata,MAGALHAES BARATA,PA,Pará,Norte,Nordeste Paraense,Salgado
1504208,150420,Marabá,MARABA,PA,Pará,Norte,Sudeste Paraense,Marabá
1504307,150430,Maracanã,MARACANA,PA,Pará,Norte,Nordeste Paraense,Salgado
1504406,150440,Marapanim,MARAPANIM,PA,Pará,Norte,Nordeste Paraense,Salgado
1504422,150442,Marituba,MARITUBA,PA,Pará,Norte,Metropolitana de Belém,Belém
1504455,150445,Medicilândia,MEDICILANDIA,PA,Pará,Norte,Sudoeste Paraense,Altamira
1504505,150450,Melgaço,MELGACO,PA,Pará,Norte,Marajó,Portel
1504604,150460,Mocajuba,MOCAJUBA,PA,Pará,Norte,Nordeste Paraense,Cametá
1504703,150470,Moju,MOJU,PA,Pará,Norte,Nordeste Paraense,Tomé-Açu
1504752,150475,Mojuí dos Campos,MOJUI DOS CAMPOS,PA,Pará,Norte,Baixo Amazonas,Santarém
1504802,150480,Monte Alegre,MONTE ALEGRE,PA,Pará,Norte,Baixo Amazonas,Santarém
1504901,150490,Muaná,MUANA,PA,Pará,Norte,Marajó,Arari
1504950,150495,Nova Esperança do Piriá,NOVA ESPERANCA DO PIRIA,PA,Pará,Norte,Nordeste Paraense,Guamá
1504976,150497,Nova Ipixuna,NOVA IPIXUNA,PA,Pará,Norte,Sudeste Paraense,Tucuruí
1505007,150500,Nova Timboteua,NOVA TIMBOTEUA,PA,Pará,Norte,Nordeste Paraense,Bragantina
1505031,150503,Novo Progresso,NOVO PROGRESSO,PA,Pará,Norte,Sudoeste Paraense,Itaituba
1505064,150506,Novo Repartimento,NOVO REPARTIMENTO,PA,Pará,Norte,Sudeste Paraense,Tucuruí
1505106,150510,Óbidos,OBIDOS,PA,Pará,Norte,Baixo Amazonas,Óbidos
1505205,150520,Oeiras do Pará,OEIRAS DO PARA,PA,Pará,Norte,Nordeste Paraense,Cametá
1505304,150530,Oriximiná,ORIXIMINA,PA,Pará,Norte,Baixo Amazonas,Óbidos
1505403,150540,Ourém,OUREM,PA,Pará,Norte,Nordeste Paraense,Guamá
1505437,150543,Ourilândia do Norte,OURILANDIA DO NORTE,PA,Pará,Norte,Sudeste Paraense,São Félix do Xingu
1505486,150548,Pacajá,PACAJA,PA,Pará,Norte,Sudoeste Paraense,Altamira
1505494,150549,Palestina do Pará,PALESTINA DO PARA,PA,Pará,Norte,Sudeste Paraense,Marabá
1505502,150550,Paragominas,PARAGOMINAS,PA,Pará,Norte,Sudeste Paraense,Paragominas
1505536,150553,Parauapebas,PARAUAPEBAS,PA,Pará,Norte,Sudeste Paraense,Parauapebas
1505551,150555,Pau D'Arco,PAU D'ARCO,PA,Pará,Norte,Sudeste Paraense,Redenção
1505601,150560,Peixe-Boi,PEIXE-BOI,PA,Pará,Norte,Nordeste Paraense,Bragantina
1505635,150563,Piçarra,PICARRA,PA,Pará,Norte,Sudeste Paraense,Redenção
1505650,150565,Placas,PLACAS,PA,Pará,Norte,Baixo Amazonas,Santarém
1505700,150570,Ponta de Pedras,PONTA DE PEDRAS,PA,Pará,Norte,Marajó,Arari
1505809,150580,Portel,PORTEL,PA,Pará,Norte,Marajó,Portel
1505908,150590,Porto de Moz,PORTO DE MOZ,PA,Pará,Norte,Baixo Amazonas,Almeirim
1506005,150600,Prainha,PRAINHA,PA,Pará,Norte,Baixo Amazonas,Santarém
1506104,150610,Primavera,PRIMAVERA,PA,Pará,Norte,Nordeste Paraense,Bragantina
1506112,150611,Quatipuru,QUATIPURU,PA,Pará,Norte,Nordeste Paraense,Bragantina
1506138,150613,Redenção,REDENCAO,PA,Pará,Norte,Sudeste Paraense,Redenção
1506161,150616,Rio Maria,RIO MARIA,PA,Pará,Norte,Sudeste Paraense,Redenção
1506187,150618,Rondon do Pará,RONDON DO PARA,PA,Pará,Norte,Sudeste Paraense,Paragominas
1506195,150619,Rurópolis,RUROPOLIS,PA,Pará,Norte,Sudoeste Paraense,Itaituba
1506203,150620,Salinópolis,SALINOPOLIS,PA,Pará,Norte,Nordeste Paraense,Salgado
1506302,150630,Salvaterra,SALVATERRA,PA,Pará,Norte,Marajó,Arari
1506351,150635,Santa Bárbara do Pará,SANTA BARBARA DO PARA,PA,Pará,Norte,Metropolitana de Belém,Belém
1506401,150640,Santa Cruz do Arari,SANTA CRUZ DO ARARI,PA,Pará,Norte,Marajó,Arari
1506500,150650,Santa Izabel do Pará,SANTA IZABEL DO PARA,PA,Pará,Norte,Metropolitana de Belém,Castanhal
1506559,150655,Santa Luzia do Pará,SANTA LUZIA DO PARA,PA,Pará,Norte,Nordeste Paraense,Guamá
1506583,150658,Santa Maria das Barreiras,SANTA MARIA DAS BARREIRAS,PA,Pará,Norte,Sudeste Paraense,Conceição do Araguaia
1506609,150660,Santa Maria do Pará,SANTA MARIA DO PARA,PA,Pará,Norte,Nordeste Paraense,Bragantina
1506708,150670,Santana do Araguaia,SANTANA DO ARAGUAIA,PA,Pará,Norte,Sudeste Paraense,Conceição do Araguaia
1506807,150680,Santarém,SANTAREM,PA,Pará,Norte,Baixo Amazonas,Santarém
1506906,150690,Santarém Novo,SANTAREM NOVO,PA,Pará,Norte,Nordeste Paraense,Bragantina
1507003,150700,Santo Antônio do Tauá,SANTO ANTONIO DO TAUA,PA,Pará,Norte,Metropolitana de Belém,Castanhal
1507102,150710,São Caetano de Odivelas,SAO CAETANO DE ODIVELAS,PA,Pará,Norte,Nordeste Paraense,Salgado
1507151,150715,São Domingos do Araguaia,SAO DOMINGOS DO ARAGUAIA,PA,Pará,Norte,Sudeste Paraense,Marabá
1507201,150720,São Domingos do Capim,SAO DOMINGOS DO CAPIM,PA,Pará,Norte,Nordeste Paraense,Guamá
1507300,150730,São Félix do Xingu,SAO FELIX DO XINGU,PA,Pará,Norte,Sudeste Paraense,São Félix do Xingu
1507409,150740,São Francisco do Pará,SAO FRANCISCO DO PARA,PA,Pará,Norte,Nordeste Paraense,Bragantina
1507458,150745,São Geraldo do Araguaia,SAO GERALDO DO ARAGUAIA,PA,Pará,Norte,Sudeste Paraense,Redenção
1507466,150746,São João da Ponta,SAO JOAO DA PONTA,PA,Pará,Norte,Nordeste Paraense,Salgado
1507474,150747,São João de Pirabas,SAO JOAO DE PIRABAS,PA,Pará,Norte,Nordeste Paraense,Salgado
1507508,150750,São João do Araguaia,SAO JOAO DO ARAGUAIA,PA,Pará,Norte,Sudeste Paraense,Marabá
1507607,150760,São Miguel do Guamá,SAO MIGUEL DO GUAMA,PA,Pará,Norte,Nordeste Paraense,Guamá
1507706,150770,São Sebastião da Boa Vista,SAO SEBASTIAO DA BOA VISTA,PA,Pará,Norte,Marajó,Furos de Breves
1507755,150775,Sapucaia,SAPUCAIA,PA,Pará,Norte,Sudeste Paraense,Redenção
1507805,150780,Senador José Porfírio,SENADOR JOSE PORFIRIO,PA,Pará,Norte,Sudoeste Paraense,Altamira
1507904,150790,Soure,SOURE,PA,Pará,Norte,Marajó,Arari
1507953,150795,Tailândia,TAILANDIA,PA,Pará,Norte,Nordeste Paraense,Tomé-Açu
1507961,150796,Terra Alta,TERRA ALTA,PA,Pará,Norte,Nordeste Paraense,Salgado
1507979,150797,Terra Santa,TERRA SANTA,PA,Pará,Norte,Baixo Amazonas,Óbidos
1508001,150800,Tomé-Açu,TOME-ACU,PA,Pará,Norte,Nordeste Paraense,Tomé-Açu
1508035,150803,Tracuateua,TRACUATEUA,PA,Pará,Norte,Nordeste Paraense,Bragantina
1508050,150805,Trairão,TRAIRAO,PA,Pará,Norte,Sudoeste Paraense,Itaituba
1508084,150808,Tucumã,TUCUMA,PA,Pará,Norte,Sudeste Paraense,São Félix do Xingu
1508100,150810,Tucuruí,TUCURUI,PA,Pará,Norte,Sudeste Paraense,Tucuruí
1508126,150812,Ulianópolis,ULIANOPOLIS,PA,Pará,Norte,Sudeste Paraense,Paragominas
1508159,150815,Uruará,URUARA,PA,Pará,Norte,Sudoeste Paraense,Altamira
1508209,150820,Vigia,VIGIA,PA,Pará,Norte,Nordeste Paraense,Salgado
1508308,150830,Viseu,VISEU,PA,Pará,Norte,Nordeste Paraense,Guamá
1508357,150835,Vitória do Xingu,VITORIA DO XINGU,PA,Pará,Norte,Sudoeste Paraense,Altamira
1508407,150840,Xinguara,XINGUARA,PA,Pará,Norte,Sudeste Paraense,Redenção
1600055,160005,Serra do Navio,SERRA DO NAVIO,AP,Amapá,Norte,Sul do Amapá,Macapá
1600105,160010,Amapá,AMAPA,AP,Amapá,Norte,Norte do Amapá,Amapá
1600154,160015,Pedra Branca do Amapari,PEDRA BRANCA DO AMAPARI,AP,Amapá,Norte,Sul do Amapá,Macapá
1600204,160020,Calçoene,CALCOENE,AP,Amapá,Norte,Norte do Amapá,Oiapoque
1600212,160021,Cutias,CUTIAS,AP,Amapá,Norte,Sul do Amapá,Macapá
1600238,160023,Ferreira Gomes,FERREIRA GOMES,AP,Amapá,Norte,Sul do Amapá,Macapá
1600253,160025,Itaubal,ITAUBAL,AP,Amapá,Norte,Sul do Amapá,Macapá
1600279,160027,Laranjal do Jari,LARANJAL DO JARI,AP,Amapá,Norte,Sul do Amapá,Mazagão
1600303,160030,Macapá,MACAPA,AP,Amapá,Norte,Sul do Amapá,Macapá
1600402,160040,Mazagão,MAZAGAO,AP,Amapá,Norte,Sul do Amapá,Mazagão
1600501,160050,Oiapoque,OIAPOQUE,AP,Amapá,Norte,Norte do Amapá,Oiapoque
1600535,160053,Porto Grande,PORTO GRANDE,AP,Amapá,Norte,Sul do Amapá,Macapá
1600550,160055,Pracuúba,PRACUUBA,AP,Amapá,Norte,Norte do Amapá,Amapá
1600600,160060,Santana,SANTANA,AP,Amapá,Norte,Sul do Amapá,Macapá
1600709,160070,Tartarugalzinho,TARTARUGALZINHO,AP,Amapá,Norte,Norte do Amapá,Amapá
1600808,160080,Vitória do Jari,VITORIA DO JARI,AP,Amapá,Norte,Sul do Amapá,Mazagão
1700251,170025,Abreulândia,ABREULANDIA,TO,Tocantins,Norte,Ocidental do Tocantins,Miracema do Tocantins
1700301,170030,Aguiarnópolis,AGUIARNOPOLIS,TO,Tocantins,Norte,Ocidental do Tocantins,Bico do Papagaio
1700350,170035,Aliança do Tocantins,ALIANCA DO TOCANTINS,TO,Tocantins,Norte,Ocidental do Tocantins,Gurupi
1700400,170040,Almas,ALMAS,TO,Tocantins,Norte,Oriental do Tocantins,Dianópolis
1700707,170070,Alvorada,ALVORADA,TO,Tocantins,Norte,Ocidental do Tocantins,Gurupi
1701002,170100,Ananás,ANANAS,TO,Tocantins,Norte,Ocidental do Tocantins,Bico do Papagaio
1701051,170105,Angico,ANGICO,TO,Tocantins,Norte,Ocidental do Tocantins,Bico do Papagaio
1701101,170110,Aparecida do Rio Negro,APARECIDA DO RIO NEGRO,TO,Tocantins,Norte,Oriental do Tocantins,Porto Nacional
1701309,170130,Aragominas,ARAGOMINAS,TO,Tocantins,Norte,Ocidental do Tocantins,Araguaína
1701903,170190,Araguacema,ARAGUACEMA,TO,Tocantins,Norte,Ocidental do Tocantins,Miracema do Tocantins
1702000,170200,Araguaçu,ARAGUACU,TO,Tocantins,Norte,Ocidental do Tocantins,Rio Formoso
1702109,170210,Araguaína,ARAGUAINA,TO,Tocantins,Norte,Ocidental do Tocantins,Araguaína
1702158,170215,Araguanã,ARAGUANA,TO,Tocantins,Norte,Ocidental do Tocantins,Araguaína
1702208,170220,Araguatins,ARAGUATINS,TO,Tocantins,Norte,Ocidental do Tocantins,Bico do Papagaio
1702307,170230,Arapoema,ARAPOEMA,TO,Tocantins,Norte,Ocidental do Tocantins,Araguaína
1702406,170240,Arraias,ARRAIAS,TO,Tocantins,Norte,Oriental do Tocantins,Dianópolis
1702554,170255,Augustinópolis,AUGUSTINOPOLIS,TO,Tocantins,Norte,Ocidental do Tocantins,Bico do Papagaio
1702703,170270,Aurora do Tocantins,AURORA DO TOCANTINS,TO,Tocantins,Norte,Oriental do Tocantins,Dianópolis
1702901,170290,Axixá do Tocantins,AXIXA DO TOCANTINS,TO,Tocantins,Norte,Ocidental do Tocantins,Bico do Papagaio
1703008,170300,Babaçulândia,BABACULANDIA,TO,Tocantins,Norte,Ocidental do Tocantins,Araguaína
1703057,170305,Bandeirantes do Tocantins,BANDEIRANTES DO TOCANTINS,TO,Tocantins,Norte,Ocidental do Tocantins,Araguaína
1703073,170307,Barra do Ouro,BARRA DO OURO,TO,Tocantins,Norte,Oriental do Tocantins,Jalapão
1703107,170310,Barrolândia,BARROLANDIA,TO,Tocantins,Norte,Ocidental do Tocantins,Miracema do Tocantins
1703206,170320,Bernardo Sayão,BERNARDO SAYAO,TO,Tocantins,Norte,Ocidental do Tocantins,Miracema do Tocantins
1703305,170330,Bom Jesus do Tocantins,BOM JESUS DO TOCANTINS,TO,Tocantins,Norte,Oriental do Tocantins,Porto Nacional
1703602,170360,Brasilândia do Tocantins,BRASILANDIA DO TOCANTINS,TO,Tocantins,Norte,Ocidental do Tocantins,Miracema do Tocantins
1703701,170370,Brejinho de Nazaré,BREJINHO DE NAZARE,TO,Tocantins,Norte,Ocidental do Tocantins,Gurupi
1703800,170380,Buriti do Tocantins,BURITI DO TOCANTINS,TO,Tocantins,Norte,Ocidental do Tocantins,Bico do Papagaio
1703826,170382,Cachoeirinha,CACHOEIRINHA,TO,Tocantins,Norte,Ocidental do Tocantins,Bico do Papagaio
1703842,170384,Campos Lindos,CAMPOS LINDOS,TO,Tocantins,Norte,Oriental do Tocantins,Jalapão
1703867,170386,Cariri do Tocantins,CARIRI DO TOCANTINS,TO,Tocantins,Norte,Ocidental do Tocantins,Gurupi
1703883,170388,Carmolândia,CARMOLANDIA,TO,Tocantins,Norte,Ocidental do Tocantins,Araguaína
1703891,170389,Carrasco Bonito,CARRASCO BONITO,TO,Tocantins,Norte,Ocidental do Tocantins,Bico do Papagaio
1703909,170390,Caseara,CASEARA,TO,Tocantins,Norte,Ocidental do Tocantins,Miracema do Tocantins
1704105,170410,Centenário,CENTENARIO,TO,Tocantins,Norte,Oriental do Tocantins,Jalapão
1704600,170460,Chapada de Areia,CHAPADA DE AREIA,TO,Tocantins,Norte,Ocidental do Tocantins,Rio Formoso
1705102,170510,Chapada da Natividade,CHAPADA DA NATIVIDADE,TO,Tocantins,Norte,Oriental do Tocantins,Dianópolis
1705508,170550,Colinas do Tocantins,COLINAS DO TOCANTINS,TO,Tocantins,Norte,Ocidental do Tocantins,Araguaína
1705557,170555,Combinado,COMBINADO,TO,Tocantins,Norte,Oriental do Tocantins,Dianópolis
1705607,170560,Conceição do Tocantins,CONCEICAO DO TOCANTINS,TO,Tocantins,Norte,Oriental do Tocantins,Dianópolis
1706001,170600,Couto Magalhães,COUTO MAGALHAES,TO,Tocantins,Norte,Ocidental do Tocantins,Miracema do Tocantins
1706100,170610,Cristalândia,CRISTALANDIA,TO,Tocantins,Norte,Ocidental do Tocantins,Rio Formoso
1706258,170625,Crixás do Tocantins,CRIXAS DO TOCANTINS,TO,Tocantins,Norte,Ocidental do Tocantins,Gurupi
1706506,170650,Darcinópolis,DARCINOPOLIS,TO,Tocantins,Norte,Ocidental do Tocantins,Bico do Papagaio
1707009,170700,Dianópolis,DIANOPOLIS,TO,Tocantins,Norte,Oriental do Tocantins,Dianópolis
1707108,170710,Divinópolis do Tocantins,DIVINOPOLIS DO TOCANTINS,TO,Tocantins,Norte,Ocidental do Tocantins,Miracema do Tocantins
1707207,170720,Dois Irmãos do Tocantins,DOIS IRMAOS DO TOCANTINS,TO,Tocantins,Norte,Ocidental do Tocantins,Miracema do Tocantins
1707306,170730,Dueré,DUERE,TO,Tocantins,Norte,Ocidental do Tocantins,Rio Formoso
1707405,170740,Esperantina,ESPERANTINA,TO,Tocantins,Norte,Ocidental do Tocantins,Bico do Papagaio
1707553,170755,Fátima,FATIMA,TO,Tocantins,Norte,Ocidental do Tocantins,Rio Formoso
1707652,170765,Figueirópolis,FIGUEIROPOLIS,TO,Tocantins,Norte,Ocidental do Tocantins,Gurupi
1707702,170770,Filadélfia,FILADELFIA,TO,Tocantins,Norte,Ocidental do Tocantins,Araguaína
1708205,170820,Formoso do Araguaia,FORMOSO DO ARAGUAIA,TO,Tocantins,Norte,Ocidental do Tocantins,Rio Formoso
1708254,170825,Tabocão,TABOCAO,TO,Tocantins,Norte,Ocidental do Tocantins,Miracema do Tocantins
1708304,170830,Goianorte,GOIANORTE,TO,Tocantins,Norte,Ocidental do Tocantins,Miracema do Tocantins
1709005,170900,Goiatins,GOIATINS,TO,Tocantins,Norte,Oriental do Tocantins,Jalapão
1709302,170930,Guaraí,GUARAI,TO,Tocantins,Norte,Ocidental do Tocantins,Miracema do Tocantins
1709500,170950,Gurupi,GURUPI,TO,Tocantins,Norte,Ocidental do Tocantins,Gurupi
1709807,170980,Ipueiras,IPUEIRAS,TO,Tocantins,Norte,Oriental do Tocantins,Porto Nacional
1710508,171050,Itacajá,ITACAJA,TO,Tocantins,Norte,Oriental do Tocantins,Jalapão
1710706,171070,Itaguatins,ITAGUATINS,TO,Tocantins,Norte,Ocidental do Tocantins,Bico do Papagaio
1710904,171090,Itapiratins,ITAPIRATINS,TO,Tocantins,Norte,Oriental do Tocantins,Jalapão
1711100,171110,Itaporã do Tocantins,ITAPORA DO TOCANTINS,TO,Tocantins,Norte,Ocidental do Tocantins,Miracema do Tocantins
1711506,171150,Jaú do Tocantins,JAU DO TOCANTINS,TO,Tocantins,Norte,Ocidental do Tocantins,Gurupi
1711803,171180,Juarina,JUARINA,TO,Tocantins,Norte,Ocidental do Tocantins,Miracema do Tocantins
1711902,171190,Lagoa da Confusão,LAGOA DA CONFUSAO,TO,Tocantins,Norte,Ocidental do Tocantins,Rio Formoso
1711951,171195,Lagoa do Tocantins,LAGOA DO TOCANTINS,TO,Tocantins,Norte,Oriental do Tocantins,Jalapão
1712009,171200,Lajeado,LAJEADO,TO,Tocantins,Norte,Oriental do Tocantins,Porto Nacional
1712157,171215,Lavandeira,LAVANDEIRA,TO,Tocantins,Norte,Oriental do Tocantins,Dianópolis
1712405,171240,Lizarda,LIZARDA,TO,Tocantins,Norte,Oriental do Tocantins,Jalapão
1712454,171245,Luzinópolis,LUZINOPOLIS,TO,Tocantins,Norte,Ocidental do Tocantins,Bico do Papagaio
1712504,171250,Marianópolis do Tocantins,MARIANOPOLIS DO TOCANTINS,TO,Tocantins,Norte,Ocidental do Tocantins,Miracema do Tocantins
1712702,171270,Mateiros,MATEIROS,TO,Tocantins,Norte,Oriental do Tocantins,Jalapão
1712801,171280,Maurilândia do Tocantins,MAURILANDIA DO TOCANTINS,TO,Tocantins,Norte,Ocidental do Tocantins,Bico do Papagaio
1713205,171320,Miracema do Tocantins,MIRACEMA DO TOCANTINS,TO,Tocantins,Norte,Ocidental do Tocantins,Miracema do Tocantins
1713304,171330,Miranorte,MIRANORTE,TO,Tocantins,Norte,Ocidental do Tocantins,Miracema do Tocantins
1713601,171360,Monte do Carmo,MONTE DO CARMO,TO,Tocantins,Norte,Oriental do Tocantins,Porto Nacional
1713700,171370,Monte Santo do Tocantins,MONTE SANTO DO TOCANTINS,TO,Tocantins,Norte,Ocidental do Tocantins,Miracema do Tocantins
1713809,171380,Palmeiras do Tocantins,PALMEIRAS DO TOCANTINS,TO,Tocantins,Norte,Ocidental do Tocantins,Bico do Papagaio
1713957,171395,Muricilândia,MURICILANDIA,TO,Tocantins,Norte,Ocidental do Tocantins,Araguaína
1714203,171420,Natividade,NATIVIDADE,TO,Tocantins,Norte,Oriental do Tocantins,Dianópolis
1714302,171430,Nazaré,NAZARE,TO,Tocantins,Norte,Ocidental do Tocantins,Bico do Papagaio
1714880,171488,Nova Olinda,NOVA OLINDA,TO,Tocantins,Norte,Ocidental do Tocantins,Araguaína
1715002,171500,Nova Rosalândia,NOVA ROSALANDIA,TO,Tocantins,Norte,Ocidental do Tocantins,Rio Formoso
1715101,171510,Novo Acordo,NOVO ACORDO,TO,Tocantins,Norte,Oriental do Tocantins,Jalapão
1715150,171515,Novo Alegre,NOVO ALEGRE,TO,Tocantins,Norte,Oriental do Tocantins,Dianópolis
1715259,171525,Novo Jardim,NOVO JARDIM,TO,Tocantins,Norte,Oriental do Tocantins,Dianópolis
1715507,171550,Oliveira de Fátima,OLIVEIRA DE FATIMA,TO,Tocantins,Norte,Ocidental do Tocantins,Rio Formoso
1715705,171570,Palmeirante,PALMEIRANTE,TO,Tocantins,Norte,Ocidental do Tocantins,Araguaína
1715754,171575,Palmeirópolis,PALMEIROPOLIS,TO,Tocantins,Norte,Ocidental do Tocantins,Gurupi
1716109,171610,Paraíso do Tocantins,PARAISO DO TOCANTINS,TO,Tocantins,Norte,Ocidental do Tocantins,Rio Formoso
1716208,171620,Paranã,PARANA,TO,Tocantins,Norte,Oriental do Tocantins,Dianópolis
1716307,171630,Pau D'Arco,PAU D'ARCO,TO,Tocantins,Norte,Ocidental do Tocantins,Araguaína
1716505,171650,Pedro Afonso,PEDRO AFONSO,TO,Tocantins,Norte,Oriental do Tocantins,Porto Nacional
1716604,171660,Peixe,PEIXE,TO,Tocantins,Norte,Ocidental do Tocantins,Gurupi
1716653,171665,Pequizeiro,PEQUIZEIRO,TO,Tocantins,Norte,Ocidental do Tocantins,Miracema do Tocantins
1716703,171670,Colméia,COLMEIA,TO,Tocantins,Norte,Ocidental do Tocantins,Miracema do Tocantins
1717008,171700,Pindorama do Tocantins,PINDORAMA DO TOCANTINS,TO,Tocantins,Norte,Oriental do Tocantins,Dianópolis
1717206,171720,Piraquê,PIRAQUE,TO,Tocantins,Norte,Ocidental do Tocantins,Araguaína
1717503,171750,Pium,PIUM,TO,Tocantins,Norte,Ocidental do Tocantins,Rio Formoso
1717800,171780,Ponte Alta do Bom Jesus,PONTE ALTA DO BOM JESUS,TO,Tocantins,Norte,Oriental do Tocantins,Dianópolis
1717909,171790,Ponte Alta do Tocantins,PONTE ALTA DO TOCANTINS,TO,Tocantins,Norte,Oriental do Tocantins,Jalapão
1718006,171800,Porto Alegre do Tocantins,PORTO ALEGRE DO TOCANTINS,TO,Tocantins,Norte,Oriental do Tocantins,Dianópolis
1718204,171820,Porto Nacional,PORTO NACIONAL,TO,Tocantins,Norte,Oriental do Tocantins,Porto Nacional
1718303,171830,Praia Norte,PRAIA NORTE,TO,Tocantins,Norte,Ocidental do Tocantins,Bico do Papagaio
1718402,171840,Presidente Kennedy,PRESIDENTE KENNEDY,TO,Tocantins,Norte,Ocidental do Tocantins,Miracema do Tocantins
1718451,171845,Pugmil,PUGMIL,TO,Tocantins,Norte,Ocidental do Tocantins,Rio Formoso
1718501,171850,Recursolândia,RECURSOLANDIA,TO,Tocantins,Norte,Oriental do Tocantins,Jalapão
1718550,171855,Riachinho,RIACHINHO,TO,Tocantins,Norte,Ocidental do Tocantins,Bico do Papagaio
1718659,171865,Rio da Conceição,RIO DA CONCEICAO,TO,Tocantins,Norte,Oriental do Tocantins,Dianópolis
1718709,171870,Rio dos Bois,RIO DOS BOIS,TO,Tocantins,Norte,Ocidental do Tocantins,Miracema do Tocantins
1718758,171875,Rio Sono,RIO SONO,TO,Tocantins,Norte,Oriental do Tocantins,Jalapão
1718808,171880,Sampaio,SAMPAIO,TO,Tocantins,Norte,Ocidental do Tocantins,Bico do Papagaio
1718840,171884,Sandolândia,SANDOLANDIA,TO,Tocantins,Norte,Ocidental do Tocantins,Rio Formoso
1718865,171886,Santa Fé do Araguaia,SANTA FE DO ARAGUAIA,TO,Tocantins,Norte,Ocidental do Tocantins,Araguaína
1718881,171888,Santa Maria do Tocantins,SANTA MARIA DO TOCANTINS,TO,Tocantins,Norte,Oriental do Tocantins,Porto Nacional
1718899,171889,Santa Rita do Tocantins,SANTA RITA DO TOCANTINS,TO,Tocantins,Norte,Ocidental do Tocantins,Gurupi
1718907,171890,Santa Rosa do Tocantins,SANTA ROSA DO TOCANTINS,TO,Tocantins,Norte,Oriental do Tocantins,Dianópolis
1719004,171900,Santa Tereza do Tocantins,SANTA TEREZA DO TOCANTINS,TO,Tocantins,Norte,Oriental do Tocantins,Jalapão
1720002,172000,Santa Terezinha do Tocantins,SANTA TEREZINHA DO TOCANTINS,TO,Tocantins,Norte,Ocidental do Tocantins,Bico do Papagaio
1720101,172010,São Bento do Tocantins,SAO BENTO DO TOCANTINS,TO,Tocantins,Norte,Ocidental do Tocantins,Bico do Papagaio
1720150,172015,São Félix do Tocantins,SAO FELIX DO TOCANTINS,TO,Tocantins,Norte,Oriental do Tocantins,Jalapão
1720200,172020,São Miguel do Tocantins,SAO MIGUEL DO TOCANTINS,TO,Tocantins,Norte,Ocidental do Tocantins,Bico do Papagaio
1720259,172025,São Salvador do Tocantins,SAO SALVADOR DO TOCANTINS,TO,Tocantins,Norte,Ocidental do Tocantins,Gurupi
1720309,172030,São Sebastião do Tocantins,SAO SEBASTIAO DO TOCANTINS,TO,Tocantins,Norte,Ocidental do Tocantins,Bico do Papagaio
1720499,172049,São Valério,SAO VALERIO,TO,Tocantins,Norte,Oriental do Tocantins,Dianópolis
1720655,172065,Silvanópolis,SILVANOPOLIS,TO,Tocantins,Norte,Oriental do Tocantins,Porto Nacional
1720804,172080,Sítio Novo do Tocantins,SITIO NOVO DO TOCANTINS,TO,Tocantins,Norte,Ocidental do Tocantins,Bico do Papagaio
1720853,172085,Sucupira,SUCUPIRA,TO,Tocantins,Norte,Ocidental do Tocantins,Gurupi
1720903,172090,Taguatinga,TAGUATINGA,TO,Tocantins,Norte,Oriental do Tocantins,Dianópolis
1720937,172093,Taipas do Tocantins,TAIPAS DO TOCANTINS,TO,Tocantins,Norte,Oriental do Tocantins,Dianópolis
1720978,172097,Talismã,TALISMA,TO,Tocantins,Norte,Ocidental do Tocantins,Gurupi
1721000,172100,Palmas,PALMAS,TO,Tocantins,Norte,Oriental do Tocantins,Porto Nacional
1721109,172110,Tocantínia,TOCANTINIA,TO,Tocantins,Norte,Oriental do Tocantins,Porto Nacional
1721208,172120,Tocantinópolis,TOCANTINOPOLIS,TO,Tocantins,Norte,Ocidental do Tocantins,Bico do Papagaio
1721257,172125,Tupirama,TUPIRAMA,TO,Tocantins,Norte,Ocidental do Tocantins,Miracema do Tocantins
1721307,172130,Tupiratins,TUPIRATINS,TO,Tocantins,Norte,Ocidental do Tocantins,Miracema do Tocantins
1722081,172208,Wanderlândia,WANDERLANDIA,TO,Tocantins,Norte,Ocidental do Tocantins,Araguaína
1722107,172210,Xambioá,XAMBIOA,TO,Tocantins,Norte,Ocidental do Tocantins,Araguaína
2100055,210005,Açailândia,ACAILANDIA,MA,Maranhão,Nordeste,Oeste Maranhense,Imperatriz
2100105,210010,Afonso Cunha,AFONSO CUNHA,MA,Maranhão,Nordeste,Leste Maranhense,Coelho Neto
2100154,210015,Água Doce do Maranhão,AGUA DOCE DO MARANHAO,MA,Maranhão,Nordeste,Leste Maranhense,Baixo Parnaíba Maranhense
2100204,210020,Alcântara,ALCANTARA,MA,Maranhão,Nordeste,Norte Maranhense,Litoral Ocidental Maranhense
2100303,210030,Aldeias Altas,ALDEIAS ALTAS,MA,Maranhão,Nordeste,Leste Maranhense,Coelho Neto
2100402,210040,Altamira do Maranhão,ALTAMIRA DO MARANHAO,MA,Maranhão,Nordeste,Oeste Maranhense,Pindaré
2100436,210043,Alto Alegre do Maranhão,ALTO ALEGRE DO MARANHAO,MA,Maranhão,Nordeste,Leste Maranhense,Codó
2100477,210047,Alto Alegre do Pindaré,ALTO ALEGRE DO PINDARE,MA,Maranhão,Nordeste,Oeste Maranhense,Pindaré
2100501,210050,Alto Parnaíba,ALTO PARNAIBA,MA,Maranhão,Nordeste,Sul Maranhense,Gerais de Balsas
2100550,210055,Amapá do Maranhão,AMAPA DO MARANHAO,MA,Maranhão,Nordeste,Oeste Maranhense,Gurupi
2100600,210060,Amarante do Maranhão,AMARANTE DO MARANHAO,MA,Maranhão,Nordeste,Oeste Maranhense,Imperatriz
2100709,210070,Anajatuba,ANAJATUBA,MA,Maranhão,Nordeste,Norte Maranhense,Baixada Maranhense
2100808,210080,Anapurus,ANAPURUS,MA,Maranhão,Nordeste,Leste Maranhense,Chapadinha
2100832,210083,Apicum-Açu,APICUM-ACU,MA,Maranhão,Nordeste,Norte Maranhense,Litoral Ocidental Maranhense
2100873,210087,Araguanã,ARAGUANA,MA,Maranhão,Nordeste,Oeste Maranhense,Pindaré
2100907,210090,Araioses,ARAIOSES,MA,Maranhão,Nordeste,Leste Maranhense,Baixo Parnaíba Maranhense
2100956,210095,Arame,ARAME,MA,Maranhão,Nordeste,Centro Maranhense,Alto Mearim e Grajaú
2101004,210100,Arari,ARARI,MA,Maranhão,Nordeste,Norte Maranhense,Baixada Maranhense
2101103,210110,Axixá,AXIXA,MA,Maranhão,Nordeste,Norte Maranhense,Rosário
2101202,210120,Bacabal,BACABAL,MA,Maranhão,Nordeste,Centro Maranhense,Médio Mearim
2101251,210125,Bacabeira,BACABEIRA,MA,Maranhão,Nordeste,Norte Maranhense,Rosário
2101301,210130,Bacuri,BACURI,MA,Maranhão,Nordeste,Norte Maranhense,Litoral Ocidental Maranhense
2101350,210135,Bacurituba,BACURITUBA,MA,Maranhão,Nordeste,Norte Maranhense,Litoral Ocidental Maranhense
2101400,210140,Balsas,BALSAS,MA,Maranhão,Nordeste,Sul Maranhense,Gerais de Balsas
2101509,210150,Barão de Grajaú,BARAO DE GRAJAU,MA,Maranhão,Nordeste,Leste Maranhense,Chapadas do Alto Itapecuru
2101608,210160,Barra do Corda,BARRA DO CORDA,MA,Maranhão,Nordeste,Centro Maranhense,Alto Mearim e Grajaú
2101707,210170,Barreirinhas,BARREIRINHAS,MA,Maranhão,Nordeste,Norte Maranhense,Lençóis Maranhenses
2101731,210173,Belágua,BELAGUA,MA,Maranhão,Nordeste,Leste Maranhense,Chapadinha
2101772,210177,Bela Vista do Maranhão,BELA VISTA DO MARANHAO,MA,Maranhão,Nordeste,Norte Maranhense,Baixada Maranhense
2101806,210180,Benedito Leite,BENEDITO LEITE,MA,Maranhão,Nordeste,Sul Maranhense,Chapadas das Mangabeiras
2101905,210190,Bequimão,BEQUIMAO,MA,Maranhão,Nordeste,Norte Maranhense,Litoral Ocidental Maranhense
2101939,210193,Bernardo do Mearim,BERNARDO DO MEARIM,MA,Maranhão,Nordeste,Centro Maranhense,Médio Mearim
2101970,210197,Boa Vista do Gurupi,BOA VISTA DO GURUPI,MA,Maranhão,Nordeste,Oeste Maranhense,Gurupi
2102002,210200,Bom Jardim,BOM JARDIM,MA,Maranhão,Nordeste,Oeste Maranhense,Pindaré
2102036,210203,Bom Jesus das Selvas,BOM JESUS DAS SELVAS,MA,Maranhão,Nordeste,Oeste Maranhense,Pindaré
2102077,210207,Bom Lugar,BOM LUGAR,MA,Maranhão,Nordeste,Centro Maranhense,Médio Mearim
2102101,210210,Brejo,BREJO,MA,Maranhão,Nordeste,Leste Maranhense,Chapadinha
2102150,210215,Brejo de Areia,BREJO DE AREIA,MA,Maranhão,Nordeste,Oeste Maranhense,Pindaré
2102200,210220,Buriti,BURITI,MA,Maranhão,Nordeste,Leste Maranhense,Chapadinha
2102309,210230,Buriti Bravo,BURITI BRAVO,MA,Maranhão,Nordeste,Leste Maranhense,Caxias
2102325,210232,Buriticupu,BURITICUPU,MA,Maranhão,Nordeste,Oeste Maranhense,Pindaré
2102358,210235,Buritirana,BURITIRANA,MA,Maranhão,Nordeste,Oeste Maranhense,Imperatriz
2102374,210237,Cachoeira Grande,CACHOEIRA GRANDE,MA,Maranhão,Nordeste,Norte Maranhense,Rosário
2102408,210240,Cajapió,CAJAPIO,MA,Maranhão,Nordeste,Norte Maranhense,Litoral Ocidental Maranhense
2102507,210250,Cajari,CAJARI,MA,Maranhão,Nordeste,Norte Maranhense,Baixada Maranhense
2102556,210255,Campestre do Maranhão,CAMPESTRE DO MARANHAO,MA,Maranhão,Nordeste,Sul Maranhense,Porto Franco
2102606,210260,Cândido Mendes,CANDIDO MENDES,MA,Maranhão,Nordeste,Oeste Maranhense,Gurupi
2102705,210270,Cantanhede,CANTANHEDE,MA,Maranhão,Nordeste,Norte Maranhense,Itapecuru Mirim
2102754,210275,Capinzal do Norte,CAPINZAL DO NORTE,MA,Maranhão,Nordeste,Leste Maranhense,Codó
2102804,210280,Carolina,CAROLINA,MA,Maranhão,Nordeste,Sul Maranhense,Porto Franco
2102903,210290,Carutapera,CARUTAPERA,MA,Maranhão,Nordeste,Oeste Maranhense,Gurupi
2103000,210300,Caxias,CAXIAS,MA,Maranhão,Nordeste,Leste Maranhense,Caxias
2103109,210310,Cedral,CEDRAL,MA,Maranhão,Nordeste,Norte Maranhense,Litoral Ocidental Maranhense
2103125,210312,Central do Maranhão,CENTRAL DO MARANHAO,MA,Maranhão,Nordeste,Norte Maranhense,Litoral Ocidental Maranhense
2103158,210315,Centro do Guilherme,CENTRO DO GUILHERME,MA,Maranhão,Nordeste,Oeste Maranhense,Gurupi
2103174,210317,Centro Novo do Maranhão,CENTRO NOVO DO MARANHAO,MA,Maranhão,Nordeste,Oeste Maranhense,Gurupi
2103208,210320,Chapadinha,CHAPADINHA,MA,Maranhão,Nordeste,Leste Maranhense,Chapadinha
2103257,210325,Cidelândia,CIDELANDIA,MA,Maranhão,Nordeste,Oeste Maranhense,Imperatriz
2103307,210330,Codó,CODO,MA,Maranhão,Nordeste,Leste Maranhense,Codó
2103406,210340,Coelho Neto,COELHO NETO,MA,Maranhão,Nordeste,Leste Maranhense,Coelho Neto
2103505,210350,Colinas,COLINAS,MA,Maranhão,Nordeste,Leste Maranhense,Chapadas do Alto Itapecuru
2103554,210355,Conceição do Lago-Açu,CONCEICAO DO LAGO-ACU,MA,Maranhão,Nordeste,Norte Maranhense,Baixada Maranhense
2103604,210360,Coroatá,COROATA,MA,Maranhão,Nordeste,Leste Maranhense,Codó
2103703,210370,Cururupu,CURURUPU,MA,Maranhão,Nordeste,Norte Maranhense,Litoral Ocidental Maranhense
2103752,210375,Davinópolis,DAVINOPOLIS,MA,Maranhão,Nordeste,Oeste Maranhense,Imperatriz
2103802,210380,Dom Pedro,DOM PEDRO,MA,Maranhão,Nordeste,Centro Maranhense,Presidente Dutra
2103901,210390,Duque Bacelar,DUQUE BACELAR,MA,Maranhão,Nordeste,Leste Maranhense,Coelho Neto
2104008,210400,Esperantinópolis,ESPERANTINOPOLIS,MA,Maranhão,Nordeste,Centro Maranhense,Médio Mearim
2104057,210405,Estreito,ESTREITO,MA,Maranhão,Nordeste,Sul Maranhense,Porto Franco
2104073,210407,Feira Nova do Maranhão,FEIRA NOVA DO MARANHAO,MA,Maranhão,Nordeste,Sul Maranhense,Gerais de Balsas
2104081,210408,Fernando Falcão,FERNANDO FALCAO,MA,Maranhão,Nordeste,Centro Maranhense,Alto Mearim e Grajaú
2104099,210409,Formosa da Serra Negra,FORMOSA DA SERRA NEGRA,MA,Maranhão,Nordeste,Centro Maranhense,Alto Mearim e Grajaú
2104107,210410,Fortaleza dos Nogueiras,FORTALEZA DOS NOGUEIRAS,MA,Maranhão,Nordeste,Sul Maranhense,Chapadas das Mangabeiras
2104206,210420,Fortuna,FORTUNA,MA,Maranhão,Nordeste,Centro Maranhense,Presidente Dutra
2104305,210430,Godofredo Viana,GODOFREDO VIANA,MA,Maranhão,Nordeste,Oeste Maranhense,Gurupi
2104404,210440,Gonçalves Dias,GONCALVES DIAS,MA,Maranhão,Nordeste,Centro Maranhense,Presidente Dutra
2104503,210450,Governador Archer,GOVERNADOR ARCHER,MA,Maranhão,Nordeste,Centro Maranhense,Presidente Dutra
2104552,210455,Governador Edison Lobão,GOVERNADOR EDISON LOBAO,MA,Maranhão,Nordeste,Oeste Maranhense,Imperatriz
2104602,210460,Governador Eugênio Barros,GOVERNADOR EUGENIO BARROS,MA,Maranhão,Nordeste,Centro Maranhense,Presidente Dutra
2104628,210462,Governador Luiz Rocha,GOVERNADOR LUIZ ROCHA,MA,Maranhão,Nordeste,Centro Maranhense,Presidente Dutra
2104651,210465,Governador Newton Bello,GOVERNADOR NEWTON BELLO,MA,Maranhão,Nordeste,Oeste Maranhense,Pindaré
2104677,210467,Governador Nunes Freire,GOVERNADOR NUNES FREIRE,MA,Maranhão,Nordeste,Oeste Maranhense,Gurupi
2104701,210470,Graça Aranha,GRACA ARANHA,MA,Maranhão,Nordeste,Centro Maranhense,Presidente Dutra
2104800,210480,Grajaú,GRAJAU,MA,Maranhão,Nordeste,Centro Maranhense,Alto Mearim e Grajaú
2104909,210490,Guimarães,GUIMARAES,MA,Maranhão,Nordeste,Norte Maranhense,Litoral Ocidental Maranhense
2105005,210500,Humberto de Campos,HUMBERTO DE CAMPOS,MA,Maranhão,Nordeste,Norte Maranhense,Lençóis Maranhenses
2105104,210510,Icatu,ICATU,MA,Maranhão,Nordeste,Norte Maranhense,Rosário
2105153,210515,Igarapé do Meio,IGARAPE DO MEIO,MA,Maranhão,Nordeste,Norte Maranhense,Baixada Maranhense
2105203,210520,Igarapé Grande,IGARAPE GRANDE,MA,Maranhão,Nordeste,Centro Maranhense,Médio Mearim
2105302,210530,Imperatriz,IMPERATRIZ,MA,Maranhão,Nordeste,Oeste Maranhense,Imperatriz
2105351,210535,Itaipava do Grajaú,ITAIPAVA DO GRAJAU,MA,Maranhão,Nordeste,Centro Maranhense,Alto Mearim e Grajaú
2105401,210540,Itapecuru Mirim,ITAPECURU MIRIM,MA,Maranhão,Nordeste,Norte Maranhense,Itapecuru Mirim
2105427,210542,Itinga do Maranhão,ITINGA DO MARANHAO,MA,Maranhão,Nordeste,Oeste Maranhense,Imperatriz
2105450,210545,Jatobá,JATOBA,MA,Maranhão,Nordeste,Leste Maranhense,Chapadas do Alto Itapecuru
2105476,210547,Jenipapo dos Vieiras,JENIPAPO DOS VIEIRAS,MA,Maranhão,Nordeste,Centro Maranhense,Alto Mearim e Grajaú
2105500,210550,João Lisboa,JOAO LISBOA,MA,Maranhão,Nordeste,Oeste Maranhense,Imperatriz
2105609,210560,Joselândia,JOSELANDIA,MA,Maranhão,Nordeste,Centro Maranhense,Alto Mearim e Grajaú
2105658,210565,Junco do Maranhão,JUNCO DO MARANHAO,MA,Maranhão,Nordeste,Oeste Maranhense,Gurupi
2105708,210570,Lago da Pedra,LAGO DA PEDRA,MA,Maranhão,Nordeste,Oeste Maranhense,Pindaré
2105807,210580,Lago do Junco,LAGO DO JUNCO,MA,Maranhão,Nordeste,Centro Maranhense,Médio Mearim
2105906,210590,Lago Verde,LAGO VERDE,MA,Maranhão,Nordeste,Centro Maranhense,Médio Mearim
2105922,210592,Lagoa do Mato,LAGOA DO MATO,MA,Maranhão,Nordeste,Leste Maranhense,Chapadas do Alto Itapecuru
2105948,210594,Lago dos Rodrigues,LAGO DOS RODRIGUES,MA,Maranhão,Nordeste,Centro Maranhense,Médio Mearim
2105963,210596,Lagoa Grande do Maranhão,LAGOA GRANDE DO MARANHAO,MA,Maranhão,Nordeste,Oeste Maranhense,Pindaré
2105989,210598,Lajeado Novo,LAJEADO NOVO,MA,Maranhão,Nordeste,Oeste Maranhense,Imperatriz
2106003,210600,Lima Campos,LIMA CAMPOS,MA,Maranhão,Nordeste,Centro Maranhense,Médio Mearim
2106102,210610,Loreto,LORETO,MA,Maranhão,Nordeste,Sul Maranhense,Chapadas das Mangabeiras
2106201,210620,Luís Domingues,LUIS DOMINGUES,MA,Maranhão,Nordeste,Oeste Maranhense,Gurupi
2106300,210630,Magalhães de Almeida,MAGALHAES DE ALMEIDA,MA,Maranhão,Nordeste,Leste Maranhense,Baixo Parnaíba Maranhense
2106326,210632,Maracaçumé,MARACACUME,MA,Maranhão,Nordeste,Oeste Maranhense,Gurupi
2106359,210635,Marajá do Sena,MARAJA DO SENA,MA,Maranhão,Nordeste,Oeste Maranhense,Pindaré
2106375,210637,Maranhãozinho,MARANHAOZINHO,MA,Maranhão,Nordeste,Oeste Maranhense,Gurupi
2106409,210640,Mata Roma,MATA ROMA,MA,Maranhão,Nordeste,Leste Maranhense,Chapadinha
2106508,210650,Matinha,MATINHA,MA,Maranhão,Nordeste,Norte Maranhense,Baixada Maranhense
2106607,210660,Matões,MATOES,MA,Maranhão,Nordeste,Leste Maranhense,Caxias
2106631,210663,Matões do Norte,MATOES DO NORTE,MA,Maranhão,Nordeste,Norte Maranhense,Itapecuru Mirim
2106672,210667,Milagres do Maranhão,MILAGRES DO MARANHAO,MA,Maranhão,Nordeste,Leste Maranhense,Chapadinha
2106706,210670,Mirador,MIRADOR,MA,Maranhão,Nordeste,Leste Maranhense,Chapadas do Alto Itapecuru
2106755,210675,Miranda do Norte,MIRANDA DO NORTE,MA,Maranhão,Nordeste,Norte Maranhense,Itapecuru Mirim
2106805,210680,Mirinzal,MIRINZAL,MA,Maranhão,Nordeste,Norte Maranhense,Litoral Ocidental Maranhense
2106904,210690,Monção,MONCAO,MA,Maranhão,Nordeste,Norte Maranhense,Baixada Maranhense
2107001,210700,Montes Altos,MONTES ALTOS,MA,Maranhão,Nordeste,Oeste Maranhense,Imperatriz
2107100,210710,Morros,MORROS,MA,Maranhão,Nordeste,Norte Maranhense,Rosário
2107209,210720,Nina Rodrigues,NINA RODRIGUES,MA,Maranhão,Nordeste,Norte Maranhense,Itapecuru Mirim
2107258,210725,Nova Colinas,NOVA COLINAS,MA,Maranhão,Nordeste,Sul Maranhense,Chapadas das Mangabeiras
2107308,210730,Nova Iorque,NOVA IORQUE,MA,Maranhão,Nordeste,Leste Maranhense,Chapadas do Alto Itapecuru
2107357,210735,Nova Olinda do Maranhão,NOVA OLINDA DO MARANHAO,MA,Maranhão,Nordeste,Oeste Maranhense,Pindaré
2107407,210740,Olho d'Água das Cunhãs,OLHO D'AGUA DAS CUNHAS,MA,Maranhão,Nordeste,Centro Maranhense,Médio Mearim
2107456,210745,Olinda Nova do Maranhão,OLINDA NOVA DO MARANHAO,MA,Maranhão,Nordeste,Norte Maranhense,Baixada Maranhense
2107506,210750,Paço do Lumiar,PACO DO LUMIAR,MA,Maranhão,Nordeste,Norte Maranhense,Aglomeração Urbana de São Luís
2107605,210760,Palmeirândia,PALMEIRANDIA,MA,Maranhão,Nordeste,Norte Maranhense,Baixada Maranhense
2107704,210770,Paraibano,PARAIBANO,MA,Maranhão,Nordeste,Leste Maranhense,Chapadas do Alto Itapecuru
2107803,210780,Parnarama,PARNARAMA,MA,Maranhão,Nordeste,Leste Maranhense,Caxias
2107902,210790,Passagem Franca,PASSAGEM FRANCA,MA,Maranhão,Nordeste,Leste Maranhense,Chapadas do Alto Itapecuru
2108009,210800,Pastos Bons,PASTOS BONS,MA,Maranhão,Nordeste,Leste Maranhense,Chapadas do Alto Itapecuru
2108058,210805,Paulino Neves,PAULINO NEVES,MA,Maranhão,Nordeste,Norte Maranhense,Lençóis Maranhenses
2108108,210810,Paulo Ramos,PAULO RAMOS,MA,Maranhão,Nordeste,Oeste Maranhense,Pindaré
2108207,210820,Pedreiras,PEDREIRAS,MA,Maranhão,Nordeste,Centro Maranhense,Médio Mearim
2108256,210825,Pedro do Rosário,PEDRO DO ROSARIO,MA,Maranhão,Nordeste,Norte Maranhense,Baixada Maranhense
2108306,210830,Penalva,PENALVA,MA,Maranhão,Nordeste,Norte Maranhense,Baixada Maranhense
2108405,210840,Peri Mirim,PERI MIRIM,MA,Maranhão,Nordeste,Norte Maranhense,Baixada Maranhense
2108454,210845,Peritoró,PERITORO,MA,Maranhão,Nordeste,Leste Maranhense,Codó
2108504,210850,Pindaré-Mirim,PINDARE-MIRIM,MA,Maranhão,Nordeste,Oeste Maranhense,Pindaré
2108603,210860,Pinheiro,PINHEIRO,MA,Maranhão,Nordeste,Norte Maranhense,Baixada Maranhense
2108702,210870,Pio XII,PIO XII,MA,Maranhão,Nordeste,Centro Maranhense,Médio Mearim
2108801,210880,Pirapemas,PIRAPEMAS,MA,Maranhão,Nordeste,Norte Maranhense,Itapecuru Mirim
2108900,210890,Poção de Pedras,POCAO DE PEDRAS,MA,Maranhão,Nordeste,Centro Maranhense,Médio Mearim
2109007,210900,Porto Franco,PORTO FRANCO,MA,Maranhão,Nordeste,Sul Maranhense,Porto Franco
2109056,210905,Porto Rico do Maranhão,PORTO RICO DO MARANHAO,MA,Maranhão,Nordeste,Norte Maranhense,Litoral Ocidental Maranhense
2109106,210910,Presidente Dutra,PRESIDENTE DUTRA,MA,Maranhão,Nordeste,Centro Maranhense,Presidente Dutra
2109205,210920,Presidente Juscelino,PRESIDENTE JUSCELINO,MA,Maranhão,Nordeste,Norte Maranhense,Rosário
2109239,210923,Presidente Médici,PRESIDENTE MEDICI,MA,Maranhão,Nordeste,Oeste Maranhense,Pindaré
2109270,210927,Presidente Sarney,PRESIDENTE SARNEY,MA,Maranhão,Nordeste,Norte Maranhense,Baixada Maranhense
2109304,210930,Presidente Vargas,PRESIDENTE VARGAS,MA,Maranhão,Nordeste,Norte Maranhense,Itapecuru Mirim
2109403,210940,Primeira Cruz,PRIMEIRA CRUZ,MA,Maranhão,Nordeste,Norte Maranhense,Lençóis Maranhenses
2109452,210945,Raposa,RAPOSA,MA,Maranhão,Nordeste,Norte Maranhense,Aglomeração Urbana de São Luís
2109502,210950,Riachão,RIACHAO,MA,Maranhão,Nordeste,Sul Maranhense,Gerais de Balsas
2109551,210955,Ribamar Fiquene,RIBAMAR FIQUENE,MA,Maranhão,Nordeste,Oeste Maranhense,Imperatriz
2109601,210960,Rosário,ROSARIO,MA,Maranhão,Nordeste,Norte Maranhense,Rosário
2109700,210970,Sambaíba,SAMBAIBA,MA,Maranhão,Nordeste,Sul Maranhense,Chapadas das Mangabeiras
2109759,210975,Santa Filomena do Maranhão,SANTA FILOMENA DO MARANHAO,MA,Maranhão,Nordeste,Centro Maranhense,Alto Mearim e Grajaú
2109809,210980,Santa Helena,SANTA HELENA,MA,Maranhão,Nordeste,Norte Maranhense,Baixada Maranhense
2109908,210990,Santa Inês,SANTA INES,MA,Maranhão,Nordeste,Oeste Maranhense,Pindaré
2110005,211000,Santa Luzia,SANTA LUZIA,MA,Maranhão,Nordeste,Oeste Maranhense,Pindaré
2110039,211003,Santa Luzia do Paruá,SANTA LUZIA DO PARUA,MA,Maranhão,Nordeste,Oeste Maranhense,Pindaré
2110104,211010,Santa Quitéria do Maranhão,SANTA QUITERIA DO MARANHAO,MA,Maranhão,Nordeste,Leste Maranhense,Baixo Parnaíba Maranhense
2110203,211020,Santa Rita,SANTA RITA,MA,Maranhão,Nordeste,Norte Maranhense,Rosário
2110237,211023,Santana do Maranhão,SANTANA DO MARANHAO,MA,Maranhão,Nordeste,Leste Maranhense,Baixo Parnaíba Maranhense
2110278,211027,Santo Amaro do Maranhão,SANTO AMARO DO MARANHAO,MA,Maranhão,Nordeste,Norte Maranhense,Lençóis Maranhenses
2110302,211030,Santo Antônio dos Lopes,SANTO ANTONIO DOS LOPES,MA,Maranhão,Nordeste,Centro Maranhense,Médio Mearim
2110401,211040,São Benedito do Rio Preto,SAO BENEDITO DO RIO PRETO,MA,Maranhão,Nordeste,Leste Maranhense,Chapadinha
2110500,211050,São Bento,SAO BENTO,MA,Maranhão,Nordeste,Norte Maranhense,Baixada Maranhense
2110609,211060,São Bernardo,SAO BERNARDO,MA,Maranhão,Nordeste,Leste Maranhense,Baixo Parnaíba Maranhense
2110658,211065,São Domingos do Azeitão,SAO DOMINGOS DO AZEITAO,MA,Maranhão,Nordeste,Sul Maranhense,Chapadas das Mangabeiras
2110708,211070,São Domingos do Maranhão,SAO DOMINGOS DO MARANHAO,MA,Maranhão,Nordeste,Centro Maranhense,Presidente Dutra
2110807,211080,São Félix de Balsas,SAO FELIX DE BALSAS,MA,Maranhão,Nordeste,Sul Maranhense,Chapadas das Mangabeiras
2110856,211085,São Francisco do Brejão,SAO FRANCISCO DO BREJAO,MA,Maranhão,Nordeste,Oeste Maranhense,Imperatriz
2110906,211090,São Francisco do Maranhão,SAO FRANCISCO DO MARANHAO,MA,Maranhão,Nordeste,Leste Maranhense,Chapadas do Alto Itapecuru
2111003,211100,São João Batista,SAO JOAO BATISTA,MA,Maranhão,Nordeste,Norte Maranhense,Baixada Maranhense
2111029,211102,São João do Carú,SAO JOAO DO CARU,MA,Maranhão,Nordeste,Oeste Maranhense,Pindaré
2111052,211105,São João do Paraíso,SAO JOAO DO PARAISO,MA,Maranhão,Nordeste,Sul Maranhense,Porto Franco
2111078,211107,São João do Soter,SAO JOAO DO SOTER,MA,Maranhão,Nordeste,Leste Maranhense,Caxias
2111102,211110,São João dos Patos,SAO JOAO DOS PATOS,MA,Maranhão,Nordeste,Leste Maranhense,Chapadas do Alto Itapecuru
2111201,211120,São José de Ribamar,SAO JOSE DE RIBAMAR,MA,Maranhão,Nordeste,Norte Maranhense,Aglomeração Urbana de São Luís
2111250,211125,São José dos Basílios,SAO JOSE DOS BASILIOS,MA,Maranhão,Nordeste,Centro Maranhense,Presidente Dutra
2111300,211130,São Luís,SAO LUIS,MA,Maranhão,Nordeste,Norte Maranhense,Aglomeração Urbana de São Luís
2111409,211140,São Luís Gonzaga do Maranhão,SAO LUIS GONZAGA DO MARANHAO,MA,Maranhão,Nordeste,Centro Maranhense,Médio Mearim
2111508,211150,São Mateus do Maranhão,SAO MATEUS DO MARANHAO,MA,Maranhão,Nordeste,Centro Maranhense,Médio Mearim
2111532,211153,São Pedro da Água Branca,SAO PEDRO DA AGUA BRANCA,MA,Maranhão,Nordeste,Oeste Maranhense,Imperatriz
2111573,211157,São Pedro dos Crentes,SAO PEDRO DOS CRENTES,MA,Maranhão,Nordeste,Sul Maranhense,Porto Franco
2111607,211160,São Raimundo das Mangabeiras,SAO RAIMUNDO DAS MANGABEIRAS,MA,Maranhão,Nordeste,Sul Maranhense,Chapadas das Mangabeiras
2111631,211163,São Raimundo do Doca Bezerra,SAO RAIMUNDO DO DOCA BEZERRA,MA,Maranhão,Nordeste,Centro Maranhense,Médio Mearim
2111672,211167,São Roberto,SAO ROBERTO,MA,Maranhão,Nordeste,Centro Maranhense,Médio Mearim
2111706,211170,São Vicente Ferrer,SAO VICENTE FERRER,MA,Maranhão,Nordeste,Norte Maranhense,Baixada Maranhense
2111722,211172,Satubinha,SATUBINHA,MA,Maranhão,Nordeste,Centro Maranhense,Médio Mearim
2111748,211174,Senador Alexandre Costa,SENADOR ALEXANDRE COSTA,MA,Maranhão,Nordeste,Centro Maranhense,Presidente Dutra
2111763,211176,Senador La Rocque,SENADOR LA ROCQUE,MA,Maranhão,Nordeste,Oeste Maranhense,Imperatriz
2111789,211178,Serrano do Maranhão,SERRANO DO MARANHAO,MA,Maranhão,Nordeste,Norte Maranhense,Litoral Ocidental Maranhense
2111805,211180,Sítio Novo,SITIO NOVO,MA,Maranhão,Nordeste,Centro Maranhense,Alto Mearim e Grajaú
2111904,211190,Sucupira do Norte,SUCUPIRA DO NORTE,MA,Maranhão,Nordeste,Leste Maranhense,Chapadas do Alto Itapecuru
2111953,211195,Sucupira do Riachão,SUCUPIRA DO RIACHAO,MA,Maranhão,Nordeste,Leste Maranhense,Chapadas do Alto Itapecuru
2112001,211200,Tasso Fragoso,TASSO FRAGOSO,MA,Maranhão,Nordeste,Sul Maranhense,Gerais de Balsas
2112100,211210,Timbiras,TIMBIRAS,MA,Maranhão,Nordeste,Leste Maranhense,Codó
2112209,211220,Timon,TIMON,MA,Maranhão,Nordeste,Leste Maranhense,Caxias
2112233,211223,Trizidela do Vale,TRIZIDELA DO VALE,MA,Maranhão,Nordeste,Centro Maranhense,Médio Mearim
2112274,211227,Tufilândia,TUFILANDIA,MA,Maranhão,Nordeste,Oeste Maranhense,Pindaré
2112308,211230,Tuntum,TUNTUM,MA,Maranhão,Nordeste,Centro Maranhense,Alto Mearim e Grajaú
2112407,211240,Turiaçu,TURIACU,MA,Maranhão,Nordeste,Oeste Maranhense,Gurupi
2112456,211245,Turilândia,TURILANDIA,MA,Maranhão,Nordeste,Oeste Maranhense,Gurupi
2112506,211250,Tutóia,TUTOIA,MA,Maranhão,Nordeste,Norte Maranhense,Lençóis Maranhenses
2112605,211260,Urbano Santos,URBANO SANTOS,MA,Maranhão,Nordeste,Leste Maranhense,Chapadinha
2112704,211270,Vargem Grande,VARGEM GRANDE,MA,Maranhão,Nordeste,Norte Maranhense,Itapecuru Mirim
2112803,211280,Viana,VIANA,MA,Maranhão,Nordeste,Norte Maranhense,Baixada Maranhense
2112852,211285,Vila Nova dos Martírios,VILA NOVA DOS MARTIRIOS,MA,Maranhão,Nordeste,Oeste Maranhense,Imperatriz
2112902,211290,Vitória do Mearim,VITORIA DO MEARIM,MA,Maranhão,Nordeste,Norte Maranhense,Baixada Maranhense
2113009,211300,Vitorino Freire,VITORINO FREIRE,MA,Maranhão,Nordeste,Oeste Maranhense,Pindaré
2114007,211400,Zé Doca,ZE DOCA,MA,Maranhão,Nordeste,Oeste Maranhense,Pindaré
2200053,220005,Acauã,ACAUA,PI,Piauí,Nordeste,Sudeste Piauiense,Alto Médio Canindé
2200103,220010,Agricolândia,AGRICOLANDIA,PI,Piauí,Nordeste,Centro-Norte Piauiense,Médio Parnaíba Piauiense
2200202,220020,Água Branca,AGUA BRANCA,PI,Piauí,Nordeste,Centro-Norte Piauiense,Médio Parnaíba Piauiense
2200251,220025,Alagoinha do Piauí,ALAGOINHA DO PIAUI,PI,Piauí,Nordeste,Sudeste Piauiense,Pio IX
2200277,220027,Alegrete do Piauí,ALEGRETE DO PIAUI,PI,Piauí,Nordeste,Sudeste Piauiense,Pio IX
2200301,220030,Alto Longá,ALTO LONGA,PI,Piauí,Nordeste,Centro-Norte Piauiense,Campo Maior
2200400,220040,Altos,ALTOS,PI,Piauí,Nordeste,Centro-Norte Piauiense,Teresina
2200459,220045,Alvorada do Gurguéia,ALVORADA DO GURGUEIA,PI,Piauí,Nordeste,Sudoeste Piauiense,Alto Médio Gurguéia
2200509,220050,Amarante,AMARANTE,PI,Piauí,Nordeste,Centro-Norte Piauiense,Médio Parnaíba Piauiense
2200608,220060,Angical do Piauí,ANGICAL DO PIAUI,PI,Piauí,Nordeste,Centro-Norte Piauiense,Médio Parnaíba Piauiense
2200707,220070,Anísio de Abreu,ANISIO DE ABREU,PI,Piauí,Nordeste,Sudoeste Piauiense,São Raimundo Nonato
2200806,220080,Antônio Almeida,ANTONIO ALMEIDA,PI,Piauí,Nordeste,Sudoeste Piauiense,Bertolínia
2200905,220090,Aroazes,AROAZES,PI,Piauí,Nordeste,Centro-Norte Piauiense,Valença do Piauí
2200954,220095,Aroeiras do Itaim,AROEIRAS DO ITAIM,PI,Piauí,Nordeste,Sudeste Piauiense,Picos
2201002,220100,Arraial,ARRAIAL,PI,Piauí,Nordeste,Centro-Norte Piauiense,Médio Parnaíba Piauiense
2201051,220105,Assunção do Piauí,ASSUNCAO DO PIAUI,PI,Piauí,Nordeste,Centro-Norte Piauiense,Campo Maior
2201101,220110,Avelino Lopes,AVELINO LOPES,PI,Piauí,Nordeste,Sudoeste Piauiense,Chapadas do Extremo Sul Piauiense
2201150,220115,Baixa Grande do Ribeiro,BAIXA GRANDE DO RIBEIRO,PI,Piauí,Nordeste,Sudoeste Piauiense,Alto Parnaíba Piauiense
2201176,220117,Barra D'Alcântara,BARRA D'ALCANTARA,PI,Piauí,Nordeste,Centro-Norte Piauiense,Valença do Piauí
2201200,220120,Barras,BARRAS,PI,Piauí,Nordeste,Norte Piauiense,Baixo Parnaíba Piauiense
2201309,220130,Barreiras do Piauí,BARREIRAS DO PIAUI,PI,Piauí,Nordeste,Sudoeste Piauiense,Alto Médio Gurguéia
2201408,220140,Barro Duro,BARRO DURO,PI,Piauí,Nordeste,Centro-Norte Piauiense,Médio Parnaíba Piauiense
2201507,220150,Batalha,BATALHA,PI,Piauí,Nordeste,Norte Piauiense,Baixo Parnaíba Piauiense
2201556,220155,Bela Vista do Piauí,BELA VISTA DO PIAUI,PI,Piauí,Nordeste,Sudeste Piauiense,Alto Médio Canindé
2201572,220157,Belém do Piauí,BELEM DO PIAUI,PI,Piauí,Nordeste,Sudeste Piauiense,Alto Médio Canindé
2201606,220160,Beneditinos,BENEDITINOS,PI,Piauí,Nordeste,Centro-Norte Piauiense,Teresina
2201705,220170,Bertolínia,BERTOLINIA,PI,Piauí,Nordeste,Sudoeste Piauiense,Bertolínia
2201739,220173,Betânia do Piauí,BETANIA DO PIAUI,PI,Piauí,Nordeste,Sudeste Piauiense,Alto Médio Canindé
2201770,220177,Boa Hora,BOA HORA,PI,Piauí,Nordeste,Norte Piauiense,Baixo Parnaíba Piauiense
2201804,220180,Bocaina,BOCAINA,PI,Piauí,Nordeste,Sudeste Piauiense,Picos
2201903,220190,Bom Jesus,BOM JESUS,PI,Piauí,Nordeste,Sudoeste Piauiense,Alto Médio Gurguéia
2201919,220191,Bom Princípio do Piauí,BOM PRINCIPIO DO PIAUI,PI,Piauí,Nordeste,Norte Piauiense,Litoral Piauiense
2201929,220192,Bonfim do Piauí,BONFIM DO PIAUI,PI,Piauí,Nordeste,Sudoeste Piauiense,São Raimundo Nonato
2201945,220194,Boqueirão do Piauí,BOQUEIRAO DO PIAUI,PI,Piauí,Nordeste,Centro-Norte Piauiense,Campo Maior
2201960,220196,Brasileira,BRASILEIRA,PI,Piauí,Nordeste,Norte Piauiense,Baixo Parnaíba Piauiense
2201988,220198,Brejo do Piauí,BREJO DO PIAUI,PI,Piauí,Nordeste,Sudoeste Piauiense,São Raimundo Nonato
2202000,220200,Buriti dos Lopes,BURITI DOS LOPES,PI,Piauí,Nordeste,Norte Piauiense,Litoral Piauiense
2202026,220202,Buriti dos Montes,BURITI DOS MONTES,PI,Piauí,Nordeste,Centro-Norte Piauiense,Campo Maior
2202059,220205,Cabeceiras do Piauí,CABECEIRAS DO PIAUI,PI,Piauí,Nordeste,Norte Piauiense,Baixo Parnaíba Piauiense
2202075,220207,Cajazeiras do Piauí,CAJAZEIRAS DO PIAUI,PI,Piauí,Nordeste,Sudeste Piauiense,Picos
2202083,220208,Cajueiro da Praia,CAJUEIRO DA PRAIA,PI,Piauí,Nordeste,Norte Piauiense,Litoral Piauiense
2202091,220209,Caldeirão Grande do Piauí,CALDEIRAO GRANDE DO PIAUI,PI,Piauí,Nordeste,Sudeste Piauiense,Alto Médio Canindé
2202109,220210,Campinas do Piauí,CAMPINAS DO PIAUI,PI,Piauí,Nordeste,Sudeste Piauiense,Alto Médio Canindé
2202117,220211,Campo Alegre do Fidalgo,CAMPO ALEGRE DO FIDALGO,PI,Piauí,Nordeste,Sudeste Piauiense,Alto Médio Canindé
2202133,220213,Campo Grande do Piauí,CAMPO GRANDE DO PIAUI,PI,Piauí,Nordeste,Sudeste Piauiense,Alto Médio Canindé
2202174,220217,Campo Largo do Piauí,CAMPO LARGO DO PIAUI,PI,Piauí,Nordeste,Norte Piauiense,Baixo Parnaíba Piauiense
2202208,220220,Campo Maior,CAMPO MAIOR,PI,Piauí,Nordeste,Centro-Norte Piauiense,Campo Maior
2202251,220225,Canavieira,CANAVIEIRA,PI,Piauí,Nordeste,Sudoeste Piauiense,Floriano
2202307,220230,Canto do Buriti,CANTO DO BURITI,PI,Piauí,Nordeste,Sudoeste Piauiense,São Raimundo Nonato
2202406,220240,Capitão de Campos,CAPITAO DE CAMPOS,PI,Piauí,Nordeste,Centro-Norte Piauiense,Campo Maior
2202455,220245,Capitão Gervásio Oliveira,CAPITAO GERVASIO OLIVEIRA,PI,Piauí,Nordeste,Sudeste Piauiense,Alto Médio Canindé
2202505,220250,Caracol,CARACOL,PI,Piauí,Nordeste,Sudoeste Piauiense,São Raimundo Nonato
2202539,220253,Caraúbas do Piauí,CARAUBAS DO PIAUI,PI,Piauí,Nordeste,Norte Piauiense,Litoral Piauiense
2202554,220255,Caridade do Piauí,CARIDADE DO PIAUI,PI,Piauí,Nordeste,Sudeste Piauiense,Alto Médio Canindé
2202604,220260,Castelo do Piauí,CASTELO DO PIAUI,PI,Piauí,Nordeste,Centro-Norte Piauiense,Campo Maior
2202653,220265,Caxingó,CAXINGO,PI,Piauí,Nordeste,Norte Piauiense,Litoral Piauiense
2202703,220270,Cocal,COCAL,PI,Piauí,Nordeste,Norte Piauiense,Litoral Piauiense
2202711,220271,Cocal de Telha,COCAL DE TELHA,PI,Piauí,Nordeste,Centro-Norte Piauiense,Campo Maior
2202729,220272,Cocal dos Alves,COCAL DOS ALVES,PI,Piauí,Nordeste,Norte Piauiense,Litoral Piauiense
2202737,220273,Coivaras,COIVARAS,PI,Piauí,Nordeste,Centro-Norte Piauiense,Teresina
2202752,220275,Colônia do Gurguéia,COLONIA DO GURGUEIA,PI,Piauí,Nordeste,Sudoeste Piauiense,Bertolínia
2202778,220277,Colônia do Piauí,COLONIA DO PIAUI,PI,Piauí,Nordeste,Sudeste Piauiense,Picos
2202802,220280,Conceição do Canindé,CONCEICAO DO CANINDE,PI,Piauí,Nordeste,Sudeste Piauiense,Alto Médio Canindé
2202851,220285,Coronel José Dias,CORONEL JOSE DIAS,PI,Piauí,Nordeste,Sudoeste Piauiense,São Raimundo Nonato
2202901,220290,Corrente,CORRENTE,PI,Piauí,Nordeste,Sudoeste Piauiense,Chapadas do Extremo Sul Piauiense
2203008,220300,Cristalândia do Piauí,CRISTALANDIA DO PIAUI,PI,Piauí,Nordeste,Sudoeste Piauiense,Chapadas do Extremo Sul Piauiense
2203107,220310,Cristino Castro,CRISTINO CASTRO,PI,Piauí,Nordeste,Sudoeste Piauiense,Alto Médio Gurguéia
2203206,220320,Curimatá,CURIMATA,PI,Piauí,Nordeste,Sudoeste Piauiense,Chapadas do Extremo Sul Piauiense
2203230,220323,Currais,CURRAIS,PI,Piauí,Nordeste,Sudoeste Piauiense,Alto Médio Gurguéia
2203255,220325,Curralinhos,CURRALINHOS,PI,Piauí,Nordeste,Centro-Norte Piauiense,Teresina
2203271,220327,Curral Novo do Piauí,CURRAL NOVO DO PIAUI,PI,Piauí,Nordeste,Sudeste Piauiense,Alto Médio Canindé
2203305,220330,Demerval Lobão,DEMERVAL LOBAO,PI,Piauí,Nordeste,Centro-Norte Piauiense,Teresina
2203354,220335,Dirceu Arcoverde,DIRCEU ARCOVERDE,PI,Piauí,Nordeste,Sudoeste Piauiense,São Raimundo Nonato
2203404,220340,Dom Expedito Lopes,DOM EXPEDITO LOPES,PI,Piauí,Nordeste,Sudeste Piauiense,Picos
2203420,220342,Domingos Mourão,DOMINGOS MOURAO,PI,Piauí,Nordeste,Centro-Norte Piauiense,Campo Maior
2203453,220345,Dom Inocêncio,DOM INOCENCIO,PI,Piauí,Nordeste,Sudoeste Piauiense,São Raimundo Nonato
2203503,220350,Elesbão Veloso,ELESBAO VELOSO,PI,Piauí,Nordeste,Centro-Norte Piauiense,Valença do Piauí
2203602,220360,Eliseu Martins,ELISEU MARTINS,PI,Piauí,Nordeste,Sudoeste Piauiense,Bertolínia
2203701,220370,Esperantina,ESPERANTINA,PI,Piauí,Nordeste,Norte Piauiense,Baixo Parnaíba Piauiense
2203750,220375,Fartura do Piauí,FARTURA DO PIAUI,PI,Piauí,Nordeste,Sudoeste Piauiense,São Raimundo Nonato
2203800,220380,Flores do Piauí,FLORES DO PIAUI,PI,Piauí,Nordeste,Sudoeste Piauiense,Floriano
2203859,220385,Floresta do Piauí,FLORESTA DO PIAUI,PI,Piauí,Nordeste,Sudeste Piauiense,Alto Médio Canindé
2203909,220390,Floriano,FLORIANO,PI,Piauí,Nordeste,Sudoeste Piauiense,Floriano
2204006,220400,Francinópolis,FRANCINOPOLIS,PI,Piauí,Nordeste,Centro-Norte Piauiense,Valença do Piauí
2204105,220410,Francisco Ayres,FRANCISCO AYRES,PI,Piauí,Nordeste,Centro-Norte Piauiense,Médio Parnaíba Piauiense
2204154,220415,Francisco Macedo,FRANCISCO MACEDO,PI,Piauí,Nordeste,Sudeste Piauiense,Alto Médio Canindé
2204204,220420,Francisco Santos,FRANCISCO SANTOS,PI,Piauí,Nordeste,Sudeste Piauiense,Pio IX
2204303,220430,Fronteiras,FRONTEIRAS,PI,Piauí,Nordeste,Sudeste Piauiense,Alto Médio Canindé
2204352,220435,Geminiano,GEMINIANO,PI,Piauí,Nordeste,Sudeste Piauiense,Picos
2204402,220440,Gilbués,GILBUES,PI,Piauí,Nordeste,Sudoeste Piauiense,Alto Médio Gurguéia
2204501,220450,Guadalupe,GUADALUPE,PI,Piauí,Nordeste,Sudoeste Piauiense,Floriano
2204550,220455,Guaribas,GUARIBAS,PI,Piauí,Nordeste,Sudoeste Piauiense,São Raimundo Nonato
2204600,220460,Hugo Napoleão,HUGO NAPOLEAO,PI,Piauí,Nordeste,Centro-Norte Piauiense,Médio Parnaíba Piauiense
2204659,220465,Ilha Grande,ILHA GRANDE,PI,Piauí,Nordeste,Norte Piauiense,Litoral Piauiense
2204709,220470,Inhuma,INHUMA,PI,Piauí,Nordeste,Centro-Norte Piauiense,Valença do Piauí
2204808,220480,Ipiranga do Piauí,IPIRANGA DO PIAUI,PI,Piauí,Nordeste,Sudeste Piauiense,Picos
2204907,220490,Isaías Coelho,ISAIAS COELHO,PI,Piauí,Nordeste,Sudeste Piauiense,Alto Médio Canindé
2205003,220500,Itainópolis,ITAINOPOLIS,PI,Piauí,Nordeste,Sudeste Piauiense,Alto Médio Canindé
2205102,220510,Itaueira,ITAUEIRA,PI,Piauí,Nordeste,Sudoeste Piauiense,Floriano
2205151,220515,Jacobina do Piauí,JACOBINA DO PIAUI,PI,Piauí,Nordeste,Sudeste Piauiense,Alto Médio Canindé
2205201,220520,Jaicós,JAICOS,PI,Piauí,Nordeste,Sudeste Piauiense,Alto Médio Canindé
2205250,220525,Jardim do Mulato,JARDIM DO MULATO,PI,Piauí,Nordeste,Centro-Norte Piauiense,Médio Parnaíba Piauiense
2205276,220527,Jatobá do Piauí,JATOBA DO PIAUI,PI,Piauí,Nordeste,Centro-Norte Piauiense,Campo Maior
2205300,220530,Jerumenha,JERUMENHA,PI,Piauí,Nordeste,Sudoeste Piauiense,Floriano
2205359,220535,João Costa,JOAO COSTA,PI,Piauí,Nordeste,Sudeste Piauiense,Alto Médio Canindé
2205409,220540,Joaquim Pires,JOAQUIM PIRES,PI,Piauí,Nordeste,Norte Piauiense,Baixo Parnaíba Piauiense
2205458,220545,Joca Marques,JOCA MARQUES,PI,Piauí,Nordeste,Norte Piauiense,Baixo Parnaíba Piauiense
2205508,220550,José de Freitas,JOSE DE FREITAS,PI,Piauí,Nordeste,Centro-Norte Piauiense,Teresina
2205516,220551,Juazeiro do Piauí,JUAZEIRO DO PIAUI,PI,Piauí,Nordeste,Centro-Norte Piauiense,Campo Maior
2205524,220552,Júlio Borges,JULIO BORGES,PI,Piauí,Nordeste,Sudoeste Piauiense,Chapadas do Extremo Sul Piauiense
2205532,220553,Jurema,JUREMA,PI,Piauí,Nordeste,Sudoeste Piauiense,São Raimundo Nonato
2205540,220554,Lagoinha do Piauí,LAGOINHA DO PIAUI,PI,Piauí,Nordeste,Centro-Norte Piauiense,Médio Parnaíba Piauiense
2205557,220555,Lagoa Alegre,LAGOA ALEGRE,PI,Piauí,Nordeste,Centro-Norte Piauiense,Teresina
2205565,220556,Lagoa do Barro do Piauí,LAGOA DO BARRO DO PIAUI,PI,Piauí,Nordeste,Sudeste Piauiense,Alto Médio Canindé
2205573,220557,Lagoa de São Francisco,LAGOA DE SAO FRANCISCO,PI,Piauí,Nordeste,Centro-Norte Piauiense,Campo Maior
2205581,220558,Lagoa do Piauí,LAGOA DO PIAUI,PI,Piauí,Nordeste,Centro-Norte Piauiense,Teresina
2205599,220559,Lagoa do Sítio,LAGOA DO SITIO,PI,Piauí,Nordeste,Centro-Norte Piauiense,Valença do Piauí
2205607,220560,Landri Sales,LANDRI SALES,PI,Piauí,Nordeste,Sudoeste Piauiense,Bertolínia
2205706,220570,Luís Correia,LUIS CORREIA,PI,Piauí,Nordeste,Norte Piauiense,Litoral Piauiense
2205805,220580,Luzilândia,LUZILANDIA,PI,Piauí,Nordeste,Norte Piauiense,Baixo Parnaíba Piauiense
2205854,220585,Madeiro,MADEIRO,PI,Piauí,Nordeste,Norte Piauiense,Baixo Parnaíba Piauiense
2205904,220590,Manoel Emídio,MANOEL EMIDIO,PI,Piauí,Nordeste,Sudoeste Piauiense,Bertolínia
2205953,220595,Marcolândia,MARCOLANDIA,PI,Piauí,Nordeste,Sudeste Piauiense,Alto Médio Canindé
2206001,220600,Marcos Parente,MARCOS PARENTE,PI,Piauí,Nordeste,Sudoeste Piauiense,Bertolínia
2206050,220605,Massapê do Piauí,MASSAPE DO PIAUI,PI,Piauí,Nordeste,Sudeste Piauiense,Alto Médio Canindé
2206100,220610,Matias Olímpio,MATIAS OLIMPIO,PI,Piauí,Nordeste,Norte Piauiense,Baixo Parnaíba Piauiense
2206209,220620,Miguel Alves,MIGUEL ALVES,PI,Piauí,Nordeste,Norte Piauiense,Baixo Parnaíba Piauiense
2206308,220630,Miguel Leão,MIGUEL LEAO,PI,Piauí,Nordeste,Centro-Norte Piauiense,Teresina
2206357,220635,Milton Brandão,MILTON BRANDAO,PI,Piauí,Nordeste,Centro-Norte Piauiense,Campo Maior
2206407,220640,Monsenhor Gil,MONSENHOR GIL,PI,Piauí,Nordeste,Centro-Norte Piauiense,Teresina
2206506,220650,Monsenhor Hipólito,MONSENHOR HIPOLITO,PI,Piauí,Nordeste,Sudeste Piauiense,Pio IX
2206605,220660,Monte Alegre do Piauí,MONTE ALEGRE DO PIAUI,PI,Piauí,Nordeste,Sudoeste Piauiense,Alto Médio Gurguéia
2206654,220665,Morro Cabeça no Tempo,MORRO CABECA NO TEMPO,PI,Piauí,Nordeste,Sudoeste Piauiense,Chapadas do Extremo Sul Piauiense
2206670,220667,Morro do Chapéu do Piauí,MORRO DO CHAPEU DO PIAUI,PI,Piauí,Nordeste,Norte Piauiense,Baixo Parnaíba Piauiense
2206696,220669,Murici dos Portelas,MURICI DOS PORTELAS,PI,Piauí,Nordeste,Norte Piauiense,Litoral Piauiense
2206704,220670,Nazaré do Piauí,NAZARE DO PIAUI,PI,Piauí,Nordeste,Sudoeste Piauiense,Floriano
2206720,220672,Nazária,NAZARIA,PI,Piauí,Nordeste,Centro-Norte Piauiense,Teresina
2206753,220675,Nossa Senhora de Nazaré,NOSSA SENHORA DE NAZARE,PI,Piauí,Nordeste,Centro-Norte Piauiense,Campo Maior
2206803,220680,Nossa Senhora dos Remédios,NOSSA SENHORA DOS REMEDIOS,PI,Piauí,Nordeste,Norte Piauiense,Baixo Parnaíba Piauiense
2206902,220690,Novo Oriente do Piauí,NOVO ORIENTE DO PIAUI,PI,Piauí,Nordeste,Centro-Norte Piauiense,Valença do Piauí
2206951,220695,Novo Santo Antônio,NOVO SANTO ANTONIO,PI,Piauí,Nordeste,Centro-Norte Piauiense,Campo Maior
2207009,220700,Oeiras,OEIRAS,PI,Piauí,Nordeste,Sudeste Piauiense,Picos
2207108,220710,Olho D'Água do Piauí,OLHO D'AGUA DO PIAUI,PI,Piauí,Nordeste,Centro-Norte Piauiense,Médio Parnaíba Piauiense
2207207,220720,Padre Marcos,PADRE MARCOS,PI,Piauí,Nordeste,Sudeste Piauiense,Alto Médio Canindé
2207306,220730,Paes Landim,PAES LANDIM,PI,Piauí,Nordeste,Sudeste Piauiense,Alto Médio Canindé
2207355,220735,Pajeú do Piauí,PAJEU DO PIAUI,PI,Piauí,Nordeste,Sudoeste Piauiense,São Raimundo Nonato
2207405,220740,Palmeira do Piauí,PALMEIRA DO PIAUI,PI,Piauí,Nordeste,Sudoeste Piauiense,Alto Médio Gurguéia
2207504,220750,Palmeirais,PALMEIRAIS,PI,Piauí,Nordeste,Centro-Norte Piauiense,Médio Parnaíba Piauiense
2207553,220755,Paquetá,PAQUETA,PI,Piauí,Nordeste,Sudeste Piauiense,Picos
2207603,220760,Parnaguá,PARNAGUA,PI,Piauí,Nordeste,Sudoeste Piauiense,Chapadas do Extremo Sul Piauiense
2207702,220770,Parnaíba,PARNAIBA,PI,Piauí,Nordeste,Norte Piauiense,Litoral Piauiense
2207751,220775,Passagem Franca do Piauí,PASSAGEM FRANCA DO PIAUI,PI,Piauí,Nordeste,Centro-Norte Piauiense,Médio Parnaíba Piauiense
2207777,220777,Patos do Piauí,PATOS DO PIAUI,PI,Piauí,Nordeste,Sudeste Piauiense,Alto Médio Canindé
2207793,220779,Pau D'Arco do Piauí,PAU D'ARCO DO PIAUI,PI,Piauí,Nordeste,Centro-Norte Piauiense,Teresina
2207801,220780,Paulistana,PAULISTANA,PI,Piauí,Nordeste,Sudeste Piauiense,Alto Médio Canindé
2207850,220785,Pavussu,PAVUSSU,PI,Piauí,Nordeste,Sudoeste Piauiense,Floriano
2207900,220790,Pedro II,PEDRO II,PI,Piauí,Nordeste,Centro-Norte Piauiense,Campo Maior
2207934,220793,Pedro Laurentino,PEDRO LAURENTINO,PI,Piauí,Nordeste,Sudeste Piauiense,Alto Médio Canindé
2207959,220795,Nova Santa Rita,NOVA SANTA RITA,PI,Piauí,Nordeste,Sudeste Piauiense,Alto Médio Canindé
2208007,220800,Picos,PICOS,PI,Piauí,Nordeste,Sudeste Piauiense,Picos
2208106,220810,Pimenteiras,PIMENTEIRAS,PI,Piauí,Nordeste,Centro-Norte Piauiense,Valença do Piauí
2208205,220820,Pio IX,PIO IX,PI,Piauí,Nordeste,Sudeste Piauiense,Pio IX
2208304,220830,Piracuruca,PIRACURUCA,PI,Piauí,Nordeste,Norte Piauiense,Litoral Piauiense
2208403,220840,Piripiri,PIRIPIRI,PI,Piauí,Nordeste,Norte Piauiense,Baixo Parnaíba Piauiense
2208502,220850,Porto,PORTO,PI,Piauí,Nordeste,Norte Piauiense,Baixo Parnaíba Piauiense
2208551,220855,Porto Alegre do Piauí,PORTO ALEGRE DO PIAUI,PI,Piauí,Nordeste,Sudoeste Piauiense,Bertolínia
2208601,220860,Prata do Piauí,PRATA DO PIAUI,PI,Piauí,Nordeste,Centro-Norte Piauiense,Valença do Piauí
2208650,220865,Queimada Nova,QUEIMADA NOVA,PI,Piauí,Nordeste,Sudeste Piauiense,Alto Médio Canindé
2208700,220870,Redenção do Gurguéia,REDENCAO DO GURGUEIA,PI,Piauí,Nordeste,Sudoeste Piauiense,Alto Médio Gurguéia
2208809,220880,Regeneração,REGENERACAO,PI,Piauí,Nordeste,Centro-Norte Piauiense,Médio Parnaíba Piauiense
2208858,220885,Riacho Frio,RIACHO FRIO,PI,Piauí,Nordeste,Sudoeste Piauiense,Chapadas do Extremo Sul Piauiense
2208874,220887,Ribeira do Piauí,RIBEIRA DO PIAUI,PI,Piauí,Nordeste,Sudeste Piauiense,Alto Médio Canindé
2208908,220890,Ribeiro Gonçalves,RIBEIRO GONCALVES,PI,Piauí,Nordeste,Sudoeste Piauiense,Alto Parnaíba Piauiense
2209005,220900,Rio Grande do Piauí,RIO GRANDE DO PIAUI,PI,Piauí,Nordeste,Sudoeste Piauiense,Floriano
2209104,220910,Santa Cruz do Piauí,SANTA CRUZ DO PIAUI,PI,Piauí,Nordeste,Sudeste Piauiense,Picos
2209153,220915,Santa Cruz dos Milagres,SANTA CRUZ DOS MILAGRES,PI,Piauí,Nordeste,Centro-Norte Piauiense,Valença do Piauí
2209203,220920,Santa Filomena,SANTA FILOMENA,PI,Piauí,Nordeste,Sudoeste Piauiense,Alto Parnaíba Piauiense
2209302,220930,Santa Luz,SANTA LUZ,PI,Piauí,Nordeste,Sudoeste Piauiense,Alto Médio Gurguéia
2209351,220935,Santana do Piauí,SANTANA DO PIAUI,PI,Piauí,Nordeste,Sudeste Piauiense,Picos
2209377,220937,Santa Rosa do Piauí,SANTA ROSA DO PIAUI,PI,Piauí,Nordeste,Sudeste Piauiense,Picos
2209401,220940,Santo Antônio de Lisboa,SANTO ANTONIO DE LISBOA,PI,Piauí,Nordeste,Sudeste Piauiense,Pio IX
2209450,220945,Santo Antônio dos Milagres,SANTO ANTONIO DOS MILAGRES,PI,Piauí,Nordeste,Centro-Norte Piauiense,Médio Parnaíba Piauiense
2209500,220950,Santo Inácio do Piauí,SANTO INACIO DO PIAUI,PI,Piauí,Nordeste,Sudeste Piauiense,Alto Médio Canindé
2209559,220955,São Braz do Piauí,SAO BRAZ DO PIAUI,PI,Piauí,Nordeste,Sudoeste Piauiense,São Raimundo Nonato
2209609,220960,São Félix do Piauí,SAO FELIX DO PIAUI,PI,Piauí,Nordeste,Centro-Norte Piauiense,Valença do Piauí
2209658,220965,São Francisco de Assis do Piauí,SAO FRANCISCO DE ASSIS DO PIAUI,PI,Piauí,Nordeste,Sudeste Piauiense,Alto Médio Canindé
2209708,220970,São Francisco do Piauí,SAO FRANCISCO DO PIAUI,PI,Piauí,Nordeste,Sudoeste Piauiense,Floriano
2209757,220975,São Gonçalo do Gurguéia,SAO GONCALO DO GURGUEIA,PI,Piauí,Nordeste,Sudoeste Piauiense,Alto Médio Gurguéia
2209807,220980,São Gonçalo do Piauí,SAO GONCALO DO PIAUI,PI,Piauí,Nordeste,Centro-Norte Piauiense,Médio Parnaíba Piauiense
2209856,220985,São João da Canabrava,SAO JOAO DA CANABRAVA,PI,Piauí,Nordeste,Sudeste Piauiense,Picos
2209872,220987,São João da Fronteira,SAO JOAO DA FRONTEIRA,PI,Piauí,Nordeste,Norte Piauiense,Litoral Piauiense
2209906,220990,São João da Serra,SAO JOAO DA SERRA,PI,Piauí,Nordeste,Centro-Norte Piauiense,Campo Maior
2209955,220995,São João da Varjota,SAO JOAO DA VARJOTA,PI,Piauí,Nordeste,Sudeste Piauiense,Picos
2209971,220997,São João do Arraial,SAO JOAO DO ARRAIAL,PI,Piauí,Nordeste,Norte Piauiense,Baixo Parnaíba Piauiense
2210003,221000,São João do Piauí,SAO JOAO DO PIAUI,PI,Piauí,Nordeste,Sudeste Piauiense,Alto Médio Canindé
2210052,221005,São José do Divino,SAO JOSE DO DIVINO,PI,Piauí,Nordeste,Norte Piauiense,Litoral Piauiense
2210102,221010,São José do Peixe,SAO JOSE DO PEIXE,PI,Piauí,Nordeste,Sudoeste Piauiense,Floriano
2210201,221020,São José do Piauí,SAO JOSE DO PIAUI,PI,Piauí,Nordeste,Sudeste Piauiense,Picos
2210300,221030,São Julião,SAO JULIAO,PI,Piauí,Nordeste,Sudeste Piauiense,Pio IX
2210359,221035,São Lourenço do Piauí,SAO LOURENCO DO PIAUI,PI,Piauí,Nordeste,Sudoeste Piauiense,São Raimundo Nonato
2210375,221037,São Luis do Piauí,SAO LUIS DO PIAUI,PI,Piauí,Nordeste,Sudeste Piauiense,Picos
2210383,221038,São Miguel da Baixa Grande,SAO MIGUEL DA BAIXA GRANDE,PI,Piauí,Nordeste,Centro-Norte Piauiense,Valença do Piauí
2210391,221039,São Miguel do Fidalgo,SAO MIGUEL DO FIDALGO,PI,Piauí,Nordeste,Sudoeste Piauiense,Floriano
2210409,221040,São Miguel do Tapuio,SAO MIGUEL DO TAPUIO,PI,Piauí,Nordeste,Centro-Norte Piauiense,Campo Maior
2210508,221050,São Pedro do Piauí,SAO PEDRO DO PIAUI,PI,Piauí,Nordeste,Centro-Norte Piauiense,Médio Parnaíba Piauiense
2210607,221060,São Raimundo Nonato,SAO RAIMUNDO NONATO,PI,Piauí,Nordeste,Sudoeste Piauiense,São Raimundo Nonato
2210623,221062,Sebastião Barros,SEBASTIAO BARROS,PI,Piauí,Nordeste,Sudoeste Piauiense,Chapadas do Extremo Sul Piauiense
2210631,221063,Sebastião Leal,SEBASTIAO LEAL,PI,Piauí,Nordeste,Sudoeste Piauiense,Bertolínia
2210656,221065,Sigefredo Pacheco,SIGEFREDO PACHECO,PI,Piauí,Nordeste,Centro-Norte Piauiense,Campo Maior
2210706,221070,Simões,SIMOES,PI,Piauí,Nordeste,Sudeste Piauiense,Alto Médio Canindé
2210805,221080,Simplício Mendes,SIMPLICIO MENDES,PI,Piauí,Nordeste,Sudeste Piauiense,Alto Médio Canindé
2210904,221090,Socorro do Piauí,SOCORRO DO PIAUI,PI,Piauí,Nordeste,Sudeste Piauiense,Alto Médio Canindé
2210938,221093,Sussuapara,SUSSUAPARA,PI,Piauí,Nordeste,Sudeste Piauiense,Picos
2210953,221095,Tamboril do Piauí,TAMBORIL DO PIAUI,PI,Piauí,Nordeste,Sudoeste Piauiense,São Raimundo Nonato
2210979,221097,Tanque do Piauí,TANQUE DO PIAUI,PI,Piauí,Nordeste,Sudeste Piauiense,Picos
2211001,221100,Teresina,TERESINA,PI,Piauí,Nordeste,Centro-Norte Piauiense,Teresina
2211100,221110,União,UNIAO,PI,Piauí,Nordeste,Centro-Norte Piauiense,Teresina
2211209,221120,Uruçuí,URUCUI,PI,Piauí,Nordeste,Sudoeste Piauiense,Alto Parnaíba Piauiense
2211308,221130,Valença do Piauí,VALENCA DO PIAUI,PI,Piauí,Nordeste,Centro-Norte Piauiense,Valença do Piauí
2211357,221135,Várzea Branca,VARZEA BRANCA,PI,Piauí,Nordeste,Sudoeste Piauiense,São Raimundo Nonato
2211407,221140,Várzea Grande,VARZEA GRANDE,PI,Piauí,Nordeste,Centro-Norte Piauiense,Valença do Piauí
2211506,221150,Vera Mendes,VERA MENDES,PI,Piauí,Nordeste,Sudeste Piauiense,Alto Médio Canindé
2211605,221160,Vila Nova do Piauí,VILA NOVA DO PIAUI,PI,Piauí,Nordeste,Sudeste Piauiense,Alto Médio Canindé
2211704,221170,Wall Ferraz,WALL FERRAZ,PI,Piauí,Nordeste,Sudeste Piauiense,Picos
2300101,230010,Abaiara,ABAIARA,CE,Ceará,Nordeste,Sul Cearense,Brejo Santo
2300150,230015,Acarape,ACARAPE,CE,Ceará,Nordeste,Norte Cearense,Baturité
2300200,230020,Acaraú,ACARAU,CE,Ceará,Nordeste,Noroeste Cearense,Litoral de Camocim e Acaraú
2300309,230030,Acopiara,ACOPIARA,CE,Ceará,Nordeste,Sertões Cearenses,Sertão de Senador Pompeu
2300408,230040,Aiuaba,AIUABA,CE,Ceará,Nordeste,Sertões Cearenses,Sertão de Inhamuns
2300507,230050,Alcântaras,ALCANTARAS,CE,Ceará,Nordeste,Noroeste Cearense,Meruoca
2300606,230060,Altaneira,ALTANEIRA,CE,Ceará,Nordeste,Sul Cearense,Caririaçu
2300705,230070,Alto Santo,ALTO SANTO,CE,Ceará,Nordeste,Jaguaribe,Baixo Jaguaribe
2300754,230075,Amontada,AMONTADA,CE,Ceará,Nordeste,Norte Cearense,Itapipoca
2300804,230080,Antonina do Norte,ANTONINA DO NORTE,CE,Ceará,Nordeste,Centro-Sul Cearense,Várzea Alegre
2300903,230090,Apuiarés,APUIARES,CE,Ceará,Nordeste,Norte Cearense,Médio Curu
2301000,230100,Aquiraz,AQUIRAZ,CE,Ceará,Nordeste,Metropolitana de Fortaleza,Fortaleza
2301109,230110,Aracati,ARACATI,CE,Ceará,Nordeste,Jaguaribe,Litoral de Aracati
2301208,230120,Aracoiaba,ARACOIABA,CE,Ceará,Nordeste,Norte Cearense,Baturité
2301257,230125,Ararendá,ARARENDA,CE,Ceará,Nordeste,Sertões Cearenses,Sertão de Cratéus
2301307,230130,Araripe,ARARIPE,CE,Ceará,Nordeste,Sul Cearense,Chapada do Araripe
2301406,230140,Aratuba,ARATUBA,CE,Ceará,Nordeste,Norte Cearense,Baturité
2301505,230150,Arneiroz,ARNEIROZ,CE,Ceará,Nordeste,Sertões Cearenses,Sertão de Inhamuns
2301604,230160,Assaré,ASSARE,CE,Ceará,Nordeste,Sul Cearense,Chapada do Araripe
2301703,230170,Aurora,AURORA,CE,Ceará,Nordeste,Sul Cearense,Barro
2301802,230180,Baixio,BAIXIO,CE,Ceará,Nordeste,Centro-Sul Cearense,Lavras da Mangabeira
2301851,230185,Banabuiú,BANABUIU,CE,Ceará,Nordeste,Sertões Cearenses,Sertão de Quixeramobim
2301901,230190,Barbalha,BARBALHA,CE,Ceará,Nordeste,Sul Cearense,Cariri
2301950,230195,Barreira,BARREIRA,CE,Ceará,Nordeste,Norte Cearense,Chorozinho
2302008,230200,Barro,BARRO,CE,Ceará,Nordeste,Sul Cearense,Barro
2302057,230205,Barroquinha,BARROQUINHA,CE,Ceará,Nordeste,Noroeste Cearense,Litoral de Camocim e Acaraú
2302107,230210,Baturité,BATURITE,CE,Ceará,Nordeste,Norte Cearense,Baturité
2302206,230220,Beberibe,BEBERIBE,CE,Ceará,Nordeste,Norte Cearense,Cascavel
2302305,230230,Bela Cruz,BELA CRUZ,CE,Ceará,Nordeste,Noroeste Cearense,Litoral de Camocim e Acaraú
2302404,230240,Boa Viagem,BOA VIAGEM,CE,Ceará,Nordeste,Sertões Cearenses,Sertão de Quixeramobim
2302503,230250,Brejo Santo,BREJO SANTO,CE,Ceará,Nordeste,Sul Cearense,Brejo Santo
2302602,230260,Camocim,CAMOCIM,CE,Ceará,Nordeste,Noroeste Cearense,Litoral de Camocim e Acaraú
2302701,230270,Campos Sales,CAMPOS SALES,CE,Ceará,Nordeste,Sul Cearense,Chapada do Araripe
2302800,230280,Canindé,CANINDE,CE,Ceará,Nordeste,Norte Cearense,Canindé
2302909,230290,Capistrano,CAPISTRANO,CE,Ceará,Nordeste,Norte Cearense,Baturité
2303006,230300,Caridade,CARIDADE,CE,Ceará,Nordeste,Norte Cearense,Canindé
2303105,230310,Cariré,CARIRE,CE,Ceará,Nordeste,Noroeste Cearense,Sobral
2303204,230320,Caririaçu,CARIRIACU,CE,Ceará,Nordeste,Sul Cearense,Caririaçu
2303303,230330,Cariús,CARIUS,CE,Ceará,Nordeste,Centro-Sul Cearense,Várzea Alegre
2303402,230340,Carnaubal,CARNAUBAL,CE,Ceará,Nordeste,Noroeste Cearense,Ibiapaba
2303501,230350,Cascavel,CASCAVEL,CE,Ceará,Nordeste,Norte Cearense,Cascavel
2303600,230360,Catarina,CATARINA,CE,Ceará,Nordeste,Sertões Cearenses,Sertão de Inhamuns
2303659,230365,Catunda,CATUNDA,CE,Ceará,Nordeste,Noroeste Cearense,Santa Quitéria
2303709,230370,Caucaia,CAUCAIA,CE,Ceará,Nordeste,Metropolitana de Fortaleza,Fortaleza
2303808,230380,Cedro,CEDRO,CE,Ceará,Nordeste,Centro-Sul Cearense,Iguatu
2303907,230390,Chaval,CHAVAL,CE,Ceará,Nordeste,Noroeste Cearense,Litoral de Camocim e Acaraú
2303931,230393,Choró,CHORO,CE,Ceará,Nordeste,Sertões Cearenses,Sertão de Quixeramobim
2303956,230395,Chorozinho,CHOROZINHO,CE,Ceará,Nordeste,Norte Cearense,Chorozinho
2304004,230400,Coreaú,COREAU,CE,Ceará,Nordeste,Noroeste Cearense,Coreaú
2304103,230410,Crateús,CRATEUS,CE,Ceará,Nordeste,Sertões Cearenses,Sertão de Cratéus
2304202,230420,Crato,CRATO,CE,Ceará,Nordeste,Sul Cearense,Cariri
2304236,230423,Croatá,CROATA,CE,Ceará,Nordeste,Noroeste Cearense,Ibiapaba
2304251,230425,Cruz,CRUZ,CE,Ceará,Nordeste,Noroeste Cearense,Litoral de Camocim e Acaraú
2304269,230426,Deputado Irapuan Pinheiro,DEPUTADO IRAPUAN PINHEIRO,CE,Ceará,Nordeste,Sertões Cearenses,Sertão de Senador Pompeu
2304277,230427,Ereré,ERERE,CE,Ceará,Nordeste,Jaguaribe,Serra do Pereiro
2304285,230428,Eusébio,EUSEBIO,CE,Ceará,Nordeste,Metropolitana de Fortaleza,Fortaleza
2304301,230430,Farias Brito,FARIAS BRITO,CE,Ceará,Nordeste,Sul Cearense,Caririaçu
2304350,230435,Forquilha,FORQUILHA,CE,Ceará,Nordeste,Noroeste Cearense,Sobral
2304400,230440,Fortaleza,FORTALEZA,CE,Ceará,Nordeste,Metropolitana de Fortaleza,Fortaleza
2304459,230445,Fortim,FORTIM,CE,Ceará,Nordeste,Jaguaribe,Litoral de Aracati
2304509,230450,Frecheirinha,FRECHEIRINHA,CE,Ceará,Nordeste,Noroeste Cearense,Coreaú
2304608,230460,General Sampaio,GENERAL SAMPAIO,CE,Ceará,Nordeste,Norte Cearense,Médio Curu
2304657,230465,Graça,GRACA,CE,Ceará,Nordeste,Noroeste Cearense,Sobral
2304707,230470,Granja,GRANJA,CE,Ceará,Nordeste,Noroeste Cearense,Litoral de Camocim e Acaraú
2304806,230480,Granjeiro,GRANJEIRO,CE,Ceará,Nordeste,Sul Cearense,Caririaçu
2304905,230490,Groaíras,GROAIRAS,CE,Ceará,Nordeste,Noroeste Cearense,Sobral
2304954,230495,Guaiúba,GUAIUBA,CE,Ceará,Nordeste,Metropolitana de Fortaleza,Fortaleza
2305001,230500,Guaraciaba do Norte,GUARACIABA DO NORTE,CE,Ceará,Nordeste,Noroeste Cearense,Ibiapaba
2305100,230510,Guaramiranga,GUARAMIRANGA,CE,Ceará,Nordeste,Norte Cearense,Baturité
2305209,230520,Hidrolândia,HIDROLANDIA,CE,Ceará,Nordeste,Noroeste Cearense,Santa Quitéria
2305233,230523,Horizonte,HORIZONTE,CE,Ceará,Nordeste,Metropolitana de Fortaleza,Pacajus
2305266,230526,Ibaretama,IBARETAMA,CE,Ceará,Nordeste,Sertões Cearenses,Sertão de Quixeramobim
2305308,230530,Ibiapina,IBIAPINA,CE,Ceará,Nordeste,Noroeste Cearense,Ibiapaba
2305332,230533,Ibicuitinga,IBICUITINGA,CE,Ceará,Nordeste,Jaguaribe,Baixo Jaguaribe
2305357,230535,Icapuí,ICAPUI,CE,Ceará,Nordeste,Jaguaribe,Litoral de Aracati
2305407,230540,Icó,ICO,CE,Ceará,Nordeste,Centro-Sul Cearense,Iguatu
2305506,230550,Iguatu,IGUATU,CE,Ceará,Nordeste,Centro-Sul Cearense,Iguatu
2305605,230560,Independência,INDEPENDENCIA,CE,Ceará,Nordeste,Sertões Cearenses,Sertão de Cratéus
2305654,230565,Ipaporanga,IPAPORANGA,CE,Ceará,Nordeste,Sertões Cearenses,Sertão de Cratéus
2305704,230570,Ipaumirim,IPAUMIRIM,CE,Ceará,Nordeste,Centro-Sul Cearense,Lavras da Mangabeira
2305803,230580,Ipu,IPU,CE,Ceará,Nordeste,Noroeste Cearense,Ipu
2305902,230590,Ipueiras,IPUEIRAS,CE,Ceará,Nordeste,Noroeste Cearense,Ipu
2306009,230600,Iracema,IRACEMA,CE,Ceará,Nordeste,Jaguaribe,Serra do Pereiro
2306108,230610,Irauçuba,IRAUCUBA,CE,Ceará,Nordeste,Noroeste Cearense,Sobral
2306207,230620,Itaiçaba,ITAICABA,CE,Ceará,Nordeste,Jaguaribe,Litoral de Aracati
2306256,230625,Itaitinga,ITAITINGA,CE,Ceará,Nordeste,Metropolitana de Fortaleza,Fortaleza
2306306,230630,Itapajé,ITAPAJE,CE,Ceará,Nordeste,Norte Cearense,Uruburetama
2306405,230640,Itapipoca,ITAPIPOCA,CE,Ceará,Nordeste,Norte Cearense,Itapipoca
2306504,230650,Itapiúna,ITAPIUNA,CE,Ceará,Nordeste,Norte Cearense,Baturité
2306553,230655,Itarema,ITAREMA,CE,Ceará,Nordeste,Noroeste Cearense,Litoral de Camocim e Acaraú
2306603,230660,Itatira,ITATIRA,CE,Ceará,Nordeste,Norte Cearense,Canindé
2306702,230670,Jaguaretama,JAGUARETAMA,CE,Ceará,Nordeste,Jaguaribe,Médio Jaguaribe
2306801,230680,Jaguaribara,JAGUARIBARA,CE,Ceará,Nordeste,Jaguaribe,Médio Jaguaribe
2306900,230690,Jaguaribe,JAGUARIBE,CE,Ceará,Nordeste,Jaguaribe,Médio Jaguaribe
2307007,230700,Jaguaruana,JAGUARUANA,CE,Ceará,Nordeste,Jaguaribe,Baixo Jaguaribe
2307106,230710,Jardim,JARDIM,CE,Ceará,Nordeste,Sul Cearense,Cariri
2307205,230720,Jati,JATI,CE,Ceará,Nordeste,Sul Cearense,Brejo Santo
2307254,230725,Jijoca de Jericoacoara,JIJOCA DE JERICOACOARA,CE,Ceará,Nordeste,Noroeste Cearense,Litoral de Camocim e Acaraú
2307304,230730,Juazeiro do Norte,JUAZEIRO DO NORTE,CE,Ceará,Nordeste,Sul Cearense,Cariri
2307403,230740,Jucás,JUCAS,CE,Ceará,Nordeste,Centro-Sul Cearense,Várzea Alegre
2307502,230750,Lavras da Mangabeira,LAVRAS DA MANGABEIRA,CE,Ceará,Nordeste,Centro-Sul Cearense,Lavras da Mangabeira
2307601,230760,Limoeiro do Norte,LIMOEIRO DO NORTE,CE,Ceará,Nordeste,Jaguaribe,Baixo Jaguaribe
2307635,230763,Madalena,MADALENA,CE,Ceará,Nordeste,Sertões Cearenses,Sertão de Quixeramobim
2307650,230765,Maracanaú,MARACANAU,CE,Ceará,Nordeste,Metropolitana de Fortaleza,Fortaleza
2307700,230770,Maranguape,MARANGUAPE,CE,Ceará,Nordeste,Metropolitana de Fortaleza,Fortaleza
2307809,230780,Marco,MARCO,CE,Ceará,Nordeste,Noroeste Cearense,Litoral de Camocim e Acaraú
2307908,230790,Martinópole,MARTINOPOLE,CE,Ceará,Nordeste,Noroeste Cearense,Litoral de Camocim e Acaraú
2308005,230800,Massapê,MASSAPE,CE,Ceará,Nordeste,Noroeste Cearense,Sobral
2308104,230810,Mauriti,MAURITI,CE,Ceará,Nordeste,Sul Cearense,Barro
2308203,230820,Meruoca,MERUOCA,CE,Ceará,Nordeste,Noroeste Cearense,Meruoca
2308302,230830,Milagres,MILAGRES,CE,Ceará,Nordeste,Sul Cearense,Brejo Santo
2308351,230835,Milhã,MILHA,CE,Ceará,Nordeste,Sertões Cearenses,Sertão de Senador Pompeu
2308377,230837,Miraíma,MIRAIMA,CE,Ceará,Nordeste,Noroeste Cearense,Sobral
2308401,230840,Missão Velha,MISSAO VELHA,CE,Ceará,Nordeste,Sul Cearense,Cariri
2308500,230850,Mombaça,MOMBACA,CE,Ceará,Nordeste,Sertões Cearenses,Sertão de Senador Pompeu
2308609,230860,Monsenhor Tabosa,MONSENHOR TABOSA,CE,Ceará,Nordeste,Sertões Cearenses,Sertão de Cratéus
2308708,230870,Morada Nova,MORADA NOVA,CE,Ceará,Nordeste,Jaguaribe,Baixo Jaguaribe
2308807,230880,Moraújo,MORAUJO,CE,Ceará,Nordeste,Noroeste Cearense,Coreaú
2308906,230890,Morrinhos,MORRINHOS,CE,Ceará,Nordeste,Noroeste Cearense,Litoral de Camocim e Acaraú
2309003,230900,Mucambo,MUCAMBO,CE,Ceará,Nordeste,Noroeste Cearense,Sobral
2309102,230910,Mulungu,MULUNGU,CE,Ceará,Nordeste,Norte Cearense,Baturité
2309201,230920,Nova Olinda,NOVA OLINDA,CE,Ceará,Nordeste,Sul Cearense,Cariri
2309300,230930,Nova Russas,NOVA RUSSAS,CE,Ceará,Nordeste,Sertões Cearenses,Sertão de Cratéus
2309409,230940,Novo Oriente,NOVO ORIENTE,CE,Ceará,Nordeste,Sertões Cearenses,Sertão de Cratéus
2309458,230945,Ocara,OCARA,CE,Ceará,Nordeste,Norte Cearense,Chorozinho
2309508,230950,Orós,OROS,CE,Ceará,Nordeste,Centro-Sul Cearense,Iguatu
2309607,230960,Pacajus,PACAJUS,CE,Ceará,Nordeste,Metropolitana de Fortaleza,Pacajus
2309706,230970,Pacatuba,PACATUBA,CE,Ceará,Nordeste,Metropolitana de Fortaleza,Fortaleza
2309805,230980,Pacoti,PACOTI,CE,Ceará,Nordeste,Norte Cearense,Baturité
2309904,230990,Pacujá,PACUJA,CE,Ceará,Nordeste,Noroeste Cearense,Sobral
2310001,231000,Palhano,PALHANO,CE,Ceará,Nordeste,Jaguaribe,Baixo Jaguaribe
2310100,231010,Palmácia,PALMACIA,CE,Ceará,Nordeste,Norte Cearense,Baturité
2310209,231020,Paracuru,PARACURU,CE,Ceará,Nordeste,Norte Cearense,Baixo Curu
2310258,231025,Paraipaba,PARAIPABA,CE,Ceará,Nordeste,Norte Cearense,Baixo Curu
2310308,231030,Parambu,PARAMBU,CE,Ceará,Nordeste,Sertões Cearenses,Sertão de Inhamuns
2310407,231040,Paramoti,PARAMOTI,CE,Ceará,Nordeste,Norte Cearense,Canindé
2310506,231050,Pedra Branca,PEDRA BRANCA,CE,Ceará,Nordeste,Sertões Cearenses,Sertão de Senador Pompeu
2310605,231060,Penaforte,PENAFORTE,CE,Ceará,Nordeste,Sul Cearense,Brejo Santo
2310704,231070,Pentecoste,PENTECOSTE,CE,Ceará,Nordeste,Norte Cearense,Médio Curu
2310803,231080,Pereiro,PEREIRO,CE,Ceará,Nordeste,Jaguaribe,Serra do Pereiro
2310852,231085,Pindoretama,PINDORETAMA,CE,Ceará,Nordeste,Norte Cearense,Cascavel
2310902,231090,Piquet Carneiro,PIQUET CARNEIRO,CE,Ceará,Nordeste,Sertões Cearenses,Sertão de Senador Pompeu
2310951,231095,Pires Ferreira,PIRES FERREIRA,CE,Ceará,Nordeste,Noroeste Cearense,Ipu
2311009,231100,Poranga,PORANGA,CE,Ceará,Nordeste,Noroeste Cearense,Ipu
2311108,231110,Porteiras,PORTEIRAS,CE,Ceará,Nordeste,Sul Cearense,Cariri
2311207,231120,Potengi,POTENGI,CE,Ceará,Nordeste,Sul Cearense,Chapada do Araripe
2311231,231123,Potiretama,POTIRETAMA,CE,Ceará,Nordeste,Jaguaribe,Serra do Pereiro
2311264,231126,Quiterianópolis,QUITERIANOPOLIS,CE,Ceará,Nordeste,Sertões Cearenses,Sertão de Cratéus
2311306,231130,Quixadá,QUIXADA,CE,Ceará,Nordeste,Sertões Cearenses,Sertão de Quixeramobim
2311355,231135,Quixelô,QUIXELO,CE,Ceará,Nordeste,Centro-Sul Cearense,Iguatu
2311405,231140,Quixeramobim,QUIXERAMOBIM,CE,Ceará,Nordeste,Sertões Cearenses,Sertão de Quixeramobim
2311504,231150,Quixeré,QUIXERE,CE,Ceará,Nordeste,Jaguaribe,Baixo Jaguaribe
2311603,231160,Redenção,REDENCAO,CE,Ceará,Nordeste,Norte Cearense,Baturité
2311702,231170,Reriutaba,RERIUTABA,CE,Ceará,Nordeste,Noroeste Cearense,Ipu
2311801,231180,Russas,RUSSAS,CE,Ceará,Nordeste,Jaguaribe,Baixo Jaguaribe
2311900,231190,Saboeiro,SABOEIRO,CE,Ceará,Nordeste,Sertões Cearenses,Sertão de Inhamuns
2311959,231195,Salitre,SALITRE,CE,Ceará,Nordeste,Sul Cearense,Chapada do Araripe
2312007,231200,Santana do Acaraú,SANTANA DO ACARAU,CE,Ceará,Nordeste,Noroeste Cearense,Sobral
2312106,231210,Santana do Cariri,SANTANA DO CARIRI,CE,Ceará,Nordeste,Sul Cearense,Cariri
2312205,231220,Santa Quitéria,SANTA QUITERIA,CE,Ceará,Nordeste,Noroeste Cearense,Santa Quitéria
2312304,231230,São Benedito,SAO BENEDITO,CE,Ceará,Nordeste,Noroeste Cearense,Ibiapaba
2312403,231240,São Gonçalo do Amarante,SAO GONCALO DO AMARANTE,CE,Ceará,Nordeste,Norte Cearense,Baixo Curu
2312502,231250,São João do Jaguaribe,SAO JOAO DO JAGUARIBE,CE,Ceará,Nordeste,Jaguaribe,Baixo Jaguaribe
2312601,231260,São Luís do Curu,SAO LUIS DO CURU,CE,Ceará,Nordeste,Norte Cearense,Médio Curu
2312700,231270,Senador Pompeu,SENADOR POMPEU,CE,Ceará,Nordeste,Sertões Cearenses,Sertão de Senador Pompeu
2312809,231280,Senador Sá,SENADOR SA,CE,Ceará,Nordeste,Noroeste Cearense,Sobral
2312908,231290,Sobral,SOBRAL,CE,Ceará,Nordeste,Noroeste Cearense,Sobral
2313005,231300,Solonópole,SOLONOPOLE,CE,Ceará,Nordeste,Sertões Cearenses,Sertão de Senador Pompeu
2313104,231310,Tabuleiro do Norte,TABULEIRO DO NORTE,CE,Ceará,Nordeste,Jaguaribe,Baixo Jaguaribe
2313203,231320,Tamboril,TAMBORIL,CE,Ceará,Nordeste,Sertões Cearenses,Sertão de Cratéus
2313252,231325,Tarrafas,TARRAFAS,CE,Ceará,Nordeste,Centro-Sul Cearense,Várzea Alegre
2313302,231330,Tauá,TAUA,CE,Ceará,Nordeste,Sertões Cearenses,Sertão de Inhamuns
2313351,231335,Tejuçuoca,TEJUCUOCA,CE,Ceará,Nordeste,Norte Cearense,Médio Curu
2313401,231340,Tianguá,TIANGUA,CE,Ceará,Nordeste,Noroeste Cearense,Ibiapaba
2313500,231350,Trairi,TRAIRI,CE,Ceará,Nordeste,Norte Cearense,Itapipoca
2313559,231355,Tururu,TURURU,CE,Ceará,Nordeste,Norte Cearense,Uruburetama
2313609,231360,Ubajara,UBAJARA,CE,Ceará,Nordeste,Noroeste Cearense,Ibiapaba
2313708,231370,Umari,UMARI,CE,Ceará,Nordeste,Centro-Sul Cearense,Lavras da Mangabeira
2313757,231375,Umirim,UMIRIM,CE,Ceará,Nordeste,Norte Cearense,Uruburetama
2313807,231380,Uruburetama,URUBURETAMA,CE,Ceará,Nordeste,Norte Cearense,Uruburetama
2313906,231390,Uruoca,URUOCA,CE,Ceará,Nordeste,Noroeste Cearense,Coreaú
2313955,231395,Varjota,VARJOTA,CE,Ceará,Nordeste,Noroeste Cearense,Ipu
2314003,231400,Várzea Alegre,VARZEA ALEGRE,CE,Ceará,Nordeste,Centro-Sul Cearense,Várzea Alegre
2314102,231410,Viçosa do Ceará,VICOSA DO CEARA,CE,Ceará,Nordeste,Noroeste Cearense,Ibiapaba
2400109,240010,Acari,ACARI,RN,Rio Grande do Norte,Nordeste,Central Potiguar,Seridó Oriental
2400208,240020,Assú,ASSU,RN,Rio Grande do Norte,Nordeste,Oeste Potiguar,Vale do Açu
2400307,240030,Afonso Bezerra,AFONSO BEZERRA,RN,Rio Grande do Norte,Nordeste,Central Potiguar,Angicos
2400406,240040,Água Nova,AGUA NOVA,RN,Rio Grande do Norte,Nordeste,Oeste Potiguar,Serra de São Miguel
2400505,240050,Alexandria,ALEXANDRIA,RN,Rio Grande do Norte,Nordeste,Oeste Potiguar,Pau dos Ferros
2400604,240060,Almino Afonso,ALMINO AFONSO,RN,Rio Grande do Norte,Nordeste,Oeste Potiguar,Umarizal
2400703,240070,Alto do Rodrigues,ALTO DO RODRIGUES,RN,Rio Grande do Norte,Nordeste,Oeste Potiguar,Vale do Açu
2400802,240080,Angicos,ANGICOS,RN,Rio Grande do Norte,Nordeste,Central Potiguar,Angicos
2400901,240090,Antônio Martins,ANTONIO MARTINS,RN,Rio Grande do Norte,Nordeste,Oeste Potiguar,Umarizal
2401008,240100,Apodi,APODI,RN,Rio Grande do Norte,Nordeste,Oeste Potiguar,Chapada do Apodi
2401107,240110,Areia Branca,AREIA BRANCA,RN,Rio Grande do Norte,Nordeste,Oeste Potiguar,Mossoró
2401206,240120,Arez,AREZ,RN,Rio Grande do Norte,Nordeste,Leste Potiguar,Litoral Sul
2401305,240130,Campo Grande,CAMPO GRANDE,RN,Rio Grande do Norte,Nordeste,Oeste Potiguar,Médio Oeste
2401404,240140,Baía Formosa,BAIA FORMOSA,RN,Rio Grande do Norte,Nordeste,Leste Potiguar,Litoral Sul
2401453,240145,Baraúna,BARAUNA,RN,Rio Grande do Norte,Nordeste,Oeste Potiguar,Mossoró
2401503,240150,Barcelona,BARCELONA,RN,Rio Grande do Norte,Nordeste,Agreste Potiguar,Borborema Potiguar
2401602,240160,Bento Fernandes,BENTO FERNANDES,RN,Rio Grande do Norte,Nordeste,Agreste Potiguar,Baixa Verde
2401651,240165,Bodó,BODO,RN,Rio Grande do Norte,Nordeste,Central Potiguar,Serra de Santana
2401701,240170,Bom Jesus,BOM JESUS,RN,Rio Grande do Norte,Nordeste,Agreste Potiguar,Agreste Potiguar
2401800,240180,Brejinho,BREJINHO,RN,Rio Grande do Norte,Nordeste,Agreste Potiguar,Agreste Potiguar
2401859,240185,Caiçara do Norte,CAICARA DO NORTE,RN,Rio Grande do Norte,Nordeste,Central Potiguar,Macau
2401909,240190,Caiçara do Rio do Vento,CAICARA DO RIO DO VENTO,RN,Rio Grande do Norte,Nordeste,Central Potiguar,Angicos
2402006,240200,Caicó,CAICO,RN,Rio Grande do Norte,Nordeste,Central Potiguar,Seridó Ocidental
2402105,240210,Campo Redondo,CAMPO REDONDO,RN,Rio Grande do Norte,Nordeste,Agreste Potiguar,Borborema Potiguar
2402204,240220,Canguaretama,CANGUARETAMA,RN,Rio Grande do Norte,Nordeste,Leste Potiguar,Litoral Sul
2402303,240230,Caraúbas,CARAUBAS,RN,Rio Grande do Norte,Nordeste,Oeste Potiguar,Chapada do Apodi
2402402,240240,Carnaúba dos Dantas,CARNAUBA DOS DANTAS,RN,Rio Grande do Norte,Nordeste,Central Potiguar,Seridó Oriental
2402501,240250,Carnaubais,CARNAUBAIS,RN,Rio Grande do Norte,Nordeste,Oeste Potiguar,Vale do Açu
2402600,240260,Ceará-Mirim,CEARA-MIRIM,RN,Rio Grande do Norte,Nordeste,Leste Potiguar,Macaíba
2402709,240270,Cerro Corá,CERRO CORA,RN,Rio Grande do Norte,Nordeste,Central Potiguar,Serra de Santana
2402808,240280,Coronel Ezequiel,CORONEL EZEQUIEL,RN,Rio Grande do Norte,Nordeste,Agreste Potiguar,Borborema Potiguar
2402907,240290,Coronel João Pessoa,CORONEL JOAO PESSOA,RN,Rio Grande do Norte,Nordeste,Oeste Potiguar,Serra de São Miguel
2403004,240300,Cruzeta,CRUZETA,RN,Rio Grande do Norte,Nordeste,Central Potiguar,Seridó Oriental
2403103,240310,Currais Novos,CURRAIS NOVOS,RN,Rio Grande do Norte,Nordeste,Central Potiguar,Seridó Oriental
2403202,240320,Doutor Severiano,DOUTOR SEVERIANO,RN,Rio Grande do Norte,Nordeste,Oeste Potiguar,Serra de São Miguel
2403251,240325,Parnamirim,PARNAMIRIM,RN,Rio Grande do Norte,Nordeste,Leste Potiguar,Natal
2403301,240330,Encanto,ENCANTO,RN,Rio Grande do Norte,Nordeste,Oeste Potiguar,Serra de São Miguel
2403400,240340,Equador,EQUADOR,RN,Rio Grande do Norte,Nordeste,Central Potiguar,Seridó Oriental
2403509,240350,Espírito Santo,ESPIRITO SANTO,RN,Rio Grande do Norte,Nordeste,Leste Potiguar,Litoral Sul
2403608,240360,Extremoz,EXTREMOZ,RN,Rio Grande do Norte,Nordeste,Leste Potiguar,Natal
2403707,240370,Felipe Guerra,FELIPE GUERRA,RN,Rio Grande do Norte,Nordeste,Oeste Potiguar,Chapada do Apodi
2403756,240375,Fernando Pedroza,FERNANDO PEDROZA,RN,Rio Grande do Norte,Nordeste,Central Potiguar,Angicos
2403806,240380,Florânia,FLORANIA,RN,Rio Grande do Norte,Nordeste,Central Potiguar,Serra de Santana
2403905,240390,Francisco Dantas,FRANCISCO DANTAS,RN,Rio Grande do Norte,Nordeste,Oeste Potiguar,Pau dos Ferros
2404002,240400,Frutuoso Gomes,FRUTUOSO GOMES,RN,Rio Grande do Norte,Nordeste,Oeste Potiguar,Umarizal
2404101,240410,Galinhos,GALINHOS,RN,Rio Grande do Norte,Nordeste,Central Potiguar,Macau
2404200,240420,Goianinha,GOIANINHA,RN,Rio Grande do Norte,Nordeste,Leste Potiguar,Litoral Sul
2404309,240430,Governador Dix-Sept Rosado,GOVERNADOR DIX-SEPT ROSADO,RN,Rio Grande do Norte,Nordeste,Oeste Potiguar,Chapada do Apodi
2404408,240440,Grossos,GROSSOS,RN,Rio Grande do Norte,Nordeste,Oeste Potiguar,Mossoró
2404507,240450,Guamaré,GUAMARE,RN,Rio Grande do Norte,Nordeste,Central Potiguar,Macau
2404606,240460,Ielmo Marinho,IELMO MARINHO,RN,Rio Grande do Norte,Nordeste,Agreste Potiguar,Agreste Potiguar
2404705,240470,Ipanguaçu,IPANGUACU,RN,Rio Grande do Norte,Nordeste,Oeste Potiguar,Vale do Açu
2404804,240480,Ipueira,IPUEIRA,RN,Rio Grande do Norte,Nordeste,Central Potiguar,Seridó Ocidental
2404853,240485,Itajá,ITAJA,RN,Rio Grande do Norte,Nordeste,Oeste Potiguar,Vale do Açu
2404903,240490,Itaú,ITAU,RN,Rio Grande do Norte,Nordeste,Oeste Potiguar,Pau dos Ferros
2405009,240500,Jaçanã,JACANA,RN,Rio Grande do Norte,Nordeste,Agreste Potiguar,Borborema Potiguar
2405108,240510,Jandaíra,JANDAIRA,RN,Rio Grande do Norte,Nordeste,Agreste Potiguar,Baixa Verde
2405207,240520,Janduís,JANDUIS,RN,Rio Grande do Norte,Nordeste,Oeste Potiguar,Médio Oeste
2405306,240530,Januário Cicco,JANUARIO CICCO,RN,Rio Grande do Norte,Nordeste,Agreste Potiguar,Agreste Potiguar
2405405,240540,Japi,JAPI,RN,Rio Grande do Norte,Nordeste,Agreste Potiguar,Borborema Potiguar
2405504,240550,Jardim de Angicos,JARDIM DE ANGICOS,RN,Rio Grande do Norte,Nordeste,Central Potiguar,Angicos
2405603,240560,Jardim de Piranhas,JARDIM DE PIRANHAS,RN,Rio Grande do Norte,Nordeste,Central Potiguar,Seridó Ocidental
2405702,240570,Jardim do Seridó,JARDIM DO SERIDO,RN,Rio Grande do Norte,Nordeste,Central Potiguar,Seridó Oriental
2405801,240580,João Câmara,JOAO CAMARA,RN,Rio Grande do Norte,Nordeste,Agreste Potiguar,Baixa Verde
2405900,240590,João Dias,JOAO DIAS,RN,Rio Grande do Norte,Nordeste,Oeste Potiguar,Umarizal
2406007,240600,José da Penha,JOSE DA PENHA,RN,Rio Grande do Norte,Nordeste,Oeste Potiguar,Pau dos Ferros
2406106,240610,Jucurutu,JUCURUTU,RN,Rio Grande do Norte,Nordeste,Oeste Potiguar,Vale do Açu
2406155,240615,Jundiá,JUNDIA,RN,Rio Grande do Norte,Nordeste,Agreste Potiguar,Agreste Potiguar
2406205,240620,Lagoa d'Anta,LAGOA D'ANTA,RN,Rio Grande do Norte,Nordeste,Agreste Potiguar,Agreste Potiguar
2406304,240630,Lagoa de Pedras,LAGOA DE PEDRAS,RN,Rio Grande do Norte,Nordeste,Agreste Potiguar,Agreste Potiguar
2406403,240640,Lagoa de Velhos,LAGOA DE VELHOS,RN,Rio Grande do Norte,Nordeste,Agreste Potiguar,Borborema Potiguar
2406502,240650,Lagoa Nova,LAGOA NOVA,RN,Rio Grande do Norte,Nordeste,Central Potiguar,Serra de Santana
2406601,240660,Lagoa Salgada,LAGOA SALGADA,RN,Rio Grande do Norte,Nordeste,Agreste Potiguar,Agreste Potiguar
2406700,240670,Lajes,LAJES,RN,Rio Grande do Norte,Nordeste,Central Potiguar,Angicos
2406809,240680,Lajes Pintadas,LAJES PINTADAS,RN,Rio Grande do Norte,Nordeste,Agreste Potiguar,Borborema Potiguar
2406908,240690,Lucrécia,LUCRECIA,RN,Rio Grande do Norte,Nordeste,Oeste Potiguar,Umarizal
2407005,240700,Luís Gomes,LUIS GOMES,RN,Rio Grande do Norte,Nordeste,Oeste Potiguar,Serra de São Miguel
2407104,240710,Macaíba,MACAIBA,RN,Rio Grande do Norte,Nordeste,Leste Potiguar,Macaíba
2407203,240720,Macau,MACAU,RN,Rio Grande do Norte,Nordeste,Central Potiguar,Macau
2407252,240725,Major Sales,MAJOR SALES,RN,Rio Grande do Norte,Nordeste,Oeste Potiguar,Serra de São Miguel
2407302,240730,Marcelino Vieira,MARCELINO VIEIRA,RN,Rio Grande do Norte,Nordeste,Oeste Potiguar,Pau dos Ferros
2407401,240740,Martins,MARTINS,RN,Rio Grande do Norte,Nordeste,Oeste Potiguar,Umarizal
2407500,240750,Maxaranguape,MAXARANGUAPE,RN,Rio Grande do Norte,Nordeste,Leste Potiguar,Litoral Nordeste
2407609,240760,Messias Targino,MESSIAS TARGINO,RN,Rio Grande do Norte,Nordeste,Oeste Potiguar,Médio Oeste
2407708,240770,Montanhas,MONTANHAS,RN,Rio Grande do Norte,Nordeste,Leste Potiguar,Litoral Sul
2407807,240780,Monte Alegre,MONTE ALEGRE,RN,Rio Grande do Norte,Nordeste,Agreste Potiguar,Agreste Potiguar
2407906,240790,Monte das Gameleiras,MONTE DAS GAMELEIRAS,RN,Rio Grande do Norte,Nordeste,Agreste Potiguar,Borborema Potiguar
2408003,240800,Mossoró,MOSSORO,RN,Rio Grande do Norte,Nordeste,Oeste Potiguar,Mossoró
2408102,240810,Natal,NATAL,RN,Rio Grande do Norte,Nordeste,Leste Potiguar,Natal
2408201,240820,Nísia Floresta,NISIA FLORESTA,RN,Rio Grande do Norte,Nordeste,Leste Potiguar,Macaíba
2408300,240830,Nova Cruz,NOVA CRUZ,RN,Rio Grande do Norte,Nordeste,Agreste Potiguar,Agreste Potiguar
2408409,240840,Olho d'Água do Borges,OLHO D'AGUA DO BORGES,RN,Rio Grande do Norte,Nordeste,Oeste Potiguar,Umarizal
2408508,240850,Ouro Branco,OURO BRANCO,RN,Rio Grande do Norte,Nordeste,Central Potiguar,Seridó Oriental
2408607,240860,Paraná,PARANA,RN,Rio Grande do Norte,Nordeste,Oeste Potiguar,Pau dos Ferros
2408706,240870,Paraú,PARAU,RN,Rio Grande do Norte,Nordeste,Oeste Potiguar,Médio Oeste
2408805,240880,Parazinho,PARAZINHO,RN,Rio Grande do Norte,Nordeste,Agreste Potiguar,Baixa Verde
2408904,240890,Parelhas,PARELHAS,RN,Rio Grande do Norte,Nordeste,Central Potiguar,Seridó Oriental
2408953,240895,Rio do Fogo,RIO DO FOGO,RN,Rio Grande do Norte,Nordeste,Leste Potiguar,Litoral Nordeste
2409100,240910,Passa e Fica,PASSA E FICA,RN,Rio Grande do Norte,Nordeste,Agreste Potiguar,Agreste Potiguar
2409209,240920,Passagem,PASSAGEM,RN,Rio Grande do Norte,Nordeste,Agreste Potiguar,Agreste Potiguar
2409308,240930,Patu,PATU,RN,Rio Grande do Norte,Nordeste,Oeste Potiguar,Umarizal
2409332,240933,Santa Maria,SANTA MARIA,RN,Rio Grande do Norte,Nordeste,Agreste Potiguar,Agreste Potiguar
2409407,240940,Pau dos Ferros,PAU DOS FERROS,RN,Rio Grande do Norte,Nordeste,Oeste Potiguar,Pau dos Ferros
2409506,240950,Pedra Grande,PEDRA GRANDE,RN,Rio Grande do Norte,Nordeste,Leste Potiguar,Litoral Nordeste
2409605,240960,Pedra Preta,PEDRA PRETA,RN,Rio Grande do Norte,Nordeste,Central Potiguar,Angicos
2409704,240970,Pedro Avelino,PEDRO AVELINO,RN,Rio Grande do Norte,Nordeste,Central Potiguar,Angicos
2409803,240980,Pedro Velho,PEDRO VELHO,RN,Rio Grande do Norte,Nordeste,Leste Potiguar,Litoral Sul
2409902,240990,Pendências,PENDENCIAS,RN,Rio Grande do Norte,Nordeste,Oeste Potiguar,Vale do Açu
2410009,241000,Pilões,PILOES,RN,Rio Grande do Norte,Nordeste,Oeste Potiguar,Pau dos Ferros
2410108,241010,Poço Branco,POCO BRANCO,RN,Rio Grande do Norte,Nordeste,Agreste Potiguar,Baixa Verde
2410207,241020,Portalegre,PORTALEGRE,RN,Rio Grande do Norte,Nordeste,Oeste Potiguar,Pau dos Ferros
2410256,241025,Porto do Mangue,PORTO DO MANGUE,RN,Rio Grande do Norte,Nordeste,Oeste Potiguar,Vale do Açu
2410306,241030,Serra Caiada,SERRA CAIADA,RN,Rio Grande do Norte,Nordeste,Agreste Potiguar,Agreste Potiguar
2410405,241040,Pureza,PUREZA,RN,Rio Grande do Norte,Nordeste,Leste Potiguar,Litoral Nordeste
2410504,241050,Rafael Fernandes,RAFAEL FERNANDES,RN,Rio Grande do Norte,Nordeste,Oeste Potiguar,Pau dos Ferros
2410603,241060,Rafael Godeiro,RAFAEL GODEIRO,RN,Rio Grande do Norte,Nordeste,Oeste Potiguar,Umarizal
2410702,241070,Riacho da Cruz,RIACHO DA CRUZ,RN,Rio Grande do Norte,Nordeste,Oeste Potiguar,Pau dos Ferros
2410801,241080,Riacho de Santana,RIACHO DE SANTANA,RN,Rio Grande do Norte,Nordeste,Oeste Potiguar,Serra de São Miguel
2410900,241090,Riachuelo,RIACHUELO,RN,Rio Grande do Norte,Nordeste,Agreste Potiguar,Agreste Potiguar
2411007,241100,Rodolfo Fernandes,RODOLFO FERNANDES,RN,Rio Grande do Norte,Nordeste,Oeste Potiguar,Pau dos Ferros
2411056,241105,Tibau,TIBAU,RN,Rio Grande do Norte,Nordeste,Oeste Potiguar,Mossoró
2411106,241110,Ruy Barbosa,RUY BARBOSA,RN,Rio Grande do Norte,Nordeste,Agreste Potiguar,Borborema Potiguar
2411205,241120,Santa Cruz,SANTA CRUZ,RN,Rio Grande do Norte,Nordeste,Agreste Potiguar,Borborema Potiguar
2411403,241140,Santana do Matos,SANTANA DO MATOS,RN,Rio Grande do Norte,Nordeste,Central Potiguar,Serra de Santana
2411429,241142,Santana do Seridó,SANTANA DO SERIDO,RN,Rio Grande do Norte,Nordeste,Central Potiguar,Seridó Oriental
2411502,241150,Santo Antônio,SANTO ANTONIO,RN,Rio Grande do Norte,Nordeste,Agreste Potiguar,Agreste Potiguar
2411601,241160,São Bento do Norte,SAO BENTO DO NORTE,RN,Rio Grande do Norte,Nordeste,Central Potiguar,Macau
2411700,241170,São Bento do Trairí,SAO BENTO DO TRAIRI,RN,Rio Grande do Norte,Nordeste,Agreste Potiguar,Borborema Potiguar
2411809,241180,São Fernando,SAO FERNANDO,RN,Rio Grande do Norte,Nordeste,Central Potiguar,Seridó Ocidental
2411908,241190,São Francisco do Oeste,SAO FRANCISCO DO OESTE,RN,Rio Grande do Norte,Nordeste,Oeste Potiguar,Pau dos Ferros
2412005,241200,São Gonçalo do Amarante,SAO GONCALO DO AMARANTE,RN,Rio Grande do Norte,Nordeste,Leste Potiguar,Macaíba
2412104,241210,São João do Sabugi,SAO JOAO DO SABUGI,RN,Rio Grande do Norte,Nordeste,Central Potiguar,Seridó Ocidental
2412203,241220,São José de Mipibu,SAO JOSE DE MIPIBU,RN,Rio Grande do Norte,Nordeste,Leste Potiguar,Macaíba
2412302,241230,São José do Campestre,SAO JOSE DO CAMPESTRE,RN,Rio Grande do Norte,Nordeste,Agreste Potiguar,Borborema Potiguar
2412401,241240,São José do Seridó,SAO JOSE DO SERIDO,RN,Rio Grande do Norte,Nordeste,Central Potiguar,Seridó Oriental
2412500,241250,São Miguel,SAO MIGUEL,RN,Rio Grande do Norte,Nordeste,Oeste Potiguar,Serra de São Miguel
2412559,241255,São Miguel do Gostoso,SAO MIGUEL DO GOSTOSO,RN,Rio Grande do Norte,Nordeste,Leste Potiguar,Litoral Nordeste
2412609,241260,São Paulo do Potengi,SAO PAULO DO POTENGI,RN,Rio Grande do Norte,Nordeste,Agreste Potiguar,Agreste Potiguar
2412708,241270,São Pedro,SAO PEDRO,RN,Rio Grande do Norte,Nordeste,Agreste Potiguar,Agreste Potiguar
2412807,241280,São Rafael,SAO RAFAEL,RN,Rio Grande do Norte,Nordeste,Oeste Potiguar,Vale do Açu
2412906,241290,São Tomé,SAO TOME,RN,Rio Grande do Norte,Nordeste,Agreste Potiguar,Borborema Potiguar
2413003,241300,São Vicente,SAO VICENTE,RN,Rio Grande do Norte,Nordeste,Central Potiguar,Serra de Santana
2413102,241310,Senador Elói de Souza,SENADOR ELOI DE SOUZA,RN,Rio Grande do Norte,Nordeste,Agreste Potiguar,Agreste Potiguar
2413201,241320,Senador Georgino Avelino,SENADOR GEORGINO AVELINO,RN,Rio Grande do Norte,Nordeste,Leste Potiguar,Litoral Sul
2413300,241330,Serra de São Bento,SERRA DE SAO BENTO,RN,Rio Grande do Norte,Nordeste,Agreste Potiguar,Borborema Potiguar
2413359,241335,Serra do Mel,SERRA DO MEL,RN,Rio Grande do Norte,Nordeste,Oeste Potiguar,Mossoró
2413409,241340,Serra Negra do Norte,SERRA NEGRA DO NORTE,RN,Rio Grande do Norte,Nordeste,Central Potiguar,Seridó Ocidental
2413508,241350,Serrinha,SERRINHA,RN,Rio Grande do Norte,Nordeste,Agreste Potiguar,Agreste Potiguar
2413557,241355,Serrinha dos Pintos,SERRINHA DOS PINTOS,RN,Rio Grande do Norte,Nordeste,Oeste Potiguar,Umarizal
2413607,241360,Severiano Melo,SEVERIANO MELO,RN,Rio Grande do Norte,Nordeste,Oeste Potiguar,Pau dos Ferros
2413706,241370,Sítio Novo,SITIO NOVO,RN,Rio Grande do Norte,Nordeste,Agreste Potiguar,Borborema Potiguar
2413805,241380,Taboleiro Grande,TABOLEIRO GRANDE,RN,Rio Grande do Norte,Nordeste,Oeste Potiguar,Pau dos Ferros
2413904,241390,Taipu,TAIPU,RN,Rio Grande do Norte,Nordeste,Leste Potiguar,Litoral Nordeste
2414001,241400,Tangará,TANGARA,RN,Rio Grande do Norte,Nordeste,Agreste Potiguar,Borborema Potiguar
2414100,241410,Tenente Ananias,TENENTE ANANIAS,RN,Rio Grande do Norte,Nordeste,Oeste Potiguar,Pau dos Ferros
2414159,241415,Tenente Laurentino Cruz,TENENTE LAURENTINO CRUZ,RN,Rio Grande do Norte,Nordeste,Central Potiguar,Serra de Santana
2414209,241420,Tibau do Sul,TIBAU DO SUL,RN,Rio Grande do Norte,Nordeste,Leste Potiguar,Litoral Sul
2414308,241430,Timbaúba dos Batistas,TIMBAUBA DOS BATISTAS,RN,Rio Grande do Norte,Nordeste,Central Potiguar,Seridó Ocidental
2414407,241440,Touros,TOUROS,RN,Rio Grande do Norte,Nordeste,Leste Potiguar,Litoral Nordeste
2414456,241445,Triunfo Potiguar,TRIUNFO POTIGUAR,RN,Rio Grande do Norte,Nordeste,Oeste Potiguar,Médio Oeste
2414506,241450,Umarizal,UMARIZAL,RN,Rio Grande do Norte,Nordeste,Oeste Potiguar,Umarizal
2414605,241460,Upanema,UPANEMA,RN,Rio Grande do Norte,Nordeste,Oeste Potiguar,Médio Oeste
2414704,241470,Várzea,VARZEA,RN,Rio Grande do Norte,Nordeste,Agreste Potiguar,Agreste Potiguar
2414753,241475,Venha-Ver,VENHA-VER,RN,Rio Grande do Norte,Nordeste,Oeste Potiguar,Serra de São Miguel
2414803,241480,Vera Cruz,VERA CRUZ,RN,Rio Grande do Norte,Nordeste,Agreste Potiguar,Agreste Potiguar
2414902,241490,Viçosa,VICOSA,RN,Rio Grande do Norte,Nordeste,Oeste Potiguar,Pau dos Ferros
2415008,241500,Vila Flor,VILA FLOR,RN,Rio Grande do Norte,Nordeste,Leste Potiguar,Litoral Sul
2500106,250010,Água Branca,AGUA BRANCA,PB,Paraíba,Nordeste,Sertão Paraibano,Serra do Teixeira
2500205,250020,Aguiar,AGUIAR,PB,Paraíba,Nordeste,Sertão Paraibano,Piancó
2500304,250030,Alagoa Grande,ALAGOA GRANDE,PB,Paraíba,Nordeste,Agreste Paraibano,Brejo Paraibano
2500403,250040,Alagoa Nova,ALAGOA NOVA,PB,Paraíba,Nordeste,Agreste Paraibano,Brejo Paraibano
2500502,250050,Alagoinha,ALAGOINHA,PB,Paraíba,Nordeste,Agreste Paraibano,Guarabira
2500536,250053,Alcantil,ALCANTIL,PB,Paraíba,Nordeste,Borborema,Cariri Oriental
2500577,250057,Algodão de Jandaíra,ALGODAO DE JANDAIRA,PB,Paraíba,Nordeste,Agreste Paraibano,Curimataú Ocidental
2500601,250060,Alhandra,ALHANDRA,PB,Paraíba,Nordeste,Mata Paraibana,Litoral Sul
2500700,250070,São João do Rio do Peixe,SAO JOAO DO RIO DO PEIXE,PB,Paraíba,Nordeste,Sertão Paraibano,Cajazeiras
2500734,250073,Amparo,AMPARO,PB,Paraíba,Nordeste,Borborema,Cariri Ocidental
2500775,250077,Aparecida,APARECIDA,PB,Paraíba,Nordeste,Sertão Paraibano,Sousa
2500809,250080,Araçagi,ARACAGI,PB,Paraíba,Nordeste,Agreste Paraibano,Guarabira
2500908,250090,Arara,ARARA,PB,Paraíba,Nordeste,Agreste Paraibano,Curimataú Ocidental
2501005,250100,Araruna,ARARUNA,PB,Paraíba,Nordeste,Agreste Paraibano,Curimataú Oriental
2501104,250110,Areia,AREIA,PB,Paraíba,Nordeste,Agreste Paraibano,Brejo Paraibano
2501153,250115,Areia de Baraúnas,AREIA DE BARAUNAS,PB,Paraíba,Nordeste,Sertão Paraibano,Patos
2501203,250120,Areial,AREIAL,PB,Paraíba,Nordeste,Agreste Paraibano,Esperança
2501302,250130,Aroeiras,AROEIRAS,PB,Paraíba,Nordeste,Agreste Paraibano,Umbuzeiro
2501351,250135,Assunção,ASSUNCAO,PB,Paraíba,Nordeste,Borborema,Cariri Ocidental
2501401,250140,Baía da Traição,BAIA DA TRAICAO,PB,Paraíba,Nordeste,Mata Paraibana,Litoral Norte
2501500,250150,Bananeiras,BANANEIRAS,PB,Paraíba,Nordeste,Agreste Paraibano,Brejo Paraibano
2501534,250153,Baraúna,BARAUNA,PB,Paraíba,Nordeste,Borborema,Seridó Oriental Paraibano
2501575,250157,Barra de Santana,BARRA DE SANTANA,PB,Paraíba,Nordeste,Borborema,Cariri Oriental
2501609,250160,Barra de Santa Rosa,BARRA DE SANTA ROSA,PB,Paraíba,Nordeste,Agreste Paraibano,Curimataú Ocidental
2501708,250170,Barra de São Miguel,BARRA DE SAO MIGUEL,PB,Paraíba,Nordeste,Borborema,Cariri Oriental
2501807,250180,Bayeux,BAYEUX,PB,Paraíba,Nordeste,Mata Paraibana,João Pessoa
2501906,250190,Belém,BELEM,PB,Paraíba,Nordeste,Agreste Paraibano,Guarabira
2502003,250200,Belém do Brejo do Cruz,BELEM DO BREJO DO CRUZ,PB,Paraíba,Nordeste,Sertão Paraibano,Catolé do Rocha
2502052,250205,Bernardino Batista,BERNARDINO BATISTA,PB,Paraíba,Nordeste,Sertão Paraibano,Cajazeiras
2502102,250210,Boa Ventura,BOA VENTURA,PB,Paraíba,Nordeste,Sertão Paraibano,Itaporanga
2502151,250215,Boa Vista,BOA VISTA,PB,Paraíba,Nordeste,Agreste Paraibano,Campina Grande
2502201,250220,Bom Jesus,BOM JESUS,PB,Paraíba,Nordeste,Sertão Paraibano,Cajazeiras
2502300,250230,Bom Sucesso,BOM SUCESSO,PB,Paraíba,Nordeste,Sertão Paraibano,Catolé do Rocha
2502409,250240,Bonito de Santa Fé,BONITO DE SANTA FE,PB,Paraíba,Nordeste,Sertão Paraibano,Cajazeiras
2502508,250250,Boqueirão,BOQUEIRAO,PB,Paraíba,Nordeste,Borborema,Cariri Oriental
2502607,250260,Igaracy,IGARACY,PB,Paraíba,Nordeste,Sertão Paraibano,Piancó
2502706,250270,Borborema,BORBOREMA,PB,Paraíba,Nordeste,Agreste Paraibano,Brejo Paraibano
2502805,250280,Brejo do Cruz,BREJO DO CRUZ,PB,Paraíba,Nordeste,Sertão Paraibano,Catolé do Rocha
2502904,250290,Brejo dos Santos,BREJO DOS SANTOS,PB,Paraíba,Nordeste,Sertão Paraibano,Catolé do Rocha
2503001,250300,Caaporã,CAAPORA,PB,Paraíba,Nordeste,Mata Paraibana,Litoral Sul
2503100,250310,Cabaceiras,CABACEIRAS,PB,Paraíba,Nordeste,Borborema,Cariri Oriental
2503209,250320,Cabedelo,CABEDELO,PB,Paraíba,Nordeste,Mata Paraibana,João Pessoa
2503308,250330,Cachoeira dos Índios,CACHOEIRA DOS INDIOS,PB,Paraíba,Nordeste,Sertão Paraibano,Cajazeiras
2503407,250340,Cacimba de Areia,CACIMBA DE AREIA,PB,Paraíba,Nordeste,Sertão Paraibano,Patos
2503506,250350,Cacimba de Dentro,CACIMBA DE DENTRO,PB,Paraíba,Nordeste,Agreste Paraibano,Curimataú Oriental
2503555,250355,Cacimbas,CACIMBAS,PB,Paraíba,Nordeste,Sertão Paraibano,Serra do Teixeira
2503605,250360,Caiçara,CAICARA,PB,Paraíba,Nordeste,Agreste Paraibano,Guarabira
2503704,250370,Cajazeiras,CAJAZEIRAS,PB,Paraíba,Nordeste,Sertão Paraibano,Cajazeiras
2503753,250375,Cajazeirinhas,CAJAZEIRINHAS,PB,Paraíba,Nordeste,Sertão Paraibano,Sousa
2503803,250380,Caldas Brandão,CALDAS BRANDAO,PB,Paraíba,Nordeste,Agreste Paraibano,Itabaiana
2503902,250390,Camalaú,CAMALAU,PB,Paraíba,Nordeste,Borborema,Cariri Ocidental
2504009,250400,Campina Grande,CAMPINA GRANDE,PB,Paraíba,Nordeste,Agreste Paraibano,Campina Grande
2504033,250403,Capim,CAPIM,PB,Paraíba,Nordeste,Mata Paraibana,Litoral Norte
2504074,250407,Caraúbas,CARAUBAS,PB,Paraíba,Nordeste,Borborema,Cariri Oriental
2504108,250410,Carrapateira,CARRAPATEIRA,PB,Paraíba,Nordeste,Sertão Paraibano,Cajazeiras
2504157,250415,Casserengue,CASSERENGUE,PB,Paraíba,Nordeste,Agreste Paraibano,Curimataú Oriental
2504207,250420,Catingueira,CATINGUEIRA,PB,Paraíba,Nordeste,Sertão Paraibano,Piancó
2504306,250430,Catolé do Rocha,CATOLE DO ROCHA,PB,Paraíba,Nordeste,Sertão Paraibano,Catolé do Rocha
2504355,250435,Caturité,CATURITE,PB,Paraíba,Nordeste,Borborema,Cariri Oriental
2504405,250440,Conceição,CONCEICAO,PB,Paraíba,Nordeste,Sertão Paraibano,Itaporanga
2504504,250450,Condado,CONDADO,PB,Paraíba,Nordeste,Sertão Paraibano,Sousa
2504603,250460,Conde,CONDE,PB,Paraíba,Nordeste,Mata Paraibana,João Pessoa
2504702,250470,Congo,CONGO,PB,Paraíba,Nordeste,Borborema,Cariri Ocidental
2504801,250480,Coremas,COREMAS,PB,Paraíba,Nordeste,Sertão Paraibano,Piancó
2504850,250485,Coxixola,COXIXOLA,PB,Paraíba,Nordeste,Borborema,Cariri Ocidental
2504900,250490,Cruz do Espírito Santo,CRUZ DO ESPIRITO SANTO,PB,Paraíba,Nordeste,Mata Paraibana,Sapé
2505006,250500,Cubati,CUBATI,PB,Paraíba,Nordeste,Borborema,Seridó Oriental Paraibano
2505105,250510,Cuité,CUITE,PB,Paraíba,Nordeste,Agreste Paraibano,Curimataú Ocidental
2505204,250520,Cuitegi,CUITEGI,PB,Paraíba,Nordeste,Agreste Paraibano,Guarabira
2505238,250523,Cuité de Mamanguape,CUITE DE MAMANGUAPE,PB,Paraíba,Nordeste,Mata Paraibana,Litoral Norte
2505279,250527,Curral de Cima,CURRAL DE CIMA,PB,Paraíba,Nordeste,Mata Paraibana,Litoral Norte
2505303,250530,Curral Velho,CURRAL VELHO,PB,Paraíba,Nordeste,Sertão Paraibano,Itaporanga
2505352,250535,Damião,DAMIAO,PB,Paraíba,Nordeste,Agreste Paraibano,Curimataú Ocidental
2505402,250540,Desterro,DESTERRO,PB,Paraíba,Nordeste,Sertão Paraibano,Serra do Teixeira
2505501,250550,Vista Serrana,VISTA SERRANA,PB,Paraíba,Nordeste,Sertão Paraibano,Sousa
2505600,250560,Diamante,DIAMANTE,PB,Paraíba,Nordeste,Sertão Paraibano,Itaporanga
2505709,250570,Dona Inês,DONA INES,PB,Paraíba,Nordeste,Agreste Paraibano,Curimataú Oriental
2505808,250580,Duas Estradas,DUAS ESTRADAS,PB,Paraíba,Nordeste,Agreste Paraibano,Guarabira
2505907,250590,Emas,EMAS,PB,Paraíba,Nordeste,Sertão Paraibano,Piancó
2506004,250600,Esperança,ESPERANCA,PB,Paraíba,Nordeste,Agreste Paraibano,Esperança
2506103,250610,Fagundes,FAGUNDES,PB,Paraíba,Nordeste,Agreste Paraibano,Campina Grande
2506202,250620,Frei Martinho,FREI MARTINHO,PB,Paraíba,Nordeste,Borborema,Seridó Oriental Paraibano
2506251,250625,Gado Bravo,GADO BRAVO,PB,Paraíba,Nordeste,Agreste Paraibano,Umbuzeiro
2506301,250630,Guarabira,GUARABIRA,PB,Paraíba,Nordeste,Agreste Paraibano,Guarabira
2506400,250640,Gurinhém,GURINHEM,PB,Paraíba,Nordeste,Agreste Paraibano,Itabaiana
2506509,250650,Gurjão,GURJAO,PB,Paraíba,Nordeste,Borborema,Cariri Oriental
2506608,250660,Ibiara,IBIARA,PB,Paraíba,Nordeste,Sertão Paraibano,Itaporanga
2506707,250670,Imaculada,IMACULADA,PB,Paraíba,Nordeste,Sertão Paraibano,Serra do Teixeira
2506806,250680,Ingá,INGA,PB,Paraíba,Nordeste,Agreste Paraibano,Itabaiana
2506905,250690,Itabaiana,ITABAIANA,PB,Paraíba,Nordeste,Agreste Paraibano,Itabaiana
2507002,250700,Itaporanga,ITAPORANGA,PB,Paraíba,Nordeste,Sertão Paraibano,Itaporanga
2507101,250710,Itapororoca,ITAPOROROCA,PB,Paraíba,Nordeste,Mata Paraibana,Litoral Norte
2507200,250720,Itatuba,ITATUBA,PB,Paraíba,Nordeste,Agreste Paraibano,Itabaiana
2507309,250730,Jacaraú,JACARAU,PB,Paraíba,Nordeste,Mata Paraibana,Litoral Norte
2507408,250740,Jericó,JERICO,PB,Paraíba,Nordeste,Sertão Paraibano,Catolé do Rocha
2507507,250750,João Pessoa,JOAO PESSOA,PB,Paraíba,Nordeste,Mata Paraibana,João Pessoa
2507606,250760,Juarez Távora,JUAREZ TAVORA,PB,Paraíba,Nordeste,Agreste Paraibano,Itabaiana
2507705,250770,Juazeirinho,JUAZEIRINHO,PB,Paraíba,Nordeste,Borborema,Seridó Oriental Paraibano
2507804,250780,Junco do Seridó,JUNCO DO SERIDO,PB,Paraíba,Nordeste,Borborema,Seridó Ocidental Paraibano
2507903,250790,Juripiranga,JURIPIRANGA,PB,Paraíba,Nordeste,Mata Paraibana,Sapé
2508000,250800,Juru,JURU,PB,Paraíba,Nordeste,Sertão Paraibano,Serra do Teixeira
2508109,250810,Lagoa,LAGOA,PB,Paraíba,Nordeste,Sertão Paraibano,Catolé do Rocha
2508208,250820,Lagoa de Dentro,LAGOA DE DENTRO,PB,Paraíba,Nordeste,Agreste Paraibano,Guarabira
2508307,250830,Lagoa Seca,LAGOA SECA,PB,Paraíba,Nordeste,Agreste Paraibano,Campina Grande
2508406,250840,Lastro,LASTRO,PB,Paraíba,Nordeste,Sertão Paraibano,Sousa
2508505,250850,Livramento,LIVRAMENTO,PB,Paraíba,Nordeste,Borborema,Cariri Ocidental
2508554,250855,Logradouro,LOGRADOURO,PB,Paraíba,Nordeste,Agreste Paraibano,Guarabira
2508604,250860,Lucena,LUCENA,PB,Paraíba,Nordeste,Mata Paraibana,João Pessoa
2508703,250870,Mãe d'Água,MAE D'AGUA,PB,Paraíba,Nordeste,Sertão Paraibano,Patos
2508802,250880,Malta,MALTA,PB,Paraíba,Nordeste,Sertão Paraibano,Sousa
2508901,250890,Mamanguape,MAMANGUAPE,PB,Paraíba,Nordeste,Mata Paraibana,Litoral Norte
2509008,250900,Manaíra,MANAIRA,PB,Paraíba,Nordeste,Sertão Paraibano,Serra do Teixeira
2509057,250905,Marcação,MARCACAO,PB,Paraíba,Nordeste,Mata Paraibana,Litoral Norte
2509107,250910,Mari,MARI,PB,Paraíba,Nordeste,Mata Paraibana,Sapé
2509156,250915,Marizópolis,MARIZOPOLIS,PB,Paraíba,Nordeste,Sertão Paraibano,Sousa
2509206,250920,Massaranduba,MASSARANDUBA,PB,Paraíba,Nordeste,Agreste Paraibano,Campina Grande
2509305,250930,Mataraca,MATARACA,PB,Paraíba,Nordeste,Mata Paraibana,Litoral Norte
2509339,250933,Matinhas,MATINHAS,PB,Paraíba,Nordeste,Agreste Paraibano,Brejo Paraibano
2509370,250937,Mato Grosso,MATO GROSSO,PB,Paraíba,Nordeste,Sertão Paraibano,Catolé do Rocha
2509396,250939,Maturéia,MATUREIA,PB,Paraíba,Nordeste,Sertão Paraibano,Serra do Teixeira
2509404,250940,Mogeiro,MOGEIRO,PB,Paraíba,Nordeste,Agreste Paraibano,Itabaiana
2509503,250950,Montadas,MONTADAS,PB,Paraíba,Nordeste,Agreste Paraibano,Esperança
2509602,250960,Monte Horebe,MONTE HOREBE,PB,Paraíba,Nordeste,Sertão Paraibano,Cajazeiras
2509701,250970,Monteiro,MONTEIRO,PB,Paraíba,Nordeste,Borborema,Cariri Ocidental
2509800,250980,Mulungu,MULUNGU,PB,Paraíba,Nordeste,Agreste Paraibano,Guarabira
2509909,250990,Natuba,NATUBA,PB,Paraíba,Nordeste,Agreste Paraibano,Umbuzeiro
2510006,251000,Nazarezinho,NAZAREZINHO,PB,Paraíba,Nordeste,Sertão Paraibano,Sousa
2510105,251010,Nova Floresta,NOVA FLORESTA,PB,Paraíba,Nordeste,Agreste Paraibano,Curimataú Ocidental
2510204,251020,Nova Olinda,NOVA OLINDA,PB,Paraíba,Nordeste,Sertão Paraibano,Piancó
2510303,251030,Nova Palmeira,NOVA PALMEIRA,PB,Paraíba,Nordeste,Borborema,Seridó Oriental Paraibano
2510402,251040,Olho d'Água,OLHO D'AGUA,PB,Paraíba,Nordeste,Sertão Paraibano,Piancó
2510501,251050,Olivedos,OLIVEDOS,PB,Paraíba,Nordeste,Agreste Paraibano,Curimataú Ocidental
2510600,251060,Ouro Velho,OURO VELHO,PB,Paraíba,Nordeste,Borborema,Cariri Ocidental
2510659,251065,Parari,PARARI,PB,Paraíba,Nordeste,Borborema,Cariri Ocidental
2510709,251070,Passagem,PASSAGEM,PB,Paraíba,Nordeste,Sertão Paraibano,Patos
2510808,251080,Patos,PATOS,PB,Paraíba,Nordeste,Sertão Paraibano,Patos
2510907,251090,Paulista,PAULISTA,PB,Paraíba,Nordeste,Sertão Paraibano,Sousa
2511004,251100,Pedra Branca,PEDRA BRANCA,PB,Paraíba,Nordeste,Sertão Paraibano,Itaporanga
2511103,251110,Pedra Lavrada,PEDRA LAVRADA,PB,Paraíba,Nordeste,Borborema,Seridó Oriental Paraibano
2511202,251120,Pedras de Fogo,PEDRAS DE FOGO,PB,Paraíba,Nordeste,Mata Paraibana,Litoral Sul
2511301,251130,Piancó,PIANCO,PB,Paraíba,Nordeste,Sertão Paraibano,Piancó
2511400,251140,Picuí,PICUI,PB,Paraíba,Nordeste,Borborema,Seridó Oriental Paraibano
2511509,251150,Pilar,PILAR,PB,Paraíba,Nordeste,Mata Paraibana,Sapé
2511608,251160,Pilões,PILOES,PB,Paraíba,Nordeste,Agreste Paraibano,Brejo Paraibano
2511707,251170,Pilõezinhos,PILOEZINHOS,PB,Paraíba,Nordeste,Agreste Paraibano,Guarabira
2511806,251180,Pirpirituba,PIRPIRITUBA,PB,Paraíba,Nordeste,Agreste Paraibano,Guarabira
2511905,251190,Pitimbu,PITIMBU,PB,Paraíba,Nordeste,Mata Paraibana,Litoral Sul
2512002,251200,Pocinhos,POCINHOS,PB,Paraíba,Nordeste,Agreste Paraibano,Curimataú Ocidental
2512036,251203,Poço Dantas,POCO DANTAS,PB,Paraíba,Nordeste,Sertão Paraibano,Cajazeiras
2512077,251207,Poço de José de Moura,POCO DE JOSE DE MOURA,PB,Paraíba,Nordeste,Sertão Paraibano,Cajazeiras
2512101,251210,Pombal,POMBAL,PB,Paraíba,Nordeste,Sertão Paraibano,Sousa
2512200,251220,Prata,PRATA,PB,Paraíba,Nordeste,Borborema,Cariri Ocidental
2512309,251230,Princesa Isabel,PRINCESA ISABEL,PB,Paraíba,Nordeste,Sertão Paraibano,Serra do Teixeira
2512408,251240,Puxinanã,PUXINANA,PB,Paraíba,Nordeste,Agreste Paraibano,Campina Grande
2512507,251250,Queimadas,QUEIMADAS,PB,Paraíba,Nordeste,Agreste Paraibano,Campina Grande
2512606,251260,Quixaba,QUIXABA,PB,Paraíba,Nordeste,Sertão Paraibano,Patos
2512705,251270,Remígio,REMIGIO,PB,Paraíba,Nordeste,Agreste Paraibano,Curimataú Ocidental
2512721,251272,Pedro Régis,PEDRO REGIS,PB,Paraíba,Nordeste,Mata Paraibana,Litoral Norte
2512747,251274,Riachão,RIACHAO,PB,Paraíba,Nordeste,Agreste Paraibano,Curimataú Oriental
2512754,251275,Riachão do Bacamarte,RIACHAO DO BACAMARTE,PB,Paraíba,Nordeste,Agreste Paraibano,Itabaiana
2512762,251276,Riachão do Poço,RIACHAO DO POCO,PB,Paraíba,Nordeste,Mata Paraibana,Sapé
2512788,251278,Riacho de Santo Antônio,RIACHO DE SANTO ANTONIO,PB,Paraíba,Nordeste,Borborema,Cariri Oriental
2512804,251280,Riacho dos Cavalos,RIACHO DOS CAVALOS,PB,Paraíba,Nordeste,Sertão Paraibano,Catolé do Rocha
2512903,251290,Rio Tinto,RIO TINTO,PB,Paraíba,Nordeste,Mata Paraibana,Litoral Norte
2513000,251300,Salgadinho,SALGADINHO,PB,Paraíba,Nordeste,Borborema,Seridó Ocidental Paraibano
2513109,251310,Salgado de São Félix,SALGADO DE SAO FELIX,PB,Paraíba,Nordeste,Agreste Paraibano,Itabaiana
2513158,251315,Santa Cecília,SANTA CECILIA,PB,Paraíba,Nordeste,Agreste Paraibano,Umbuzeiro
2513208,251320,Santa Cruz,SANTA CRUZ,PB,Paraíba,Nordeste,Sertão Paraibano,Sousa
2513307,251330,Santa Helena,SANTA HELENA,PB,Paraíba,Nordeste,Sertão Paraibano,Cajazeiras
2513356,251335,Santa Inês,SANTA INES,PB,Paraíba,Nordeste,Sertão Paraibano,Itaporanga
2513406,251340,Santa Luzia,SANTA LUZIA,PB,Paraíba,Nordeste,Borborema,Seridó Ocidental Paraibano
2513505,251350,Santana de Mangueira,SANTANA DE MANGUEIRA,PB,Paraíba,Nordeste,Sertão Paraibano,Itaporanga
2513604,251360,Santana dos Garrotes,SANTANA DOS GARROTES,PB,Paraíba,Nordeste,Sertão Paraibano,Piancó
2513653,251365,Joca Claudino,JOCA CLAUDINO,PB,Paraíba,Nordeste,Sertão Paraibano,Cajazeiras
2513703,251370,Santa Rita,SANTA RITA,PB,Paraíba,Nordeste,Mata Paraibana,João Pessoa
2513802,251380,Santa Teresinha,SANTA TERESINHA,PB,Paraíba,Nordeste,Sertão Paraibano,Patos
2513851,251385,Santo André,SANTO ANDRE,PB,Paraíba,Nordeste,Borborema,Cariri Oriental
2513901,251390,São Bento,SAO BENTO,PB,Paraíba,Nordeste,Sertão Paraibano,Catolé do Rocha
2513927,251392,São Bentinho,SAO BENTINHO,PB,Paraíba,Nordeste,Sertão Paraibano,Sousa
2513943,251394,São Domingos do Cariri,SAO DOMINGOS DO CARIRI,PB,Paraíba,Nordeste,Borborema,Cariri Oriental
2513968,251396,São Domingos,SAO DOMINGOS,PB,Paraíba,Nordeste,Sertão Paraibano,Sousa
2513984,251398,São Francisco,SAO FRANCISCO,PB,Paraíba,Nordeste,Sertão Paraibano,Sousa
2514008,251400,São João do Cariri,SAO JOAO DO CARIRI,PB,Paraíba,Nordeste,Borborema,Cariri Oriental
2514107,251410,São João do Tigre,SAO JOAO DO TIGRE,PB,Paraíba,Nordeste,Borborema,Cariri Ocidental
2514206,251420,São José da Lagoa Tapada,SAO JOSE DA LAGOA TAPADA,PB,Paraíba,Nordeste,Sertão Paraibano,Sousa
2514305,251430,São José de Caiana,SAO JOSE DE CAIANA,PB,Paraíba,Nordeste,Sertão Paraibano,Itaporanga
2514404,251440,São José de Espinharas,SAO JOSE DE ESPINHARAS,PB,Paraíba,Nordeste,Sertão Paraibano,Patos
2514453,251445,São José dos Ramos,SAO JOSE DOS RAMOS,PB,Paraíba,Nordeste,Mata Paraibana,Sapé
2514503,251450,São José de Piranhas,SAO JOSE DE PIRANHAS,PB,Paraíba,Nordeste,Sertão Paraibano,Cajazeiras
2514552,251455,São José de Princesa,SAO JOSE DE PRINCESA,PB,Paraíba,Nordeste,Sertão Paraibano,Serra do Teixeira
2514602,251460,São José do Bonfim,SAO JOSE DO BONFIM,PB,Paraíba,Nordeste,Sertão Paraibano,Patos
2514651,251465,São José do Brejo do Cruz,SAO JOSE DO BREJO DO CRUZ,PB,Paraíba,Nordeste,Sertão Paraibano,Catolé do Rocha
2514701,251470,São José do Sabugi,SAO JOSE DO SABUGI,PB,Paraíba,Nordeste,Borborema,Seridó Ocidental Paraibano
2514800,251480,São José dos Cordeiros,SAO JOSE DOS CORDEIROS,PB,Paraíba,Nordeste,Borborema,Cariri Ocidental
2514909,251490,São Mamede,SAO MAMEDE,PB,Paraíba,Nordeste,Borborema,Seridó Ocidental Paraibano
2515005,251500,São Miguel de Taipu,SAO MIGUEL DE TAIPU,PB,Paraíba,Nordeste,Mata Paraibana,Sapé
2515104,251510,São Sebastião de Lagoa de Roça,SAO SEBASTIAO DE LAGOA DE ROCA,PB,Paraíba,Nordeste,Agreste Paraibano,Esperança
2515203,251520,São Sebastião do Umbuzeiro,SAO SEBASTIAO DO UMBUZEIRO,PB,Paraíba,Nordeste,Borborema,Cariri Ocidental
2515302,251530,Sapé,SAPE,PB,Paraíba,Nordeste,Mata Paraibana,Sapé
2515401,251540,São Vicente do Seridó,SAO VICENTE DO SERIDO,PB,Paraíba,Nordeste,Borborema,Seridó Oriental Paraibano
2515500,251550,Serra Branca,SERRA BRANCA,PB,Paraíba,Nordeste,Borborema,Cariri Ocidental
2515609,251560,Serra da Raiz,SERRA DA RAIZ,PB,Paraíba,Nordeste,Agreste Paraibano,Guarabira
2515708,251570,Serra Grande,SERRA GRANDE,PB,Paraíba,Nordeste,Sertão Paraibano,Itaporanga
2515807,251580,Serra Redonda,SERRA REDONDA,PB,Paraíba,Nordeste,Agreste Paraibano,Campina Grande
2515906,251590,Serraria,SERRARIA,PB,Paraíba,Nordeste,Agreste Paraibano,Brejo Paraibano
2515930,251593,Sertãozinho,SERTAOZINHO,PB,Paraíba,Nordeste,Agreste Paraibano,Guarabira
2515971,251597,Sobrado,SOBRADO,PB,Paraíba,Nordeste,Mata Paraibana,Sapé
2516003,251600,Solânea,SOLANEA,PB,Paraíba,Nordeste,Agreste Paraibano,Curimataú Oriental
2516102,251610,Soledade,SOLEDADE,PB,Paraíba,Nordeste,Agreste Paraibano,Curimataú Ocidental
2516151,251615,Sossêgo,SOSSEGO,PB,Paraíba,Nordeste,Agreste Paraibano,Curimataú Ocidental
2516201,251620,Sousa,SOUSA,PB,Paraíba,Nordeste,Sertão Paraibano,Sousa
2516300,251630,Sumé,SUME,PB,Paraíba,Nordeste,Borborema,Cariri Ocidental
2516409,251640,Tacima,TACIMA,PB,Paraíba,Nordeste,Agreste Paraibano,Curimataú Oriental
2516508,251650,Taperoá,TAPEROA,PB,Paraíba,Nordeste,Borborema,Cariri Ocidental
2516607,251660,Tavares,TAVARES,PB,Paraíba,Nordeste,Sertão Paraibano,Serra do Teixeira
2516706,251670,Teixeira,TEIXEIRA,PB,Paraíba,Nordeste,Sertão Paraibano,Serra do Teixeira
2516755,251675,Tenório,TENORIO,PB,Paraíba,Nordeste,Borborema,Seridó Oriental Paraibano
2516805,251680,Triunfo,TRIUNFO,PB,Paraíba,Nordeste,Sertão Paraibano,Cajazeiras
2516904,251690,Uiraúna,UIRAUNA,PB,Paraíba,Nordeste,Sertão Paraibano,Cajazeiras
2517001,251700,Umbuzeiro,UMBUZEIRO,PB,Paraíba,Nordeste,Agreste Paraibano,Umbuzeiro
2517100,251710,Várzea,VARZEA,PB,Paraíba,Nordeste,Borborema,Seridó Ocidental Paraibano
2517209,251720,Vieirópolis,VIEIROPOLIS,PB,Paraíba,Nordeste,Sertão Paraibano,Sousa
2517407,251740,Zabelê,ZABELE,PB,Paraíba,Nordeste,Borborema,Cariri Ocidental
2600054,260005,Abreu e Lima,ABREU E LIMA,PE,Pernambuco,Nordeste,Metropolitana de Recife,Recife
2600104,260010,Afogados da Ingazeira,AFOGADOS DA INGAZEIRA,PE,Pernambuco,Nordeste,Sertão Pernambucano,Pajeú
2600203,260020,Afrânio,AFRANIO,PE,Pernambuco,Nordeste,São Francisco Pernambucano,Petrolina
2600302,260030,Agrestina,AGRESTINA,PE,Pernambuco,Nordeste,Agreste Pernambucano,Brejo Pernambucano
2600401,260040,Água Preta,AGUA PRETA,PE,Pernambuco,Nordeste,Mata Pernambucana,Mata Meridional Pernambucana
2600500,260050,Águas Belas,AGUAS BELAS,PE,Pernambuco,Nordeste,Agreste Pernambucano,Vale do Ipanema
2600609,260060,Alagoinha,ALAGOINHA,PE,Pernambuco,Nordeste,Agreste Pernambucano,Vale do Ipojuca
2600708,260070,Aliança,ALIANCA,PE,Pernambuco,Nordeste,Mata Pernambucana,Mata Setentrional Pernambucana
2600807,260080,Altinho,ALTINHO,PE,Pernambuco,Nordeste,Agreste Pernambucano,Brejo Pernambucano
2600906,260090,Amaraji,AMARAJI,PE,Pernambuco,Nordeste,Mata Pernambucana,Mata Meridional Pernambucana
2601003,260100,Angelim,ANGELIM,PE,Pernambuco,Nordeste,Agreste Pernambucano,Garanhuns
2601052,260105,Araçoiaba,ARACOIABA,PE,Pernambuco,Nordeste,Metropolitana de Recife,Itamaracá
2601102,260110,Araripina,ARARIPINA,PE,Pernambuco,Nordeste,Sertão Pernambucano,Araripina
2601201,260120,Arcoverde,ARCOVERDE,PE,Pernambuco,Nordeste,Sertão Pernambucano,Sertão do Moxotó
2601300,260130,Barra de Guabiraba,BARRA DE GUABIRABA,PE,Pernambuco,Nordeste,Agreste Pernambucano,Brejo Pernambucano
2601409,260140,Barreiros,BARREIROS,PE,Pernambuco,Nordeste,Mata Pernambucana,Mata Meridional Pernambucana
2601508,260150,Belém de Maria,BELEM DE MARIA,PE,Pernambuco,Nordeste,Mata Pernambucana,Mata Meridional Pernambucana
2601607,260160,Belém do São Francisco,BELEM DO SAO FRANCISCO,PE,Pernambuco,Nordeste,São Francisco Pernambucano,Itaparica
2601706,260170,Belo Jardim,BELO JARDIM,PE,Pernambuco,Nordeste,Agreste Pernambucano,Vale do Ipojuca
2601805,260180,Betânia,BETANIA,PE,Pernambuco,Nordeste,Sertão Pernambucano,Sertão do Moxotó
2601904,260190,Bezerros,BEZERROS,PE,Pernambuco,Nordeste,Agreste Pernambucano,Vale do Ipojuca
2602001,260200,Bodocó,BODOCO,PE,Pernambuco,Nordeste,Sertão Pernambucano,Araripina
2602100,260210,Bom Conselho,BOM CONSELHO,PE,Pernambuco,Nordeste,Agreste Pernambucano,Garanhuns
2602209,260220,Bom Jardim,BOM JARDIM,PE,Pernambuco,Nordeste,Agreste Pernambucano,Médio Capibaribe
2602308,260230,Bonito,BONITO,PE,Pernambuco,Nordeste,Agreste Pernambucano,Brejo Pernambucano
2602407,260240,Brejão,BREJAO,PE,Pernambuco,Nordeste,Agreste Pernambucano,Garanhuns
2602506,260250,Brejinho,BREJINHO,PE,Pernambuco,Nordeste,Sertão Pernambucano,Pajeú
2602605,260260,Brejo da Madre de Deus,BREJO DA MADRE DE DEUS,PE,Pernambuco,Nordeste,Agreste Pernambucano,Vale do Ipojuca
2602704,260270,Buenos Aires,BUENOS AIRES,PE,Pernambuco,Nordeste,Mata Pernambucana,Mata Setentrional Pernambucana
2602803,260280,Buíque,BUIQUE,PE,Pernambuco,Nordeste,Agreste Pernambucano,Vale do Ipanema
2602902,260290,Cabo de Santo Agostinho,CABO DE SANTO AGOSTINHO,PE,Pernambuco,Nordeste,Metropolitana de Recife,Suape
2603009,260300,Cabrobó,CABROBO,PE,Pernambuco,Nordeste,São Francisco Pernambucano,Petrolina
2603108,260310,Cachoeirinha,CACHOEIRINHA,PE,Pernambuco,Nordeste,Agreste Pernambucano,Vale do Ipojuca
2603207,260320,Caetés,CAETES,PE,Pernambuco,Nordeste,Agreste Pernambucano,Garanhuns
2603306,260330,Calçado,CALCADO,PE,Pernambuco,Nordeste,Agreste Pernambucano,Garanhuns
2603405,260340,Calumbi,CALUMBI,PE,Pernambuco,Nordeste,Sertão Pernambucano,Pajeú
2603454,260345,Camaragibe,CAMARAGIBE,PE,Pernambuco,Nordeste,Metropolitana de Recife,Recife
2603504,260350,Camocim de São Félix,CAMOCIM DE SAO FELIX,PE,Pernambuco,Nordeste,Agreste Pernambucano,Brejo Pernambucano
2603603,260360,Camutanga,CAMUTANGA,PE,Pernambuco,Nordeste,Mata Pernambucana,Mata Setentrional Pernambucana
2603702,260370,Canhotinho,CANHOTINHO,PE,Pernambuco,Nordeste,Agreste Pernambucano,Garanhuns
2603801,260380,Capoeiras,CAPOEIRAS,PE,Pernambuco,Nordeste,Agreste Pernambucano,Vale do Ipojuca
2603900,260390,Carnaíba,CARNAIBA,PE,Pernambuco,Nordeste,Sertão Pernambucano,Pajeú
2603926,260392,Carnaubeira da Penha,CARNAUBEIRA DA PENHA,PE,Pernambuco,Nordeste,São Francisco Pernambucano,Itaparica
2604007,260400,Carpina,CARPINA,PE,Pernambuco,Nordeste,Mata Pernambucana,Mata Setentrional Pernambucana
2604106,260410,Caruaru,CARUARU,PE,Pernambuco,Nordeste,Agreste Pernambucano,Vale do Ipojuca
2604155,260415,Casinhas,CASINHAS,PE,Pernambuco,Nordeste,Agreste Pernambucano,Alto Capibaribe
2604205,260420,Catende,CATENDE,PE,Pernambuco,Nordeste,Mata Pernambucana,Mata Meridional Pernambucana
2604304,260430,Cedro,CEDRO,PE,Pernambuco,Nordeste,Sertão Pernambucano,Salgueiro
2604403,260440,Chã de Alegria,CHA DE ALEGRIA,PE,Pernambuco,Nordeste,Mata Pernambucana,Vitória de Santo Antão
2604502,260450,Chã Grande,CHA GRANDE,PE,Pernambuco,Nordeste,Mata Pernambucana,Vitória de Santo Antão
2604601,260460,Condado,CONDADO,PE,Pernambuco,Nordeste,Mata Pernambucana,Mata Setentrional Pernambucana
2604700,260470,Correntes,CORRENTES,PE,Pernambuco,Nordeste,Agreste Pernambucano,Garanhuns
2604809,260480,Cortês,CORTES,PE,Pernambuco,Nordeste,Mata Pernambucana,Mata Meridional Pernambucana
2604908,260490,Cumaru,CUMARU,PE,Pernambuco,Nordeste,Agreste Pernambucano,Médio Capibaribe
2605004,260500,Cupira,CUPIRA,PE,Pernambuco,Nordeste,Agreste Pernambucano,Brejo Pernambucano
2605103,260510,Custódia,CUSTODIA,PE,Pernambuco,Nordeste,Sertão Pernambucano,Sertão do Moxotó
2605152,260515,Dormentes,DORMENTES,PE,Pernambuco,Nordeste,São Francisco Pernambucano,Petrolina
2605202,260520,Escada,ESCADA,PE,Pernambuco,Nordeste,Mata Pernambucana,Mata Meridional Pernambucana
2605301,260530,Exu,EXU,PE,Pernambuco,Nordeste,Sertão Pernambucano,Araripina
2605400,260540,Feira Nova,FEIRA NOVA,PE,Pernambuco,Nordeste,Agreste Pernambucano,Médio Capibaribe
2605459,260545,Fernando de Noronha,FERNANDO DE NORONHA,PE,Pernambuco,Nordeste,Metropolitana de Recife,Fernando de Noronha
2605509,260550,Ferreiros,FERREIROS,PE,Pernambuco,Nordeste,Mata Pernambucana,Mata Setentrional Pernambucana
2605608,260560,Flores,FLORES,PE,Pernambuco,Nordeste,Sertão Pernambucano,Pajeú
2605707,260570,Floresta,FLORESTA,PE,Pernambuco,Nordeste,São Francisco Pernambucano,Itaparica
2605806,260580,Frei Miguelinho,FREI MIGUELINHO,PE,Pernambuco,Nordeste,Agreste Pernambucano,Alto Capibaribe
2605905,260590,Gameleira,GAMELEIRA,PE,Pernambuco,Nordeste,Mata Pernambucana,Mata Meridional Pernambucana
2606002,260600,Garanhuns,GARANHUNS,PE,Pernambuco,Nordeste,Agreste Pernambucano,Garanhuns
2606101,260610,Glória do Goitá,GLORIA DO GOITA,PE,Pernambuco,Nordeste,Mata Pernambucana,Vitória de Santo Antão
2606200,260620,Goiana,GOIANA,PE,Pernambuco,Nordeste,Mata Pernambucana,Mata Setentrional Pernambucana
2606309,260630,Granito,GRANITO,PE,Pernambuco,Nordeste,Sertão Pernambucano,Araripina
2606408,260640,Gravatá,GRAVATA,PE,Pernambuco,Nordeste,Agreste Pernambucano,Vale do Ipojuca
2606507,260650,Iati,IATI,PE,Pernambuco,Nordeste,Agreste Pernambucano,Garanhuns
2606606,260660,Ibimirim,IBIMIRIM,PE,Pernambuco,Nordeste,Sertão Pernambucano,Sertão do Moxotó
2606705,260670,Ibirajuba,IBIRAJUBA,PE,Pernambuco,Nordeste,Agreste Pernambucano,Brejo Pernambucano
2606804,260680,Igarassu,IGARASSU,PE,Pernambuco,Nordeste,Metropolitana de Recife,Itamaracá
2606903,260690,Iguaracy,IGUARACY,PE,Pernambuco,Nordeste,Sertão Pernambucano,Pajeú
2607000,260700,Inajá,INAJA,PE,Pernambuco,Nordeste,Sertão Pernambucano,Sertão do Moxotó
2607109,260710,Ingazeira,INGAZEIRA,PE,Pernambuco,Nordeste,Sertão Pernambucano,Pajeú
2607208,260720,Ipojuca,IPOJUCA,PE,Pernambuco,Nordeste,Metropolitana de Recife,Suape
2607307,260730,Ipubi,IPUBI,PE,Pernambuco,Nordeste,Sertão Pernambucano,Araripina
2607406,260740,Itacuruba,ITACURUBA,PE,Pernambuco,Nordeste,São Francisco Pernambucano,Itaparica
2607505,260750,Itaíba,ITAIBA,PE,Pernambuco,Nordeste,Agreste Pernambucano,Vale do Ipanema
2607604,260760,Ilha de Itamaracá,ILHA DE ITAMARACA,PE,Pernambuco,Nordeste,Metropolitana de Recife,Itamaracá
2607653,260765,Itambé,ITAMBE,PE,Pernambuco,Nordeste,Mata Pernambucana,Mata Setentrional Pernambucana
2607703,260770,Itapetim,ITAPETIM,PE,Pernambuco,Nordeste,Sertão Pernambucano,Pajeú
2607752,260775,Itapissuma,ITAPISSUMA,PE,Pernambuco,Nordeste,Metropolitana de Recife,Itamaracá
2607802,260780,Itaquitinga,ITAQUITINGA,PE,Pernambuco,Nordeste,Mata Pernambucana,Mata Setentrional Pernambucana
2607901,260790,Jaboatão dos Guararapes,JABOATAO DOS GUARARAPES,PE,Pernambuco,Nordeste,Metropolitana de Recife,Recife
2607950,260795,Jaqueira,JAQUEIRA,PE,Pernambuco,Nordeste,Mata Pernambucana,Mata Meridional Pernambucana
2608008,260800,Jataúba,JATAUBA,PE,Pernambuco,Nordeste,Agreste Pernambucano,Vale do Ipojuca
2608057,260805,Jatobá,JATOBA,PE,Pernambuco,Nordeste,São Francisco Pernambucano,Itaparica
2608107,260810,João Alfredo,JOAO ALFREDO,PE,Pernambuco,Nordeste,Agreste Pernambucano,Médio Capibaribe
2608206,260820,Joaquim Nabuco,JOAQUIM NABUCO,PE,Pernambuco,Nordeste,Mata Pernambucana,Mata Meridional Pernambucana
2608255,260825,Jucati,JUCATI,PE,Pernambuco,Nordeste,Agreste Pernambucano,Garanhuns
2608305,260830,Jupi,JUPI,PE,Pernambuco,Nordeste,Agreste Pernambucano,Garanhuns
2608404,260840,Jurema,JUREMA,PE,Pernambuco,Nordeste,Agreste Pernambucano,Garanhuns
2608453,260845,Lagoa do Carro,LAGOA DO CARRO,PE,Pernambuco,Nordeste,Mata Pernambucana,Mata Setentrional Pernambucana
2608503,260850,Lagoa de Itaenga,LAGOA DE ITAENGA,PE,Pernambuco,Nordeste,Mata Pernambucana,Mata Setentrional Pernambucana
2608602,260860,Lagoa do Ouro,LAGOA DO OURO,PE,Pernambuco,Nordeste,Agreste Pernambucano,Garanhuns
2608701,260870,Lagoa dos Gatos,LAGOA DOS GATOS,PE,Pernambuco,Nordeste,Agreste Pernambucano,Brejo Pernambucano
2608750,260875,Lagoa Grande,LAGOA GRANDE,PE,Pernambuco,Nordeste,São Francisco Pernambucano,Petrolina
2608800,260880,Lajedo,LAJEDO,PE,Pernambuco,Nordeste,Agreste Pernambucano,Garanhuns
2608909,260890,Limoeiro,LIMOEIRO,PE,Pernambuco,Nordeste,Agreste Pernambucano,Médio Capibaribe
2609006,260900,Macaparana,MACAPARANA,PE,Pernambuco,Nordeste,Mata Pernambucana,Mata Setentrional Pernambucana
2609105,260910,Machados,MACHADOS,PE,Pernambuco,Nordeste,Agreste Pernambucano,Médio Capibaribe
2609154,260915,Manari,MANARI,PE,Pernambuco,Nordeste,Sertão Pernambucano,Sertão do Moxotó
2609204,260920,Maraial,MARAIAL,PE,Pernambuco,Nordeste,Mata Pernambucana,Mata Meridional Pernambucana
2609303,260930,Mirandiba,MIRANDIBA,PE,Pernambuco,Nordeste,Sertão Pernambucano,Salgueiro
2609402,260940,Moreno,MORENO,PE,Pernambuco,Nordeste,Metropolitana de Recife,Recife
2609501,260950,Nazaré da Mata,NAZARE DA MATA,PE,Pernambuco,Nordeste,Mata Pernambucana,Mata Setentrional Pernambucana
2609600,260960,Olinda,OLINDA,PE,Pernambuco,Nordeste,Metropolitana de Recife,Recife
2609709,260970,Orobó,OROBO,PE,Pernambuco,Nordeste,Agreste Pernambucano,Médio Capibaribe
2609808,260980,Orocó,OROCO,PE,Pernambuco,Nordeste,São Francisco Pernambucano,Petrolina
2609907,260990,Ouricuri,OURICURI,PE,Pernambuco,Nordeste,Sertão Pernambucano,Araripina
2610004,261000,Palmares,PALMARES,PE,Pernambuco,Nordeste,Mata Pernambucana,Mata Meridional Pernambucana
2610103,261010,Palmeirina,PALMEIRINA,PE,Pernambuco,Nordeste,Agreste Pernambucano,Garanhuns
2610202,261020,Panelas,PANELAS,PE,Pernambuco,Nordeste,Agreste Pernambucano,Brejo Pernambucano
2610301,261030,Paranatama,PARANATAMA,PE,Pernambuco,Nordeste,Agreste Pernambucano,Garanhuns
2610400,261040,Parnamirim,PARNAMIRIM,PE,Pernambuco,Nordeste,Sertão Pernambucano,Salgueiro
2610509,261050,Passira,PASSIRA,PE,Pernambuco,Nordeste,Agreste Pernambucano,Médio Capibaribe
2610608,261060,Paudalho,PAUDALHO,PE,Pernambuco,Nordeste,Mata Pernambucana,Mata Setentrional Pernambucana
2610707,261070,Paulista,PAULISTA,PE,Pernambuco,Nordeste,Metropolitana de Recife,Recife
2610806,261080,Pedra,PEDRA,PE,Pernambuco,Nordeste,Agreste Pernambucano,Vale do Ipanema
2610905,261090,Pesqueira,PESQUEIRA,PE,Pernambuco,Nordeste,Agreste Pernambucano,Vale do Ipojuca
2611002,261100,Petrolândia,PETROLANDIA,PE,Pernambuco,Nordeste,São Francisco Pernambucano,Itaparica
2611101,261110,Petrolina,PETROLINA,PE,Pernambuco,Nordeste,São Francisco Pernambucano,Petrolina
2611200,261120,Poção,POCAO,PE,Pernambuco,Nordeste,Agreste Pernambucano,Vale do Ipojuca
2611309,261130,Pombos,POMBOS,PE,Pernambuco,Nordeste,Mata Pernambucana,Vitória de Santo Antão
2611408,261140,Primavera,PRIMAVERA,PE,Pernambuco,Nordeste,Mata Pernambucana,Mata Meridional Pernambucana
2611507,261150,Quipapá,QUIPAPA,PE,Pernambuco,Nordeste,Mata Pernambucana,Mata Meridional Pernambucana
2611533,261153,Quixaba,QUIXABA,PE,Pernambuco,Nordeste,Sertão Pernambucano,Pajeú
2611606,261160,Recife,RECIFE,PE,Pernambuco,Nordeste,Metropolitana de Recife,Recife
2611705,261170,Riacho das Almas,RIACHO DAS ALMAS,PE,Pernambuco,Nordeste,Agreste Pernambucano,Vale do Ipojuca
2611804,261180,Ribeirão,RIBEIRAO,PE,Pernambuco,Nordeste,Mata Pernambucana,Mata Meridional Pernambucana
2611903,261190,Rio Formoso,RIO FORMOSO,PE,Pernambuco,Nordeste,Mata Pernambucana,Mata Meridional Pernambucana
2612000,261200,Sairé,SAIRE,PE,Pernambuco,Nordeste,Agreste Pernambucano,Brejo Pernambucano
2612109,261210,Salgadinho,SALGADINHO,PE,Pernambuco,Nordeste,Agreste Pernambucano,Médio Capibaribe
2612208,261220,Salgueiro,SALGUEIRO,PE,Pernambuco,Nordeste,Sertão Pernambucano,Salgueiro
2612307,261230,Saloá,SALOA,PE,Pernambuco,Nordeste,Agreste Pernambucano,Garanhuns
2612406,261240,Sanharó,SANHARO,PE,Pernambuco,Nordeste,Agreste Pernambucano,Vale do Ipojuca
2612455,261245,Santa Cruz,SANTA CRUZ,PE,Pernambuco,Nordeste,Sertão Pernambucano,Araripina
2612471,261247,Santa Cruz da Baixa Verde,SANTA CRUZ DA BAIXA VERDE,PE,Pernambuco,Nordeste,Sertão Pernambucano,Pajeú
2612505,261250,Santa Cruz do Capibaribe,SANTA CRUZ DO CAPIBARIBE,PE,Pernambuco,Nordeste,Agreste Pernambucano,Alto Capibaribe
2612554,261255,Santa Filomena,SANTA FILOMENA,PE,Pernambuco,Nordeste,Sertão Pernambucano,Araripina
2612604,261260,Santa Maria da Boa Vista,SANTA MARIA DA BOA VISTA,PE,Pernambuco,Nordeste,São Francisco Pernambucano,Petrolina
2612703,261270,Santa Maria do Cambucá,SANTA MARIA DO CAMBUCA,PE,Pernambuco,Nordeste,Agreste Pernambucano,Alto Capibaribe
2612802,261280,Santa Terezinha,SANTA TEREZINHA,PE,Pernambuco,Nordeste,Sertão Pernambucano,Pajeú
2612901,261290,São Benedito do Sul,SAO BENEDITO DO SUL,PE,Pernambuco,Nordeste,Mata Pernambucana,Mata Meridional Pernambucana
2613008,261300,São Bento do Una,SAO BENTO DO UNA,PE,Pernambuco,Nordeste,Agreste Pernambucano,Vale do Ipojuca
2613107,261310,São Caitano,SAO CAITANO,PE,Pernambuco,Nordeste,Agreste Pernambucano,Vale do Ipojuca
2613206,261320,São João,SAO JOAO,PE,Pernambuco,Nordeste,Agreste Pernambucano,Garanhuns
2613305,261330,São Joaquim do Monte,SAO JOAQUIM DO MONTE,PE,Pernambuco,Nordeste,Agreste Pernambucano,Brejo Pernambucano
2613404,261340,São José da Coroa Grande,SAO JOSE DA COROA GRANDE,PE,Pernambuco,Nordeste,Mata Pernambucana,Mata Meridional Pernambucana
2613503,261350,São José do Belmonte,SAO JOSE DO BELMONTE,PE,Pernambuco,Nordeste,Sertão Pernambucano,Salgueiro
2613602,261360,São José do Egito,SAO JOSE DO EGITO,PE,Pernambuco,Nordeste,Sertão Pernambucano,Pajeú
2613701,261370,São Lourenço da Mata,SAO LOURENCO DA MATA,PE,Pernambuco,Nordeste,Metropolitana de Recife,Recife
2613800,261380,São Vicente Férrer,SAO VICENTE FERRER,PE,Pernambuco,Nordeste,Agreste Pernambucano,Médio Capibaribe
2613909,261390,Serra Talhada,SERRA TALHADA,PE,Pernambuco,Nordeste,Sertão Pernambucano,Pajeú
2614006,261400,Serrita,SERRITA,PE,Pernambuco,Nordeste,Sertão Pernambucano,Salgueiro
2614105,261410,Sertânia,SERTANIA,PE,Pernambuco,Nordeste,Sertão Pernambucano,Sertão do Moxotó
2614204,261420,Sirinhaém,SIRINHAEM,PE,Pernambuco,Nordeste,Mata Pernambucana,Mata Meridional Pernambucana
2614303,261430,Moreilândia,MOREILANDIA,PE,Pernambuco,Nordeste,Sertão Pernambucano,Araripina
2614402,261440,Solidão,SOLIDAO,PE,Pernambuco,Nordeste,Sertão Pernambucano,Pajeú
2614501,261450,Surubim,SURUBIM,PE,Pernambuco,Nordeste,Agreste Pernambucano,Alto Capibaribe
2614600,261460,Tabira,TABIRA,PE,Pernambuco,Nordeste,Sertão Pernambucano,Pajeú
2614709,261470,Tacaimbó,TACAIMBO,PE,Pernambuco,Nordeste,Agreste Pernambucano,Vale do Ipojuca
2614808,261480,Tacaratu,TACARATU,PE,Pernambuco,Nordeste,São Francisco Pernambucano,Itaparica
2614857,261485,Tamandaré,TAMANDARE,PE,Pernambuco,Nordeste,Mata Pernambucana,Mata Meridional Pernambucana
2615003,261500,Taquaritinga do Norte,TAQUARITINGA DO NORTE,PE,Pernambuco,Nordeste,Agreste Pernambucano,Alto Capibaribe
2615102,261510,Terezinha,TEREZINHA,PE,Pernambuco,Nordeste,Agreste Pernambucano,Garanhuns
2615201,261520,Terra Nova,TERRA NOVA,PE,Pernambuco,Nordeste,São Francisco Pernambucano,Petrolina
2615300,261530,Timbaúba,TIMBAUBA,PE,Pernambuco,Nordeste,Mata Pernambucana,Mata Setentrional Pernambucana
2615409,261540,Toritama,TORITAMA,PE,Pernambuco,Nordeste,Agreste Pernambucano,Alto Capibaribe
2615508,261550,Tracunhaém,TRACUNHAEM,PE,Pernambuco,Nordeste,Mata Pernambucana,Mata Setentrional Pernambucana
2615607,261560,Trindade,TRINDADE,PE,Pernambuco,Nordeste,Sertão Pernambucano,Araripina
2615706,261570,Triunfo,TRIUNFO,PE,Pernambuco,Nordeste,Sertão Pernambucano,Pajeú
2615805,261580,Tupanatinga,TUPANATINGA,PE,Pernambuco,Nordeste,Agreste Pernambucano,Vale do Ipanema
2615904,261590,Tuparetama,TUPARETAMA,PE,Pernambuco,Nordeste,Sertão Pernambucano,Pajeú
2616001,261600,Venturosa,VENTUROSA,PE,Pernambuco,Nordeste,Agreste Pernambucano,Vale do Ipanema
2616100,261610,Verdejante,VERDEJANTE,PE,Pernambuco,Nordeste,Sertão Pernambucano,Salgueiro
2616183,261618,Vertente do Lério,VERTENTE DO LERIO,PE,Pernambuco,Nordeste,Agreste Pernambucano,Alto Capibaribe
2616209,261620,Vertentes,VERTENTES,PE,Pernambuco,Nordeste,Agreste Pernambucano,Alto Capibaribe
2616308,261630,Vicência,VICENCIA,PE,Pernambuco,Nordeste,Mata Pernambucana,Mata Setentrional Pernambucana
2616407,261640,Vitória de Santo Antão,VITORIA DE SANTO ANTAO,PE,Pernambuco,Nordeste,Mata Pernambucana,Vitória de Santo Antão
2616506,261650,Xexéu,XEXEU,PE,Pernambuco,Nordeste,Mata Pernambucana,Mata Meridional Pernambucana
2700102,270010,Água Branca,AGUA BRANCA,AL,Alagoas,Nordeste,Sertão Alagoano,Serrana do Sertão Alagoano
2700201,270020,Anadia,ANADIA,AL,Alagoas,Nordeste,Leste Alagoano,São Miguel dos Campos
2700300,270030,Arapiraca,ARAPIRACA,AL,Alagoas,Nordeste,Agreste Alagoano,Arapiraca
2700409,270040,Atalaia,ATALAIA,AL,Alagoas,Nordeste,Leste Alagoano,Mata Alagoana
2700508,270050,Barra de Santo Antônio,BARRA DE SANTO ANTONIO,AL,Alagoas,Nordeste,Leste Alagoano,Maceió
2700607,270060,Barra de São Miguel,BARRA DE SAO MIGUEL,AL,Alagoas,Nordeste,Leste Alagoano,Maceió
2700706,270070,Batalha,BATALHA,AL,Alagoas,Nordeste,Sertão Alagoano,Batalha
2700805,270080,Belém,BELEM,AL,Alagoas,Nordeste,Agreste Alagoano,Palmeira dos Índios
2700904,270090,Belo Monte,BELO MONTE,AL,Alagoas,Nordeste,Sertão Alagoano,Batalha
2701001,270100,Boca da Mata,BOCA DA MATA,AL,Alagoas,Nordeste,Leste Alagoano,São Miguel dos Campos
2701100,270110,Branquinha,BRANQUINHA,AL,Alagoas,Nordeste,Leste Alagoano,Mata Alagoana
2701209,270120,Cacimbinhas,CACIMBINHAS,AL,Alagoas,Nordeste,Agreste Alagoano,Palmeira dos Índios
2701308,270130,Cajueiro,CAJUEIRO,AL,Alagoas,Nordeste,Leste Alagoano,Mata Alagoana
2701357,270135,Campestre,CAMPESTRE,AL,Alagoas,Nordeste,Leste Alagoano,Mata Alagoana
2701407,270140,Campo Alegre,CAMPO ALEGRE,AL,Alagoas,Nordeste,Leste Alagoano,São Miguel dos Campos
2701506,270150,Campo Grande,CAMPO GRANDE,AL,Alagoas,Nordeste,Agreste Alagoano,Arapiraca
2701605,270160,Canapi,CANAPI,AL,Alagoas,Nordeste,Sertão Alagoano,Serrana do Sertão Alagoano
2701704,270170,Capela,CAPELA,AL,Alagoas,Nordeste,Leste Alagoano,Mata Alagoana
2701803,270180,Carneiros,CARNEIROS,AL,Alagoas,Nordeste,Sertão Alagoano,Santana do Ipanema
2701902,270190,Chã Preta,CHA PRETA,AL,Alagoas,Nordeste,Leste Alagoano,Serrana dos Quilombos
2702009,270200,Coité do Nóia,COITE DO NOIA,AL,Alagoas,Nordeste,Agreste Alagoano,Arapiraca
2702108,270210,Colônia Leopoldina,COLONIA LEOPOLDINA,AL,Alagoas,Nordeste,Leste Alagoano,Mata Alagoana
2702207,270220,Coqueiro Seco,COQUEIRO SECO,AL,Alagoas,Nordeste,Leste Alagoano,Maceió
2702306,270230,Coruripe,CORURIPE,AL,Alagoas,Nordeste,Leste Alagoano,São Miguel dos Campos
2702355,270235,Craíbas,CRAIBAS,AL,Alagoas,Nordeste,Agreste Alagoano,Arapiraca
2702405,270240,Delmiro Gouveia,DELMIRO GOUVEIA,AL,Alagoas,Nordeste,Sertão Alagoano,Alagoana do Sertão do São Francisco
2702504,270250,Dois Riachos,DOIS RIACHOS,AL,Alagoas,Nordeste,Sertão Alagoano,Santana do Ipanema
2702553,270255,Estrela de Alagoas,ESTRELA DE ALAGOAS,AL,Alagoas,Nordeste,Agreste Alagoano,Palmeira dos Índios
2702603,270260,Feira Grande,FEIRA GRANDE,AL,Alagoas,Nordeste,Agreste Alagoano,Arapiraca
2702702,270270,Feliz Deserto,FELIZ DESERTO,AL,Alagoas,Nordeste,Leste Alagoano,Penedo
2702801,270280,Flexeiras,FLEXEIRAS,AL,Alagoas,Nordeste,Leste Alagoano,Mata Alagoana
2702900,270290,Girau do Ponciano,GIRAU DO PONCIANO,AL,Alagoas,Nordeste,Agreste Alagoano,Arapiraca
2703007,270300,Ibateguara,IBATEGUARA,AL,Alagoas,Nordeste,Leste Alagoano,Serrana dos Quilombos
2703106,270310,Igaci,IGACI,AL,Alagoas,Nordeste,Agreste Alagoano,Palmeira dos Índios
2703205,270320,Igreja Nova,IGREJA NOVA,AL,Alagoas,Nordeste,Leste Alagoano,Penedo
2703304,270330,Inhapi,INHAPI,AL,Alagoas,Nordeste,Sertão Alagoano,Serrana do Sertão Alagoano
2703403,270340,Jacaré dos Homens,JACARE DOS HOMENS,AL,Alagoas,Nordeste,Sertão Alagoano,Batalha
2703502,270350,Jacuípe,JACUIPE,AL,Alagoas,Nordeste,Leste Alagoano,Mata Alagoana
2703601,270360,Japaratinga,JAPARATINGA,AL,Alagoas,Nordeste,Leste Alagoano,Litoral Norte Alagoano
2703700,270370,Jaramataia,JARAMATAIA,AL,Alagoas,Nordeste,Sertão Alagoano,Batalha
2703759,270375,Jequiá da Praia,JEQUIA DA PRAIA,AL,Alagoas,Nordeste,Leste Alagoano,São Miguel dos Campos
2703809,270380,Joaquim Gomes,JOAQUIM GOMES,AL,Alagoas,Nordeste,Leste Alagoano,Mata Alagoana
2703908,270390,Jundiá,JUNDIA,AL,Alagoas,Nordeste,Leste Alagoano,Mata Alagoana
2704005,270400,Junqueiro,JUNQUEIRO,AL,Alagoas,Nordeste,Leste Alagoano,São Miguel dos Campos
2704104,270410,Lagoa da Canoa,LAGOA DA CANOA,AL,Alagoas,Nordeste,Agreste Alagoano,Arapiraca
2704203,270420,Limoeiro de Anadia,LIMOEIRO DE ANADIA,AL,Alagoas,Nordeste,Agreste Alagoano,Arapiraca
2704302,270430,Maceió,MACEIO,AL,Alagoas,Nordeste,Leste Alagoano,Maceió
2704401,270440,Major Isidoro,MAJOR ISIDORO,AL,Alagoas,Nordeste,Sertão Alagoano,Batalha
2704500,270450,Maragogi,MARAGOGI,AL,Alagoas,Nordeste,Leste Alagoano,Litoral Norte Alagoano
2704609,270460,Maravilha,MARAVILHA,AL,Alagoas,Nordeste,Sertão Alagoano,Santana do Ipanema
2704708,270470,Marechal Deodoro,MARECHAL DEODORO,AL,Alagoas,Nordeste,Leste Alagoano,Maceió
2704807,270480,Maribondo,MARIBONDO,AL,Alagoas,Nordeste,Agreste Alagoano,Palmeira dos Índios
2704906,270490,Mar Vermelho,MAR VERMELHO,AL,Alagoas,Nordeste,Agreste Alagoano,Palmeira dos Índios
2705002,270500,Mata Grande,MATA GRANDE,AL,Alagoas,Nordeste,Sertão Alagoano,Serrana do Sertão Alagoano
2705101,270510,Matriz de Camaragibe,MATRIZ DE CAMARAGIBE,AL,Alagoas,Nordeste,Leste Alagoano,Mata Alagoana
2705200,270520,Messias,MESSIAS,AL,Alagoas,Nordeste,Leste Alagoano,Mata Alagoana
2705309,270530,Minador do Negrão,MINADOR DO NEGRAO,AL,Alagoas,Nordeste,Agreste Alagoano,Palmeira dos Índios
2705408,270540,Monteirópolis,MONTEIROPOLIS,AL,Alagoas,Nordeste,Sertão Alagoano,Batalha
2705507,270550,Murici,MURICI,AL,Alagoas,Nordeste,Leste Alagoano,Mata Alagoana
2705606,270560,Novo Lino,NOVO LINO,AL,Alagoas,Nordeste,Leste Alagoano,Mata Alagoana
2705705,270570,Olho d'Água das Flores,OLHO D'AGUA DAS FLORES,AL,Alagoas,Nordeste,Sertão Alagoano,Batalha
2705804,270580,Olho d'Água do Casado,OLHO D'AGUA DO CASADO,AL,Alagoas,Nordeste,Sertão Alagoano,Alagoana do Sertão do São Francisco
2705903,270590,Olho d'Água Grande,OLHO D'AGUA GRANDE,AL,Alagoas,Nordeste,Agreste Alagoano,Traipu
2706000,270600,Olivença,OLIVENCA,AL,Alagoas,Nordeste,Sertão Alagoano,Batalha
2706109,270610,Ouro Branco,OURO BRANCO,AL,Alagoas,Nordeste,Sertão Alagoano,Santana do Ipanema
2706208,270620,Palestina,PALESTINA,AL,Alagoas,Nordeste,Sertão Alagoano,Santana do Ipanema
2706307,270630,Palmeira dos Índios,PALMEIRA DOS INDIOS,AL,Alagoas,Nordeste,Agreste Alagoano,Palmeira dos Índios
2706406,270640,Pão de Açúcar,PAO DE ACUCAR,AL,Alagoas,Nordeste,Sertão Alagoano,Santana do Ipanema
2706422,270642,Pariconha,PARICONHA,AL,Alagoas,Nordeste,Sertão Alagoano,Serrana do Sertão Alagoano
2706448,270644,Paripueira,PARIPUEIRA,AL,Alagoas,Nordeste,Leste Alagoano,Maceió
2706505,270650,Passo de Camaragibe,PASSO DE CAMARAGIBE,AL,Alagoas,Nordeste,Leste Alagoano,Litoral Norte Alagoano
2706604,270660,Paulo Jacinto,PAULO JACINTO,AL,Alagoas,Nordeste,Agreste Alagoano,Palmeira dos Índios
2706703,270670,Penedo,PENEDO,AL,Alagoas,Nordeste,Leste Alagoano,Penedo
2706802,270680,Piaçabuçu,PIACABUCU,AL,Alagoas,Nordeste,Leste Alagoano,Penedo
2706901,270690,Pilar,PILAR,AL,Alagoas,Nordeste,Leste Alagoano,Maceió
2707008,270700,Pindoba,PINDOBA,AL,Alagoas,Nordeste,Leste Alagoano,Serrana dos Quilombos
2707107,270710,Piranhas,PIRANHAS,AL,Alagoas,Nordeste,Sertão Alagoano,Alagoana do Sertão do São Francisco
2707206,270720,Poço das Trincheiras,POCO DAS TRINCHEIRAS,AL,Alagoas,Nordeste,Sertão Alagoano,Santana do Ipanema
2707305,270730,Porto Calvo,PORTO CALVO,AL,Alagoas,Nordeste,Leste Alagoano,Mata Alagoana
2707404,270740,Porto de Pedras,PORTO DE PEDRAS,AL,Alagoas,Nordeste,Leste Alagoano,Litoral Norte Alagoano
2707503,270750,Porto Real do Colégio,PORTO REAL DO COLEGIO,AL,Alagoas,Nordeste,Leste Alagoano,Penedo
2707602,270760,Quebrangulo,QUEBRANGULO,AL,Alagoas,Nordeste,Agreste Alagoano,Palmeira dos Índios
2707701,270770,Rio Largo,RIO LARGO,AL,Alagoas,Nordeste,Leste Alagoano,Maceió
2707800,270780,Roteiro,ROTEIRO,AL,Alagoas,Nordeste,Leste Alagoano,São Miguel dos Campos
2707909,270790,Santa Luzia do Norte,SANTA LUZIA DO NORTE,AL,Alagoas,Nordeste,Leste Alagoano,Maceió
2708006,270800,Santana do Ipanema,SANTANA DO IPANEMA,AL,Alagoas,Nordeste,Sertão Alagoano,Santana do Ipanema
2708105,270810,Santana do Mundaú,SANTANA DO MUNDAU,AL,Alagoas,Nordeste,Leste Alagoano,Serrana dos Quilombos
2708204,270820,São Brás,SAO BRAS,AL,Alagoas,Nordeste,Agreste Alagoano,Traipu
2708303,270830,São José da Laje,SAO JOSE DA LAJE,AL,Alagoas,Nordeste,Leste Alagoano,Serrana dos Quilombos
2708402,270840,São José da Tapera,SAO JOSE DA TAPERA,AL,Alagoas,Nordeste,Sertão Alagoano,Santana do Ipanema
2708501,270850,São Luís do Quitunde,SAO LUIS DO QUITUNDE,AL,Alagoas,Nordeste,Leste Alagoano,Mata Alagoana
2708600,270860,São Miguel dos Campos,SAO MIGUEL DOS CAMPOS,AL,Alagoas,Nordeste,Leste Alagoano,São Miguel dos Campos
2708709,270870,São Miguel dos Milagres,SAO MIGUEL DOS MILAGRES,AL,Alagoas,Nordeste,Leste Alagoano,Litoral Norte Alagoano
2708808,270880,São Sebastião,SAO SEBASTIAO,AL,Alagoas,Nordeste,Agreste Alagoano,Arapiraca
2708907,270890,Satuba,SATUBA,AL,Alagoas,Nordeste,Leste Alagoano,Maceió
2708956,270895,Senador Rui Palmeira,SENADOR RUI PALMEIRA,AL,Alagoas,Nordeste,Sertão Alagoano,Santana do Ipanema
2709004,270900,Tanque d'Arca,TANQUE D'ARCA,AL,Alagoas,Nordeste,Agreste Alagoano,Palmeira dos Índios
2709103,270910,Taquarana,TAQUARANA,AL,Alagoas,Nordeste,Agreste Alagoano,Arapiraca
2709152,270915,Teotônio Vilela,TEOTONIO VILELA,AL,Alagoas,Nordeste,Leste Alagoano,São Miguel dos Campos
2709202,270920,Traipu,TRAIPU,AL,Alagoas,Nordeste,Agreste Alagoano,Traipu
2709301,270930,União dos Palmares,UNIAO DOS PALMARES,AL,Alagoas,Nordeste,Leste Alagoano,Serrana dos Quilombos
2709400,270940,Viçosa,VICOSA,AL,Alagoas,Nordeste,Leste Alagoano,Serrana dos Quilombos
2800100,280010,Amparo do São Francisco,AMPARO DO SAO FRANCISCO,SE,Sergipe,Nordeste,Leste Sergipano,Propriá
2800209,280020,Aquidabã,AQUIDABA,SE,Sergipe,Nordeste,Agreste Sergipano,Nossa Senhora das Dores
2800308,280030,Aracaju,ARACAJU,SE,Sergipe,Nordeste,Leste Sergipano,Aracaju
2800407,280040,Arauá,ARAUA,SE,Sergipe,Nordeste,Leste Sergipano,Boquim
2800506,280050,Areia Branca,AREIA BRANCA,SE,Sergipe,Nordeste,Agreste Sergipano,Agreste de Itabaiana
2800605,280060,Barra dos Coqueiros,BARRA DOS COQUEIROS,SE,Sergipe,Nordeste,Leste Sergipano,Aracaju
2800670,280067,Boquim,BOQUIM,SE,Sergipe,Nordeste,Leste Sergipano,Boquim
2800704,280070,Brejo Grande,BREJO GRANDE,SE,Sergipe,Nordeste,Leste Sergipano,Propriá
2801009,280100,Campo do Brito,CAMPO DO BRITO,SE,Sergipe,Nordeste,Agreste Sergipano,Agreste de Itabaiana
2801108,280110,Canhoba,CANHOBA,SE,Sergipe,Nordeste,Leste Sergipano,Propriá
2801207,280120,Canindé de São Francisco,CANINDE DE SAO FRANCISCO,SE,Sergipe,Nordeste,Sertão Sergipano,Sergipana do Sertão do São Francisco
2801306,280130,Capela,CAPELA,SE,Sergipe,Nordeste,Leste Sergipano,Cotinguiba
2801405,280140,Carira,CARIRA,SE,Sergipe,Nordeste,Sertão Sergipano,Carira
2801504,280150,Carmópolis,CARMOPOLIS,SE,Sergipe,Nordeste,Leste Sergipano,Baixo Cotinguiba
2801603,280160,Cedro de São João,CEDRO DE SAO JOAO,SE,Sergipe,Nordeste,Leste Sergipano,Propriá
2801702,280170,Cristinápolis,CRISTINAPOLIS,SE,Sergipe,Nordeste,Leste Sergipano,Boquim
2801900,280190,Cumbe,CUMBE,SE,Sergipe,Nordeste,Agreste Sergipano,Nossa Senhora das Dores
2802007,280200,Divina Pastora,DIVINA PASTORA,SE,Sergipe,Nordeste,Leste Sergipano,Cotinguiba
2802106,280210,Estância,ESTANCIA,SE,Sergipe,Nordeste,Leste Sergipano,Estância
2802205,280220,Feira Nova,FEIRA NOVA,SE,Sergipe,Nordeste,Sertão Sergipano,Sergipana do Sertão do São Francisco
2802304,280230,Frei Paulo,FREI PAULO,SE,Sergipe,Nordeste,Sertão Sergipano,Carira
2802403,280240,Gararu,GARARU,SE,Sergipe,Nordeste,Sertão Sergipano,Sergipana do Sertão do São Francisco
2802502,280250,General Maynard,GENERAL MAYNARD,SE,Sergipe,Nordeste,Leste Sergipano,Baixo Cotinguiba
2802601,280260,Graccho Cardoso,GRACCHO CARDOSO,SE,Sergipe,Nordeste,Sertão Sergipano,Sergipana do Sertão do São Francisco
2802700,280270,Ilha das Flores,ILHA DAS FLORES,SE,Sergipe,Nordeste,Leste Sergipano,Propriá
2802809,280280,Indiaroba,INDIAROBA,SE,Sergipe,Nordeste,Leste Sergipano,Estância
2802908,280290,Itabaiana,ITABAIANA,SE,Sergipe,Nordeste,Agreste Sergipano,Agreste de Itabaiana
2803005,280300,Itabaianinha,ITABAIANINHA,SE,Sergipe,Nordeste,Leste Sergipano,Boquim
2803104,280310,Itabi,ITABI,SE,Sergipe,Nordeste,Sertão Sergipano,Sergipana do Sertão do São Francisco
2803203,280320,Itaporanga d'Ajuda,ITAPORANGA D'AJUDA,SE,Sergipe,Nordeste,Leste Sergipano,Estância
2803302,280330,Japaratuba,JAPARATUBA,SE,Sergipe,Nordeste,Leste Sergipano,Japaratuba
2803401,280340,Japoatã,JAPOATA,SE,Sergipe,Nordeste,Leste Sergipano,Japaratuba
2803500,280350,Lagarto,LAGARTO,SE,Sergipe,Nordeste,Agreste Sergipano,Agreste de Lagarto
2803609,280360,Laranjeiras,LARANJEIRAS,SE,Sergipe,Nordeste,Leste Sergipano,Baixo Cotinguiba
2803708,280370,Macambira,MACAMBIRA,SE,Sergipe,Nordeste,Agreste Sergipano,Agreste de Itabaiana
2803807,280380,Malhada dos Bois,MALHADA DOS BOIS,SE,Sergipe,Nordeste,Agreste Sergipano,Nossa Senhora das Dores
2803906,280390,Malhador,MALHADOR,SE,Sergipe,Nordeste,Agreste Sergipano,Agreste de Itabaiana
2804003,280400,Maruim,MARUIM,SE,Sergipe,Nordeste,Leste Sergipano,Baixo Cotinguiba
2804102,280410,Moita Bonita,MOITA BONITA,SE,Sergipe,Nordeste,Agreste Sergipano,Agreste de Itabaiana
2804201,280420,Monte Alegre de Sergipe,MONTE ALEGRE DE SERGIPE,SE,Sergipe,Nordeste,Sertão Sergipano,Sergipana do Sertão do São Francisco
2804300,280430,Muribeca,MURIBECA,SE,Sergipe,Nordeste,Agreste Sergipano,Nossa Senhora das Dores
2804409,280440,Neópolis,NEOPOLIS,SE,Sergipe,Nordeste,Leste Sergipano,Propriá
2804458,280445,Nossa Senhora Aparecida,NOSSA SENHORA APARECIDA,SE,Sergipe,Nordeste,Sertão Sergipano,Carira
2804508,280450,Nossa Senhora da Glória,NOSSA SENHORA DA GLORIA,SE,Sergipe,Nordeste,Sertão Sergipano,Sergipana do Sertão do São Francisco
2804607,280460,Nossa Senhora das Dores,NOSSA SENHORA DAS DORES,SE,Sergipe,Nordeste,Agreste Sergipano,Nossa Senhora das Dores
2804706,280470,Nossa Senhora de Lourdes,NOSSA SENHORA DE LOURDES,SE,Sergipe,Nordeste,Leste Sergipano,Propriá
2804805,280480,Nossa Senhora do Socorro,NOSSA SENHORA DO SOCORRO,SE,Sergipe,Nordeste,Leste Sergipano,Aracaju
2804904,280490,Pacatuba,PACATUBA,SE,Sergipe,Nordeste,Leste Sergipano,Japaratuba
2805000,280500,Pedra Mole,PEDRA MOLE,SE,Sergipe,Nordeste,Sertão Sergipano,Carira
2805109,280510,Pedrinhas,PEDRINHAS,SE,Sergipe,Nordeste,Leste Sergipano,Boquim
2805208,280520,Pinhão,PINHAO,SE,Sergipe,Nordeste,Sertão Sergipano,Carira
2805307,280530,Pirambu,PIRAMBU,SE,Sergipe,Nordeste,Leste Sergipano,Japaratuba
2805406,280540,Poço Redondo,POCO REDONDO,SE,Sergipe,Nordeste,Sertão Sergipano,Sergipana do Sertão do São Francisco
2805505,280550,Poço Verde,POCO VERDE,SE,Sergipe,Nordeste,Agreste Sergipano,Tobias Barreto
2805604,280560,Porto da Folha,PORTO DA FOLHA,SE,Sergipe,Nordeste,Sertão Sergipano,Sergipana do Sertão do São Francisco
2805703,280570,Propriá,PROPRIA,SE,Sergipe,Nordeste,Leste Sergipano,Propriá
2805802,280580,Riachão do Dantas,RIACHAO DO DANTAS,SE,Sergipe,Nordeste,Agreste Sergipano,Agreste de Lagarto
2805901,280590,Riachuelo,RIACHUELO,SE,Sergipe,Nordeste,Leste Sergipano,Baixo Cotinguiba
2806008,280600,Ribeirópolis,RIBEIROPOLIS,SE,Sergipe,Nordeste,Sertão Sergipano,Carira
2806107,280610,Rosário do Catete,ROSARIO DO CATETE,SE,Sergipe,Nordeste,Leste Sergipano,Baixo Cotinguiba
2806206,280620,Salgado,SALGADO,SE,Sergipe,Nordeste,Leste Sergipano,Boquim
2806305,280630,Santa Luzia do Itanhy,SANTA LUZIA DO ITANHY,SE,Sergipe,Nordeste,Leste Sergipano,Estância
2806404,280640,Santana do São Francisco,SANTANA DO SAO FRANCISCO,SE,Sergipe,Nordeste,Leste Sergipano,Propriá
2806503,280650,Santa Rosa de Lima,SANTA ROSA DE LIMA,SE,Sergipe,Nordeste,Leste Sergipano,Cotinguiba
2806602,280660,Santo Amaro das Brotas,SANTO AMARO DAS BROTAS,SE,Sergipe,Nordeste,Leste Sergipano,Baixo Cotinguiba
2806701,280670,São Cristóvão,SAO CRISTOVAO,SE,Sergipe,Nordeste,Leste Sergipano,Aracaju
2806800,280680,São Domingos,SAO DOMINGOS,SE,Sergipe,Nordeste,Agreste Sergipano,Agreste de Itabaiana
2806909,280690,São Francisco,SAO FRANCISCO,SE,Sergipe,Nordeste,Leste Sergipano,Japaratuba
2807006,280700,São Miguel do Aleixo,SAO MIGUEL DO ALEIXO,SE,Sergipe,Nordeste,Agreste Sergipano,Nossa Senhora das Dores
2807105,280710,Simão Dias,SIMAO DIAS,SE,Sergipe,Nordeste,Agreste Sergipano,Tobias Barreto
2807204,280720,Siriri,SIRIRI,SE,Sergipe,Nordeste,Leste Sergipano,Cotinguiba
2807303,280730,Telha,TELHA,SE,Sergipe,Nordeste,Leste Sergipano,Propriá
2807402,280740,Tobias Barreto,TOBIAS BARRETO,SE,Sergipe,Nordeste,Agreste Sergipano,Tobias Barreto
2807501,280750,Tomar do Geru,TOMAR DO GERU,SE,Sergipe,Nordeste,Leste Sergipano,Boquim
2807600,280760,Umbaúba,UMBAUBA,SE,Sergipe,Nordeste,Leste Sergipano,Boquim
2900108,290010,Abaíra,ABAIRA,BA,Bahia,Nordeste,Centro Sul Baiano,Seabra
2900207,290020,Abaré,ABARE,BA,Bahia,Nordeste,Vale São-Franciscano da Bahia,Paulo Afonso
2900306,290030,Acajutiba,ACAJUTIBA,BA,Bahia,Nordeste,Nordeste Baiano,Alagoinhas
2900355,290035,Adustina,ADUSTINA,BA,Bahia,Nordeste,Nordeste Baiano,Ribeira do Pombal
2900405,290040,Água Fria,AGUA FRIA,BA,Bahia,Nordeste,Centro Norte Baiano,Feira de Santana
2900504,290050,Érico Cardoso,ERICO CARDOSO,BA,Bahia,Nordeste,Centro Sul Baiano,Livramento do Brumado
2900603,290060,Aiquara,AIQUARA,BA,Bahia,Nordeste,Centro Sul Baiano,Jequié
2900702,290070,Alagoinhas,ALAGOINHAS,BA,Bahia,Nordeste,Nordeste Baiano,Alagoinhas
2900801,290080,Alcobaça,ALCOBACA,BA,Bahia,Nordeste,Sul Baiano,Porto Seguro
2900900,290090,Almadina,ALMADINA,BA,Bahia,Nordeste,Sul Baiano,Ilhéus-Itabuna
2901007,290100,Amargosa,AMARGOSA,BA,Bahia,Nordeste,Centro Sul Baiano,Jequié
2901106,290110,Amélia Rodrigues,AMELIA RODRIGUES,BA,Bahia,Nordeste,Metropolitana de Salvador,Catu
2901155,290115,América Dourada,AMERICA DOURADA,BA,Bahia,Nordeste,Centro Norte Baiano,Irecê
2901205,290120,Anagé,ANAGE,BA,Bahia,Nordeste,Centro Sul Baiano,Vitória da Conquista
2901304,290130,Andaraí,ANDARAI,BA,Bahia,Nordeste,Centro Sul Baiano,Seabra
2901353,290135,Andorinha,ANDORINHA,BA,Bahia,Nordeste,Centro Norte Baiano,Senhor do Bonfim
2901403,290140,Angical,ANGICAL,BA,Bahia,Nordeste,Extremo Oeste Baiano,Cotegipe
2901502,290150,Anguera,ANGUERA,BA,Bahia,Nordeste,Centro Norte Baiano,Feira de Santana
2901601,290160,Antas,ANTAS,BA,Bahia,Nordeste,Nordeste Baiano,Ribeira do Pombal
2901700,290170,Antônio Cardoso,ANTONIO CARDOSO,BA,Bahia,Nordeste,Centro Norte Baiano,Feira de Santana
2901809,290180,Antônio Gonçalves,ANTONIO GONCALVES,BA,Bahia,Nordeste,Centro Norte Baiano,Senhor do Bonfim
2901908,290190,Aporá,APORA,BA,Bahia,Nordeste,Nordeste Baiano,Alagoinhas
2901957,290195,Apuarema,APUAREMA,BA,Bahia,Nordeste,Centro Sul Baiano,Jequié
2902005,290200,Aracatu,ARACATU,BA,Bahia,Nordeste,Centro Sul Baiano,Brumado
2902054,290205,Araçás,ARACAS,BA,Bahia,Nordeste,Nordeste Baiano,Alagoinhas
2902104,290210,Araci,ARACI,BA,Bahia,Nordeste,Nordeste Baiano,Serrinha
2902203,290220,Aramari,ARAMARI,BA,Bahia,Nordeste,Nordeste Baiano,Alagoinhas
2902252,290225,Arataca,ARATACA,BA,Bahia,Nordeste,Sul Baiano,Ilhéus-Itabuna
2902302,290230,Aratuípe,ARATUIPE,BA,Bahia,Nordeste,Metropolitana de Salvador,Santo Antônio de Jesus
2902401,290240,Aurelino Leal,AURELINO LEAL,BA,Bahia,Nordeste,Sul Baiano,Ilhéus-Itabuna
2902500,290250,Baianópolis,BAIANOPOLIS,BA,Bahia,Nordeste,Extremo Oeste Baiano,Barreiras
2902609,290260,Baixa Grande,BAIXA GRANDE,BA,Bahia,Nordeste,Centro Norte Baiano,Itaberaba
2902658,290265,Banzaê,BANZAE,BA,Bahia,Nordeste,Nordeste Baiano,Ribeira do Pombal
2902708,290270,Barra,BARRA,BA,Bahia,Nordeste,Vale São-Franciscano da Bahia,Barra
2902807,290280,Barra da Estiva,BARRA DA ESTIVA,BA,Bahia,Nordeste,Centro Sul Baiano,Seabra
2902906,290290,Barra do Choça,BARRA DO CHOCA,BA,Bahia,Nordeste,Centro Sul Baiano,Vitória da Conquista
2903003,290300,Barra do Mendes,BARRA DO MENDES,BA,Bahia,Nordeste,Centro Norte Baiano,Irecê
2903102,290310,Barra do Rocha,BARRA DO ROCHA,BA,Bahia,Nordeste,Sul Baiano,Ilhéus-Itabuna
2903201,290320,Barreiras,BARREIRAS,BA,Bahia,Nordeste,Extremo Oeste Baiano,Barreiras
2903235,290323,Barro Alto,BARRO ALTO,BA,Bahia,Nordeste,Centro Norte Baiano,Irecê
2903276,290327,Barrocas,BARROCAS,BA,Bahia,Nordeste,Nordeste Baiano,Serrinha
2903300,290330,Barro Preto,BARRO PRETO,BA,Bahia,Nordeste,Sul Baiano,Ilhéus-Itabuna
2903409,290340,Belmonte,BELMONTE,BA,Bahia,Nordeste,Sul Baiano,Ilhéus-Itabuna
2903508,290350,Belo Campo,BELO CAMPO,BA,Bahia,Nordeste,Centro Sul Baiano,Vitória da Conquista
2903607,290360,Biritinga,BIRITINGA,BA,Bahia,Nordeste,Nordeste Baiano,Serrinha
2903706,290370,Boa Nova,BOA NOVA,BA,Bahia,Nordeste,Centro Sul Baiano,Vitória da Conquista
2903805,290380,Boa Vista do Tupim,BOA VISTA DO TUPIM,BA,Bahia,Nordeste,Centro Norte Baiano,Itaberaba
2903904,290390,Bom Jesus da Lapa,BOM JESUS DA LAPA,BA,Bahia,Nordeste,Vale São-Franciscano da Bahia,Bom Jesus da Lapa
2903953,290395,Bom Jesus da Serra,BOM JESUS DA SERRA,BA,Bahia,Nordeste,Centro Sul Baiano,Vitória da Conquista
2904001,290400,Boninal,BONINAL,BA,Bahia,Nordeste,Centro Sul Baiano,Seabra
2904050,290405,Bonito,BONITO,BA,Bahia,Nordeste,Centro Sul Baiano,Seabra
2904100,290410,Boquira,BOQUIRA,BA,Bahia,Nordeste,Centro Sul Baiano,Boquira
2904209,290420,Botuporã,BOTUPORA,BA,Bahia,Nordeste,Centro Sul Baiano,Boquira
2904308,290430,Brejões,BREJOES,BA,Bahia,Nordeste,Centro Sul Baiano,Jequié
2904407,290440,Brejolândia,BREJOLANDIA,BA,Bahia,Nordeste,Extremo Oeste Baiano,Cotegipe
2904506,290450,Brotas de Macaúbas,BROTAS DE MACAUBAS,BA,Bahia,Nordeste,Centro Sul Baiano,Boquira
2904605,290460,Brumado,BRUMADO,BA,Bahia,Nordeste,Centro Sul Baiano,Brumado
2904704,290470,Buerarema,BUERAREMA,BA,Bahia,Nordeste,Sul Baiano,Ilhéus-Itabuna
2904753,290475,Buritirama,BURITIRAMA,BA,Bahia,Nordeste,Vale São-Franciscano da Bahia,Barra
2904803,290480,Caatiba,CAATIBA,BA,Bahia,Nordeste,Centro Sul Baiano,Vitória da Conquista
2904852,290485,Cabaceiras do Paraguaçu,CABACEIRAS DO PARAGUACU,BA,Bahia,Nordeste,Metropolitana de Salvador,Santo Antônio de Jesus
2904902,290490,Cachoeira,CACHOEIRA,BA,Bahia,Nordeste,Metropolitana de Salvador,Santo Antônio de Jesus
2905008,290500,Caculé,CACULE,BA,Bahia,Nordeste,Centro Sul Baiano,Guanambi
2905107,290510,Caém,CAEM,BA,Bahia,Nordeste,Centro Norte Baiano,Jacobina
2905156,290515,Caetanos,CAETANOS,BA,Bahia,Nordeste,Centro Sul Baiano,Vitória da Conquista
2905206,290520,Caetité,CAETITE,BA,Bahia,Nordeste,Centro Sul Baiano,Guanambi
2905305,290530,Cafarnaum,CAFARNAUM,BA,Bahia,Nordeste,Centro Norte Baiano,Irecê
2905404,290540,Cairu,CAIRU,BA,Bahia,Nordeste,Sul Baiano,Valença
2905503,290550,Caldeirão Grande,CALDEIRAO GRANDE,BA,Bahia,Nordeste,Centro Norte Baiano,Jacobina
2905602,290560,Camacan,CAMACAN,BA,Bahia,Nordeste,Sul Baiano,Ilhéus-Itabuna
2905701,290570,Camaçari,CAMACARI,BA,Bahia,Nordeste,Metropolitana de Salvador,Salvador
2905800,290580,Camamu,CAMAMU,BA,Bahia,Nordeste,Sul Baiano,Valença
2905909,290590,Campo Alegre de Lourdes,CAMPO ALEGRE DE LOURDES,BA,Bahia,Nordeste,Vale São-Franciscano da Bahia,Juazeiro
2906006,290600,Campo Formoso,CAMPO FORMOSO,BA,Bahia,Nordeste,Centro Norte Baiano,Senhor do Bonfim
2906105,290610,Canápolis,CANAPOLIS,BA,Bahia,Nordeste,Extremo Oeste Baiano,Santa Maria da Vitória
2906204,290620,Canarana,CANARANA,BA,Bahia,Nordeste,Centro Norte Baiano,Irecê
2906303,290630,Canavieiras,CANAVIEIRAS,BA,Bahia,Nordeste,Sul Baiano,Ilhéus-Itabuna
2906402,290640,Candeal,CANDEAL,BA,Bahia,Nordeste,Nordeste Baiano,Serrinha
2906501,290650,Candeias,CANDEIAS,BA,Bahia,Nordeste,Metropolitana de Salvador,Salvador
2906600,290660,Candiba,CANDIBA,BA,Bahia,Nordeste,Centro Sul Baiano,Guanambi
2906709,290670,Cândido Sales,CANDIDO SALES,BA,Bahia,Nordeste,Centro Sul Baiano,Vitória da Conquista
2906808,290680,Cansanção,CANSANCAO,BA,Bahia,Nordeste,Nordeste Baiano,Euclides da Cunha
2906824,290682,Canudos,CANUDOS,BA,Bahia,Nordeste,Nordeste Baiano,Euclides da Cunha
2906857,290685,Capela do Alto Alegre,CAPELA DO ALTO ALEGRE,BA,Bahia,Nordeste,Nordeste Baiano,Serrinha
2906873,290687,Capim Grosso,CAPIM GROSSO,BA,Bahia,Nordeste,Centro Norte Baiano,Jacobina
2906899,290689,Caraíbas,CARAIBAS,BA,Bahia,Nordeste,Centro Sul Baiano,Brumado
2906907,290690,Caravelas,CARAVELAS,BA,Bahia,Nordeste,Sul Baiano,Porto Seguro
2907004,290700,Cardeal da Silva,CARDEAL DA SILVA,BA,Bahia,Nordeste,Nordeste Baiano,Entre Rios
2907103,290710,Carinhanha,CARINHANHA,BA,Bahia,Nordeste,Vale São-Franciscano da Bahia,Bom Jesus da Lapa
2907202,290720,Casa Nova,CASA NOVA,BA,Bahia,Nordeste,Vale São-Franciscano da Bahia,Juazeiro
2907301,290730,Castro Alves,CASTRO ALVES,BA,Bahia,Nordeste,Metropolitana de Salvador,Santo Antônio de Jesus
2907400,290740,Catolândia,CATOLANDIA,BA,Bahia,Nordeste,Extremo Oeste Baiano,Barreiras
2907509,290750,Catu,CATU,BA,Bahia,Nordeste,Metropolitana de Salvador,Catu
2907558,290755,Caturama,CATURAMA,BA,Bahia,Nordeste,Centro Sul Baiano,Boquira
2907608,290760,Central,CENTRAL,BA,Bahia,Nordeste,Centro Norte Baiano,Irecê
2907707,290770,Chorrochó,CHORROCHO,BA,Bahia,Nordeste,Vale São-Franciscano da Bahia,Paulo Afonso
2907806,290780,Cícero Dantas,CICERO DANTAS,BA,Bahia,Nordeste,Nordeste Baiano,Ribeira do Pombal
2907905,290790,Cipó,CIPO,BA,Bahia,Nordeste,Nordeste Baiano,Ribeira do Pombal
2908002,290800,Coaraci,COARACI,BA,Bahia,Nordeste,Sul Baiano,Ilhéus-Itabuna
2908101,290810,Cocos,COCOS,BA,Bahia,Nordeste,Extremo Oeste Baiano,Santa Maria da Vitória
2908200,290820,Conceição da Feira,CONCEICAO DA FEIRA,BA,Bahia,Nordeste,Centro Norte Baiano,Feira de Santana
2908309,290830,Conceição do Almeida,CONCEICAO DO ALMEIDA,BA,Bahia,Nordeste,Metropolitana de Salvador,Santo Antônio de Jesus
2908408,290840,Conceição do Coité,CONCEICAO DO COITE,BA,Bahia,Nordeste,Nordeste Baiano,Serrinha
2908507,290850,Conceição do Jacuípe,CONCEICAO DO JACUIPE,BA,Bahia,Nordeste,Centro Norte Baiano,Feira de Santana
2908606,290860,Conde,CONDE,BA,Bahia,Nordeste,Nordeste Baiano,Entre Rios
2908705,290870,Condeúba,CONDEUBA,BA,Bahia,Nordeste,Centro Sul Baiano,Brumado
2908804,290880,Contendas do Sincorá,CONTENDAS DO SINCORA,BA,Bahia,Nordeste,Centro Sul Baiano,Seabra
2908903,290890,Coração de Maria,CORACAO DE MARIA,BA,Bahia,Nordeste,Centro Norte Baiano,Feira de Santana
2909000,290900,Cordeiros,CORDEIROS,BA,Bahia,Nordeste,Centro Sul Baiano,Brumado
2909109,290910,Coribe,CORIBE,BA,Bahia,Nordeste,Extremo Oeste Baiano,Santa Maria da Vitória
2909208,290920,Coronel João Sá,CORONEL JOAO SA,BA,Bahia,Nordeste,Nordeste Baiano,Jeremoabo
2909307,290930,Correntina,CORRENTINA,BA,Bahia,Nordeste,Extremo Oeste Baiano,Santa Maria da Vitória
2909406,290940,Cotegipe,COTEGIPE,BA,Bahia,Nordeste,Extremo Oeste Baiano,Cotegipe
2909505,290950,Cravolândia,CRAVOLANDIA,BA,Bahia,Nordeste,Centro Sul Baiano,Jequié
2909604,290960,Crisópolis,CRISOPOLIS,BA,Bahia,Nordeste,Nordeste Baiano,Alagoinhas
2909703,290970,Cristópolis,CRISTOPOLIS,BA,Bahia,Nordeste,Extremo Oeste Baiano,Cotegipe
2909802,290980,Cruz das Almas,CRUZ DAS ALMAS,BA,Bahia,Nordeste,Metropolitana de Salvador,Santo Antônio de Jesus
2909901,290990,Curaçá,CURACA,BA,Bahia,Nordeste,Vale São-Franciscano da Bahia,Juazeiro
2910008,291000,Dário Meira,DARIO MEIRA,BA,Bahia,Nordeste,Centro Sul Baiano,Vitória da Conquista
2910057,291005,Dias d'Ávila,DIAS D'AVILA,BA,Bahia,Nordeste,Metropolitana de Salvador,Salvador
2910107,291010,Dom Basílio,DOM BASILIO,BA,Bahia,Nordeste,Centro Sul Baiano,Livramento do Brumado
2910206,291020,Dom Macedo Costa,DOM MACEDO COSTA,BA,Bahia,Nordeste,Metropolitana de Salvador,Santo Antônio de Jesus
2910305,291030,Elísio Medrado,ELISIO MEDRADO,BA,Bahia,Nordeste,Centro Norte Baiano,Feira de Santana
2910404,291040,Encruzilhada,ENCRUZILHADA,BA,Bahia,Nordeste,Centro Sul Baiano,Itapetinga
2910503,291050,Entre Rios,ENTRE RIOS,BA,Bahia,Nordeste,Nordeste Baiano,Entre Rios
2910602,291060,Esplanada,ESPLANADA,BA,Bahia,Nordeste,Nordeste Baiano,Entre Rios
2910701,291070,Euclides da Cunha,EUCLIDES DA CUNHA,BA,Bahia,Nordeste,Nordeste Baiano,Euclides da Cunha
2910727,291072,Eunápolis,EUNAPOLIS,BA,Bahia,Nordeste,Sul Baiano,Porto Seguro
2910750,291075,Fátima,FATIMA,BA,Bahia,Nordeste,Nordeste Baiano,Ribeira do Pombal
2910776,291077,Feira da Mata,FEIRA DA MATA,BA,Bahia,Nordeste,Vale São-Franciscano da Bahia,Bom Jesus da Lapa
2910800,291080,Feira de Santana,FEIRA DE SANTANA,BA,Bahia,Nordeste,Centro Norte Baiano,Feira de Santana
2910859,291085,Filadélfia,FILADELFIA,BA,Bahia,Nordeste,Centro Norte Baiano,Senhor do Bonfim
2910909,291090,Firmino Alves,FIRMINO ALVES,BA,Bahia,Nordeste,Sul Baiano,Ilhéus-Itabuna
2911006,291100,Floresta Azul,FLORESTA AZUL,BA,Bahia,Nordeste,Sul Baiano,Ilhéus-Itabuna
2911105,291110,Formosa do Rio Preto,FORMOSA DO RIO PRETO,BA,Bahia,Nordeste,Extremo Oeste Baiano,Barreiras
2911204,291120,Gandu,GANDU,BA,Bahia,Nordeste,Sul Baiano,Ilhéus-Itabuna
2911253,291125,Gavião,GAVIAO,BA,Bahia,Nordeste,Nordeste Baiano,Serrinha
2911303,291130,Gentio do Ouro,GENTIO DO OURO,BA,Bahia,Nordeste,Centro Norte Baiano,Irecê
2911402,291140,Glória,GLORIA,BA,Bahia,Nordeste,Vale São-Franciscano da Bahia,Paulo Afonso
2911501,291150,Gongogi,GONGOGI,BA,Bahia,Nordeste,Sul Baiano,Ilhéus-Itabuna
2911600,291160,Governador Mangabeira,GOVERNADOR MANGABEIRA,BA,Bahia,Nordeste,Metropolitana de Salvador,Santo Antônio de Jesus
2911659,291165,Guajeru,GUAJERU,BA,Bahia,Nordeste,Centro Sul Baiano,Brumado
2911709,291170,Guanambi,GUANAMBI,BA,Bahia,Nordeste,Centro Sul Baiano,Guanambi
2911808,291180,Guaratinga,GUARATINGA,BA,Bahia,Nordeste,Sul Baiano,Porto Seguro
2911857,291185,Heliópolis,HELIOPOLIS,BA,Bahia,Nordeste,Nordeste Baiano,Ribeira do Pombal
2911907,291190,Iaçu,IACU,BA,Bahia,Nordeste,Centro Norte Baiano,Itaberaba
2912004,291200,Ibiassucê,IBIASSUCE,BA,Bahia,Nordeste,Centro Sul Baiano,Guanambi
2912103,291210,Ibicaraí,IBICARAI,BA,Bahia,Nordeste,Sul Baiano,Ilhéus-Itabuna
2912202,291220,Ibicoara,IBICOARA,BA,Bahia,Nordeste,Centro Sul Baiano,Seabra
2912301,291230,Ibicuí,IBICUI,BA,Bahia,Nordeste,Centro Sul Baiano,Vitória da Conquista
2912400,291240,Ibipeba,IBIPEBA,BA,Bahia,Nordeste,Centro Norte Baiano,Irecê
2912509,291250,Ibipitanga,IBIPITANGA,BA,Bahia,Nordeste,Centro Sul Baiano,Boquira
2912608,291260,Ibiquera,IBIQUERA,BA,Bahia,Nordeste,Centro Norte Baiano,Itaberaba
2912707,291270,Ibirapitanga,IBIRAPITANGA,BA,Bahia,Nordeste,Sul Baiano,Ilhéus-Itabuna
2912806,291280,Ibirapuã,IBIRAPUA,BA,Bahia,Nordeste,Sul Baiano,Porto Seguro
2912905,291290,Ibirataia,IBIRATAIA,BA,Bahia,Nordeste,Sul Baiano,Ilhéus-Itabuna
2913002,291300,Ibitiara,IBITIARA,BA,Bahia,Nordeste,Centro Sul Baiano,Boquira
2913101,291310,Ibititá,IBITITA,BA,Bahia,Nordeste,Centro Norte Baiano,Irecê
2913200,291320,Ibotirama,IBOTIRAMA,BA,Bahia,Nordeste,Vale São-Franciscano da Bahia,Barra
2913309,291330,Ichu,ICHU,BA,Bahia,Nordeste,Nordeste Baiano,Serrinha
2913408,291340,Igaporã,IGAPORA,BA,Bahia,Nordeste,Centro Sul Baiano,Guanambi
2913457,291345,Igrapiúna,IGRAPIUNA,BA,Bahia,Nordeste,Sul Baiano,Valença
2913507,291350,Iguaí,IGUAI,BA,Bahia,Nordeste,Centro Sul Baiano,Vitória da Conquista
2913606,291360,Ilhéus,ILHEUS,BA,Bahia,Nordeste,Sul Baiano,Ilhéus-Itabuna
2913705,291370,Inhambupe,INHAMBUPE,BA,Bahia,Nordeste,Nordeste Baiano,Alagoinhas
2913804,291380,Ipecaetá,IPECAETA,BA,Bahia,Nordeste,Centro Norte Baiano,Feira de Santana
2913903,291390,Ipiaú,IPIAU,BA,Bahia,Nordeste,Sul Baiano,Ilhéus-Itabuna
2914000,291400,Ipirá,IPIRA,BA,Bahia,Nordeste,Centro Norte Baiano,Feira de Santana
2914109,291410,Ipupiara,IPUPIARA,BA,Bahia,Nordeste,Centro Sul Baiano,Boquira
2914208,291420,Irajuba,IRAJUBA,BA,Bahia,Nordeste,Centro Sul Baiano,Jequié
2914307,291430,Iramaia,IRAMAIA,BA,Bahia,Nordeste,Centro Sul Baiano,Jequié
2914406,291440,Iraquara,IRAQUARA,BA,Bahia,Nordeste,Centro Norte Baiano,Irecê
2914505,291450,Irará,IRARA,BA,Bahia,Nordeste,Centro Norte Baiano,Feira de Santana
2914604,291460,Irecê,IRECE,BA,Bahia,Nordeste,Centro Norte Baiano,Irecê
2914653,291465,Itabela,ITABELA,BA,Bahia,Nordeste,Sul Baiano,Porto Seguro
2914703,291470,Itaberaba,ITABERABA,BA,Bahia,Nordeste,Centro Norte Baiano,Itaberaba
2914802,291480,Itabuna,ITABUNA,BA,Bahia,Nordeste,Sul Baiano,Ilhéus-Itabuna
2914901,291490,Itacaré,ITACARE,BA,Bahia,Nordeste,Sul Baiano,Ilhéus-Itabuna
2915007,291500,Itaeté,ITAETE,BA,Bahia,Nordeste,Centro Sul Baiano,Seabra
2915106,291510,Itagi,ITAGI,BA,Bahia,Nordeste,Centro Sul Baiano,Jequié
2915205,291520,Itagibá,ITAGIBA,BA,Bahia,Nordeste,Sul Baiano,Ilhéus-Itabuna
2915304,291530,Itagimirim,ITAGIMIRIM,BA,Bahia,Nordeste,Sul Baiano,Porto Seguro
2915353,291535,Itaguaçu da Bahia,ITAGUACU DA BAHIA,BA,Bahia,Nordeste,Vale São-Franciscano da Bahia,Barra
2915403,291540,Itaju do Colônia,ITAJU DO COLONIA,BA,Bahia,Nordeste,Sul Baiano,Ilhéus-Itabuna
2915502,291550,Itajuípe,ITAJUIPE,BA,Bahia,Nordeste,Sul Baiano,Ilhéus-Itabuna
2915601,291560,Itamaraju,ITAMARAJU,BA,Bahia,Nordeste,Sul Baiano,Porto Seguro
2915700,291570,Itamari,ITAMARI,BA,Bahia,Nordeste,Sul Baiano,Ilhéus-Itabuna
2915809,291580,Itambé,ITAMBE,BA,Bahia,Nordeste,Centro Sul Baiano,Itapetinga
2915908,291590,Itanagra,ITANAGRA,BA,Bahia,Nordeste,Metropolitana de Salvador,Catu
2916005,291600,Itanhém,ITANHEM,BA,Bahia,Nordeste,Sul Baiano,Porto Seguro
2916104,291610,Itaparica,ITAPARICA,BA,Bahia,Nordeste,Metropolitana de Salvador,Salvador
2916203,291620,Itapé,ITAPE,BA,Bahia,Nordeste,Sul Baiano,Ilhéus-Itabuna
2916302,291630,Itapebi,ITAPEBI,BA,Bahia,Nordeste,Sul Baiano,Ilhéus-Itabuna
2916401,291640,Itapetinga,ITAPETINGA,BA,Bahia,Nordeste,Centro Sul Baiano,Itapetinga
2916500,291650,Itapicuru,ITAPICURU,BA,Bahia,Nordeste,Nordeste Baiano,Ribeira do Pombal
2916609,291660,Itapitanga,ITAPITANGA,BA,Bahia,Nordeste,Sul Baiano,Ilhéus-Itabuna
2916708,291670,Itaquara,ITAQUARA,BA,Bahia,Nordeste,Centro Sul Baiano,Jequié
2916807,291680,Itarantim,ITARANTIM,BA,Bahia,Nordeste,Centro Sul Baiano,Itapetinga
2916856,291685,Itatim,ITATIM,BA,Bahia,Nordeste,Centro Norte Baiano,Feira de Santana
2916906,291690,Itiruçu,ITIRUCU,BA,Bahia,Nordeste,Centro Sul Baiano,Jequié
2917003,291700,Itiúba,ITIUBA,BA,Bahia,Nordeste,Centro Norte Baiano,Senhor do Bonfim
2917102,291710,Itororó,ITORORO,BA,Bahia,Nordeste,Centro Sul Baiano,Itapetinga
2917201,291720,Ituaçu,ITUACU,BA,Bahia,Nordeste,Centro Sul Baiano,Brumado
2917300,291730,Ituberá,ITUBERA,BA,Bahia,Nordeste,Sul Baiano,Valença
2917334,291733,Iuiu,IUIU,BA,Bahia,Nordeste,Centro Sul Baiano,Guanambi
2917359,291735,Jaborandi,JABORANDI,BA,Bahia,Nordeste,Extremo Oeste Baiano,Santa Maria da Vitória
2917409,291740,Jacaraci,JACARACI,BA,Bahia,Nordeste,Centro Sul Baiano,Guanambi
2917508,291750,Jacobina,JACOBINA,BA,Bahia,Nordeste,Centro Norte Baiano,Jacobina
2917607,291760,Jaguaquara,JAGUAQUARA,BA,Bahia,Nordeste,Centro Sul Baiano,Jequié
2917706,291770,Jaguarari,JAGUARARI,BA,Bahia,Nordeste,Centro Norte Baiano,Senhor do Bonfim
2917805,291780,Jaguaripe,JAGUARIPE,BA,Bahia,Nordeste,Metropolitana de Salvador,Santo Antônio de Jesus
2917904,291790,Jandaíra,JANDAIRA,BA,Bahia,Nordeste,Nordeste Baiano,Entre Rios
2918001,291800,Jequié,JEQUIE,BA,Bahia,Nordeste,Centro Sul Baiano,Jequié
2918100,291810,Jeremoabo,JEREMOABO,BA,Bahia,Nordeste,Nordeste Baiano,Jeremoabo
2918209,291820,Jiquiriçá,JIQUIRICA,BA,Bahia,Nordeste,Centro Sul Baiano,Jequié
2918308,291830,Jitaúna,JITAUNA,BA,Bahia,Nordeste,Centro Sul Baiano,Jequié
2918357,291835,João Dourado,JOAO DOURADO,BA,Bahia,Nordeste,Centro Norte Baiano,Irecê
2918407,291840,Juazeiro,JUAZEIRO,BA,Bahia,Nordeste,Vale São-Franciscano da Bahia,Juazeiro
2918456,291845,Jucuruçu,JUCURUCU,BA,Bahia,Nordeste,Sul Baiano,Porto Seguro
2918506,291850,Jussara,JUSSARA,BA,Bahia,Nordeste,Centro Norte Baiano,Irecê
2918555,291855,Jussari,JUSSARI,BA,Bahia,Nordeste,Sul Baiano,Ilhéus-Itabuna
2918605,291860,Jussiape,JUSSIAPE,BA,Bahia,Nordeste,Centro Sul Baiano,Seabra
2918704,291870,Lafaiete Coutinho,LAFAIETE COUTINHO,BA,Bahia,Nordeste,Centro Sul Baiano,Jequié
2918753,291875,Lagoa Real,LAGOA REAL,BA,Bahia,Nordeste,Centro Sul Baiano,Guanambi
2918803,291880,Laje,LAJE,BA,Bahia,Nordeste,Centro Sul Baiano,Jequié
2918902,291890,Lajedão,LAJEDAO,BA,Bahia,Nordeste,Sul Baiano,Porto Seguro
2919009,291900,Lajedinho,LAJEDINHO,BA,Bahia,Nordeste,Centro Norte Baiano,Itaberaba
2919058,291905,Lajedo do Tabocal,LAJEDO DO TABOCAL,BA,Bahia,Nordeste,Centro Sul Baiano,Jequié
2919108,291910,Lamarão,LAMARAO,BA,Bahia,Nordeste,Nordeste Baiano,Serrinha
2919157,291915,Lapão,LAPAO,BA,Bahia,Nordeste,Centro Norte Baiano,Irecê
2919207,291920,Lauro de Freitas,LAURO DE FREITAS,BA,Bahia,Nordeste,Metropolitana de Salvador,Salvador
2919306,291930,Lençóis,LENCOIS,BA,Bahia,Nordeste,Centro Sul Baiano,Seabra
2919405,291940,Licínio de Almeida,LICINIO DE ALMEIDA,BA,Bahia,Nordeste,Centro Sul Baiano,Guanambi
2919504,291950,Livramento de Nossa Senhora,LIVRAMENTO DE NOSSA SENHORA,BA,Bahia,Nordeste,Centro Sul Baiano,Livramento do Brumado
2919553,291955,Luís Eduardo Magalhães,LUIS EDUARDO MAGALHAES,BA,Bahia,Nordeste,Extremo Oeste Baiano,Barreiras
2919603,291960,Macajuba,MACAJUBA,BA,Bahia,Nordeste,Centro Norte Baiano,Itaberaba
2919702,291970,Macarani,MACARANI,BA,Bahia,Nordeste,Centro Sul Baiano,Itapetinga
2919801,291980,Macaúbas,MACAUBAS,BA,Bahia,Nordeste,Centro Sul Baiano,Boquira
2919900,291990,Macururé,MACURURE,BA,Bahia,Nordeste,Vale São-Franciscano da Bahia,Paulo Afonso
2919926,291992,Madre de Deus,MADRE DE DEUS,BA,Bahia,Nordeste,Metropolitana de Salvador,Salvador
2919959,291995,Maetinga,MAETINGA,BA,Bahia,Nordeste,Centro Sul Baiano,Brumado
2920007,292000,Maiquinique,MAIQUINIQUE,BA,Bahia,Nordeste,Centro Sul Baiano,Itapetinga
2920106,292010,Mairi,MAIRI,BA,Bahia,Nordeste,Centro Norte Baiano,Itaberaba
2920205,292020,Malhada,MALHADA,BA,Bahia,Nordeste,Centro Sul Baiano,Guanambi
2920304,292030,Malhada de Pedras,MALHADA DE PEDRAS,BA,Bahia,Nordeste,Centro Sul Baiano,Brumado
2920403,292040,Manoel Vitorino,MANOEL VITORINO,BA,Bahia,Nordeste,Centro Sul Baiano,Vitória da Conquista
2920452,292045,Mansidão,MANSIDAO,BA,Bahia,Nordeste,Extremo Oeste Baiano,Cotegipe
2920502,292050,Maracás,MARACAS,BA,Bahia,Nordeste,Centro Sul Baiano,Jequié
2920601,292060,Maragogipe,MARAGOGIPE,BA,Bahia,Nordeste,Metropolitana de Salvador,Santo Antônio de Jesus
2920700,292070,Maraú,MARAU,BA,Bahia,Nordeste,Sul Baiano,Valença
2920809,292080,Marcionílio Souza,MARCIONILIO SOUZA,BA,Bahia,Nordeste,Centro Sul Baiano,Jequié
2920908,292090,Mascote,MASCOTE,BA,Bahia,Nordeste,Sul Baiano,Ilhéus-Itabuna
2921005,292100,Mata de São João,MATA DE SAO JOAO,BA,Bahia,Nordeste,Metropolitana de Salvador,Catu
2921054,292105,Matina,MATINA,BA,Bahia,Nordeste,Centro Sul Baiano,Guanambi
2921104,292110,Medeiros Neto,MEDEIROS NETO,BA,Bahia,Nordeste,Sul Baiano,Porto Seguro
2921203,292120,Miguel Calmon,MIGUEL CALMON,BA,Bahia,Nordeste,Centro Norte Baiano,Jacobina
2921302,292130,Milagres,MILAGRES,BA,Bahia,Nordeste,Centro Sul Baiano,Jequié
2921401,292140,Mirangaba,MIRANGABA,BA,Bahia,Nordeste,Centro Norte Baiano,Jacobina
2921450,292145,Mirante,MIRANTE,BA,Bahia,Nordeste,Centro Sul Baiano,Vitória da Conquista
2921500,292150,Monte Santo,MONTE SANTO,BA,Bahia,Nordeste,Nordeste Baiano,Euclides da Cunha
2921609,292160,Morpará,MORPARA,BA,Bahia,Nordeste,Vale São-Franciscano da Bahia,Barra
2921708,292170,Morro do Chapéu,MORRO DO CHAPEU,BA,Bahia,Nordeste,Centro Norte Baiano,Jacobina
2921807,292180,Mortugaba,MORTUGABA,BA,Bahia,Nordeste,Centro Sul Baiano,Guanambi
2921906,292190,Mucugê,MUCUGE,BA,Bahia,Nordeste,Centro Sul Baiano,Seabra
2922003,292200,Mucuri,MUCURI,BA,Bahia,Nordeste,Sul Baiano,Porto Seguro
2922052,292205,Mulungu do Morro,MULUNGU DO MORRO,BA,Bahia,Nordeste,Centro Norte Baiano,Irecê
2922102,292210,Mundo Novo,MUNDO NOVO,BA,Bahia,Nordeste,Centro Norte Baiano,Itaberaba
2922201,292220,Muniz Ferreira,MUNIZ FERREIRA,BA,Bahia,Nordeste,Metropolitana de Salvador,Santo Antônio de Jesus
2922250,292225,Muquém do São Francisco,MUQUEM DO SAO FRANCISCO,BA,Bahia,Nordeste,Vale São-Franciscano da Bahia,Barra
2922300,292230,Muritiba,MURITIBA,BA,Bahia,Nordeste,Metropolitana de Salvador,Santo Antônio de Jesus
2922409,292240,Mutuípe,MUTUIPE,BA,Bahia,Nordeste,Centro Sul Baiano,Jequié
2922508,292250,Nazaré,NAZARE,BA,Bahia,Nordeste,Metropolitana de Salvador,Santo Antônio de Jesus
2922607,292260,Nilo Peçanha,NILO PECANHA,BA,Bahia,Nordeste,Sul Baiano,Valença
2922656,292265,Nordestina,NORDESTINA,BA,Bahia,Nordeste,Nordeste Baiano,Euclides da Cunha
2922706,292270,Nova Canaã,NOVA CANAA,BA,Bahia,Nordeste,Centro Sul Baiano,Vitória da Conquista
2922730,292273,Nova Fátima,NOVA FATIMA,BA,Bahia,Nordeste,Nordeste Baiano,Serrinha
2922755,292275,Nova Ibiá,NOVA IBIA,BA,Bahia,Nordeste,Sul Baiano,Ilhéus-Itabuna
2922805,292280,Nova Itarana,NOVA ITARANA,BA,Bahia,Nordeste,Centro Sul Baiano,Jequié
2922854,292285,Nova Redenção,NOVA REDENCAO,BA,Bahia,Nordeste,Centro Sul Baiano,Seabra
2922904,292290,Nova Soure,NOVA SOURE,BA,Bahia,Nordeste,Nordeste Baiano,Ribeira do Pombal
2923001,292300,Nova Viçosa,NOVA VICOSA,BA,Bahia,Nordeste,Sul Baiano,Porto Seguro
2923035,292303,Novo Horizonte,NOVO HORIZONTE,BA,Bahia,Nordeste,Centro Sul Baiano,Boquira
2923050,292305,Novo Triunfo,NOVO TRIUNFO,BA,Bahia,Nordeste,Nordeste Baiano,Ribeira do Pombal
2923100,292310,Olindina,OLINDINA,BA,Bahia,Nordeste,Nordeste Baiano,Ribeira do Pombal
2923209,292320,Oliveira dos Brejinhos,OLIVEIRA DOS BREJINHOS,BA,Bahia,Nordeste,Centro Sul Baiano,Boquira
2923308,292330,Ouriçangas,OURICANGAS,BA,Bahia,Nordeste,Centro Norte Baiano,Feira de Santana
2923357,292335,Ourolândia,OUROLANDIA,BA,Bahia,Nordeste,Centro Norte Baiano,Jacobina
2923407,292340,Palmas de Monte Alto,PALMAS DE MONTE ALTO,BA,Bahia,Nordeste,Centro Sul Baiano,Guanambi
2923506,292350,Palmeiras,PALMEIRAS,BA,Bahia,Nordeste,Centro Sul Baiano,Seabra
2923605,292360,Paramirim,PARAMIRIM,BA,Bahia,Nordeste,Centro Sul Baiano,Livramento do Brumado
2923704,292370,Paratinga,PARATINGA,BA,Bahia,Nordeste,Vale São-Franciscano da Bahia,Bom Jesus da Lapa
2923803,292380,Paripiranga,PARIPIRANGA,BA,Bahia,Nordeste,Nordeste Baiano,Ribeira do Pombal
2923902,292390,Pau Brasil,PAU BRASIL,BA,Bahia,Nordeste,Sul Baiano,Ilhéus-Itabuna
2924009,292400,Paulo Afonso,PAULO AFONSO,BA,Bahia,Nordeste,Vale São-Franciscano da Bahia,Paulo Afonso
2924058,292405,Pé de Serra,PE DE SERRA,BA,Bahia,Nordeste,Nordeste Baiano,Serrinha
2924108,292410,Pedrão,PEDRAO,BA,Bahia,Nordeste,Centro Norte Baiano,Feira de Santana
2924207,292420,Pedro Alexandre,PEDRO ALEXANDRE,BA,Bahia,Nordeste,Nordeste Baiano,Jeremoabo
2924306,292430,Piatã,PIATA,BA,Bahia,Nordeste,Centro Sul Baiano,Seabra
2924405,292440,Pilão Arcado,PILAO ARCADO,BA,Bahia,Nordeste,Vale São-Franciscano da Bahia,Juazeiro
2924504,292450,Pindaí,PINDAI,BA,Bahia,Nordeste,Centro Sul Baiano,Guanambi
2924603,292460,Pindobaçu,PINDOBACU,BA,Bahia,Nordeste,Centro Norte Baiano,Senhor do Bonfim
2924652,292465,Pintadas,PINTADAS,BA,Bahia,Nordeste,Centro Norte Baiano,Feira de Santana
2924678,292467,Piraí do Norte,PIRAI DO NORTE,BA,Bahia,Nordeste,Sul Baiano,Valença
2924702,292470,Piripá,PIRIPA,BA,Bahia,Nordeste,Centro Sul Baiano,Brumado
2924801,292480,Piritiba,PIRITIBA,BA,Bahia,Nordeste,Centro Norte Baiano,Jacobina
2924900,292490,Planaltino,PLANALTINO,BA,Bahia,Nordeste,Centro Sul Baiano,Jequié
2925006,292500,Planalto,PLANALTO,BA,Bahia,Nordeste,Centro Sul Baiano,Vitória da Conquista
2925105,292510,Poções,POCOES,BA,Bahia,Nordeste,Centro Sul Baiano,Vitória da Conquista
2925204,292520,Pojuca,POJUCA,BA,Bahia,Nordeste,Metropolitana de Salvador,Catu
2925253,292525,Ponto Novo,PONTO NOVO,BA,Bahia,Nordeste,Centro Norte Baiano,Jacobina
2925303,292530,Porto Seguro,PORTO SEGURO,BA,Bahia,Nordeste,Sul Baiano,Porto Seguro
2925402,292540,Potiraguá,POTIRAGUA,BA,Bahia,Nordeste,Centro Sul Baiano,Itapetinga
2925501,292550,Prado,PRADO,BA,Bahia,Nordeste,Sul Baiano,Porto Seguro
2925600,292560,Presidente Dutra,PRESIDENTE DUTRA,BA,Bahia,Nordeste,Centro Norte Baiano,Irecê
2925709,292570,Presidente Jânio Quadros,PRESIDENTE JANIO QUADROS,BA,Bahia,Nordeste,Centro Sul Baiano,Brumado
2925758,292575,Presidente Tancredo Neves,PRESIDENTE TANCREDO NEVES,BA,Bahia,Nordeste,Sul Baiano,Valença
2925808,292580,Queimadas,QUEIMADAS,BA,Bahia,Nordeste,Nordeste Baiano,Euclides da Cunha
2925907,292590,Quijingue,QUIJINGUE,BA,Bahia,Nordeste,Nordeste Baiano,Euclides da Cunha
2925931,292593,Quixabeira,QUIXABEIRA,BA,Bahia,Nordeste,Centro Norte Baiano,Jacobina
2925956,292595,Rafael Jambeiro,RAFAEL JAMBEIRO,BA,Bahia,Nordeste,Centro Norte Baiano,Feira de Santana
2926004,292600,Remanso,REMANSO,BA,Bahia,Nordeste,Vale São-Franciscano da Bahia,Juazeiro
2926103,292610,Retirolândia,RETIROLANDIA,BA,Bahia,Nordeste,Nordeste Baiano,Serrinha
2926202,292620,Riachão das Neves,RIACHAO DAS NEVES,BA,Bahia,Nordeste,Extremo Oeste Baiano,Barreiras
2926301,292630,Riachão do Jacuípe,RIACHAO DO JACUIPE,BA,Bahia,Nordeste,Nordeste Baiano,Serrinha
2926400,292640,Riacho de Santana,RIACHO DE SANTANA,BA,Bahia,Nordeste,Centro Sul Baiano,Guanambi
2926509,292650,Ribeira do Amparo,RIBEIRA DO AMPARO,BA,Bahia,Nordeste,Nordeste Baiano,Ribeira do Pombal
2926608,292660,Ribeira do Pombal,RIBEIRA DO POMBAL,BA,Bahia,Nordeste,Nordeste Baiano,Ribeira do Pombal
2926657,292665,Ribeirão do Largo,RIBEIRAO DO LARGO,BA,Bahia,Nordeste,Centro Sul Baiano,Itapetinga
2926707,292670,Rio de Contas,RIO DE CONTAS,BA,Bahia,Nordeste,Centro Sul Baiano,Seabra
2926806,292680,Rio do Antônio,RIO DO ANTONIO,BA,Bahia,Nordeste,Centro Sul Baiano,Brumado
2926905,292690,Rio do Pires,RIO DO PIRES,BA,Bahia,Nordeste,Centro Sul Baiano,Livramento do Brumado
2927002,292700,Rio Real,RIO REAL,BA,Bahia,Nordeste,Nordeste Baiano,Alagoinhas
2927101,292710,Rodelas,RODELAS,BA,Bahia,Nordeste,Vale São-Franciscano da Bahia,Paulo Afonso
2927200,292720,Ruy Barbosa,RUY BARBOSA,BA,Bahia,Nordeste,Centro Norte Baiano,Itaberaba
2927309,292730,Salinas da Margarida,SALINAS DA MARGARIDA,BA,Bahia,Nordeste,Metropolitana de Salvador,Santo Antônio de Jesus
2927408,292740,Salvador,SALVADOR,BA,Bahia,Nordeste,Metropolitana de Salvador,Salvador
2927507,292750,Santa Bárbara,SANTA BARBARA,BA,Bahia,Nordeste,Centro Norte Baiano,Feira de Santana
2927606,292760,Santa Brígida,SANTA BRIGIDA,BA,Bahia,Nordeste,Nordeste Baiano,Jeremoabo
2927705,292770,Santa Cruz Cabrália,SANTA CRUZ CABRALIA,BA,Bahia,Nordeste,Sul Baiano,Porto Seguro
2927804,292780,Santa Cruz da Vitória,SANTA CRUZ DA VITORIA,BA,Bahia,Nordeste,Sul Baiano,Ilhéus-Itabuna
2927903,292790,Santa Inês,SANTA INES,BA,Bahia,Nordeste,Centro Sul Baiano,Jequié
2928000,292800,Santaluz,SANTALUZ,BA,Bahia,Nordeste,Nordeste Baiano,Serrinha
2928059,292805,Santa Luzia,SANTA LUZIA,BA,Bahia,Nordeste,Sul Baiano,Ilhéus-Itabuna
2928109,292810,Santa Maria da Vitória,SANTA MARIA DA VITORIA,BA,Bahia,Nordeste,Extremo Oeste Baiano,Santa Maria da Vitória
2928208,292820,Santana,SANTANA,BA,Bahia,Nordeste,Extremo Oeste Baiano,Santa Maria da Vitória
2928307,292830,Santanópolis,SANTANOPOLIS,BA,Bahia,Nordeste,Centro Norte Baiano,Feira de Santana
2928406,292840,Santa Rita de Cássia,SANTA RITA DE CASSIA,BA,Bahia,Nordeste,Extremo Oeste Baiano,Cotegipe
2928505,292850,Santa Terezinha,SANTA TEREZINHA,BA,Bahia,Nordeste,Centro Norte Baiano,Feira de Santana
2928604,292860,Santo Amaro,SANTO AMARO,BA,Bahia,Nordeste,Metropolitana de Salvador,Santo Antônio de Jesus
2928703,292870,Santo Antônio de Jesus,SANTO ANTONIO DE JESUS,BA,Bahia,Nordeste,Metropolitana de Salvador,Santo Antônio de Jesus
2928802,292880,Santo Estêvão,SANTO ESTEVAO,BA,Bahia,Nordeste,Centro Norte Baiano,Feira de Santana
2928901,292890,São Desidério,SAO DESIDERIO,BA,Bahia,Nordeste,Extremo Oeste Baiano,Barreiras
2928950,292895,São Domingos,SAO DOMINGOS,BA,Bahia,Nordeste,Nordeste Baiano,Serrinha
2929008,292900,São Félix,SAO FELIX,BA,Bahia,Nordeste,Metropolitana de Salvador,Santo Antônio de Jesus
2929057,292905,São Félix do Coribe,SAO FELIX DO CORIBE,BA,Bahia,Nordeste,Extremo Oeste Baiano,Santa Maria da Vitória
2929107,292910,São Felipe,SAO FELIPE,BA,Bahia,Nordeste,Metropolitana de Salvador,Santo Antônio de Jesus
2929206,292920,São Francisco do Conde,SAO FRANCISCO DO CONDE,BA,Bahia,Nordeste,Metropolitana de Salvador,Salvador
2929255,292925,São Gabriel,SAO GABRIEL,BA,Bahia,Nordeste,Centro Norte Baiano,Irecê
2929305,292930,São Gonçalo dos Campos,SAO GONCALO DOS CAMPOS,BA,Bahia,Nordeste,Centro Norte Baiano,Feira de Santana
2929354,292935,São José da Vitória,SAO JOSE DA VITORIA,BA,Bahia,Nordeste,Sul Baiano,Ilhéus-Itabuna
2929370,292937,São José do Jacuípe,SAO JOSE DO JACUIPE,BA,Bahia,Nordeste,Centro Norte Baiano,Jacobina
2929404,292940,São Miguel das Matas,SAO MIGUEL DAS MATAS,BA,Bahia,Nordeste,Centro Sul Baiano,Jequié
2929503,292950,São Sebastião do Passé,SAO SEBASTIAO DO PASSE,BA,Bahia,Nordeste,Metropolitana de Salvador,Catu
2929602,292960,Sapeaçu,SAPEACU,BA,Bahia,Nordeste,Metropolitana de Salvador,Santo Antônio de Jesus
2929701,292970,Sátiro Dias,SATIRO DIAS,BA,Bahia,Nordeste,Nordeste Baiano,Alagoinhas
2929750,292975,Saubara,SAUBARA,BA,Bahia,Nordeste,Metropolitana de Salvador,Santo Antônio de Jesus
2929800,292980,Saúde,SAUDE,BA,Bahia,Nordeste,Centro Norte Baiano,Jacobina
2929909,292990,Seabra,SEABRA,BA,Bahia,Nordeste,Centro Sul Baiano,Seabra
2930006,293000,Sebastião Laranjeiras,SEBASTIAO LARANJEIRAS,BA,Bahia,Nordeste,Centro Sul Baiano,Guanambi
2930105,293010,Senhor do Bonfim,SENHOR DO BONFIM,BA,Bahia,Nordeste,Centro Norte Baiano,Senhor do Bonfim
2930154,293015,Serra do Ramalho,SERRA DO RAMALHO,BA,Bahia,Nordeste,Vale São-Franciscano da Bahia,Bom Jesus da Lapa
2930204,293020,Sento Sé,SENTO SE,BA,Bahia,Nordeste,Vale São-Franciscano da Bahia,Juazeiro
2930303,293030,Serra Dourada,SERRA DOURADA,BA,Bahia,Nordeste,Extremo Oeste Baiano,Santa Maria da Vitória
2930402,293040,Serra Preta,SERRA PRETA,BA,Bahia,Nordeste,Centro Norte Baiano,Feira de Santana
2930501,293050,Serrinha,SERRINHA,BA,Bahia,Nordeste,Nordeste Baiano,Serrinha
2930600,293060,Serrolândia,SERROLANDIA,BA,Bahia,Nordeste,Centro Norte Baiano,Jacobina
2930709,293070,Simões Filho,SIMOES FILHO,BA,Bahia,Nordeste,Metropolitana de Salvador,Salvador
2930758,293075,Sítio do Mato,SITIO DO MATO,BA,Bahia,Nordeste,Vale São-Franciscano da Bahia,Bom Jesus da Lapa
2930766,293076,Sítio do Quinto,SITIO DO QUINTO,BA,Bahia,Nordeste,Nordeste Baiano,Jeremoabo
2930774,293077,Sobradinho,SOBRADINHO,BA,Bahia,Nordeste,Vale São-Franciscano da Bahia,Juazeiro
2930808,293080,Souto Soares,SOUTO SOARES,BA,Bahia,Nordeste,Centro Norte Baiano,Irecê
2930907,293090,Tabocas do Brejo Velho,TABOCAS DO BREJO VELHO,BA,Bahia,Nordeste,Extremo Oeste Baiano,Cotegipe
2931004,293100,Tanhaçu,TANHACU,BA,Bahia,Nordeste,Centro Sul Baiano,Brumado
2931053,293105,Tanque Novo,TANQUE NOVO,BA,Bahia,Nordeste,Centro Sul Baiano,Boquira
2931103,293110,Tanquinho,TANQUINHO,BA,Bahia,Nordeste,Centro Norte Baiano,Feira de Santana
2931202,293120,Taperoá,TAPEROA,BA,Bahia,Nordeste,Sul Baiano,Valença
2931301,293130,Tapiramutá,TAPIRAMUTA,BA,Bahia,Nordeste,Centro Norte Baiano,Itaberaba
2931350,293135,Teixeira de Freitas,TEIXEIRA DE FREITAS,BA,Bahia,Nordeste,Sul Baiano,Porto Seguro
2931400,293140,Teodoro Sampaio,TEODORO SAMPAIO,BA,Bahia,Nordeste,Centro Norte Baiano,Feira de Santana
2931509,293150,Teofilândia,TEOFILANDIA,BA,Bahia,Nordeste,Nordeste Baiano,Serrinha
2931608,293160,Teolândia,TEOLANDIA,BA,Bahia,Nordeste,Sul Baiano,Ilhéus-Itabuna
2931707,293170,Terra Nova,TERRA NOVA,BA,Bahia,Nordeste,Metropolitana de Salvador,Catu
2931806,293180,Tremedal,TREMEDAL,BA,Bahia,Nordeste,Centro Sul Baiano,Brumado
2931905,293190,Tucano,TUCANO,BA,Bahia,Nordeste,Nordeste Baiano,Euclides da Cunha
2932002,293200,Uauá,UAUA,BA,Bahia,Nordeste,Nordeste Baiano,Euclides da Cunha
2932101,293210,Ubaíra,UBAIRA,BA,Bahia,Nordeste,Centro Sul Baiano,Jequié
2932200,293220,Ubaitaba,UBAITABA,BA,Bahia,Nordeste,Sul Baiano,Ilhéus-Itabuna
2932309,293230,Ubatã,UBATA,BA,Bahia,Nordeste,Sul Baiano,Ilhéus-Itabuna
2932408,293240,Uibaí,UIBAI,BA,Bahia,Nordeste,Centro Norte Baiano,Irecê
2932457,293245,Umburanas,UMBURANAS,BA,Bahia,Nordeste,Centro Norte Baiano,Senhor do Bonfim
2932507,293250,Una,UNA,BA,Bahia,Nordeste,Sul Baiano,Ilhéus-Itabuna
2932606,293260,Urandi,URANDI,BA,Bahia,Nordeste,Centro Sul Baiano,Guanambi
2932705,293270,Uruçuca,URUCUCA,BA,Bahia,Nordeste,Sul Baiano,Ilhéus-Itabuna
2932804,293280,Utinga,UTINGA,BA,Bahia,Nordeste,Centro Sul Baiano,Seabra
2932903,293290,Valença,VALENCA,BA,Bahia,Nordeste,Sul Baiano,Valença
2933000,293300,Valente,VALENTE,BA,Bahia,Nordeste,Nordeste Baiano,Serrinha
2933059,293305,Várzea da Roça,VARZEA DA ROCA,BA,Bahia,Nordeste,Centro Norte Baiano,Itaberaba
2933109,293310,Várzea do Poço,VARZEA DO POCO,BA,Bahia,Nordeste,Centro Norte Baiano,Jacobina
2933158,293315,Várzea Nova,VARZEA NOVA,BA,Bahia,Nordeste,Centro Norte Baiano,Jacobina
2933174,293317,Varzedo,VARZEDO,BA,Bahia,Nordeste,Metropolitana de Salvador,Santo Antônio de Jesus
2933208,293320,Vera Cruz,VERA CRUZ,BA,Bahia,Nordeste,Metropolitana de Salvador,Salvador
2933257,293325,Vereda,VEREDA,BA,Bahia,Nordeste,Sul Baiano,Porto Seguro
2933307,293330,Vitória da Conquista,VITORIA DA CONQUISTA,BA,Bahia,Nordeste,Centro Sul Baiano,Vitória da Conquista
2933406,293340,Wagner,WAGNER,BA,Bahia,Nordeste,Centro Sul Baiano,Seabra
2933455,293345,Wanderley,WANDERLEY,BA,Bahia,Nordeste,Extremo Oeste Baiano,Cotegipe
2933505,293350,Wenceslau Guimarães,WENCESLAU GUIMARAES,BA,Bahia,Nordeste,Sul Baiano,Ilhéus-Itabuna
2933604,293360,Xique-Xique,XIQUE-XIQUE,BA,Bahia,Nordeste,Vale São-Franciscano da Bahia,Barra
3100104,310010,Abadia dos Dourados,ABADIA DOS DOURADOS,MG,Minas Gerais,Sudeste,Triângulo Mineiro/Alto Paranaíba,Patrocínio
3100203,310020,Abaeté,ABAETE,MG,Minas Gerais,Sudeste,Central Mineira,Três Marias
3100302,310030,Abre Campo,ABRE CAMPO,MG,Minas Gerais,Sudeste,Zona da Mata,Manhuaçu
3100401,310040,Acaiaca,ACAIACA,MG,Minas Gerais,Sudeste,Zona da Mata,Ponte Nova
3100500,310050,Açucena,ACUCENA,MG,Minas Gerais,Sudeste,Vale do Rio Doce,Ipatinga
3100609,310060,Água Boa,AGUA BOA,MG,Minas Gerais,Sudeste,Vale do Rio Doce,Peçanha
3100708,310070,Água Comprida,AGUA COMPRIDA,MG,Minas Gerais,Sudeste,Triângulo Mineiro/Alto Paranaíba,Uberaba
3100807,310080,Aguanil,AGUANIL,MG,Minas Gerais,Sudeste,Oeste de Minas,Campo Belo
3100906,310090,Águas Formosas,AGUAS FORMOSAS,MG,Minas Gerais,Sudeste,Vale do Mucuri,Nanuque
3101003,310100,Águas Vermelhas,AGUAS VERMELHAS,MG,Minas Gerais,Sudeste,Norte de Minas,Salinas
3101102,310110,Aimorés,AIMORES,MG,Minas Gerais,Sudeste,Vale do Rio Doce,Aimorés
3101201,310120,Aiuruoca,AIURUOCA,MG,Minas Gerais,Sudeste,Sul/Sudoeste de Minas,Andrelândia
3101300,310130,Alagoa,ALAGOA,MG,Minas Gerais,Sudeste,Sul/Sudoeste de Minas,São Lourenço
3101409,310140,Albertina,ALBERTINA,MG,Minas Gerais,Sudeste,Sul/Sudoeste de Minas,Poços de Caldas
3101508,310150,Além Paraíba,ALEM PARAIBA,MG,Minas Gerais,Sudeste,Zona da Mata,Cataguases
3101607,310160,Alfenas,ALFENAS,MG,Minas Gerais,Sudeste,Sul/Sudoeste de Minas,Alfenas
3101631,310163,Alfredo Vasconcelos,ALFREDO VASCONCELOS,MG,Minas Gerais,Sudeste,Campo das Vertentes,Barbacena
3101706,310170,Almenara,ALMENARA,MG,Minas Gerais,Sudeste,Jequitinhonha,Almenara
3101805,310180,Alpercata,ALPERCATA,MG,Minas Gerais,Sudeste,Vale do Rio Doce,Governador Valadares
3101904,310190,Alpinópolis,ALPINOPOLIS,MG,Minas Gerais,Sudeste,Sul/Sudoeste de Minas,Passos
3102001,310200,Alterosa,ALTEROSA,MG,Minas Gerais,Sudeste,Sul/Sudoeste de Minas,Alfenas
3102050,310205,Alto Caparaó,ALTO CAPARAO,MG,Minas Gerais,Sudeste,Zona da Mata,Manhuaçu
3102100,310210,Alto Rio Doce,ALTO RIO DOCE,MG,Minas Gerais,Sudeste,Zona da Mata,Viçosa
3102209,310220,Alvarenga,ALVARENGA,MG,Minas Gerais,Sudeste,Vale do Rio Doce,Aimorés
3102308,310230,Alvinópolis,ALVINOPOLIS,MG,Minas Gerais,Sudeste,Metropolitana de Belo Horizonte,Itabira
3102407,310240,Alvorada de Minas,ALVORADA DE MINAS,MG,Minas Gerais,Sudeste,Metropolitana de Belo Horizonte,Conceição do Mato Dentro
3102506,310250,Amparo do Serra,AMPARO DO SERRA,MG,Minas Gerais,Sudeste,Zona da Mata,Viçosa
3102605,310260,Andradas,ANDRADAS,MG,Minas Gerais,Sudeste,Sul/Sudoeste de Minas,Poços de Caldas
3102704,310270,Cachoeira de Pajeú,CACHOEIRA DE PAJEU,MG,Minas Gerais,Sudeste,Jequitinhonha,Pedra Azul
3102803,310280,Andrelândia,ANDRELANDIA,MG,Minas Gerais,Sudeste,Sul/Sudoeste de Minas,Andrelândia
3102852,310285,Angelândia,ANGELANDIA,MG,Minas Gerais,Sudeste,Jequitinhonha,Capelinha
3102902,310290,Antônio Carlos,ANTONIO CARLOS,MG,Minas Gerais,Sudeste,Campo das Vertentes,Barbacena
3103009,310300,Antônio Dias,ANTONIO DIAS,MG,Minas Gerais,Sudeste,Vale do Rio Doce,Ipatinga
3103108,310310,Antônio Prado de Minas,ANTONIO PRADO DE MINAS,MG,Minas Gerais,Sudeste,Zona da Mata,Muriaé
3103207,310320,Araçaí,ARACAI,MG,Minas Gerais,Sudeste,Metropolitana de Belo Horizonte,Sete Lagoas
3103306,310330,Aracitaba,ARACITABA,MG,Minas Gerais,Sudeste,Zona da Mata,Juiz de Fora
3103405,310340,Araçuaí,ARACUAI,MG,Minas Gerais,Sudeste,Jequitinhonha,Araçuaí
3103504,310350,Araguari,ARAGUARI,MG,Minas Gerais,Sudeste,Triângulo Mineiro/Alto Paranaíba,Uberlândia
3103603,310360,Arantina,ARANTINA,MG,Minas Gerais,Sudeste,Sul/Sudoeste de Minas,Andrelândia
3103702,310370,Araponga,ARAPONGA,MG,Minas Gerais,Sudeste,Zona da Mata,Viçosa
3103751,310375,Araporã,ARAPORA,MG,Minas Gerais,Sudeste,Triângulo Mineiro/Alto Paranaíba,Uberlândia
3103801,310380,Arapuá,ARAPUA,MG,Minas Gerais,Sudeste,Triângulo Mineiro/Alto Paranaíba,Patos de Minas
3103900,310390,Araújos,ARAUJOS,MG,Minas Gerais,Sudeste,Central Mineira,Bom Despacho
3104007,310400,Araxá,ARAXA,MG,Minas Gerais,Sudeste,Triângulo Mineiro/Alto Paranaíba,Araxá
3104106,310410,Arceburgo,ARCEBURGO,MG,Minas Gerais,Sudeste,Sul/Sudoeste de Minas,São Sebastião do Paraíso
3104205,310420,Arcos,ARCOS,MG,Minas Gerais,Sudeste,Oeste de Minas,Formiga
3104304,310430,Areado,AREADO,MG,Minas Gerais,Sudeste,Sul/Sudoeste de Minas,Alfenas
3104403,310440,Argirita,ARGIRITA,MG,Minas Gerais,Sudeste,Zona da Mata,Cataguases
3104452,310445,Aricanduva,ARICANDUVA,MG,Minas Gerais,Sudeste,Jequitinhonha,Capelinha
3104502,310450,Arinos,ARINOS,MG,Minas Gerais,Sudeste,Noroeste de Minas,Unaí
3104601,310460,Astolfo Dutra,ASTOLFO DUTRA,MG,Minas Gerais,Sudeste,Zona da Mata,Ubá
3104700,310470,Ataléia,ATALEIA,MG,Minas Gerais,Sudeste,Vale do Mucuri,Teófilo Otoni
3104809,310480,Augusto de Lima,AUGUSTO DE LIMA,MG,Minas Gerais,Sudeste,Central Mineira,Curvelo
3104908,310490,Baependi,BAEPENDI,MG,Minas Gerais,Sudeste,Sul/Sudoeste de Minas,São Lourenço
3105004,310500,Baldim,BALDIM,MG,Minas Gerais,Sudeste,Metropolitana de Belo Horizonte,Sete Lagoas
3105103,310510,Bambuí,BAMBUI,MG,Minas Gerais,Sudeste,Oeste de Minas,Piuí
3105202,310520,Bandeira,BANDEIRA,MG,Minas Gerais,Sudeste,Jequitinhonha,Almenara
3105301,310530,Bandeira do Sul,BANDEIRA DO SUL,MG,Minas Gerais,Sudeste,Sul/Sudoeste de Minas,Poços de Caldas
3105400,310540,Barão de Cocais,BARAO DE COCAIS,MG,Minas Gerais,Sudeste,Metropolitana de Belo Horizonte,Itabira
3105509,310550,Barão do Monte Alto,BARAO DO MONTE ALTO,MG,Minas Gerais,Sudeste,Zona da Mata,Muriaé
3105608,310560,Barbacena,BARBACENA,MG,Minas Gerais,Sudeste,Campo das Vertentes,Barbacena
3105707,310570,Barra Longa,BARRA LONGA,MG,Minas Gerais,Sudeste,Zona da Mata,Ponte Nova
3105905,310590,Barroso,BARROSO,MG,Minas Gerais,Sudeste,Campo das Vertentes,Barbacena
3106002,310600,Bela Vista de Minas,BELA VISTA DE MINAS,MG,Minas Gerais,Sudeste,Metropolitana de Belo Horizonte,Itabira
3106101,310610,Belmiro Braga,BELMIRO BRAGA,MG,Minas Gerais,Sudeste,Zona da Mata,Juiz de Fora
3106200,310620,Belo Horizonte,BELO HORIZONTE,MG,Minas Gerais,Sudeste,Metropolitana de Belo Horizonte,Belo Horizonte
3106309,310630,Belo Oriente,BELO ORIENTE,MG,Minas Gerais,Sudeste,Vale do Rio Doce,Ipatinga
3106408,310640,Belo Vale,BELO VALE,MG,Minas Gerais,Sudeste,Metropolitana de Belo Horizonte,Itaguara
3106507,310650,Berilo,BERILO,MG,Minas Gerais,Sudeste,Jequitinhonha,Capelinha
3106606,310660,Bertópolis,BERTOPOLIS,MG,Minas Gerais,Sudeste,Vale do Mucuri,Nanuque
3106655,310665,Berizal,BERIZAL,MG,Minas Gerais,Sudeste,Norte de Minas,Salinas
3106705,310670,Betim,BETIM,MG,Minas Gerais,Sudeste,Metropolitana de Belo Horizonte,Belo Horizonte
3106804,310680,Bias Fortes,BIAS FORTES,MG,Minas Gerais,Sudeste,Zona da Mata,Juiz de Fora
3106903,310690,Bicas,BICAS,MG,Minas Gerais,Sudeste,Zona da Mata,Juiz de Fora
3107000,310700,Biquinhas,BIQUINHAS,MG,Minas Gerais,Sudeste,Central Mineira,Três Marias
3107109,310710,Boa Esperança,BOA ESPERANCA,MG,Minas Gerais,Sudeste,Sul/Sudoeste de Minas,Varginha
3107208,310720,Bocaina de Minas,BOCAINA DE MINAS,MG,Minas Gerais,Sudeste,Sul/Sudoeste de Minas,Andrelândia
3107307,310730,Bocaiúva,BOCAIUVA,MG,Minas Gerais,Sudeste,Norte de Minas,Bocaiúva
3107406,310740,Bom Despacho,BOM DESPACHO,MG,Minas Gerais,Sudeste,Central Mineira,Bom Despacho
3107505,310750,Bom Jardim de Minas,BOM JARDIM DE MINAS,MG,Minas Gerais,Sudeste,Sul/Sudoeste de Minas,Andrelândia
3107604,310760,Bom Jesus da Penha,BOM JESUS DA PENHA,MG,Minas Gerais,Sudeste,Sul/Sudoeste de Minas,Passos
3107703,310770,Bom Jesus do Amparo,BOM JESUS DO AMPARO,MG,Minas Gerais,Sudeste,Metropolitana de Belo Horizonte,Itabira
3107802,310780,Bom Jesus do Galho,BOM JESUS DO GALHO,MG,Minas Gerais,Sudeste,Vale do Rio Doce,Caratinga
3107901,310790,Bom Repouso,BOM REPOUSO,MG,Minas Gerais,Sudeste,Sul/Sudoeste de Minas,Pouso Alegre
3108008,310800,Bom Sucesso,BOM SUCESSO,MG,Minas Gerais,Sudeste,Oeste de Minas,Oliveira
3108107,310810,Bonfim,BONFIM,MG,Minas Gerais,Sudeste,Metropolitana de Belo Horizonte,Itaguara
3108206,310820,Bonfinópolis de Minas,BONFINOPOLIS DE MINAS,MG,Minas Gerais,Sudeste,Noroeste de Minas,Unaí
3108255,310825,Bonito de Minas,BONITO DE MINAS,MG,Minas Gerais,Sudeste,Norte de Minas,Januária
3108305,310830,Borda da Mata,BORDA DA MATA,MG,Minas Gerais,Sudeste,Sul/Sudoeste de Minas,Pouso Alegre
3108404,310840,Botelhos,BOTELHOS,MG,Minas Gerais,Sudeste,Sul/Sudoeste de Minas,Poços de Caldas
3108503,310850,Botumirim,BOTUMIRIM,MG,Minas Gerais,Sudeste,Norte de Minas,Grão Mogol
3108552,310855,Brasilândia de Minas,BRASILANDIA DE MINAS,MG,Minas Gerais,Sudeste,Noroeste de Minas,Paracatu
3108602,310860,Brasília de Minas,BRASILIA DE MINAS,MG,Minas Gerais,Sudeste,Norte de Minas,Montes Claros
3108701,310870,Brás Pires,BRAS PIRES,MG,Minas Gerais,Sudeste,Zona da Mata,Viçosa
3108800,310880,Braúnas,BRAUNAS,MG,Minas Gerais,Sudeste,Vale do Rio Doce,Guanhães
3108909,310890,Brazópolis,BRAZOPOLIS,MG,Minas Gerais,Sudeste,Sul/Sudoeste de Minas,Itajubá
3109006,310900,Brumadinho,BRUMADINHO,MG,Minas Gerais,Sudeste,Metropolitana de Belo Horizonte,Belo Horizonte
3109105,310910,Bueno Brandão,BUENO BRANDAO,MG,Minas Gerais,Sudeste,Sul/Sudoeste de Minas,Pouso Alegre
3109204,310920,Buenópolis,BUENOPOLIS,MG,Minas Gerais,Sudeste,Central Mineira,Curvelo
3109253,310925,Bugre,BUGRE,MG,Minas Gerais,Sudeste,Vale do Rio Doce,Caratinga
3109303,310930,Buritis,BURITIS,MG,Minas Gerais,Sudeste,Noroeste de Minas,Unaí
3109402,310940,Buritizeiro,BURITIZEIRO,MG,Minas Gerais,Sudeste,Norte de Minas,Pirapora
3109451,310945,Cabeceira Grande,CABECEIRA GRANDE,MG,Minas Gerais,Sudeste,Noroeste de Minas,Unaí
3109501,310950,Cabo Verde,CABO VERDE,MG,Minas Gerais,Sudeste,Sul/Sudoeste de Minas,São Sebastião do Paraíso
3109600,310960,Cachoeira da Prata,CACHOEIRA DA PRATA,MG,Minas Gerais,Sudeste,Metropolitana de Belo Horizonte,Sete Lagoas
3109709,310970,Cachoeira de Minas,CACHOEIRA DE MINAS,MG,Minas Gerais,Sudeste,Sul/Sudoeste de Minas,Santa Rita do Sapucaí
3109808,310980,Cachoeira Dourada,CACHOEIRA DOURADA,MG,Minas Gerais,Sudeste,Triângulo Mineiro/Alto Paranaíba,Ituiutaba
3109907,310990,Caetanópolis,CAETANOPOLIS,MG,Minas Gerais,Sudeste,Metropolitana de Belo Horizonte,Sete Lagoas
3110004,311000,Caeté,CAETE,MG,Minas Gerais,Sudeste,Metropolitana de Belo Horizonte,Belo Horizonte
3110103,311010,Caiana,CAIANA,MG,Minas Gerais,Sudeste,Zona da Mata,Muriaé
3110202,311020,Cajuri,CAJURI,MG,Minas Gerais,Sudeste,Zona da Mata,Viçosa
3110301,311030,Caldas,CALDAS,MG,Minas Gerais,Sudeste,Sul/Sudoeste de Minas,Poços de Caldas
3110400,311040,Camacho,CAMACHO,MG,Minas Gerais,Sudeste,Oeste de Minas,Formiga
3110509,311050,Camanducaia,CAMANDUCAIA,MG,Minas Gerais,Sudeste,Sul/Sudoeste de Minas,Pouso Alegre
3110608,311060,Cambuí,CAMBUI,MG,Minas Gerais,Sudeste,Sul/Sudoeste de Minas,Pouso Alegre
3110707,311070,Cambuquira,CAMBUQUIRA,MG,Minas Gerais,Sudeste,Sul/Sudoeste de Minas,São Lourenço
3110806,311080,Campanário,CAMPANARIO,MG,Minas Gerais,Sudeste,Vale do Rio Doce,Governador Valadares
3110905,311090,Campanha,CAMPANHA,MG,Minas Gerais,Sudeste,Sul/Sudoeste de Minas,Varginha
3111002,311100,Campestre,CAMPESTRE,MG,Minas Gerais,Sudeste,Sul/Sudoeste de Minas,Poços de Caldas
3111101,311110,Campina Verde,CAMPINA VERDE,MG,Minas Gerais,Sudeste,Triângulo Mineiro/Alto Paranaíba,Frutal
3111150,311115,Campo Azul,CAMPO AZUL,MG,Minas Gerais,Sudeste,Norte de Minas,Montes Claros
3111200,311120,Campo Belo,CAMPO BELO,MG,Minas Gerais,Sudeste,Oeste de Minas,Campo Belo
3111309,311130,Campo do Meio,CAMPO DO MEIO,MG,Minas Gerais,Sudeste,Sul/Sudoeste de Minas,Varginha
3111408,311140,Campo Florido,CAMPO FLORIDO,MG,Minas Gerais,Sudeste,Triângulo Mineiro/Alto Paranaíba,Uberaba
3111507,311150,Campos Altos,CAMPOS ALTOS,MG,Minas Gerais,Sudeste,Triângulo Mineiro/Alto Paranaíba,Araxá
3111606,311160,Campos Gerais,CAMPOS GERAIS,MG,Minas Gerais,Sudeste,Sul/Sudoeste de Minas,Varginha
3111705,311170,Canaã,CANAA,MG,Minas Gerais,Sudeste,Zona da Mata,Viçosa
3111804,311180,Canápolis,CANAPOLIS,MG,Minas Gerais,Sudeste,Triângulo Mineiro/Alto Paranaíba,Uberlândia
3111903,311190,Cana Verde,CANA VERDE,MG,Minas Gerais,Sudeste,Oeste de Minas,Campo Belo
3112000,311200,Candeias,CANDEIAS,MG,Minas Gerais,Sudeste,Oeste de Minas,Campo Belo
3112059,311205,Cantagalo,CANTAGALO,MG,Minas Gerais,Sudeste,Vale do Rio Doce,Peçanha
3112109,311210,Caparaó,CAPARAO,MG,Minas Gerais,Sudeste,Zona da Mata,Manhuaçu
3112208,311220,Capela Nova,CAPELA NOVA,MG,Minas Gerais,Sudeste,Campo das Vertentes,Barbacena
3112307,311230,Capelinha,CAPELINHA,MG,Minas Gerais,Sudeste,Jequitinhonha,Capelinha
3112406,311240,Capetinga,CAPETINGA,MG,Minas Gerais,Sudeste,Sul/Sudoeste de Minas,Passos
3112505,311250,Capim Branco,CAPIM BRANCO,MG,Minas Gerais,Sudeste,Metropolitana de Belo Horizonte,Sete Lagoas
3112604,311260,Capinópolis,CAPINOPOLIS,MG,Minas Gerais,Sudeste,Triângulo Mineiro/Alto Paranaíba,Ituiutaba
3112653,311265,Capitão Andrade,CAPITAO ANDRADE,MG,Minas Gerais,Sudeste,Vale do Rio Doce,Governador Valadares
3112703,311270,Capitão Enéas,CAPITAO ENEAS,MG,Minas Gerais,Sudeste,Norte de Minas,Montes Claros
3112802,311280,Capitólio,CAPITOLIO,MG,Minas Gerais,Sudeste,Sul/Sudoeste de Minas,Passos
3112901,311290,Caputira,CAPUTIRA,MG,Minas Gerais,Sudeste,Zona da Mata,Manhuaçu
3113008,311300,Caraí,CARAI,MG,Minas Gerais,Sudeste,Jequitinhonha,Araçuaí
3113107,311310,Caranaíba,CARANAIBA,MG,Minas Gerais,Sudeste,Campo das Vertentes,Barbacena
3113206,311320,Carandaí,CARANDAI,MG,Minas Gerais,Sudeste,Campo das Vertentes,Barbacena
3113305,311330,Carangola,CARANGOLA,MG,Minas Gerais,Sudeste,Zona da Mata,Muriaé
3113404,311340,Caratinga,CARATINGA,MG,Minas Gerais,Sudeste,Vale do Rio Doce,Caratinga
3113503,311350,Carbonita,CARBONITA,MG,Minas Gerais,Sudeste,Jequitinhonha,Capelinha
3113602,311360,Careaçu,CAREACU,MG,Minas Gerais,Sudeste,Sul/Sudoeste de Minas,Santa Rita do Sapucaí
3113701,311370,Carlos Chagas,CARLOS CHAGAS,MG,Minas Gerais,Sudeste,Vale do Mucuri,Nanuque
3113800,311380,Carmésia,CARMESIA,MG,Minas Gerais,Sudeste,Vale do Rio Doce,Guanhães
3113909,311390,Carmo da Cachoeira,CARMO DA CACHOEIRA,MG,Minas Gerais,Sudeste,Sul/Sudoeste de Minas,Varginha
3114006,311400,Carmo da Mata,CARMO DA MATA,MG,Minas Gerais,Sudeste,Oeste de Minas,Oliveira
3114105,311410,Carmo de Minas,CARMO DE MINAS,MG,Minas Gerais,Sudeste,Sul/Sudoeste de Minas,São Lourenço
3114204,311420,Carmo do Cajuru,CARMO DO CAJURU,MG,Minas Gerais,Sudeste,Oeste de Minas,Divinópolis
3114303,311430,Carmo do Paranaíba,CARMO DO PARANAIBA,MG,Minas Gerais,Sudeste,Triângulo Mineiro/Alto Paranaíba,Patos de Minas
3114402,311440,Carmo do Rio Claro,CARMO DO RIO CLARO,MG,Minas Gerais,Sudeste,Sul/Sudoeste de Minas,Alfenas
3114501,311450,Carmópolis de Minas,CARMOPOLIS DE MINAS,MG,Minas Gerais,Sudeste,Oeste de Minas,Oliveira
3114550,311455,Carneirinho,CARNEIRINHO,MG,Minas Gerais,Sudeste,Triângulo Mineiro/Alto Paranaíba,Frutal
3114600,311460,Carrancas,CARRANCAS,MG,Minas Gerais,Sudeste,Campo das Vertentes,Lavras
3114709,311470,Carvalhópolis,CARVALHOPOLIS,MG,Minas Gerais,Sudeste,Sul/Sudoeste de Minas,Alfenas
3114808,311480,Carvalhos,CARVALHOS,MG,Minas Gerais,Sudeste,Sul/Sudoeste de Minas,Andrelândia
3114907,311490,Casa Grande,CASA GRANDE,MG,Minas Gerais,Sudeste,Metropolitana de Belo Horizonte,Conselheiro Lafaiete
3115003,311500,Cascalho Rico,CASCALHO RICO,MG,Minas Gerais,Sudeste,Triângulo Mineiro/Alto Paranaíba,Uberlândia
3115102,311510,Cássia,CASSIA,MG,Minas Gerais,Sudeste,Sul/Sudoeste de Minas,Passos
3115201,311520,Conceição da Barra de Minas,CONCEICAO DA BARRA DE MINAS,MG,Minas Gerais,Sudeste,Campo das Vertentes,São João Del Rei
3115300,311530,Cataguases,CATAGUASES,MG,Minas Gerais,Sudeste,Zona da Mata,Cataguases
3115359,311535,Catas Altas,CATAS ALTAS,MG,Minas Gerais,Sudeste,Metropolitana de Belo Horizonte,Itabira
3115409,311540,Catas Altas da Noruega,CATAS ALTAS DA NORUEGA,MG,Minas Gerais,Sudeste,Metropolitana de Belo Horizonte,Conselheiro Lafaiete
3115458,311545,Catuji,CATUJI,MG,Minas Gerais,Sudeste,Vale do Mucuri,Teófilo Otoni
3115474,311547,Catuti,CATUTI,MG,Minas Gerais,Sudeste,Norte de Minas,Janaúba
3115508,311550,Caxambu,CAXAMBU,MG,Minas Gerais,Sudeste,Sul/Sudoeste de Minas,São Lourenço
3115607,311560,Cedro do Abaeté,CEDRO DO ABAETE,MG,Minas Gerais,Sudeste,Central Mineira,Três Marias
3115706,311570,Central de Minas,CENTRAL DE MINAS,MG,Minas Gerais,Sudeste,Vale do Rio Doce,Mantena
3115805,311580,Centralina,CENTRALINA,MG,Minas Gerais,Sudeste,Triângulo Mineiro/Alto Paranaíba,Uberlândia
3115904,311590,Chácara,CHACARA,MG,Minas Gerais,Sudeste,Zona da Mata,Juiz de Fora
3116001,311600,Chalé,CHALE,MG,Minas Gerais,Sudeste,Zona da Mata,Manhuaçu
3116100,311610,Chapada do Norte,CHAPADA DO NORTE,MG,Minas Gerais,Sudeste,Jequitinhonha,Capelinha
3116159,311615,Chapada Gaúcha,CHAPADA GAUCHA,MG,Minas Gerais,Sudeste,Norte de Minas,Januária
3116209,311620,Chiador,CHIADOR,MG,Minas Gerais,Sudeste,Zona da Mata,Juiz de Fora
3116308,311630,Cipotânea,CIPOTANEA,MG,Minas Gerais,Sudeste,Zona da Mata,Viçosa
3116407,311640,Claraval,CLARAVAL,MG,Minas Gerais,Sudeste,Sul/Sudoeste de Minas,Passos
3116506,311650,Claro dos Poções,CLARO DOS POCOES,MG,Minas Gerais,Sudeste,Norte de Minas,Montes Claros
3116605,311660,Cláudio,CLAUDIO,MG,Minas Gerais,Sudeste,Oeste de Minas,Divinópolis
3116704,311670,Coimbra,COIMBRA,MG,Minas Gerais,Sudeste,Zona da Mata,Viçosa
3116803,311680,Coluna,COLUNA,MG,Minas Gerais,Sudeste,Vale do Rio Doce,Guanhães
3116902,311690,Comendador Gomes,COMENDADOR GOMES,MG,Minas Gerais,Sudeste,Triângulo Mineiro/Alto Paranaíba,Frutal
3117009,311700,Comercinho,COMERCINHO,MG,Minas Gerais,Sudeste,Jequitinhonha,Pedra Azul
3117108,311710,Conceição da Aparecida,CONCEICAO DA APARECIDA,MG,Minas Gerais,Sudeste,Sul/Sudoeste de Minas,Alfenas
3117207,311720,Conceição das Pedras,CONCEICAO DAS PEDRAS,MG,Minas Gerais,Sudeste,Sul/Sudoeste de Minas,Santa Rita do Sapucaí
3117306,311730,Conceição das Alagoas,CONCEICAO DAS ALAGOAS,MG,Minas Gerais,Sudeste,Triângulo Mineiro/Alto Paranaíba,Uberaba
3117405,311740,Conceição de Ipanema,CONCEICAO DE IPANEMA,MG,Minas Gerais,Sudeste,Vale do Rio Doce,Aimorés
3117504,311750,Conceição do Mato Dentro,CONCEICAO DO MATO DENTRO,MG,Minas Gerais,Sudeste,Metropolitana de Belo Horizonte,Conceição do Mato Dentro
3117603,311760,Conceição do Pará,CONCEICAO DO PARA,MG,Minas Gerais,Sudeste,Oeste de Minas,Divinópolis
3117702,311770,Conceição do Rio Verde,CONCEICAO DO RIO VERDE,MG,Minas Gerais,Sudeste,Sul/Sudoeste de Minas,São Lourenço
3117801,311780,Conceição dos Ouros,CONCEICAO DOS OUROS,MG,Minas Gerais,Sudeste,Sul/Sudoeste de Minas,Santa Rita do Sapucaí
3117836,311783,Cônego Marinho,CONEGO MARINHO,MG,Minas Gerais,Sudeste,Norte de Minas,Januária
3117876,311787,Confins,CONFINS,MG,Minas Gerais,Sudeste,Metropolitana de Belo Horizonte,Belo Horizonte
3117900,311790,Congonhal,CONGONHAL,MG,Minas Gerais,Sudeste,Sul/Sudoeste de Minas,Pouso Alegre
3118007,311800,Congonhas,CONGONHAS,MG,Minas Gerais,Sudeste,Metropolitana de Belo Horizonte,Conselheiro Lafaiete
3118106,311810,Congonhas do Norte,CONGONHAS DO NORTE,MG,Minas Gerais,Sudeste,Metropolitana de Belo Horizonte,Conceição do Mato Dentro
3118205,311820,Conquista,CONQUISTA,MG,Minas Gerais,Sudeste,Triângulo Mineiro/Alto Paranaíba,Uberaba
3118304,311830,Conselheiro Lafaiete,CONSELHEIRO LAFAIETE,MG,Minas Gerais,Sudeste,Metropolitana de Belo Horizonte,Conselheiro Lafaiete
3118403,311840,Conselheiro Pena,CONSELHEIRO PENA,MG,Minas Gerais,Sudeste,Vale do Rio Doce,Aimorés
3118502,311850,Consolação,CONSOLACAO,MG,Minas Gerais,Sudeste,Sul/Sudoeste de Minas,Itajubá
3118601,311860,Contagem,CONTAGEM,MG,Minas Gerais,Sudeste,Metropolitana de Belo Horizonte,Belo Horizonte
3118700,311870,Coqueiral,COQUEIRAL,MG,Minas Gerais,Sudeste,Sul/Sudoeste de Minas,Varginha
3118809,311880,Coração de Jesus,CORACAO DE JESUS,MG,Minas Gerais,Sudeste,Norte de Minas,Montes Claros
3118908,311890,Cordisburgo,CORDISBURGO,MG,Minas Gerais,Sudeste,Metropolitana de Belo Horizonte,Sete Lagoas
3119005,311900,Cordislândia,CORDISLANDIA,MG,Minas Gerais,Sudeste,Sul/Sudoeste de Minas,Santa Rita do Sapucaí
3119104,311910,Corinto,CORINTO,MG,Minas Gerais,Sudeste,Central Mineira,Curvelo
3119203,311920,Coroaci,COROACI,MG,Minas Gerais,Sudeste,Vale do Rio Doce,Governador Valadares
3119302,311930,Coromandel,COROMANDEL,MG,Minas Gerais,Sudeste,Triângulo Mineiro/Alto Paranaíba,Patrocínio
3119401,311940,Coronel Fabriciano,CORONEL FABRICIANO,MG,Minas Gerais,Sudeste,Vale do Rio Doce,Ipatinga
3119500,311950,Coronel Murta,CORONEL MURTA,MG,Minas Gerais,Sudeste,Jequitinhonha,Araçuaí
3119609,311960,Coronel Pacheco,CORONEL PACHECO,MG,Minas Gerais,Sudeste,Zona da Mata,Juiz de Fora
3119708,311970,Coronel Xavier Chaves,CORONEL XAVIER CHAVES,MG,Minas Gerais,Sudeste,Campo das Vertentes,São João Del Rei
3119807,311980,Córrego Danta,CORREGO DANTA,MG,Minas Gerais,Sudeste,Oeste de Minas,Piuí
3119906,311990,Córrego do Bom Jesus,CORREGO DO BOM JESUS,MG,Minas Gerais,Sudeste,Sul/Sudoeste de Minas,Pouso Alegre
3119955,311995,Córrego Fundo,CORREGO FUNDO,MG,Minas Gerais,Sudeste,Oeste de Minas,Formiga
3120003,312000,Córrego Novo,CORREGO NOVO,MG,Minas Gerais,Sudeste,Vale do Rio Doce,Caratinga
3120102,312010,Couto de Magalhães de Minas,COUTO DE MAGALHAES DE MINAS,MG,Minas Gerais,Sudeste,Jequitinhonha,Diamantina
3120151,312015,Crisólita,CRISOLITA,MG,Minas Gerais,Sudeste,Vale do Mucuri,Nanuque
3120201,312020,Cristais,CRISTAIS,MG,Minas Gerais,Sudeste,Oeste de Minas,Campo Belo
3120300,312030,Cristália,CRISTALIA,MG,Minas Gerais,Sudeste,Norte de Minas,Grão Mogol
3120409,312040,Cristiano Otoni,CRISTIANO OTONI,MG,Minas Gerais,Sudeste,Metropolitana de Belo Horizonte,Conselheiro Lafaiete
3120508,312050,Cristina,CRISTINA,MG,Minas Gerais,Sudeste,Sul/Sudoeste de Minas,Itajubá
3120607,312060,Crucilândia,CRUCILANDIA,MG,Minas Gerais,Sudeste,Metropolitana de Belo Horizonte,Itaguara
3120706,312070,Cruzeiro da Fortaleza,CRUZEIRO DA FORTALEZA,MG,Minas Gerais,Sudeste,Triângulo Mineiro/Alto Paranaíba,Patrocínio
3120805,312080,Cruzília,CRUZILIA,MG,Minas Gerais,Sudeste,Sul/Sudoeste de Minas,Andrelândia
3120839,312083,Cuparaque,CUPARAQUE,MG,Minas Gerais,Sudeste,Vale do Rio Doce,Aimorés
3120870,312087,Curral de Dentro,CURRAL DE DENTRO,MG,Minas Gerais,Sudeste,Norte de Minas,Salinas
3120904,312090,Curvelo,CURVELO,MG,Minas Gerais,Sudeste,Central Mineira,Curvelo
3121001,312100,Datas,DATAS,MG,Minas Gerais,Sudeste,Jequitinhonha,Diamantina
3121100,312110,Delfim Moreira,DELFIM MOREIRA,MG,Minas Gerais,Sudeste,Sul/Sudoeste de Minas,Itajubá
3121209,312120,Delfinópolis,DELFINOPOLIS,MG,Minas Gerais,Sudeste,Sul/Sudoeste de Minas,Passos
3121258,312125,Delta,DELTA,MG,Minas Gerais,Sudeste,Triângulo Mineiro/Alto Paranaíba,Uberaba
3121308,312130,Descoberto,DESCOBERTO,MG,Minas Gerais,Sudeste,Zona da Mata,Juiz de Fora
3121407,312140,Desterro de Entre Rios,DESTERRO DE ENTRE RIOS,MG,Minas Gerais,Sudeste,Metropolitana de Belo Horizonte,Conselheiro Lafaiete
3121506,312150,Desterro do Melo,DESTERRO DO MELO,MG,Minas Gerais,Sudeste,Campo das Vertentes,Barbacena
3121605,312160,Diamantina,DIAMANTINA,MG,Minas Gerais,Sudeste,Jequitinhonha,Diamantina
3121704,312170,Diogo de Vasconcelos,DIOGO DE VASCONCELOS,MG,Minas Gerais,Sudeste,Metropolitana de Belo Horizonte,Ouro Preto
3121803,312180,Dionísio,DIONISIO,MG,Minas Gerais,Sudeste,Metropolitana de Belo Horizonte,Itabira
3121902,312190,Divinésia,DIVINESIA,MG,Minas Gerais,Sudeste,Zona da Mata,Ubá
3122009,312200,Divino,DIVINO,MG,Minas Gerais,Sudeste,Zona da Mata,Muriaé
3122108,312210,Divino das Laranjeiras,DIVINO DAS LARANJEIRAS,MG,Minas Gerais,Sudeste,Vale do Rio Doce,Governador Valadares
3122207,312220,Divinolândia de Minas,DIVINOLANDIA DE MINAS,MG,Minas Gerais,Sudeste,Vale do Rio Doce,Guanhães
3122306,312230,Divinópolis,DIVINOPOLIS,MG,Minas Gerais,Sudeste,Oeste de Minas,Divinópolis
3122355,312235,Divisa Alegre,DIVISA ALEGRE,MG,Minas Gerais,Sudeste,Norte de Minas,Salinas
3122405,312240,Divisa Nova,DIVISA NOVA,MG,Minas Gerais,Sudeste,Sul/Sudoeste de Minas,Alfenas
3122454,312245,Divisópolis,DIVISOPOLIS,MG,Minas Gerais,Sudeste,Jequitinhonha,Almenara
3122470,312247,Dom Bosco,DOM BOSCO,MG,Minas Gerais,Sudeste,Noroeste de Minas,Unaí
3122504,312250,Dom Cavati,DOM CAVATI,MG,Minas Gerais,Sudeste,Vale do Rio Doce,Caratinga
3122603,312260,Dom Joaquim,DOM JOAQUIM,MG,Minas Gerais,Sudeste,Metropolitana de Belo Horizonte,Conceição do Mato Dentro
3122702,312270,Dom Silvério,DOM SILVERIO,MG,Minas Gerais,Sudeste,Zona da Mata,Ponte Nova
3122801,312280,Dom Viçoso,DOM VICOSO,MG,Minas Gerais,Sudeste,Sul/Sudoeste de Minas,Itajubá
3122900,312290,Dona Euzébia,DONA EUZEBIA,MG,Minas Gerais,Sudeste,Zona da Mata,Cataguases
3123007,312300,Dores de Campos,DORES DE CAMPOS,MG,Minas Gerais,Sudeste,Campo das Vertentes,São João Del Rei
3123106,312310,Dores de Guanhães,DORES DE GUANHAES,MG,Minas Gerais,Sudeste,Vale do Rio Doce,Guanhães
3123205,312320,Dores do Indaiá,DORES DO INDAIA,MG,Minas Gerais,Sudeste,Central Mineira,Bom Despacho
3123304,312330,Dores do Turvo,DORES DO TURVO,MG,Minas Gerais,Sudeste,Zona da Mata,Ubá
3123403,312340,Doresópolis,DORESOPOLIS,MG,Minas Gerais,Sudeste,Oeste de Minas,Piuí
3123502,312350,Douradoquara,DOURADOQUARA,MG,Minas Gerais,Sudeste,Triângulo Mineiro/Alto Paranaíba,Patrocínio
3123528,312352,Durandé,DURANDE,MG,Minas Gerais,Sudeste,Zona da Mata,Manhuaçu
3123601,312360,Elói Mendes,ELOI MENDES,MG,Minas Gerais,Sudeste,Sul/Sudoeste de Minas,Varginha
3123700,312370,Engenheiro Caldas,ENGENHEIRO CALDAS,MG,Minas Gerais,Sudeste,Vale do Rio Doce,Governador Valadares
3123809,312380,Engenheiro Navarro,ENGENHEIRO NAVARRO,MG,Minas Gerais,Sudeste,Norte de Minas,Bocaiúva
3123858,312385,Entre Folhas,ENTRE FOLHAS,MG,Minas Gerais,Sudeste,Vale do Rio Doce,Caratinga
3123908,312390,Entre Rios de Minas,ENTRE RIOS DE MINAS,MG,Minas Gerais,Sudeste,Metropolitana de Belo Horizonte,Conselheiro Lafaiete
3124005,312400,Ervália,ERVALIA,MG,Minas Gerais,Sudeste,Zona da Mata,Viçosa
3124104,312410,Esmeraldas,ESMERALDAS,MG,Minas Gerais,Sudeste,Metropolitana de Belo Horizonte,Belo Horizonte
3124203,312420,Espera Feliz,ESPERA FELIZ,MG,Minas Gerais,Sudeste,Zona da Mata,Muriaé
3124302,312430,Espinosa,ESPINOSA,MG,Minas Gerais,Sudeste,Norte de Minas,Janaúba
3124401,312440,Espírito Santo do Dourado,ESPIRITO SANTO DO DOURADO,MG,Minas Gerais,Sudeste,Sul/Sudoeste de Minas,Pouso Alegre
3124500,312450,Estiva,ESTIVA,MG,Minas Gerais,Sudeste,Sul/Sudoeste de Minas,Pouso Alegre
3124609,312460,Estrela Dalva,ESTRELA DALVA,MG,Minas Gerais,Sudeste,Zona da Mata,Cataguases
3124708,312470,Estrela do Indaiá,ESTRELA DO INDAIA,MG,Minas Gerais,Sudeste,Central Mineira,Bom Despacho
3124807,312480,Estrela do Sul,ESTRELA DO SUL,MG,Minas Gerais,Sudeste,Triângulo Mineiro/Alto Paranaíba,Patrocínio
3124906,312490,Eugenópolis,EUGENOPOLIS,MG,Minas Gerais,Sudeste,Zona da Mata,Muriaé
3125002,312500,Ewbank da Câmara,EWBANK DA CAMARA,MG,Minas Gerais,Sudeste,Zona da Mata,Juiz de Fora
3125101,312510,Extrema,EXTREMA,MG,Minas Gerais,Sudeste,Sul/Sudoeste de Minas,Pouso Alegre
3125200,312520,Fama,FAMA,MG,Minas Gerais,Sudeste,Sul/Sudoeste de Minas,Alfenas
3125309,312530,Faria Lemos,FARIA LEMOS,MG,Minas Gerais,Sudeste,Zona da Mata,Muriaé
3125408,312540,Felício dos Santos,FELICIO DOS SANTOS,MG,Minas Gerais,Sudeste,Jequitinhonha,Diamantina
3125507,312550,São Gonçalo do Rio Preto,SAO GONCALO DO RIO PRETO,MG,Minas Gerais,Sudeste,Jequitinhonha,Diamantina
3125606,312560,Felisburgo,FELISBURGO,MG,Minas Gerais,Sudeste,Jequitinhonha,Almenara
3125705,312570,Felixlândia,FELIXLANDIA,MG,Minas Gerais,Sudeste,Central Mineira,Curvelo
3125804,312580,Fernandes Tourinho,FERNANDES TOURINHO,MG,Minas Gerais,Sudeste,Vale do Rio Doce,Governador Valadares
3125903,312590,Ferros,FERROS,MG,Minas Gerais,Sudeste,Metropolitana de Belo Horizonte,Itabira
3125952,312595,Fervedouro,FERVEDOURO,MG,Minas Gerais,Sudeste,Zona da Mata,Muriaé
3126000,312600,Florestal,FLORESTAL,MG,Minas Gerais,Sudeste,Metropolitana de Belo Horizonte,Pará de Minas
3126109,312610,Formiga,FORMIGA,MG,Minas Gerais,Sudeste,Oeste de Minas,Formiga
3126208,312620,Formoso,FORMOSO,MG,Minas Gerais,Sudeste,Noroeste de Minas,Unaí
3126307,312630,Fortaleza de Minas,FORTALEZA DE MINAS,MG,Minas Gerais,Sudeste,Sul/Sudoeste de Minas,Passos
3126406,312640,Fortuna de Minas,FORTUNA DE MINAS,MG,Minas Gerais,Sudeste,Metropolitana de Belo Horizonte,Sete Lagoas
3126505,312650,Francisco Badaró,FRANCISCO BADARO,MG,Minas Gerais,Sudeste,Jequitinhonha,Capelinha
3126604,312660,Francisco Dumont,FRANCISCO DUMONT,MG,Minas Gerais,Sudeste,Norte de Minas,Bocaiúva
3126703,312670,Francisco Sá,FRANCISCO SA,MG,Minas Gerais,Sudeste,Norte de Minas,Montes Claros
3126752,312675,Franciscópolis,FRANCISCOPOLIS,MG,Minas Gerais,Sudeste,Vale do Mucuri,Teófilo Otoni
3126802,312680,Frei Gaspar,FREI GASPAR,MG,Minas Gerais,Sudeste,Vale do Mucuri,Teófilo Otoni
3126901,312690,Frei Inocêncio,FREI INOCENCIO,MG,Minas Gerais,Sudeste,Vale do Rio Doce,Governador Valadares
3126950,312695,Frei Lagonegro,FREI LAGONEGRO,MG,Minas Gerais,Sudeste,Vale do Rio Doce,Peçanha
3127008,312700,Fronteira,FRONTEIRA,MG,Minas Gerais,Sudeste,Triângulo Mineiro/Alto Paranaíba,Frutal
3127057,312705,Fronteira dos Vales,FRONTEIRA DOS VALES,MG,Minas Gerais,Sudeste,Vale do Mucuri,Nanuque
3127073,312707,Fruta de Leite,FRUTA DE LEITE,MG,Minas Gerais,Sudeste,Norte de Minas,Salinas
3127107,312710,Frutal,FRUTAL,MG,Minas Gerais,Sudeste,Triângulo Mineiro/Alto Paranaíba,Frutal
3127206,312720,Funilândia,FUNILANDIA,MG,Minas Gerais,Sudeste,Metropolitana de Belo Horizonte,Sete Lagoas
3127305,312730,Galiléia,GALILEIA,MG,Minas Gerais,Sudeste,Vale do Rio Doce,Governador Valadares
3127339,312733,Gameleiras,GAMELEIRAS,MG,Minas Gerais,Sudeste,Norte de Minas,Janaúba
3127354,312735,Glaucilândia,GLAUCILANDIA,MG,Minas Gerais,Sudeste,Norte de Minas,Montes Claros
3127370,312737,Goiabeira,GOIABEIRA,MG,Minas Gerais,Sudeste,Vale do Rio Doce,Aimorés
3127388,312738,Goianá,GOIANA,MG,Minas Gerais,Sudeste,Zona da Mata,Juiz de Fora
3127404,312740,Gonçalves,GONCALVES,MG,Minas Gerais,Sudeste,Sul/Sudoeste de Minas,Pouso Alegre
3127503,312750,Gonzaga,GONZAGA,MG,Minas Gerais,Sudeste,Vale do Rio Doce,Guanhães
3127602,312760,Gouveia,GOUVEIA,MG,Minas Gerais,Sudeste,Jequitinhonha,Diamantina
3127701,312770,Governador Valadares,GOVERNADOR VALADARES,MG,Minas Gerais,Sudeste,Vale do Rio Doce,Governador Valadares
3127800,312780,Grão Mogol,GRAO MOGOL,MG,Minas Gerais,Sudeste,Norte de Minas,Grão Mogol
3127909,312790,Grupiara,GRUPIARA,MG,Minas Gerais,Sudeste,Triângulo Mineiro/Alto Paranaíba,Patrocínio
3128006,312800,Guanhães,GUANHAES,MG,Minas Gerais,Sudeste,Vale do Rio Doce,Guanhães
3128105,312810,Guapé,GUAPE,MG,Minas Gerais,Sudeste,Sul/Sudoeste de Minas,Varginha
3128204,312820,Guaraciaba,GUARACIABA,MG,Minas Gerais,Sudeste,Zona da Mata,Ponte Nova
3128253,312825,Guaraciama,GUARACIAMA,MG,Minas Gerais,Sudeste,Norte de Minas,Bocaiúva
3128303,312830,Guaranésia,GUARANESIA,MG,Minas Gerais,Sudeste,Sul/Sudoeste de Minas,São Sebastião do Paraíso
3128402,312840,Guarani,GUARANI,MG,Minas Gerais,Sudeste,Zona da Mata,Ubá
3128501,312850,Guarará,GUARARA,MG,Minas Gerais,Sudeste,Zona da Mata,Juiz de Fora
3128600,312860,Guarda-Mor,GUARDA-MOR,MG,Minas Gerais,Sudeste,Noroeste de Minas,Paracatu
3128709,312870,Guaxupé,GUAXUPE,MG,Minas Gerais,Sudeste,Sul/Sudoeste de Minas,São Sebastião do Paraíso
3128808,312880,Guidoval,GUIDOVAL,MG,Minas Gerais,Sudeste,Zona da Mata,Ubá
3128907,312890,Guimarânia,GUIMARANIA,MG,Minas Gerais,Sudeste,Triângulo Mineiro/Alto Paranaíba,Patos de Minas
3129004,312900,Guiricema,GUIRICEMA,MG,Minas Gerais,Sudeste,Zona da Mata,Ubá
3129103,312910,Gurinhatã,GURINHATA,MG,Minas Gerais,Sudeste,Triângulo Mineiro/Alto Paranaíba,Ituiutaba
3129202,312920,Heliodora,HELIODORA,MG,Minas Gerais,Sudeste,Sul/Sudoeste de Minas,Santa Rita do Sapucaí
3129301,312930,Iapu,IAPU,MG,Minas Gerais,Sudeste,Vale do Rio Doce,Caratinga
3129400,312940,Ibertioga,IBERTIOGA,MG,Minas Gerais,Sudeste,Campo das Vertentes,Barbacena
3129509,312950,Ibiá,IBIA,MG,Minas Gerais,Sudeste,Triângulo Mineiro/Alto Paranaíba,Araxá
3129608,312960,Ibiaí,IBIAI,MG,Minas Gerais,Sudeste,Norte de Minas,Pirapora
3129657,312965,Ibiracatu,IBIRACATU,MG,Minas Gerais,Sudeste,Norte de Minas,Montes Claros
3129707,312970,Ibiraci,IBIRACI,MG,Minas Gerais,Sudeste,Sul/Sudoeste de Minas,Passos
3129806,312980,Ibirité,IBIRITE,MG,Minas Gerais,Sudeste,Metropolitana de Belo Horizonte,Belo Horizonte
3129905,312990,Ibitiúra de Minas,IBITIURA DE MINAS,MG,Minas Gerais,Sudeste,Sul/Sudoeste de Minas,Poços de Caldas
3130002,313000,Ibituruna,IBITURUNA,MG,Minas Gerais,Sudeste,Oeste de Minas,Oliveira
3130051,313005,Icaraí de Minas,ICARAI DE MINAS,MG,Minas Gerais,Sudeste,Norte de Minas,Januária
3130101,313010,Igarapé,IGARAPE,MG,Minas Gerais,Sudeste,Metropolitana de Belo Horizonte,Belo Horizonte
3130200,313020,Igaratinga,IGARATINGA,MG,Minas Gerais,Sudeste,Oeste de Minas,Divinópolis
3130309,313030,Iguatama,IGUATAMA,MG,Minas Gerais,Sudeste,Oeste de Minas,Piuí
3130408,313040,Ijaci,IJACI,MG,Minas Gerais,Sudeste,Campo das Vertentes,Lavras
3130507,313050,Ilicínea,ILICINEA,MG,Minas Gerais,Sudeste,Sul/Sudoeste de Minas,Varginha
3130556,313055,Imbé de Minas,IMBE DE MINAS,MG,Minas Gerais,Sudeste,Vale do Rio Doce,Caratinga
3130606,313060,Inconfidentes,INCONFIDENTES,MG,Minas Gerais,Sudeste,Sul/Sudoeste de Minas,Poços de Caldas
3130655,313065,Indaiabira,INDAIABIRA,MG,Minas Gerais,Sudeste,Norte de Minas,Salinas
3130705,313070,Indianópolis,INDIANOPOLIS,MG,Minas Gerais,Sudeste,Triângulo Mineiro/Alto Paranaíba,Uberlândia
3130804,313080,Ingaí,INGAI,MG,Minas Gerais,Sudeste,Campo das Vertentes,Lavras
3130903,313090,Inhapim,INHAPIM,MG,Minas Gerais,Sudeste,Vale do Rio Doce,Caratinga
3131000,313100,Inhaúma,INHAUMA,MG,Minas Gerais,Sudeste,Metropolitana de Belo Horizonte,Sete Lagoas
3131109,313110,Inimutaba,INIMUTABA,MG,Minas Gerais,Sudeste,Central Mineira,Curvelo
3131158,313115,Ipaba,IPABA,MG,Minas Gerais,Sudeste,Vale do Rio Doce,Caratinga
3131208,313120,Ipanema,IPANEMA,MG,Minas Gerais,Sudeste,Vale do Rio Doce,Aimorés
3131307,313130,Ipatinga,IPATINGA,MG,Minas Gerais,Sudeste,Vale do Rio Doce,Ipatinga
3131406,313140,Ipiaçu,IPIACU,MG,Minas Gerais,Sudeste,Triângulo Mineiro/Alto Paranaíba,Ituiutaba
3131505,313150,Ipuiúna,IPUIUNA,MG,Minas Gerais,Sudeste,Sul/Sudoeste de Minas,Pouso Alegre
3131604,313160,Iraí de Minas,IRAI DE MINAS,MG,Minas Gerais,Sudeste,Triângulo Mineiro/Alto Paranaíba,Patrocínio
3131703,313170,Itabira,ITABIRA,MG,Minas Gerais,Sudeste,Metropolitana de Belo Horizonte,Itabira
3131802,313180,Itabirinha,ITABIRINHA,MG,Minas Gerais,Sudeste,Vale do Rio Doce,Mantena
3131901,313190,Itabirito,ITABIRITO,MG,Minas Gerais,Sudeste,Metropolitana de Belo Horizonte,Ouro Preto
3132008,313200,Itacambira,ITACAMBIRA,MG,Minas Gerais,Sudeste,Norte de Minas,Grão Mogol
3132107,313210,Itacarambi,ITACARAMBI,MG,Minas Gerais,Sudeste,Norte de Minas,Januária
3132206,313220,Itaguara,ITAGUARA,MG,Minas Gerais,Sudeste,Metropolitana de Belo Horizonte,Itaguara
3132305,313230,Itaipé,ITAIPE,MG,Minas Gerais,Sudeste,Vale do Mucuri,Teófilo Otoni
3132404,313240,Itajubá,ITAJUBA,MG,Minas Gerais,Sudeste,Sul/Sudoeste de Minas,Itajubá
3132503,313250,Itamarandiba,ITAMARANDIBA,MG,Minas Gerais,Sudeste,Jequitinhonha,Capelinha
3132602,313260,Itamarati de Minas,ITAMARATI DE MINAS,MG,Minas Gerais,Sudeste,Zona da Mata,Cataguases
3132701,313270,Itambacuri,ITAMBACURI,MG,Minas Gerais,Sudeste,Vale do Rio Doce,Governador Valadares
3132800,313280,Itambé do Mato Dentro,ITAMBE DO MATO DENTRO,MG,Minas Gerais,Sudeste,Metropolitana de Belo Horizonte,Conceição do Mato Dentro
3132909,313290,Itamogi,ITAMOGI,MG,Minas Gerais,Sudeste,Sul/Sudoeste de Minas,São Sebastião do Paraíso
3133006,313300,Itamonte,ITAMONTE,MG,Minas Gerais,Sudeste,Sul/Sudoeste de Minas,São Lourenço
3133105,313310,Itanhandu,ITANHANDU,MG,Minas Gerais,Sudeste,Sul/Sudoeste de Minas,São Lourenço
3133204,313320,Itanhomi,ITANHOMI,MG,Minas Gerais,Sudeste,Vale do Rio Doce,Governador Valadares
3133303,313330,Itaobim,ITAOBIM,MG,Minas Gerais,Sudeste,Jequitinhonha,Pedra Azul
3133402,313340,Itapagipe,ITAPAGIPE,MG,Minas Gerais,Sudeste,Triângulo Mineiro/Alto Paranaíba,Frutal
3133501,313350,Itapecerica,ITAPECERICA,MG,Minas Gerais,Sudeste,Oeste de Minas,Formiga
3133600,313360,Itapeva,ITAPEVA,MG,Minas Gerais,Sudeste,Sul/Sudoeste de Minas,Pouso Alegre
3133709,313370,Itatiaiuçu,ITATIAIUCU,MG,Minas Gerais,Sudeste,Metropolitana de Belo Horizonte,Itaguara
3133758,313375,Itaú de Minas,ITAU DE MINAS,MG,Minas Gerais,Sudeste,Sul/Sudoeste de Minas,Passos
3133808,313380,Itaúna,ITAUNA,MG,Minas Gerais,Sudeste,Oeste de Minas,Divinópolis
3133907,313390,Itaverava,ITAVERAVA,MG,Minas Gerais,Sudeste,Metropolitana de Belo Horizonte,Conselheiro Lafaiete
3134004,313400,Itinga,ITINGA,MG,Minas Gerais,Sudeste,Jequitinhonha,Araçuaí
3134103,313410,Itueta,ITUETA,MG,Minas Gerais,Sudeste,Vale do Rio Doce,Aimorés
3134202,313420,Ituiutaba,ITUIUTABA,MG,Minas Gerais,Sudeste,Triângulo Mineiro/Alto Paranaíba,Ituiutaba
3134301,313430,Itumirim,ITUMIRIM,MG,Minas Gerais,Sudeste,Campo das Vertentes,Lavras
3134400,313440,Iturama,ITURAMA,MG,Minas Gerais,Sudeste,Triângulo Mineiro/Alto Paranaíba,Frutal
3134509,313450,Itutinga,ITUTINGA,MG,Minas Gerais,Sudeste,Campo das Vertentes,Lavras
3134608,313460,Jaboticatubas,JABOTICATUBAS,MG,Minas Gerais,Sudeste,Metropolitana de Belo Horizonte,Sete Lagoas
3134707,313470,Jacinto,JACINTO,MG,Minas Gerais,Sudeste,Jequitinhonha,Almenara
3134806,313480,Jacuí,JACUI,MG,Minas Gerais,Sudeste,Sul/Sudoeste de Minas,São Sebastião do Paraíso
3134905,313490,Jacutinga,JACUTINGA,MG,Minas Gerais,Sudeste,Sul/Sudoeste de Minas,Poços de Caldas
3135001,313500,Jaguaraçu,JAGUARACU,MG,Minas Gerais,Sudeste,Vale do Rio Doce,Ipatinga
3135050,313505,Jaíba,JAIBA,MG,Minas Gerais,Sudeste,Norte de Minas,Janaúba
3135076,313507,Jampruca,JAMPRUCA,MG,Minas Gerais,Sudeste,Vale do Rio Doce,Governador Valadares
3135100,313510,Janaúba,JANAUBA,MG,Minas Gerais,Sudeste,Norte de Minas,Janaúba
3135209,313520,Januária,JANUARIA,MG,Minas Gerais,Sudeste,Norte de Minas,Januária
3135308,313530,Japaraíba,JAPARAIBA,MG,Minas Gerais,Sudeste,Central Mineira,Bom Despacho
3135357,313535,Japonvar,JAPONVAR,MG,Minas Gerais,Sudeste,Norte de Minas,Montes Claros
3135407,313540,Jeceaba,JECEABA,MG,Minas Gerais,Sudeste,Metropolitana de Belo Horizonte,Itaguara
3135456,313545,Jenipapo de Minas,JENIPAPO DE MINAS,MG,Minas Gerais,Sudeste,Jequitinhonha,Capelinha
3135506,313550,Jequeri,JEQUERI,MG,Minas Gerais,Sudeste,Zona da Mata,Ponte Nova
3135605,313560,Jequitaí,JEQUITAI,MG,Minas Gerais,Sudeste,Norte de Minas,Pirapora
3135704,313570,Jequitibá,JEQUITIBA,MG,Minas Gerais,Sudeste,Metropolitana de Belo Horizonte,Sete Lagoas
3135803,313580,Jequitinhonha,JEQUITINHONHA,MG,Minas Gerais,Sudeste,Jequitinhonha,Almenara
3135902,313590,Jesuânia,JESUANIA,MG,Minas Gerais,Sudeste,Sul/Sudoeste de Minas,São Lourenço
3136009,313600,Joaíma,JOAIMA,MG,Minas Gerais,Sudeste,Jequitinhonha,Almenara
3136108,313610,Joanésia,JOANESIA,MG,Minas Gerais,Sudeste,Vale do Rio Doce,Ipatinga
3136207,313620,João Monlevade,JOAO MONLEVADE,MG,Minas Gerais,Sudeste,Metropolitana de Belo Horizonte,Itabira
3136306,313630,João Pinheiro,JOAO PINHEIRO,MG,Minas Gerais,Sudeste,Noroeste de Minas,Paracatu
3136405,313640,Joaquim Felício,JOAQUIM FELICIO,MG,Minas Gerais,Sudeste,Central Mineira,Curvelo
3136504,313650,Jordânia,JORDANIA,MG,Minas Gerais,Sudeste,Jequitinhonha,Almenara
3136520,313652,José Gonçalves de Minas,JOSE GONCALVES DE MINAS,MG,Minas Gerais,Sudeste,Jequitinhonha,Capelinha
3136553,313655,José Raydan,JOSE RAYDAN,MG,Minas Gerais,Sudeste,Vale do Rio Doce,Peçanha
3136579,313657,Josenópolis,JOSENOPOLIS,MG,Minas Gerais,Sudeste,Norte de Minas,Grão Mogol
3136603,313660,Nova União,NOVA UNIAO,MG,Minas Gerais,Sudeste,Metropolitana de Belo Horizonte,Itabira
3136652,313665,Juatuba,JUATUBA,MG,Minas Gerais,Sudeste,Metropolitana de Belo Horizonte,Belo Horizonte
3136702,313670,Juiz de Fora,JUIZ DE FORA,MG,Minas Gerais,Sudeste,Zona da Mata,Juiz de Fora
3136801,313680,Juramento,JURAMENTO,MG,Minas Gerais,Sudeste,Norte de Minas,Montes Claros
3136900,313690,Juruaia,JURUAIA,MG,Minas Gerais,Sudeste,Sul/Sudoeste de Minas,São Sebastião do Paraíso
3136959,313695,Juvenília,JUVENILIA,MG,Minas Gerais,Sudeste,Norte de Minas,Januária
3137007,313700,Ladainha,LADAINHA,MG,Minas Gerais,Sudeste,Vale do Mucuri,Teófilo Otoni
3137106,313710,Lagamar,LAGAMAR,MG,Minas Gerais,Sudeste,Noroeste de Minas,Paracatu
3137205,313720,Lagoa da Prata,LAGOA DA PRATA,MG,Minas Gerais,Sudeste,Central Mineira,Bom Despacho
3137304,313730,Lagoa dos Patos,LAGOA DOS PATOS,MG,Minas Gerais,Sudeste,Norte de Minas,Pirapora
3137403,313740,Lagoa Dourada,LAGOA DOURADA,MG,Minas Gerais,Sudeste,Campo das Vertentes,São João Del Rei
3137502,313750,Lagoa Formosa,LAGOA FORMOSA,MG,Minas Gerais,Sudeste,Triângulo Mineiro/Alto Paranaíba,Patos de Minas
3137536,313753,Lagoa Grande,LAGOA GRANDE,MG,Minas Gerais,Sudeste,Noroeste de Minas,Paracatu
3137601,313760,Lagoa Santa,LAGOA SANTA,MG,Minas Gerais,Sudeste,Metropolitana de Belo Horizonte,Belo Horizonte
3137700,313770,Lajinha,LAJINHA,MG,Minas Gerais,Sudeste,Zona da Mata,Manhuaçu
3137809,313780,Lambari,LAMBARI,MG,Minas Gerais,Sudeste,Sul/Sudoeste de Minas,São Lourenço
3137908,313790,Lamim,LAMIM,MG,Minas Gerais,Sudeste,Zona da Mata,Viçosa
3138005,313800,Laranjal,LARANJAL,MG,Minas Gerais,Sudeste,Zona da Mata,Cataguases
3138104,313810,Lassance,LASSANCE,MG,Minas Gerais,Sudeste,Norte de Minas,Pirapora
3138203,313820,Lavras,LAVRAS,MG,Minas Gerais,Sudeste,Campo das Vertentes,Lavras
3138302,313830,Leandro Ferreira,LEANDRO FERREIRA,MG,Minas Gerais,Sudeste,Central Mineira,Bom Despacho
3138351,313835,Leme do Prado,LEME DO PRADO,MG,Minas Gerais,Sudeste,Jequitinhonha,Capelinha
3138401,313840,Leopoldina,LEOPOLDINA,MG,Minas Gerais,Sudeste,Zona da Mata,Cataguases
3138500,313850,Liberdade,LIBERDADE,MG,Minas Gerais,Sudeste,Sul/Sudoeste de Minas,Andrelândia
3138609,313860,Lima Duarte,LIMA DUARTE,MG,Minas Gerais,Sudeste,Zona da Mata,Juiz de Fora
3138625,313862,Limeira do Oeste,LIMEIRA DO OESTE,MG,Minas Gerais,Sudeste,Triângulo Mineiro/Alto Paranaíba,Frutal
3138658,313865,Lontra,LONTRA,MG,Minas Gerais,Sudeste,Norte de Minas,Montes Claros
3138674,313867,Luisburgo,LUISBURGO,MG,Minas Gerais,Sudeste,Zona da Mata,Manhuaçu
3138682,313868,Luislândia,LUISLANDIA,MG,Minas Gerais,Sudeste,Norte de Minas,Montes Claros
3138708,313870,Luminárias,LUMINARIAS,MG,Minas Gerais,Sudeste,Campo das Vertentes,Lavras
3138807,313880,Luz,LUZ,MG,Minas Gerais,Sudeste,Central Mineira,Bom Despacho
3138906,313890,Machacalis,MACHACALIS,MG,Minas Gerais,Sudeste,Vale do Mucuri,Nanuque
3139003,313900,Machado,MACHADO,MG,Minas Gerais,Sudeste,Sul/Sudoeste de Minas,Alfenas
3139102,313910,Madre de Deus de Minas,MADRE DE DEUS DE MINAS,MG,Minas Gerais,Sudeste,Campo das Vertentes,São João Del Rei
3139201,313920,Malacacheta,MALACACHETA,MG,Minas Gerais,Sudeste,Vale do Mucuri,Teófilo Otoni
3139250,313925,Mamonas,MAMONAS,MG,Minas Gerais,Sudeste,Norte de Minas,Janaúba
3139300,313930,Manga,MANGA,MG,Minas Gerais,Sudeste,Norte de Minas,Januária
3139409,313940,Manhuaçu,MANHUACU,MG,Minas Gerais,Sudeste,Zona da Mata,Manhuaçu
3139508,313950,Manhumirim,MANHUMIRIM,MG,Minas Gerais,Sudeste,Zona da Mata,Manhuaçu
3139607,313960,Mantena,MANTENA,MG,Minas Gerais,Sudeste,Vale do Rio Doce,Mantena
3139706,313970,Maravilhas,MARAVILHAS,MG,Minas Gerais,Sudeste,Metropolitana de Belo Horizonte,Sete Lagoas
3139805,313980,Mar de Espanha,MAR DE ESPANHA,MG,Minas Gerais,Sudeste,Zona da Mata,Juiz de Fora
3139904,313990,Maria da Fé,MARIA DA FE,MG,Minas Gerais,Sudeste,Sul/Sudoeste de Minas,Itajubá
3140001,314000,Mariana,MARIANA,MG,Minas Gerais,Sudeste,Metropolitana de Belo Horizonte,Ouro Preto
3140100,314010,Marilac,MARILAC,MG,Minas Gerais,Sudeste,Vale do Rio Doce,Governador Valadares
3140159,314015,Mário Campos,MARIO CAMPOS,MG,Minas Gerais,Sudeste,Metropolitana de Belo Horizonte,Belo Horizonte
3140209,314020,Maripá de Minas,MARIPA DE MINAS,MG,Minas Gerais,Sudeste,Zona da Mata,Juiz de Fora
3140308,314030,Marliéria,MARLIERIA,MG,Minas Gerais,Sudeste,Vale do Rio Doce,Ipatinga
3140407,314040,Marmelópolis,MARMELOPOLIS,MG,Minas Gerais,Sudeste,Sul/Sudoeste de Minas,Itajubá
3140506,314050,Martinho Campos,MARTINHO CAMPOS,MG,Minas Gerais,Sudeste,Central Mineira,Bom Despacho
3140530,314053,Martins Soares,MARTINS SOARES,MG,Minas Gerais,Sudeste,Zona da Mata,Manhuaçu
3140555,314055,Mata Verde,MATA VERDE,MG,Minas Gerais,Sudeste,Jequitinhonha,Almenara
3140605,314060,Materlândia,MATERLANDIA,MG,Minas Gerais,Sudeste,Vale do Rio Doce,Guanhães
3140704,314070,Mateus Leme,MATEUS LEME,MG,Minas Gerais,Sudeste,Metropolitana de Belo Horizonte,Belo Horizonte
3140803,314080,Matias Barbosa,MATIAS BARBOSA,MG,Minas Gerais,Sudeste,Zona da Mata,Juiz de Fora
3140852,314085,Matias Cardoso,MATIAS CARDOSO,MG,Minas Gerais,Sudeste,Norte de Minas,Januária
3140902,314090,Matipó,MATIPO,MG,Minas Gerais,Sudeste,Zona da Mata,Manhuaçu
3141009,314100,Mato Verde,MATO VERDE,MG,Minas Gerais,Sudeste,Norte de Minas,Janaúba
3141108,314110,Matozinhos,MATOZINHOS,MG,Minas Gerais,Sudeste,Metropolitana de Belo Horizonte,Sete Lagoas
3141207,314120,Matutina,MATUTINA,MG,Minas Gerais,Sudeste,Triângulo Mineiro/Alto Paranaíba,Patos de Minas
3141306,314130,Medeiros,MEDEIROS,MG,Minas Gerais,Sudeste,Oeste de Minas,Piuí
3141405,314140,Medina,MEDINA,MG,Minas Gerais,Sudeste,Jequitinhonha,Pedra Azul
3141504,314150,Mendes Pimentel,MENDES PIMENTEL,MG,Minas Gerais,Sudeste,Vale do Rio Doce,Mantena
3141603,314160,Mercês,MERCES,MG,Minas Gerais,Sudeste,Zona da Mata,Ubá
3141702,314170,Mesquita,MESQUITA,MG,Minas Gerais,Sudeste,Vale do Rio Doce,Ipatinga
3141801,314180,Minas Novas,MINAS NOVAS,MG,Minas Gerais,Sudeste,Jequitinhonha,Capelinha
3141900,314190,Minduri,MINDURI,MG,Minas Gerais,Sudeste,Sul/Sudoeste de Minas,Andrelândia
3142007,314200,Mirabela,MIRABELA,MG,Minas Gerais,Sudeste,Norte de Minas,Montes Claros
3142106,314210,Miradouro,MIRADOURO,MG,Minas Gerais,Sudeste,Zona da Mata,Muriaé
3142205,314220,Miraí,MIRAI,MG,Minas Gerais,Sudeste,Zona da Mata,Muriaé
3142254,314225,Miravânia,MIRAVANIA,MG,Minas Gerais,Sudeste,Norte de Minas,Januária
3142304,314230,Moeda,MOEDA,MG,Minas Gerais,Sudeste,Metropolitana de Belo Horizonte,Itaguara
3142403,314240,Moema,MOEMA,MG,Minas Gerais,Sudeste,Central Mineira,Bom Despacho
3142502,314250,Monjolos,MONJOLOS,MG,Minas Gerais,Sudeste,Central Mineira,Curvelo
3142601,314260,Monsenhor Paulo,MONSENHOR PAULO,MG,Minas Gerais,Sudeste,Sul/Sudoeste de Minas,Varginha
3142700,314270,Montalvânia,MONTALVANIA,MG,Minas Gerais,Sudeste,Norte de Minas,Januária
3142809,314280,Monte Alegre de Minas,MONTE ALEGRE DE MINAS,MG,Minas Gerais,Sudeste,Triângulo Mineiro/Alto Paranaíba,Uberlândia
3142908,314290,Monte Azul,MONTE AZUL,MG,Minas Gerais,Sudeste,Norte de Minas,Janaúba
3143005,314300,Monte Belo,MONTE BELO,MG,Minas Gerais,Sudeste,Sul/Sudoeste de Minas,São Sebastião do Paraíso
3143104,314310,Monte Carmelo,MONTE CARMELO,MG,Minas Gerais,Sudeste,Triângulo Mineiro/Alto Paranaíba,Patrocínio
3143153,314315,Monte Formoso,MONTE FORMOSO,MG,Minas Gerais,Sudeste,Jequitinhonha,Almenara
3143203,314320,Monte Santo de Minas,MONTE SANTO DE MINAS,MG,Minas Gerais,Sudeste,Sul/Sudoeste de Minas,São Sebastião do Paraíso
3143302,314330,Montes Claros,MONTES CLAROS,MG,Minas Gerais,Sudeste,Norte de Minas,Montes Claros
3143401,314340,Monte Sião,MONTE SIAO,MG,Minas Gerais,Sudeste,Sul/Sudoeste de Minas,Poços de Caldas
3143450,314345,Montezuma,MONTEZUMA,MG,Minas Gerais,Sudeste,Norte de Minas,Salinas
3143500,314350,Morada Nova de Minas,MORADA NOVA DE MINAS,MG,Minas Gerais,Sudeste,Central Mineira,Três Marias
3143609,314360,Morro da Garça,MORRO DA GARCA,MG,Minas Gerais,Sudeste,Central Mineira,Curvelo
3143708,314370,Morro do Pilar,MORRO DO PILAR,MG,Minas Gerais,Sudeste,Metropolitana de Belo Horizonte,Conceição do Mato Dentro
3143807,314380,Munhoz,MUNHOZ,MG,Minas Gerais,Sudeste,Sul/Sudoeste de Minas,Pouso Alegre
3143906,314390,Muriaé,MURIAE,MG,Minas Gerais,Sudeste,Zona da Mata,Muriaé
3144003,314400,Mutum,MUTUM,MG,Minas Gerais,Sudeste,Vale do Rio Doce,Aimorés
3144102,314410,Muzambinho,MUZAMBINHO,MG,Minas Gerais,Sudeste,Sul/Sudoeste de Minas,São Sebastião do Paraíso
3144201,314420,Nacip Raydan,NACIP RAYDAN,MG,Minas Gerais,Sudeste,Vale do Rio Doce,Governador Valadares
3144300,314430,Nanuque,NANUQUE,MG,Minas Gerais,Sudeste,Vale do Mucuri,Nanuque
3144359,314435,Naque,NAQUE,MG,Minas Gerais,Sudeste,Vale do Rio Doce,Ipatinga
3144375,314437,Natalândia,NATALANDIA,MG,Minas Gerais,Sudeste,Noroeste de Minas,Unaí
3144409,314440,Natércia,NATERCIA,MG,Minas Gerais,Sudeste,Sul/Sudoeste de Minas,Santa Rita do Sapucaí
3144508,314450,Nazareno,NAZARENO,MG,Minas Gerais,Sudeste,Campo das Vertentes,São João Del Rei
3144607,314460,Nepomuceno,NEPOMUCENO,MG,Minas Gerais,Sudeste,Campo das Vertentes,Lavras
3144656,314465,Ninheira,NINHEIRA,MG,Minas Gerais,Sudeste,Norte de Minas,Salinas
3144672,314467,Nova Belém,NOVA BELEM,MG,Minas Gerais,Sudeste,Vale do Rio Doce,Mantena
3144706,314470,Nova Era,NOVA ERA,MG,Minas Gerais,Sudeste,Metropolitana de Belo Horizonte,Itabira
3144805,314480,Nova Lima,NOVA LIMA,MG,Minas Gerais,Sudeste,Metropolitana de Belo Horizonte,Belo Horizonte
3144904,314490,Nova Módica,NOVA MODICA,MG,Minas Gerais,Sudeste,Vale do Rio Doce,Governador Valadares
3145000,314500,Nova Ponte,NOVA PONTE,MG,Minas Gerais,Sudeste,Triângulo Mineiro/Alto Paranaíba,Araxá
3145059,314505,Nova Porteirinha,NOVA PORTEIRINHA,MG,Minas Gerais,Sudeste,Norte de Minas,Janaúba
3145109,314510,Nova Resende,NOVA RESENDE,MG,Minas Gerais,Sudeste,Sul/Sudoeste de Minas,São Sebastião do Paraíso
3145208,314520,Nova Serrana,NOVA SERRANA,MG,Minas Gerais,Sudeste,Oeste de Minas,Divinópolis
3145307,314530,Novo Cruzeiro,NOVO CRUZEIRO,MG,Minas Gerais,Sudeste,Jequitinhonha,Araçuaí
3145356,314535,Novo Oriente de Minas,NOVO ORIENTE DE MINAS,MG,Minas Gerais,Sudeste,Vale do Mucuri,Teófilo Otoni
3145372,314537,Novorizonte,NOVORIZONTE,MG,Minas Gerais,Sudeste,Norte de Minas,Salinas
3145406,314540,Olaria,OLARIA,MG,Minas Gerais,Sudeste,Zona da Mata,Juiz de Fora
3145455,314545,Olhos-d'Água,OLHOS-D'AGUA,MG,Minas Gerais,Sudeste,Norte de Minas,Bocaiúva
3145505,314550,Olímpio Noronha,OLIMPIO NORONHA,MG,Minas Gerais,Sudeste,Sul/Sudoeste de Minas,São Lourenço
3145604,314560,Oliveira,OLIVEIRA,MG,Minas Gerais,Sudeste,Oeste de Minas,Oliveira
3145703,314570,Oliveira Fortes,OLIVEIRA FORTES,MG,Minas Gerais,Sudeste,Zona da Mata,Juiz de Fora
3145802,314580,Onça de Pitangui,ONCA DE PITANGUI,MG,Minas Gerais,Sudeste,Metropolitana de Belo Horizonte,Pará de Minas
3145851,314585,Oratórios,ORATORIOS,MG,Minas Gerais,Sudeste,Zona da Mata,Ponte Nova
3145877,314587,Orizânia,ORIZANIA,MG,Minas Gerais,Sudeste,Zona da Mata,Muriaé
3145901,314590,Ouro Branco,OURO BRANCO,MG,Minas Gerais,Sudeste,Metropolitana de Belo Horizonte,Conselheiro Lafaiete
3146008,314600,Ouro Fino,OURO FINO,MG,Minas Gerais,Sudeste,Sul/Sudoeste de Minas,Poços de Caldas
3146107,314610,Ouro Preto,OURO PRETO,MG,Minas Gerais,Sudeste,Metropolitana de Belo Horizonte,Ouro Preto
3146206,314620,Ouro Verde de Minas,OURO VERDE DE MINAS,MG,Minas Gerais,Sudeste,Vale do Mucuri,Teófilo Otoni
3146255,314625,Padre Carvalho,PADRE CARVALHO,MG,Minas Gerais,Sudeste,Norte de Minas,Grão Mogol
3146305,314630,Padre Paraíso,PADRE PARAISO,MG,Minas Gerais,Sudeste,Jequitinhonha,Araçuaí
3146404,314640,Paineiras,PAINEIRAS,MG,Minas Gerais,Sudeste,Central Mineira,Três Marias
3146503,314650,Pains,PAINS,MG,Minas Gerais,Sudeste,Oeste de Minas,Formiga
3146552,314655,Pai Pedro,PAI PEDRO,MG,Minas Gerais,Sudeste,Norte de Minas,Janaúba
3146602,314660,Paiva,PAIVA,MG,Minas Gerais,Sudeste,Zona da Mata,Juiz de Fora
3146701,314670,Palma,PALMA,MG,Minas Gerais,Sudeste,Zona da Mata,Cataguases
3146750,314675,Palmópolis,PALMOPOLIS,MG,Minas Gerais,Sudeste,Jequitinhonha,Almenara
3146909,314690,Papagaios,PAPAGAIOS,MG,Minas Gerais,Sudeste,Metropolitana de Belo Horizonte,Sete Lagoas
3147006,314700,Paracatu,PARACATU,MG,Minas Gerais,Sudeste,Noroeste de Minas,Paracatu
3147105,314710,Pará de Minas,PARA DE MINAS,MG,Minas Gerais,Sudeste,Metropolitana de Belo Horizonte,Pará de Minas
3147204,314720,Paraguaçu,PARAGUACU,MG,Minas Gerais,Sudeste,Sul/Sudoeste de Minas,Alfenas
3147303,314730,Paraisópolis,PARAISOPOLIS,MG,Minas Gerais,Sudeste,Sul/Sudoeste de Minas,Itajubá
3147402,314740,Paraopeba,PARAOPEBA,MG,Minas Gerais,Sudeste,Metropolitana de Belo Horizonte,Sete Lagoas
3147501,314750,Passabém,PASSABEM,MG,Minas Gerais,Sudeste,Metropolitana de Belo Horizonte,Conceição do Mato Dentro
3147600,314760,Passa Quatro,PASSA QUATRO,MG,Minas Gerais,Sudeste,Sul/Sudoeste de Minas,São Lourenço
3147709,314770,Passa Tempo,PASSA TEMPO,MG,Minas Gerais,Sudeste,Oeste de Minas,Oliveira
3147808,314780,Passa Vinte,PASSA VINTE,MG,Minas Gerais,Sudeste,Sul/Sudoeste de Minas,Andrelândia
3147907,314790,Passos,PASSOS,MG,Minas Gerais,Sudeste,Sul/Sudoeste de Minas,Passos
3147956,314795,Patis,PATIS,MG,Minas Gerais,Sudeste,Norte de Minas,Montes Claros
3148004,314800,Patos de Minas,PATOS DE MINAS,MG,Minas Gerais,Sudeste,Triângulo Mineiro/Alto Paranaíba,Patos de Minas
3148103,314810,Patrocínio,PATROCINIO,MG,Minas Gerais,Sudeste,Triângulo Mineiro/Alto Paranaíba,Patrocínio
3148202,314820,Patrocínio do Muriaé,PATROCINIO DO MURIAE,MG,Minas Gerais,Sudeste,Zona da Mata,Muriaé
3148301,314830,Paula Cândido,PAULA CANDIDO,MG,Minas Gerais,Sudeste,Zona da Mata,Viçosa
3148400,314840,Paulistas,PAULISTAS,MG,Minas Gerais,Sudeste,Vale do Rio Doce,Guanhães
3148509,314850,Pavão,PAVAO,MG,Minas Gerais,Sudeste,Vale do Mucuri,Teófilo Otoni
3148608,314860,Peçanha,PECANHA,MG,Minas Gerais,Sudeste,Vale do Rio Doce,Peçanha
3148707,314870,Pedra Azul,PEDRA AZUL,MG,Minas Gerais,Sudeste,Jequitinhonha,Pedra Azul
3148756,314875,Pedra Bonita,PEDRA BONITA,MG,Minas Gerais,Sudeste,Zona da Mata,Manhuaçu
3148806,314880,Pedra do Anta,PEDRA DO ANTA,MG,Minas Gerais,Sudeste,Zona da Mata,Viçosa
3148905,314890,Pedra do Indaiá,PEDRA DO INDAIA,MG,Minas Gerais,Sudeste,Oeste de Minas,Formiga
3149002,314900,Pedra Dourada,PEDRA DOURADA,MG,Minas Gerais,Sudeste,Zona da Mata,Muriaé
3149101,314910,Pedralva,PEDRALVA,MG,Minas Gerais,Sudeste,Sul/Sudoeste de Minas,Santa Rita do Sapucaí
3149150,314915,Pedras de Maria da Cruz,PEDRAS DE MARIA DA CRUZ,MG,Minas Gerais,Sudeste,Norte de Minas,Januária
3149200,314920,Pedrinópolis,PEDRINOPOLIS,MG,Minas Gerais,Sudeste,Triângulo Mineiro/Alto Paranaíba,Araxá
3149309,314930,Pedro Leopoldo,PEDRO LEOPOLDO,MG,Minas Gerais,Sudeste,Metropolitana de Belo Horizonte,Belo Horizonte
3149408,314940,Pedro Teixeira,PEDRO TEIXEIRA,MG,Minas Gerais,Sudeste,Zona da Mata,Juiz de Fora
3149507,314950,Pequeri,PEQUERI,MG,Minas Gerais,Sudeste,Zona da Mata,Juiz de Fora
3149606,314960,Pequi,PEQUI,MG,Minas Gerais,Sudeste,Metropolitana de Belo Horizonte,Sete Lagoas
3149705,314970,Perdigão,PERDIGAO,MG,Minas Gerais,Sudeste,Oeste de Minas,Divinópolis
3149804,314980,Perdizes,PERDIZES,MG,Minas Gerais,Sudeste,Triângulo Mineiro/Alto Paranaíba,Araxá
3149903,314990,Perdões,PERDOES,MG,Minas Gerais,Sudeste,Oeste de Minas,Campo Belo
3149952,314995,Periquito,PERIQUITO,MG,Minas Gerais,Sudeste,Vale do Rio Doce,Ipatinga
3150000,315000,Pescador,PESCADOR,MG,Minas Gerais,Sudeste,Vale do Rio Doce,Governador Valadares
3150109,315010,Piau,PIAU,MG,Minas Gerais,Sudeste,Zona da Mata,Juiz de Fora
3150158,315015,Piedade de Caratinga,PIEDADE DE CARATINGA,MG,Minas Gerais,Sudeste,Vale do Rio Doce,Caratinga
3150208,315020,Piedade de Ponte Nova,PIEDADE DE PONTE NOVA,MG,Minas Gerais,Sudeste,Zona da Mata,Ponte Nova
3150307,315030,Piedade do Rio Grande,PIEDADE DO RIO GRANDE,MG,Minas Gerais,Sudeste,Campo das Vertentes,São João Del Rei
3150406,315040,Piedade dos Gerais,PIEDADE DOS GERAIS,MG,Minas Gerais,Sudeste,Metropolitana de Belo Horizonte,Itaguara
3150505,315050,Pimenta,PIMENTA,MG,Minas Gerais,Sudeste,Oeste de Minas,Formiga
3150539,315053,Pingo-d'Água,PINGO-D'AGUA,MG,Minas Gerais,Sudeste,Vale do Rio Doce,Caratinga
3150570,315057,Pintópolis,PINTOPOLIS,MG,Minas Gerais,Sudeste,Norte de Minas,Januária
3150604,315060,Piracema,PIRACEMA,MG,Minas Gerais,Sudeste,Oeste de Minas,Oliveira
3150703,315070,Pirajuba,PIRAJUBA,MG,Minas Gerais,Sudeste,Triângulo Mineiro/Alto Paranaíba,Frutal
3150802,315080,Piranga,PIRANGA,MG,Minas Gerais,Sudeste,Zona da Mata,Viçosa
3150901,315090,Piranguçu,PIRANGUCU,MG,Minas Gerais,Sudeste,Sul/Sudoeste de Minas,Itajubá
3151008,315100,Piranguinho,PIRANGUINHO,MG,Minas Gerais,Sudeste,Sul/Sudoeste de Minas,Itajubá
3151107,315110,Pirapetinga,PIRAPETINGA,MG,Minas Gerais,Sudeste,Zona da Mata,Cataguases
3151206,315120,Pirapora,PIRAPORA,MG,Minas Gerais,Sudeste,Norte de Minas,Pirapora
3151305,315130,Piraúba,PIRAUBA,MG,Minas Gerais,Sudeste,Zona da Mata,Ubá
3151404,315140,Pitangui,PITANGUI,MG,Minas Gerais,Sudeste,Metropolitana de Belo Horizonte,Pará de Minas
3151503,315150,Piumhi,PIUMHI,MG,Minas Gerais,Sudeste,Oeste de Minas,Piuí
3151602,315160,Planura,PLANURA,MG,Minas Gerais,Sudeste,Triângulo Mineiro/Alto Paranaíba,Frutal
3151701,315170,Poço Fundo,POCO FUNDO,MG,Minas Gerais,Sudeste,Sul/Sudoeste de Minas,Alfenas
3151800,315180,Poços de Caldas,POCOS DE CALDAS,MG,Minas Gerais,Sudeste,Sul/Sudoeste de Minas,Poços de Caldas
3151909,315190,Pocrane,POCRANE,MG,Minas Gerais,Sudeste,Vale do Rio Doce,Aimorés
3152006,315200,Pompéu,POMPEU,MG,Minas Gerais,Sudeste,Central Mineira,Três Marias
3152105,315210,Ponte Nova,PONTE NOVA,MG,Minas Gerais,Sudeste,Zona da Mata,Ponte Nova
3152131,315213,Ponto Chique,PONTO CHIQUE,MG,Minas Gerais,Sudeste,Norte de Minas,Montes Claros
3152170,315217,Ponto dos Volantes,PONTO DOS VOLANTES,MG,Minas Gerais,Sudeste,Jequitinhonha,Araçuaí
3152204,315220,Porteirinha,PORTEIRINHA,MG,Minas Gerais,Sudeste,Norte de Minas,Janaúba
3152303,315230,Porto Firme,PORTO FIRME,MG,Minas Gerais,Sudeste,Zona da Mata,Viçosa
3152402,315240,Poté,POTE,MG,Minas Gerais,Sudeste,Vale do Mucuri,Teófilo Otoni
3152501,315250,Pouso Alegre,POUSO ALEGRE,MG,Minas Gerais,Sudeste,Sul/Sudoeste de Minas,Pouso Alegre
3152600,315260,Pouso Alto,POUSO ALTO,MG,Minas Gerais,Sudeste,Sul/Sudoeste de Minas,São Lourenço
3152709,315270,Prados,PRADOS,MG,Minas Gerais,Sudeste,Campo das Vertentes,São João Del Rei
3152808,315280,Prata,PRATA,MG,Minas Gerais,Sudeste,Triângulo Mineiro/Alto Paranaíba,Uberlândia
3152907,315290,Pratápolis,PRATAPOLIS,MG,Minas Gerais,Sudeste,Sul/Sudoeste de Minas,Passos
3153004,315300,Pratinha,PRATINHA,MG,Minas Gerais,Sudeste,Triângulo Mineiro/Alto Paranaíba,Araxá
3153103,315310,Presidente Bernardes,PRESIDENTE BERNARDES,MG,Minas Gerais,Sudeste,Zona da Mata,Viçosa
3153202,315320,Presidente Juscelino,PRESIDENTE JUSCELINO,MG,Minas Gerais,Sudeste,Central Mineira,Curvelo
3153301,315330,Presidente Kubitschek,PRESIDENTE KUBITSCHEK,MG,Minas Gerais,Sudeste,Jequitinhonha,Diamantina
3153400,315340,Presidente Olegário,PRESIDENTE OLEGARIO,MG,Minas Gerais,Sudeste,Noroeste de Minas,Paracatu
3153509,315350,Alto Jequitibá,ALTO JEQUITIBA,MG,Minas Gerais,Sudeste,Zona da Mata,Manhuaçu
3153608,315360,Prudente de Morais,PRUDENTE DE MORAIS,MG,Minas Gerais,Sudeste,Metropolitana de Belo Horizonte,Sete Lagoas
3153707,315370,Quartel Geral,QUARTEL GERAL,MG,Minas Gerais,Sudeste,Central Mineira,Bom Despacho
3153806,315380,Queluzito,QUELUZITO,MG,Minas Gerais,Sudeste,Metropolitana de Belo Horizonte,Conselheiro Lafaiete
3153905,315390,Raposos,RAPOSOS,MG,Minas Gerais,Sudeste,Metropolitana de Belo Horizonte,Belo Horizonte
3154002,315400,Raul Soares,RAUL SOARES,MG,Minas Gerais,Sudeste,Zona da Mata,Ponte Nova
3154101,315410,Recreio,RECREIO,MG,Minas Gerais,Sudeste,Zona da Mata,Cataguases
3154150,315415,Reduto,REDUTO,MG,Minas Gerais,Sudeste,Zona da Mata,Manhuaçu
3154200,315420,Resende Costa,RESENDE COSTA,MG,Minas Gerais,Sudeste,Campo das Vertentes,São João Del Rei
3154309,315430,Resplendor,RESPLENDOR,MG,Minas Gerais,Sudeste,Vale do Rio Doce,Aimorés
3154408,315440,Ressaquinha,RESSAQUINHA,MG,Minas Gerais,Sudeste,Campo das Vertentes,Barbacena
3154457,315445,Riachinho,RIACHINHO,MG,Minas Gerais,Sudeste,Norte de Minas,Pirapora
3154507,315450,Riacho dos Machados,RIACHO DOS MACHADOS,MG,Minas Gerais,Sudeste,Norte de Minas,Janaúba
3154606,315460,Ribeirão das Neves,RIBEIRAO DAS NEVES,MG,Minas Gerais,Sudeste,Metropolitana de Belo Horizonte,Belo Horizonte
3154705,315470,Ribeirão Vermelho,RIBEIRAO VERMELHO,MG,Minas Gerais,Sudeste,Campo das Vertentes,Lavras
3154804,315480,Rio Acima,RIO ACIMA,MG,Minas Gerais,Sudeste,Metropolitana de Belo Horizonte,Belo Horizonte
3154903,315490,Rio Casca,RIO CASCA,MG,Minas Gerais,Sudeste,Zona da Mata,Ponte Nova
3155009,315500,Rio Doce,RIO DOCE,MG,Minas Gerais,Sudeste,Zona da Mata,Ponte Nova
3155108,315510,Rio do Prado,RIO DO PRADO,MG,Minas Gerais,Sudeste,Jequitinhonha,Almenara
3155207,315520,Rio Espera,RIO ESPERA,MG,Minas Gerais,Sudeste,Zona da Mata,Viçosa
3155306,315530,Rio Manso,RIO MANSO,MG,Minas Gerais,Sudeste,Metropolitana de Belo Horizonte,Itaguara
3155405,315540,Rio Novo,RIO NOVO,MG,Minas Gerais,Sudeste,Zona da Mata,Juiz de Fora
3155504,315550,Rio Paranaíba,RIO PARANAIBA,MG,Minas Gerais,Sudeste,Triângulo Mineiro/Alto Paranaíba,Patos de Minas
3155603,315560,Rio Pardo de Minas,RIO PARDO DE MINAS,MG,Minas Gerais,Sudeste,Norte de Minas,Salinas
3155702,315570,Rio Piracicaba,RIO PIRACICABA,MG,Minas Gerais,Sudeste,Metropolitana de Belo Horizonte,Itabira
3155801,315580,Rio Pomba,RIO POMBA,MG,Minas Gerais,Sudeste,Zona da Mata,Ubá
3155900,315590,Rio Preto,RIO PRETO,MG,Minas Gerais,Sudeste,Zona da Mata,Juiz de Fora
3156007,315600,Rio Vermelho,RIO VERMELHO,MG,Minas Gerais,Sudeste,Metropolitana de Belo Horizonte,Conceição do Mato Dentro
3156106,315610,Ritápolis,RITAPOLIS,MG,Minas Gerais,Sudeste,Campo das Vertentes,São João Del Rei
3156205,315620,Rochedo de Minas,ROCHEDO DE MINAS,MG,Minas Gerais,Sudeste,Zona da Mata,Juiz de Fora
3156304,315630,Rodeiro,RODEIRO,MG,Minas Gerais,Sudeste,Zona da Mata,Ubá
3156403,315640,Romaria,ROMARIA,MG,Minas Gerais,Sudeste,Triângulo Mineiro/Alto Paranaíba,Patrocínio
3156452,315645,Rosário da Limeira,ROSARIO DA LIMEIRA,MG,Minas Gerais,Sudeste,Zona da Mata,Muriaé
3156502,315650,Rubelita,RUBELITA,MG,Minas Gerais,Sudeste,Norte de Minas,Salinas
3156601,315660,Rubim,RUBIM,MG,Minas Gerais,Sudeste,Jequitinhonha,Almenara
3156700,315670,Sabará,SABARA,MG,Minas Gerais,Sudeste,Metropolitana de Belo Horizonte,Belo Horizonte
3156809,315680,Sabinópolis,SABINOPOLIS,MG,Minas Gerais,Sudeste,Vale do Rio Doce,Guanhães
3156908,315690,Sacramento,SACRAMENTO,MG,Minas Gerais,Sudeste,Triângulo Mineiro/Alto Paranaíba,Araxá
3157005,315700,Salinas,SALINAS,MG,Minas Gerais,Sudeste,Norte de Minas,Salinas
3157104,315710,Salto da Divisa,SALTO DA DIVISA,MG,Minas Gerais,Sudeste,Jequitinhonha,Almenara
3157203,315720,Santa Bárbara,SANTA BARBARA,MG,Minas Gerais,Sudeste,Metropolitana de Belo Horizonte,Itabira
3157252,315725,Santa Bárbara do Leste,SANTA BARBARA DO LESTE,MG,Minas Gerais,Sudeste,Vale do Rio Doce,Caratinga
3157278,315727,Santa Bárbara do Monte Verde,SANTA BARBARA DO MONTE VERDE,MG,Minas Gerais,Sudeste,Zona da Mata,Juiz de Fora
3157302,315730,Santa Bárbara do Tugúrio,SANTA BARBARA DO TUGURIO,MG,Minas Gerais,Sudeste,Campo das Vertentes,Barbacena
3157336,315733,Santa Cruz de Minas,SANTA CRUZ DE MINAS,MG,Minas Gerais,Sudeste,Campo das Vertentes,São João Del Rei
3157377,315737,Santa Cruz de Salinas,SANTA CRUZ DE SALINAS,MG,Minas Gerais,Sudeste,Norte de Minas,Salinas
3157401,315740,Santa Cruz do Escalvado,SANTA CRUZ DO ESCALVADO,MG,Minas Gerais,Sudeste,Zona da Mata,Ponte Nova
3157500,315750,Santa Efigênia de Minas,SANTA EFIGENIA DE MINAS,MG,Minas Gerais,Sudeste,Vale do Rio Doce,Guanhães
3157609,315760,Santa Fé de Minas,SANTA FE DE MINAS,MG,Minas Gerais,Sudeste,Norte de Minas,Pirapora
3157658,315765,Santa Helena de Minas,SANTA HELENA DE MINAS,MG,Minas Gerais,Sudeste,Vale do Mucuri,Nanuque
3157708,315770,Santa Juliana,SANTA JULIANA,MG,Minas Gerais,Sudeste,Triângulo Mineiro/Alto Paranaíba,Araxá
3157807,315780,Santa Luzia,SANTA LUZIA,MG,Minas Gerais,Sudeste,Metropolitana de Belo Horizonte,Belo Horizonte
3157906,315790,Santa Margarida,SANTA MARGARIDA,MG,Minas Gerais,Sudeste,Zona da Mata,Manhuaçu
3158003,315800,Santa Maria de Itabira,SANTA MARIA DE ITABIRA,MG,Minas Gerais,Sudeste,Metropolitana de Belo Horizonte,Itabira
3158102,315810,Santa Maria do Salto,SANTA MARIA DO SALTO,MG,Minas Gerais,Sudeste,Jequitinhonha,Almenara
3158201,315820,Santa Maria do Suaçuí,SANTA MARIA DO SUACUI,MG,Minas Gerais,Sudeste,Vale do Rio Doce,Peçanha
3158300,315830,Santana da Vargem,SANTANA DA VARGEM,MG,Minas Gerais,Sudeste,Sul/Sudoeste de Minas,Varginha
3158409,315840,Santana de Cataguases,SANTANA DE CATAGUASES,MG,Minas Gerais,Sudeste,Zona da Mata,Cataguases
3158508,315850,Santana de Pirapama,SANTANA DE PIRAPAMA,MG,Minas Gerais,Sudeste,Metropolitana de Belo Horizonte,Sete Lagoas
3158607,315860,Santana do Deserto,SANTANA DO DESERTO,MG,Minas Gerais,Sudeste,Zona da Mata,Juiz de Fora
3158706,315870,Santana do Garambéu,SANTANA DO GARAMBEU,MG,Minas Gerais,Sudeste,Campo das Vertentes,São João Del Rei
3158805,315880,Santana do Jacaré,SANTANA DO JACARE,MG,Minas Gerais,Sudeste,Oeste de Minas,Campo Belo
3158904,315890,Santana do Manhuaçu,SANTANA DO MANHUACU,MG,Minas Gerais,Sudeste,Zona da Mata,Manhuaçu
3158953,315895,Santana do Paraíso,SANTANA DO PARAISO,MG,Minas Gerais,Sudeste,Vale do Rio Doce,Ipatinga
3159001,315900,Santana do Riacho,SANTANA DO RIACHO,MG,Minas Gerais,Sudeste,Metropolitana de Belo Horizonte,Sete Lagoas
3159100,315910,Santana dos Montes,SANTANA DOS MONTES,MG,Minas Gerais,Sudeste,Metropolitana de Belo Horizonte,Conselheiro Lafaiete
3159209,315920,Santa Rita de Caldas,SANTA RITA DE CALDAS,MG,Minas Gerais,Sudeste,Sul/Sudoeste de Minas,Poços de Caldas
3159308,315930,Santa Rita de Jacutinga,SANTA RITA DE JACUTINGA,MG,Minas Gerais,Sudeste,Zona da Mata,Juiz de Fora
3159357,315935,Santa Rita de Minas,SANTA RITA DE MINAS,MG,Minas Gerais,Sudeste,Vale do Rio Doce,Caratinga
3159407,315940,Santa Rita de Ibitipoca,SANTA RITA DE IBITIPOCA,MG,Minas Gerais,Sudeste,Zona da Mata,Juiz de Fora
3159506,315950,Santa Rita do Itueto,SANTA RITA DO ITUETO,MG,Minas Gerais,Sudeste,Vale do Rio Doce,Aimorés
3159605,315960,Santa Rita do Sapucaí,SANTA RITA DO SAPUCAI,MG,Minas Gerais,Sudeste,Sul/Sudoeste de Minas,Santa Rita do Sapucaí
3159704,315970,Santa Rosa da Serra,SANTA ROSA DA SERRA,MG,Minas Gerais,Sudeste,Triângulo Mineiro/Alto Paranaíba,Patos de Minas
3159803,315980,Santa Vitória,SANTA VITORIA,MG,Minas Gerais,Sudeste,Triângulo Mineiro/Alto Paranaíba,Ituiutaba
3159902,315990,Santo Antônio do Amparo,SANTO ANTONIO DO AMPARO,MG,Minas Gerais,Sudeste,Oeste de Minas,Oliveira
3160009,316000,Santo Antônio do Aventureiro,SANTO ANTONIO DO AVENTUREIRO,MG,Minas Gerais,Sudeste,Zona da Mata,Cataguases
3160108,316010,Santo Antônio do Grama,SANTO ANTONIO DO GRAMA,MG,Minas Gerais,Sudeste,Zona da Mata,Ponte Nova
3160207,316020,Santo Antônio do Itambé,SANTO ANTONIO DO ITAMBE,MG,Minas Gerais,Sudeste,Metropolitana de Belo Horizonte,Conceição do Mato Dentro
3160306,316030,Santo Antônio do Jacinto,SANTO ANTONIO DO JACINTO,MG,Minas Gerais,Sudeste,Jequitinhonha,Almenara
3160405,316040,Santo Antônio do Monte,SANTO ANTONIO DO MONTE,MG,Minas Gerais,Sudeste,Oeste de Minas,Divinópolis
3160454,316045,Santo Antônio do Retiro,SANTO ANTONIO DO RETIRO,MG,Minas Gerais,Sudeste,Norte de Minas,Salinas
3160504,316050,Santo Antônio do Rio Abaixo,SANTO ANTONIO DO RIO ABAIXO,MG,Minas Gerais,Sudeste,Metropolitana de Belo Horizonte,Conceição do Mato Dentro
3160603,316060,Santo Hipólito,SANTO HIPOLITO,MG,Minas Gerais,Sudeste,Central Mineira,Curvelo
3160702,316070,Santos Dumont,SANTOS DUMONT,MG,Minas Gerais,Sudeste,Zona da Mata,Juiz de Fora
3160801,316080,São Bento Abade,SAO BENTO ABADE,MG,Minas Gerais,Sudeste,Sul/Sudoeste de Minas,Varginha
3160900,316090,São Brás do Suaçuí,SAO BRAS DO SUACUI,MG,Minas Gerais,Sudeste,Metropolitana de Belo Horizonte,Conselheiro Lafaiete
3160959,316095,São Domingos das Dores,SAO DOMINGOS DAS DORES,MG,Minas Gerais,Sudeste,Vale do Rio Doce,Caratinga
3161007,316100,São Domingos do Prata,SAO DOMINGOS DO PRATA,MG,Minas Gerais,Sudeste,Metropolitana de Belo Horizonte,Itabira
3161056,316105,São Félix de Minas,SAO FELIX DE MINAS,MG,Minas Gerais,Sudeste,Vale do Rio Doce,Mantena
3161106,316110,São Francisco,SAO FRANCISCO,MG,Minas Gerais,Sudeste,Norte de Minas,Januária
3161205,316120,São Francisco de Paula,SAO FRANCISCO DE PAULA,MG,Minas Gerais,Sudeste,Oeste de Minas,Oliveira
3161304,316130,São Francisco de Sales,SAO FRANCISCO DE SALES,MG,Minas Gerais,Sudeste,Triângulo Mineiro/Alto Paranaíba,Frutal
3161403,316140,São Francisco do Glória,SAO FRANCISCO DO GLORIA,MG,Minas Gerais,Sudeste,Zona da Mata,Muriaé
3161502,316150,São Geraldo,SAO GERALDO,MG,Minas Gerais,Sudeste,Zona da Mata,Ubá
3161601,316160,São Geraldo da Piedade,SAO GERALDO DA PIEDADE,MG,Minas Gerais,Sudeste,Vale do Rio Doce,Governador Valadares
3161650,316165,São Geraldo do Baixio,SAO GERALDO DO BAIXIO,MG,Minas Gerais,Sudeste,Vale do Rio Doce,Governador Valadares
3161700,316170,São Gonçalo do Abaeté,SAO GONCALO DO ABAETE,MG,Minas Gerais,Sudeste,Noroeste de Minas,Paracatu
3161809,316180,São Gonçalo do Pará,SAO GONCALO DO PARA,MG,Minas Gerais,Sudeste,Oeste de Minas,Divinópolis
3161908,316190,São Gonçalo do Rio Abaixo,SAO GONCALO DO RIO ABAIXO,MG,Minas Gerais,Sudeste,Metropolitana de Belo Horizonte,Itabira
3162005,316200,São Gonçalo do Sapucaí,SAO GONCALO DO SAPUCAI,MG,Minas Gerais,Sudeste,Sul/Sudoeste de Minas,Santa Rita do Sapucaí
3162104,316210,São Gotardo,SAO GOTARDO,MG,Minas Gerais,Sudeste,Triângulo Mineiro/Alto Paranaíba,Patos de Minas
3162203,316220,São João Batista do Glória,SAO JOAO BATISTA DO GLORIA,MG,Minas Gerais,Sudeste,Sul/Sudoeste de Minas,Passos
3162252,316225,São João da Lagoa,SAO JOAO DA LAGOA,MG,Minas Gerais,Sudeste,Norte de Minas,Montes Claros
3162302,316230,São João da Mata,SAO JOAO DA MATA,MG,Minas Gerais,Sudeste,Sul/Sudoeste de Minas,Santa Rita do Sapucaí
3162401,316240,São João da Ponte,SAO JOAO DA PONTE,MG,Minas Gerais,Sudeste,Norte de Minas,Montes Claros
3162450,316245,São João das Missões,SAO JOAO DAS MISSOES,MG,Minas Gerais,Sudeste,Norte de Minas,Januária
3162500,316250,São João del Rei,SAO JOAO DEL REI,MG,Minas Gerais,Sudeste,Campo das Vertentes,São João Del Rei
3162559,316255,São João do Manhuaçu,SAO JOAO DO MANHUACU,MG,Minas Gerais,Sudeste,Zona da Mata,Manhuaçu
3162575,316257,São João do Manteninha,SAO JOAO DO MANTENINHA,MG,Minas Gerais,Sudeste,Vale do Rio Doce,Mantena
3162609,316260,São João do Oriente,SAO JOAO DO ORIENTE,MG,Minas Gerais,Sudeste,Vale do Rio Doce,Caratinga
3162658,316265,São João do Pacuí,SAO JOAO DO PACUI,MG,Minas Gerais,Sudeste,Norte de Minas,Montes Claros
3162708,316270,São João do Paraíso,SAO JOAO DO PARAISO,MG,Minas Gerais,Sudeste,Norte de Minas,Salinas
3162807,316280,São João Evangelista,SAO JOAO EVANGELISTA,MG,Minas Gerais,Sudeste,Vale do Rio Doce,Guanhães
3162906,316290,São João Nepomuceno,SAO JOAO NEPOMUCENO,MG,Minas Gerais,Sudeste,Zona da Mata,Juiz de Fora
3162922,316292,São Joaquim de Bicas,SAO JOAQUIM DE BICAS,MG,Minas Gerais,Sudeste,Metropolitana de Belo Horizonte,Belo Horizonte
3162948,316294,São José da Barra,SAO JOSE DA BARRA,MG,Minas Gerais,Sudeste,Sul/Sudoeste de Minas,Passos
3162955,316295,São José da Lapa,SAO JOSE DA LAPA,MG,Minas Gerais,Sudeste,Metropolitana de Belo Horizonte,Belo Horizonte
3163003,316300,São José da Safira,SAO JOSE DA SAFIRA,MG,Minas Gerais,Sudeste,Vale do Rio Doce,Governador Valadares
3163102,316310,São José da Varginha,SAO JOSE DA VARGINHA,MG,Minas Gerais,Sudeste,Metropolitana de Belo Horizonte,Pará de Minas
3163201,316320,São José do Alegre,SAO JOSE DO ALEGRE,MG,Minas Gerais,Sudeste,Sul/Sudoeste de Minas,Santa Rita do Sapucaí
3163300,316330,São José do Divino,SAO JOSE DO DIVINO,MG,Minas Gerais,Sudeste,Vale do Rio Doce,Governador Valadares
3163409,316340,São José do Goiabal,SAO JOSE DO GOIABAL,MG,Minas Gerais,Sudeste,Metropolitana de Belo Horizonte,Itabira
3163508,316350,São José do Jacuri,SAO JOSE DO JACURI,MG,Minas Gerais,Sudeste,Vale do Rio Doce,Peçanha
3163607,316360,São José do Mantimento,SAO JOSE DO MANTIMENTO,MG,Minas Gerais,Sudeste,Zona da Mata,Manhuaçu
3163706,316370,São Lourenço,SAO LOURENCO,MG,Minas Gerais,Sudeste,Sul/Sudoeste de Minas,São Lourenço
3163805,316380,São Miguel do Anta,SAO MIGUEL DO ANTA,MG,Minas Gerais,Sudeste,Zona da Mata,Viçosa
3163904,316390,São Pedro da União,SAO PEDRO DA UNIAO,MG,Minas Gerais,Sudeste,Sul/Sudoeste de Minas,São Sebastião do Paraíso
3164001,316400,São Pedro dos Ferros,SAO PEDRO DOS FERROS,MG,Minas Gerais,Sudeste,Zona da Mata,Ponte Nova
3164100,316410,São Pedro do Suaçuí,SAO PEDRO DO SUACUI,MG,Minas Gerais,Sudeste,Vale do Rio Doce,Peçanha
3164209,316420,São Romão,SAO ROMAO,MG,Minas Gerais,Sudeste,Norte de Minas,Pirapora
3164308,316430,São Roque de Minas,SAO ROQUE DE MINAS,MG,Minas Gerais,Sudeste,Oeste de Minas,Piuí
3164407,316440,São Sebastião da Bela Vista,SAO SEBASTIAO DA BELA VISTA,MG,Minas Gerais,Sudeste,Sul/Sudoeste de Minas,Santa Rita do Sapucaí
3164431,316443,São Sebastião da Vargem Alegre,SAO SEBASTIAO DA VARGEM ALEGRE,MG,Minas Gerais,Sudeste,Zona da Mata,Muriaé
3164472,316447,São Sebastião do Anta,SAO SEBASTIAO DO ANTA,MG,Minas Gerais,Sudeste,Vale do Rio Doce,Caratinga
3164506,316450,São Sebastião do Maranhão,SAO SEBASTIAO DO MARANHAO,MG,Minas Gerais,Sudeste,Vale do Rio Doce,Peçanha
3164605,316460,São Sebastião do Oeste,SAO SEBASTIAO DO OESTE,MG,Minas Gerais,Sudeste,Oeste de Minas,Divinópolis
3164704,316470,São Sebastião do Paraíso,SAO SEBASTIAO DO PARAISO,MG,Minas Gerais,Sudeste,Sul/Sudoeste de Minas,São Sebastião do Paraíso
3164803,316480,São Sebastião do Rio Preto,SAO SEBASTIAO DO RIO PRETO,MG,Minas Gerais,Sudeste,Metropolitana de Belo Horizonte,Conceição do Mato Dentro
3164902,316490,São Sebastião do Rio Verde,SAO SEBASTIAO DO RIO VERDE,MG,Minas Gerais,Sudeste,Sul/Sudoeste de Minas,São Lourenço
3165008,316500,São Tiago,SAO TIAGO,MG,Minas Gerais,Sudeste,Campo das Vertentes,São João Del Rei
3165107,316510,São Tomás de Aquino,SAO TOMAS DE AQUINO,MG,Minas Gerais,Sudeste,Sul/Sudoeste de Minas,São Sebastião do Paraíso
3165206,316520,São Tomé das Letras,SAO TOME DAS LETRAS,MG,Minas Gerais,Sudeste,Sul/Sudoeste de Minas,Varginha
3165305,316530,São Vicente de Minas,SAO VICENTE DE MINAS,MG,Minas Gerais,Sudeste,Sul/Sudoeste de Minas,Andrelândia
3165404,316540,Sapucaí-Mirim,SAPUCAI-MIRIM,MG,Minas Gerais,Sudeste,Sul/Sudoeste de Minas,Pouso Alegre
3165503,316550,Sardoá,SARDOA,MG,Minas Gerais,Sudeste,Vale do Rio Doce,Guanhães
3165537,316553,Sarzedo,SARZEDO,MG,Minas Gerais,Sudeste,Metropolitana de Belo Horizonte,Belo Horizonte
3165552,316555,Setubinha,SETUBINHA,MG,Minas Gerais,Sudeste,Vale do Mucuri,Teófilo Otoni
3165560,316556,Sem-Peixe,SEM-PEIXE,MG,Minas Gerais,Sudeste,Zona da Mata,Ponte Nova
3165578,316557,Senador Amaral,SENADOR AMARAL,MG,Minas Gerais,Sudeste,Sul/Sudoeste de Minas,Pouso Alegre
3165602,316560,Senador Cortes,SENADOR CORTES,MG,Minas Gerais,Sudeste,Zona da Mata,Juiz de Fora
3165701,316570,Senador Firmino,SENADOR FIRMINO,MG,Minas Gerais,Sudeste,Zona da Mata,Ubá
3165800,316580,Senador José Bento,SENADOR JOSE BENTO,MG,Minas Gerais,Sudeste,Sul/Sudoeste de Minas,Pouso Alegre
3165909,316590,Senador Modestino Gonçalves,SENADOR MODESTINO GONCALVES,MG,Minas Gerais,Sudeste,Jequitinhonha,Diamantina
3166006,316600,Senhora de Oliveira,SENHORA DE OLIVEIRA,MG,Minas Gerais,Sudeste,Zona da Mata,Viçosa
3166105,316610,Senhora do Porto,SENHORA DO PORTO,MG,Minas Gerais,Sudeste,Vale do Rio Doce,Guanhães
3166204,316620,Senhora dos Remédios,SENHORA DOS REMEDIOS,MG,Minas Gerais,Sudeste,Campo das Vertentes,Barbacena
3166303,316630,Sericita,SERICITA,MG,Minas Gerais,Sudeste,Zona da Mata,Ponte Nova
3166402,316640,Seritinga,SERITINGA,MG,Minas Gerais,Sudeste,Sul/Sudoeste de Minas,Andrelândia
3166501,316650,Serra Azul de Minas,SERRA AZUL DE MINAS,MG,Minas Gerais,Sudeste,Metropolitana de Belo Horizonte,Conceição do Mato Dentro
3166600,316660,Serra da Saudade,SERRA DA SAUDADE,MG,Minas Gerais,Sudeste,Central Mineira,Bom Despacho
3166709,316670,Serra dos Aimorés,SERRA DOS AIMORES,MG,Minas Gerais,Sudeste,Vale do Mucuri,Nanuque
3166808,316680,Serra do Salitre,SERRA DO SALITRE,MG,Minas Gerais,Sudeste,Triângulo Mineiro/Alto Paranaíba,Patrocínio
3166907,316690,Serrania,SERRANIA,MG,Minas Gerais,Sudeste,Sul/Sudoeste de Minas,Alfenas
3166956,316695,Serranópolis de Minas,SERRANOPOLIS DE MINAS,MG,Minas Gerais,Sudeste,Norte de Minas,Janaúba
3167004,316700,Serranos,SERRANOS,MG,Minas Gerais,Sudeste,Sul/Sudoeste de Minas,Andrelândia
3167103,316710,Serro,SERRO,MG,Minas Gerais,Sudeste,Metropolitana de Belo Horizonte,Conceição do Mato Dentro
3167202,316720,Sete Lagoas,SETE LAGOAS,MG,Minas Gerais,Sudeste,Metropolitana de Belo Horizonte,Sete Lagoas
3167301,316730,Silveirânia,SILVEIRANIA,MG,Minas Gerais,Sudeste,Zona da Mata,Ubá
3167400,316740,Silvianópolis,SILVIANOPOLIS,MG,Minas Gerais,Sudeste,Sul/Sudoeste de Minas,Santa Rita do Sapucaí
3167509,316750,Simão Pereira,SIMAO PEREIRA,MG,Minas Gerais,Sudeste,Zona da Mata,Juiz de Fora
3167608,316760,Simonésia,SIMONESIA,MG,Minas Gerais,Sudeste,Zona da Mata,Manhuaçu
3167707,316770,Sobrália,SOBRALIA,MG,Minas Gerais,Sudeste,Vale do Rio Doce,Governador Valadares
3167806,316780,Soledade de Minas,SOLEDADE DE MINAS,MG,Minas Gerais,Sudeste,Sul/Sudoeste de Minas,São Lourenço
3167905,316790,Tabuleiro,TABULEIRO,MG,Minas Gerais,Sudeste,Zona da Mata,Ubá
3168002,316800,Taiobeiras,TAIOBEIRAS,MG,Minas Gerais,Sudeste,Norte de Minas,Salinas
3168051,316805,Taparuba,TAPARUBA,MG,Minas Gerais,Sudeste,Vale do Rio Doce,Aimorés
3168101,316810,Tapira,TAPIRA,MG,Minas Gerais,Sudeste,Triângulo Mineiro/Alto Paranaíba,Araxá
3168200,316820,Tapiraí,TAPIRAI,MG,Minas Gerais,Sudeste,Oeste de Minas,Piuí
3168309,316830,Taquaraçu de Minas,TAQUARACU DE MINAS,MG,Minas Gerais,Sudeste,Metropolitana de Belo Horizonte,Itabira
3168408,316840,Tarumirim,TARUMIRIM,MG,Minas Gerais,Sudeste,Vale do Rio Doce,Caratinga
3168507,316850,Teixeiras,TEIXEIRAS,MG,Minas Gerais,Sudeste,Zona da Mata,Viçosa
3168606,316860,Teófilo Otoni,TEOFILO OTONI,MG,Minas Gerais,Sudeste,Vale do Mucuri,Teófilo Otoni
3168705,316870,Timóteo,TIMOTEO,MG,Minas Gerais,Sudeste,Vale do Rio Doce,Ipatinga
3168804,316880,Tiradentes,TIRADENTES,MG,Minas Gerais,Sudeste,Campo das Vertentes,São João Del Rei
3168903,316890,Tiros,TIROS,MG,Minas Gerais,Sudeste,Triângulo Mineiro/Alto Paranaíba,Patos de Minas
3169000,316900,Tocantins,TOCANTINS,MG,Minas Gerais,Sudeste,Zona da Mata,Ubá
3169059,316905,Tocos do Moji,TOCOS DO MOJI,MG,Minas Gerais,Sudeste,Sul/Sudoeste de Minas,Pouso Alegre
3169109,316910,Toledo,TOLEDO,MG,Minas Gerais,Sudeste,Sul/Sudoeste de Minas,Pouso Alegre
3169208,316920,Tombos,TOMBOS,MG,Minas Gerais,Sudeste,Zona da Mata,Muriaé
3169307,316930,Três Corações,TRES CORACOES,MG,Minas Gerais,Sudeste,Sul/Sudoeste de Minas,Varginha
3169356,316935,Três Marias,TRES MARIAS,MG,Minas Gerais,Sudeste,Central Mineira,Três Marias
3169406,316940,Três Pontas,TRES PONTAS,MG,Minas Gerais,Sudeste,Sul/Sudoeste de Minas,Varginha
3169505,316950,Tumiritinga,TUMIRITINGA,MG,Minas Gerais,Sudeste,Vale do Rio Doce,Governador Valadares
3169604,316960,Tupaciguara,TUPACIGUARA,MG,Minas Gerais,Sudeste,Triângulo Mineiro/Alto Paranaíba,Uberlândia
3169703,316970,Turmalina,TURMALINA,MG,Minas Gerais,Sudeste,Jequitinhonha,Capelinha
3169802,316980,Turvolândia,TURVOLANDIA,MG,Minas Gerais,Sudeste,Sul/Sudoeste de Minas,Santa Rita do Sapucaí
3169901,316990,Ubá,UBA,MG,Minas Gerais,Sudeste,Zona da Mata,Ubá
3170008,317000,Ubaí,UBAI,MG,Minas Gerais,Sudeste,Norte de Minas,Montes Claros
3170057,317005,Ubaporanga,UBAPORANGA,MG,Minas Gerais,Sudeste,Vale do Rio Doce,Caratinga
3170107,317010,Uberaba,UBERABA,MG,Minas Gerais,Sudeste,Triângulo Mineiro/Alto Paranaíba,Uberaba
3170206,317020,Uberlândia,UBERLANDIA,MG,Minas Gerais,Sudeste,Triângulo Mineiro/Alto Paranaíba,Uberlândia
3170305,317030,Umburatiba,UMBURATIBA,MG,Minas Gerais,Sudeste,Vale do Mucuri,Nanuque
3170404,317040,Unaí,UNAI,MG,Minas Gerais,Sudeste,Noroeste de Minas,Unaí
3170438,317043,União de Minas,UNIAO DE MINAS,MG,Minas Gerais,Sudeste,Triângulo Mineiro/Alto Paranaíba,Frutal
3170479,317047,Uruana de Minas,URUANA DE MINAS,MG,Minas Gerais,Sudeste,Noroeste de Minas,Unaí
3170503,317050,Urucânia,URUCANIA,MG,Minas Gerais,Sudeste,Zona da Mata,Ponte Nova
3170529,317052,Urucuia,URUCUIA,MG,Minas Gerais,Sudeste,Norte de Minas,Januária
3170578,317057,Vargem Alegre,VARGEM ALEGRE,MG,Minas Gerais,Sudeste,Vale do Rio Doce,Caratinga
3170602,317060,Vargem Bonita,VARGEM BONITA,MG,Minas Gerais,Sudeste,Oeste de Minas,Piuí
3170651,317065,Vargem Grande do Rio Pardo,VARGEM GRANDE DO RIO PARDO,MG,Minas Gerais,Sudeste,Norte de Minas,Salinas
3170701,317070,Varginha,VARGINHA,MG,Minas Gerais,Sudeste,Sul/Sudoeste de Minas,Varginha
3170750,317075,Varjão de Minas,VARJAO DE MINAS,MG,Minas Gerais,Sudeste,Noroeste de Minas,Paracatu
3170800,317080,Várzea da Palma,VARZEA DA PALMA,MG,Minas Gerais,Sudeste,Norte de Minas,Pirapora
3170909,317090,Varzelândia,VARZELANDIA,MG,Minas Gerais,Sudeste,Norte de Minas,Montes Claros
3171006,317100,Vazante,VAZANTE,MG,Minas Gerais,Sudeste,Noroeste de Minas,Paracatu
3171030,317103,Verdelândia,VERDELANDIA,MG,Minas Gerais,Sudeste,Norte de Minas,Montes Claros
3171071,317107,Veredinha,VEREDINHA,MG,Minas Gerais,Sudeste,Jequitinhonha,Capelinha
3171105,317110,Veríssimo,VERISSIMO,MG,Minas Gerais,Sudeste,Triângulo Mineiro/Alto Paranaíba,Uberaba
3171154,317115,Vermelho Novo,VERMELHO NOVO,MG,Minas Gerais,Sudeste,Zona da Mata,Ponte Nova
3171204,317120,Vespasiano,VESPASIANO,MG,Minas Gerais,Sudeste,Metropolitana de Belo Horizonte,Belo Horizonte
3171303,317130,Viçosa,VICOSA,MG,Minas Gerais,Sudeste,Zona da Mata,Viçosa
3171402,317140,Vieiras,VIEIRAS,MG,Minas Gerais,Sudeste,Zona da Mata,Muriaé
3171501,317150,Mathias Lobato,MATHIAS LOBATO,MG,Minas Gerais,Sudeste,Vale do Rio Doce,Governador Valadares
3171600,317160,Virgem da Lapa,VIRGEM DA LAPA,MG,Minas Gerais,Sudeste,Jequitinhonha,Araçuaí
3171709,317170,Virgínia,VIRGINIA,MG,Minas Gerais,Sudeste,Sul/Sudoeste de Minas,Itajubá
3171808,317180,Virginópolis,VIRGINOPOLIS,MG,Minas Gerais,Sudeste,Vale do Rio Doce,Guanhães
3171907,317190,Virgolândia,VIRGOLANDIA,MG,Minas Gerais,Sudeste,Vale do Rio Doce,Governador Valadares
3172004,317200,Visconde do Rio Branco,VISCONDE DO RIO BRANCO,MG,Minas Gerais,Sudeste,Zona da Mata,Ubá
3172103,317210,Volta Grande,VOLTA GRANDE,MG,Minas Gerais,Sudeste,Zona da Mata,Cataguases
3172202,317220,Wenceslau Braz,WENCESLAU BRAZ,MG,Minas Gerais,Sudeste,Sul/Sudoeste de Minas,Itajubá
3200102,320010,Afonso Cláudio,AFONSO CLAUDIO,ES,Espírito Santo,Sudeste,Central Espírito-santense,Afonso Cláudio
3200136,320013,Águia Branca,AGUIA BRANCA,ES,Espírito Santo,Sudeste,Noroeste Espírito-santense,Nova Venécia
3200169,320016,Água Doce do Norte,AGUA DOCE DO NORTE,ES,Espírito Santo,Sudeste,Noroeste Espírito-santense,Barra de São Francisco
3200201,320020,Alegre,ALEGRE,ES,Espírito Santo,Sudeste,Sul Espírito-santense,Alegre
3200300,320030,Alfredo Chaves,ALFREDO CHAVES,ES,Espírito Santo,Sudeste,Central Espírito-santense,Guarapari
3200359,320035,Alto Rio Novo,ALTO RIO NOVO,ES,Espírito Santo,Sudeste,Noroeste Espírito-santense,Colatina
3200409,320040,Anchieta,ANCHIETA,ES,Espírito Santo,Sudeste,Central Espírito-santense,Guarapari
3200508,320050,Apiacá,APIACA,ES,Espírito Santo,Sudeste,Sul Espírito-santense,Cachoeiro de Itapemirim
3200607,320060,Aracruz,ARACRUZ,ES,Espírito Santo,Sudeste,Litoral Norte Espírito-santense,Linhares
3200706,320070,Atílio Vivácqua,ATILIO VIVACQUA,ES,Espírito Santo,Sudeste,Sul Espírito-santense,Cachoeiro de Itapemirim
3200805,320080,Baixo Guandu,BAIXO GUANDU,ES,Espírito Santo,Sudeste,Noroeste Espírito-santense,Colatina
3200904,320090,Barra de São Francisco,BARRA DE SAO FRANCISCO,ES,Espírito Santo,Sudeste,Noroeste Espírito-santense,Barra de São Francisco
3201001,320100,Boa Esperança,BOA ESPERANCA,ES,Espírito Santo,Sudeste,Noroeste Espírito-santense,Nova Venécia
3201100,320110,Bom Jesus do Norte,BOM JESUS DO NORTE,ES,Espírito Santo,Sudeste,Sul Espírito-santense,Cachoeiro de Itapemirim
3201159,320115,Brejetuba,BREJETUBA,ES,Espírito Santo,Sudeste,Central Espírito-santense,Afonso Cláudio
3201209,320120,Cachoeiro de Itapemirim,CACHOEIRO DE ITAPEMIRIM,ES,Espírito Santo,Sudeste,Sul Espírito-santense,Cachoeiro de Itapemirim
3201308,320130,Cariacica,CARIACICA,ES,Espírito Santo,Sudeste,Central Espírito-santense,Vitória
3201407,320140,Castelo,CASTELO,ES,Espírito Santo,Sudeste,Sul Espírito-santense,Cachoeiro de Itapemirim
3201506,320150,Colatina,COLATINA,ES,Espírito Santo,Sudeste,Noroeste Espírito-santense,Colatina
3201605,320160,Conceição da Barra,CONCEICAO DA BARRA,ES,Espírito Santo,Sudeste,Litoral Norte Espírito-santense,São Mateus
3201704,320170,Conceição do Castelo,CONCEICAO DO CASTELO,ES,Espírito Santo,Sudeste,Central Espírito-santense,Afonso Cláudio
3201803,320180,Divino de São Lourenço,DIVINO DE SAO LOURENCO,ES,Espírito Santo,Sudeste,Sul Espírito-santense,Alegre
3201902,320190,Domingos Martins,DOMINGOS MARTINS,ES,Espírito Santo,Sudeste,Central Espírito-santense,Afonso Cláudio
3202009,320200,Dores do Rio Preto,DORES DO RIO PRETO,ES,Espírito Santo,Sudeste,Sul Espírito-santense,Alegre
3202108,320210,Ecoporanga,ECOPORANGA,ES,Espírito Santo,Sudeste,Noroeste Espírito-santense,Barra de São Francisco
3202207,320220,Fundão,FUNDAO,ES,Espírito Santo,Sudeste,Litoral Norte Espírito-santense,Linhares
3202256,320225,Governador Lindenberg,GOVERNADOR LINDENBERG,ES,Espírito Santo,Sudeste,Noroeste Espírito-santense,Colatina
3202306,320230,Guaçuí,GUACUI,ES,Espírito Santo,Sudeste,Sul Espírito-santense,Alegre
3202405,320240,Guarapari,GUARAPARI,ES,Espírito Santo,Sudeste,Central Espírito-santense,Guarapari
3202454,320245,Ibatiba,IBATIBA,ES,Espírito Santo,Sudeste,Sul Espírito-santense,Alegre
3202504,320250,Ibiraçu,IBIRACU,ES,Espírito Santo,Sudeste,Litoral Norte Espírito-santense,Linhares
3202553,320255,Ibitirama,IBITIRAMA,ES,Espírito Santo,Sudeste,Sul Espírito-santense,Alegre
3202603,320260,Iconha,ICONHA,ES,Espírito Santo,Sudeste,Central Espírito-santense,Guarapari
3202652,320265,Irupi,IRUPI,ES,Espírito Santo,Sudeste,Sul Espírito-santense,Alegre
3202702,320270,Itaguaçu,ITAGUACU,ES,Espírito Santo,Sudeste,Central Espírito-santense,Santa Teresa
3202801,320280,Itapemirim,ITAPEMIRIM,ES,Espírito Santo,Sudeste,Sul Espírito-santense,Itapemirim
3202900,320290,Itarana,ITARANA,ES,Espírito Santo,Sudeste,Central Espírito-santense,Santa Teresa
3203007,320300,Iúna,IUNA,ES,Espírito Santo,Sudeste,Sul Espírito-santense,Alegre
3203056,320305,Jaguaré,JAGUARE,ES,Espírito Santo,Sudeste,Litoral Norte Espírito-santense,São Mateus
3203106,320310,Jerônimo Monteiro,JERONIMO MONTEIRO,ES,Espírito Santo,Sudeste,Sul Espírito-santense,Cachoeiro de Itapemirim
3203130,320313,João Neiva,JOAO NEIVA,ES,Espírito Santo,Sudeste,Litoral Norte Espírito-santense,Linhares
3203163,320316,Laranja da Terra,LARANJA DA TERRA,ES,Espírito Santo,Sudeste,Central Espírito-santense,Afonso Cláudio
3203205,320320,Linhares,LINHARES,ES,Espírito Santo,Sudeste,Litoral Norte Espírito-santense,Linhares
3203304,320330,Mantenópolis,MANTENOPOLIS,ES,Espírito Santo,Sudeste,Noroeste Espírito-santense,Barra de São Francisco
3203320,320332,Marataízes,MARATAIZES,ES,Espírito Santo,Sudeste,Sul Espírito-santense,Itapemirim
3203346,320334,Marechal Floriano,MARECHAL FLORIANO,ES,Espírito Santo,Sudeste,Central Espírito-santense,Afonso Cláudio
3203353,320335,Marilândia,MARILANDIA,ES,Espírito Santo,Sudeste,Noroeste Espírito-santense,Colatina
3203403,320340,Mimoso do Sul,MIMOSO DO SUL,ES,Espírito Santo,Sudeste,Sul Espírito-santense,Cachoeiro de Itapemirim
3203502,320350,Montanha,MONTANHA,ES,Espírito Santo,Sudeste,Litoral Norte Espírito-santense,Montanha
3203601,320360,Mucurici,MUCURICI,ES,Espírito Santo,Sudeste,Litoral Norte Espírito-santense,Montanha
3203700,320370,Muniz Freire,MUNIZ FREIRE,ES,Espírito Santo,Sudeste,Sul Espírito-santense,Alegre
3203809,320380,Muqui,MUQUI,ES,Espírito Santo,Sudeste,Sul Espírito-santense,Cachoeiro de Itapemirim
3203908,320390,Nova Venécia,NOVA VENECIA,ES,Espírito Santo,Sudeste,Noroeste Espírito-santense,Nova Venécia
3204005,320400,Pancas,PANCAS,ES,Espírito Santo,Sudeste,Noroeste Espírito-santense,Colatina
3204054,320405,Pedro Canário,PEDRO CANARIO,ES,Espírito Santo,Sudeste,Litoral Norte Espírito-santense,São Mateus
3204104,320410,Pinheiros,PINHEIROS,ES,Espírito Santo,Sudeste,Litoral Norte Espírito-santense,Montanha
3204203,320420,Piúma,PIUMA,ES,Espírito Santo,Sudeste,Central Espírito-santense,Guarapari
3204252,320425,Ponto Belo,PONTO BELO,ES,Espírito Santo,Sudeste,Litoral Norte Espírito-santense,Montanha
3204302,320430,Presidente Kennedy,PRESIDENTE KENNEDY,ES,Espírito Santo,Sudeste,Sul Espírito-santense,Itapemirim
3204351,320435,Rio Bananal,RIO BANANAL,ES,Espírito Santo,Sudeste,Litoral Norte Espírito-santense,Linhares
3204401,320440,Rio Novo do Sul,RIO NOVO DO SUL,ES,Espírito Santo,Sudeste,Central Espírito-santense,Guarapari
3204500,320450,Santa Leopoldina,SANTA LEOPOLDINA,ES,Espírito Santo,Sudeste,Central Espírito-santense,Santa Teresa
3204559,320455,Santa Maria de Jetibá,SANTA MARIA DE JETIBA,ES,Espírito Santo,Sudeste,Central Espírito-santense,Santa Teresa
3204609,320460,Santa Teresa,SANTA TERESA,ES,Espírito Santo,Sudeste,Central Espírito-santense,Santa Teresa
3204658,320465,São Domingos do Norte,SAO DOMINGOS DO NORTE,ES,Espírito Santo,Sudeste,Noroeste Espírito-santense,Colatina
3204708,320470,São Gabriel da Palha,SAO GABRIEL DA PALHA,ES,Espírito Santo,Sudeste,Noroeste Espírito-santense,Nova Venécia
3204807,320480,São José do Calçado,SAO JOSE DO CALCADO,ES,Espírito Santo,Sudeste,Sul Espírito-santense,Cachoeiro de Itapemirim
3204906,320490,São Mateus,SAO MATEUS,ES,Espírito Santo,Sudeste,Litoral Norte Espírito-santense,São Mateus
3204955,320495,São Roque do Canaã,SAO ROQUE DO CANAA,ES,Espírito Santo,Sudeste,Central Espírito-santense,Santa Teresa
3205002,320500,Serra,SERRA,ES,Espírito Santo,Sudeste,Central Espírito-santense,Vitória
3205010,320501,Sooretama,SOORETAMA,ES,Espírito Santo,Sudeste,Litoral Norte Espírito-santense,Linhares
3205036,320503,Vargem Alta,VARGEM ALTA,ES,Espírito Santo,Sudeste,Sul Espírito-santense,Cachoeiro de Itapemirim
3205069,320506,Venda Nova do Imigrante,VENDA NOVA DO IMIGRANTE,ES,Espírito Santo,Sudeste,Central Espírito-santense,Afonso Cláudio
3205101,320510,Viana,VIANA,ES,Espírito Santo,Sudeste,Central Espírito-santense,Vitória
3205150,320515,Vila Pavão,VILA PAVAO,ES,Espírito Santo,Sudeste,Noroeste Espírito-santense,Nova Venécia
3205176,320517,Vila Valério,VILA VALERIO,ES,Espírito Santo,Sudeste,Noroeste Espírito-santense,Nova Venécia
3205200,320520,Vila Velha,VILA VELHA,ES,Espírito Santo,Sudeste,Central Espírito-santense,Vitória
3205309,320530,Vitória,VITORIA,ES,Espírito Santo,Sudeste,Central Espírito-santense,Vitória
3300100,330010,Angra dos Reis,ANGRA DOS REIS,RJ,Rio de Janeiro,Sudeste,Sul Fluminense,Baía da Ilha Grande
3300159,330015,Aperibé,APERIBE,RJ,Rio de Janeiro,Sudeste,Noroeste Fluminense,Santo Antônio de Pádua
3300209,330020,Araruama,ARARUAMA,RJ,Rio de Janeiro,Sudeste,Baixadas,Lagos
3300225,330022,Areal,AREAL,RJ,Rio de Janeiro,Sudeste,Centro Fluminense,Três Rios
3300233,330023,Armação dos Búzios,ARMACAO DOS BUZIOS,RJ,Rio de Janeiro,Sudeste,Baixadas,Lagos
3300258,330025,Arraial do Cabo,ARRAIAL DO CABO,RJ,Rio de Janeiro,Sudeste,Baixadas,Lagos
3300308,330030,Barra do Piraí,BARRA DO PIRAI,RJ,Rio de Janeiro,Sudeste,Sul Fluminense,Barra do Piraí
3300407,330040,Barra Mansa,BARRA MANSA,RJ,Rio de Janeiro,Sudeste,Sul Fluminense,Vale do Paraíba Fluminense
3300456,330045,Belford Roxo,BELFORD ROXO,RJ,Rio de Janeiro,Sudeste,Metropolitana do Rio de Janeiro,Rio de Janeiro
3300506,330050,Bom Jardim,BOM JARDIM,RJ,Rio de Janeiro,Sudeste,Centro Fluminense,Nova Friburgo
3300605,330060,Bom Jesus do Itabapoana,BOM JESUS DO ITABAPOANA,RJ,Rio de Janeiro,Sudeste,Noroeste Fluminense,Itaperuna
3300704,330070,Cabo Frio,CABO FRIO,RJ,Rio de Janeiro,Sudeste,Baixadas,Lagos
3300803,330080,Cachoeiras de Macacu,CACHOEIRAS DE MACACU,RJ,Rio de Janeiro,Sudeste,Metropolitana do Rio de Janeiro,Macacu-Caceribu
3300902,330090,Cambuci,CAMBUCI,RJ,Rio de Janeiro,Sudeste,Noroeste Fluminense,Santo Antônio de Pádua
3300936,330093,Carapebus,CARAPEBUS,RJ,Rio de Janeiro,Sudeste,Norte Fluminense,Macaé
3300951,330095,Comendador Levy Gasparian,COMENDADOR LEVY GASPARIAN,RJ,Rio de Janeiro,Sudeste,Centro Fluminense,Três Rios
3301009,330100,Campos dos Goytacazes,CAMPOS DOS GOYTACAZES,RJ,Rio de Janeiro,Sudeste,Norte Fluminense,Campos dos Goytacazes
3301108,330110,Cantagalo,CANTAGALO,RJ,Rio de Janeiro,Sudeste,Centro Fluminense,Cantagalo-Cordeiro
3301157,330115,Cardoso Moreira,CARDOSO MOREIRA,RJ,Rio de Janeiro,Sudeste,Norte Fluminense,Campos dos Goytacazes
3301207,330120,Carmo,CARMO,RJ,Rio de Janeiro,Sudeste,Centro Fluminense,Cantagalo-Cordeiro
3301306,330130,Casimiro de Abreu,CASIMIRO DE ABREU,RJ,Rio de Janeiro,Sudeste,Baixadas,Bacia de São João
3301405,330140,Conceição de Macabu,CONCEICAO DE MACABU,RJ,Rio de Janeiro,Sudeste,Norte Fluminense,Macaé
3301504,330150,Cordeiro,CORDEIRO,RJ,Rio de Janeiro,Sudeste,Centro Fluminense,Cantagalo-Cordeiro
3301603,330160,Duas Barras,DUAS BARRAS,RJ,Rio de Janeiro,Sudeste,Centro Fluminense,Nova Friburgo
3301702,330170,Duque de Caxias,DUQUE DE CAXIAS,RJ,Rio de Janeiro,Sudeste,Metropolitana do Rio de Janeiro,Rio de Janeiro
3301801,330180,Engenheiro Paulo de Frontin,ENGENHEIRO PAULO DE FRONTIN,RJ,Rio de Janeiro,Sudeste,Metropolitana do Rio de Janeiro,Vassouras
3301850,330185,Guapimirim,GUAPIMIRIM,RJ,Rio de Janeiro,Sudeste,Metropolitana do Rio de Janeiro,Rio de Janeiro
3301876,330187,Iguaba Grande,IGUABA GRANDE,RJ,Rio de Janeiro,Sudeste,Baixadas,Lagos
3301900,330190,Itaboraí,ITABORAI,RJ,Rio de Janeiro,Sudeste,Metropolitana do Rio de Janeiro,Rio de Janeiro
3302007,330200,Itaguaí,ITAGUAI,RJ,Rio de Janeiro,Sudeste,Metropolitana do Rio de Janeiro,Itaguaí
3302056,330205,Italva,ITALVA,RJ,Rio de Janeiro,Sudeste,Noroeste Fluminense,Itaperuna
3302106,330210,Itaocara,ITAOCARA,RJ,Rio de Janeiro,Sudeste,Noroeste Fluminense,Santo Antônio de Pádua
3302205,330220,Itaperuna,ITAPERUNA,RJ,Rio de Janeiro,Sudeste,Noroeste Fluminense,Itaperuna
3302254,330225,Itatiaia,ITATIAIA,RJ,Rio de Janeiro,Sudeste,Sul Fluminense,Vale do Paraíba Fluminense
3302270,330227,Japeri,JAPERI,RJ,Rio de Janeiro,Sudeste,Metropolitana do Rio de Janeiro,Rio de Janeiro
3302304,330230,Laje do Muriaé,LAJE DO MURIAE,RJ,Rio de Janeiro,Sudeste,Noroeste Fluminense,Itaperuna
3302403,330240,Macaé,MACAE,RJ,Rio de Janeiro,Sudeste,Norte Fluminense,Macaé
3302452,330245,Macuco,MACUCO,RJ,Rio de Janeiro,Sudeste,Centro Fluminense,Cantagalo-Cordeiro
3302502,330250,Magé,MAGE,RJ,Rio de Janeiro,Sudeste,Metropolitana do Rio de Janeiro,Rio de Janeiro
3302601,330260,Mangaratiba,MANGARATIBA,RJ,Rio de Janeiro,Sudeste,Metropolitana do Rio de Janeiro,Itaguaí
3302700,330270,Maricá,MARICA,RJ,Rio de Janeiro,Sudeste,Metropolitana do Rio de Janeiro,Rio de Janeiro
3302809,330280,Mendes,MENDES,RJ,Rio de Janeiro,Sudeste,Metropolitana do Rio de Janeiro,Vassouras
3302858,330285,Mesquita,MESQUITA,RJ,Rio de Janeiro,Sudeste,Metropolitana do Rio de Janeiro,Rio de Janeiro
3302908,330290,Miguel Pereira,MIGUEL PEREIRA,RJ,Rio de Janeiro,Sudeste,Metropolitana do Rio de Janeiro,Vassouras
3303005,330300,Miracema,MIRACEMA,RJ,Rio de Janeiro,Sudeste,Noroeste Fluminense,Santo Antônio de Pádua
3303104,330310,Natividade,NATIVIDADE,RJ,Rio de Janeiro,Sudeste,Noroeste Fluminense,Itaperuna
3303203,330320,Nilópolis,NILOPOLIS,RJ,Rio de Janeiro,Sudeste,Metropolitana do Rio de Janeiro,Rio de Janeiro
3303302,330330,Niterói,NITEROI,RJ,Rio de Janeiro,Sudeste,Metropolitana do Rio de Janeiro,Rio de Janeiro
3303401,330340,Nova Friburgo,NOVA FRIBURGO,RJ,Rio de Janeiro,Sudeste,Centro Fluminense,Nova Friburgo
3303500,330350,Nova Iguaçu,NOVA IGUACU,RJ,Rio de Janeiro,Sudeste,Metropolitana do Rio de Janeiro,Rio de Janeiro
3303609,330360,Paracambi,PARACAMBI,RJ,Rio de Janeiro,Sudeste,Metropolitana do Rio de Janeiro,Vassouras
3303708,330370,Paraíba do Sul,PARAIBA DO SUL,RJ,Rio de Janeiro,Sudeste,Centro Fluminense,Três Rios
3303807,330380,Paraty,PARATY,RJ,Rio de Janeiro,Sudeste,Sul Fluminense,Baía da Ilha Grande
3303856,330385,Paty do Alferes,PATY DO ALFERES,RJ,Rio de Janeiro,Sudeste,Metropolitana do Rio de Janeiro,Vassouras
3303906,330390,Petrópolis,PETROPOLIS,RJ,Rio de Janeiro,Sudeste,Metropolitana do Rio de Janeiro,Serrana
3303955,330395,Pinheiral,PINHEIRAL,RJ,Rio de Janeiro,Sudeste,Sul Fluminense,Vale do Paraíba Fluminense
3304003,330400,Piraí,PIRAI,RJ,Rio de Janeiro,Sudeste,Sul Fluminense,Vale do Paraíba Fluminense
3304102,330410,Porciúncula,PORCIUNCULA,RJ,Rio de Janeiro,Sudeste,Noroeste Fluminense,Itaperuna
3304110,330411,Porto Real,PORTO REAL,RJ,Rio de Janeiro,Sudeste,Sul Fluminense,Vale do Paraíba Fluminense
3304128,330412,Quatis,QUATIS,RJ,Rio de Janeiro,Sudeste,Sul Fluminense,Vale do Paraíba Fluminense
3304144,330414,Queimados,QUEIMADOS,RJ,Rio de Janeiro,Sudeste,Metropolitana do Rio de Janeiro,Rio de Janeiro
3304151,330415,Quissamã,QUISSAMA,RJ,Rio de Janeiro,Sudeste,Norte Fluminense,Macaé
3304201,330420,Resende,RESENDE,RJ,Rio de Janeiro,Sudeste,Sul Fluminense,Vale do Paraíba Fluminense
3304300,330430,Rio Bonito,RIO BONITO,RJ,Rio de Janeiro,Sudeste,Metropolitana do Rio de Janeiro,Macacu-Caceribu
3304409,330440,Rio Claro,RIO CLARO,RJ,Rio de Janeiro,Sudeste,Sul Fluminense,Vale do Paraíba Fluminense
3304508,330450,Rio das Flores,RIO DAS FLORES,RJ,Rio de Janeiro,Sudeste,Sul Fluminense,Barra do Piraí
3304524,330452,Rio das Ostras,RIO DAS OSTRAS,RJ,Rio de Janeiro,Sudeste,Baixadas,Bacia de São João
3304557,330455,Rio de Janeiro,RIO DE JANEIRO,RJ,Rio de Janeiro,Sudeste,Metropolitana do Rio de Janeiro,Rio de Janeiro
3304607,330460,Santa Maria Madalena,SANTA MARIA MADALENA,RJ,Rio de Janeiro,Sudeste,Centro Fluminense,Santa Maria Madalena
3304706,330470,Santo Antônio de Pádua,SANTO ANTONIO DE PADUA,RJ,Rio de Janeiro,Sudeste,Noroeste Fluminense,Santo Antônio de Pádua
3304755,330475,São Francisco de Itabapoana,SAO FRANCISCO DE ITABAPOANA,RJ,Rio de Janeiro,Sudeste,Norte Fluminense,Campos dos Goytacazes
3304805,330480,São Fidélis,SAO FIDELIS,RJ,Rio de Janeiro,Sudeste,Norte Fluminense,Campos dos Goytacazes
3304904,330490,São Gonçalo,SAO GONCALO,RJ,Rio de Janeiro,Sudeste,Metropolitana do Rio de Janeiro,Rio de Janeiro
3305000,330500,São João da Barra,SAO JOAO DA BARRA,RJ,Rio de Janeiro,Sudeste,Norte Fluminense,Campos dos Goytacazes
3305109,330510,São João de Meriti,SAO JOAO DE MERITI,RJ,Rio de Janeiro,Sudeste,Metropolitana do Rio de Janeiro,Rio de Janeiro
3305133,330513,São José de Ubá,SAO JOSE DE UBA,RJ,Rio de Janeiro,Sudeste,Noroeste Fluminense,Santo Antônio de Pádua
3305158,330515,São José do Vale do Rio Preto,SAO JOSE DO VALE DO RIO PRETO,RJ,Rio de Janeiro,Sudeste,Metropolitana do Rio de Janeiro,Serrana
3305208,330520,São Pedro da Aldeia,SAO PEDRO DA ALDEIA,RJ,Rio de Janeiro,Sudeste,Baixadas,Lagos
3305307,330530,São Sebastião do Alto,SAO SEBASTIAO DO ALTO,RJ,Rio de Janeiro,Sudeste,Centro Fluminense,Santa Maria Madalena
3305406,330540,Sapucaia,SAPUCAIA,RJ,Rio de Janeiro,Sudeste,Centro Fluminense,Três Rios
3305505,330550,Saquarema,SAQUAREMA,RJ,Rio de Janeiro,Sudeste,Baixadas,Lagos
3305554,330555,Seropédica,SEROPEDICA,RJ,Rio de Janeiro,Sudeste,Metropolitana do Rio de Janeiro,Itaguaí
3305604,330560,Silva Jardim,SILVA JARDIM,RJ,Rio de Janeiro,Sudeste,Baixadas,Bacia de São João
3305703,330570,Sumidouro,SUMIDOURO,RJ,Rio de Janeiro,Sudeste,Centro Fluminense,Nova Friburgo
3305752,330575,Tanguá,TANGUA,RJ,Rio de Janeiro,Sudeste,Metropolitana do Rio de Janeiro,Rio de Janeiro
3305802,330580,Teresópolis,TERESOPOLIS,RJ,Rio de Janeiro,Sudeste,Metropolitana do Rio de Janeiro,Serrana
3305901,330590,Trajano de Moraes,TRAJANO DE MORAES,RJ,Rio de Janeiro,Sudeste,Centro Fluminense,Santa Maria Madalena
3306008,330600,Três Rios,TRES RIOS,RJ,Rio de Janeiro,Sudeste,Centro Fluminense,Três Rios
3306107,330610,Valença,VALENCA,RJ,Rio de Janeiro,Sudeste,Sul Fluminense,Barra do Piraí
3306156,330615,Varre-Sai,VARRE-SAI,RJ,Rio de Janeiro,Sudeste,Noroeste Fluminense,Itaperuna
3306206,330620,Vassouras,VASSOURAS,RJ,Rio de Janeiro,Sudeste,Metropolitana do Rio de Janeiro,Vassouras
3306305,330630,Volta Redonda,VOLTA REDONDA,RJ,Rio de Janeiro,Sudeste,Sul Fluminense,Vale do Paraíba Fluminense
3500105,350010,Adamantina,ADAMANTINA,SP,São Paulo,Sudeste,Presidente Prudente,Adamantina
3500204,350020,Adolfo,ADOLFO,SP,São Paulo,Sudeste,São José do Rio Preto,São José do Rio Preto
3500303,350030,Aguaí,AGUAI,SP,São Paulo,Sudeste,Campinas,Pirassununga
3500402,350040,Águas da Prata,AGUAS DA PRATA,SP,São Paulo,Sudeste,Campinas,São João da Boa Vista
3500501,350050,Águas de Lindóia,AGUAS DE LINDOIA,SP,São Paulo,Sudeste,Campinas,Amparo
3500550,350055,Águas de Santa Bárbara,AGUAS DE SANTA BARBARA,SP,São Paulo,Sudeste,Bauru,Avaré
3500600,350060,Águas de São Pedro,AGUAS DE SAO PEDRO,SP,São Paulo,Sudeste,Piracicaba,Piracicaba
3500709,350070,Agudos,AGUDOS,SP,São Paulo,Sudeste,Bauru,Bauru
3500758,350075,Alambari,ALAMBARI,SP,São Paulo,Sudeste,Itapetininga,Itapetininga
3500808,350080,Alfredo Marcondes,ALFREDO MARCONDES,SP,São Paulo,Sudeste,Presidente Prudente,Presidente Prudente
3500907,350090,Altair,ALTAIR,SP,São Paulo,Sudeste,São José do Rio Preto,São José do Rio Preto
3501004,350100,Altinópolis,ALTINOPOLIS,SP,São Paulo,Sudeste,Ribeirão Preto,Batatais
3501103,350110,Alto Alegre,ALTO ALEGRE,SP,São Paulo,Sudeste,Araçatuba,Birigui
3501152,350115,Alumínio,ALUMINIO,SP,São Paulo,Sudeste,Macro Metropolitana Paulista,Sorocaba
3501202,350120,Álvares Florence,ALVARES FLORENCE,SP,São Paulo,Sudeste,São José do Rio Preto,Votuporanga
3501301,350130,Álvares Machado,ALVARES MACHADO,SP,São Paulo,Sudeste,Presidente Prudente,Presidente Prudente
3501400,350140,Álvaro de Carvalho,ALVARO DE CARVALHO,SP,São Paulo,Sudeste,Marília,Marília
3501509,350150,Alvinlândia,ALVINLANDIA,SP,São Paulo,Sudeste,Marília,Marília
3501608,350160,Americana,AMERICANA,SP,São Paulo,Sudeste,Campinas,Campinas
3501707,350170,Américo Brasiliense,AMERICO BRASILIENSE,SP,São Paulo,Sudeste,Araraquara,Araraquara
3501806,350180,Américo de Campos,AMERICO DE CAMPOS,SP,São Paulo,Sudeste,São José do Rio Preto,Votuporanga
3501905,350190,Amparo,AMPARO,SP,São Paulo,Sudeste,Campinas,Amparo
3502002,350200,Analândia,ANALANDIA,SP,São Paulo,Sudeste,Araraquara,São Carlos
3502101,350210,Andradina,ANDRADINA,SP,São Paulo,Sudeste,Araçatuba,Andradina
3502200,350220,Angatuba,ANGATUBA,SP,São Paulo,Sudeste,Itapetininga,Itapetininga
3502309,350230,Anhembi,ANHEMBI,SP,São Paulo,Sudeste,Bauru,Botucatu
3502408,350240,Anhumas,ANHUMAS,SP,São Paulo,Sudeste,Presidente Prudente,Presidente Prudente
3502507,350250,Aparecida,APARECIDA,SP,São Paulo,Sudeste,Vale do Paraíba Paulista,Guaratinguetá
3502606,350260,Aparecida d'Oeste,APARECIDA D'OESTE,SP,São Paulo,Sudeste,São José do Rio Preto,Jales
3502705,350270,Apiaí,APIAI,SP,São Paulo,Sudeste,Itapetininga,Capão Bonito
3502754,350275,Araçariguama,ARACARIGUAMA,SP,São Paulo,Sudeste,Macro Metropolitana Paulista,Sorocaba
3502804,350280,Araçatuba,ARACATUBA,SP,São Paulo,Sudeste,Araçatuba,Araçatuba
3502903,350290,Araçoiaba da Serra,ARACOIABA DA SERRA,SP,São Paulo,Sudeste,Macro Metropolitana Paulista,Sorocaba
3503000,350300,Aramina,ARAMINA,SP,São Paulo,Sudeste,Ribeirão Preto,Ituverava
3503109,350310,Arandu,ARANDU,SP,São Paulo,Sudeste,Bauru,Avaré
3503158,350315,Arapeí,ARAPEI,SP,São Paulo,Sudeste,Vale do Paraíba Paulista,Bananal
3503208,350320,Araraquara,ARARAQUARA,SP,São Paulo,Sudeste,Araraquara,Araraquara
3503307,350330,Araras,ARARAS,SP,São Paulo,Sudeste,Piracicaba,Limeira
3503356,350335,Arco-Íris,ARCO-IRIS,SP,São Paulo,Sudeste,Marília,Tupã
3503406,350340,Arealva,AREALVA,SP,São Paulo,Sudeste,Bauru,Bauru
3503505,350350,Areias,AREIAS,SP,São Paulo,Sudeste,Vale do Paraíba Paulista,Bananal
3503604,350360,Areiópolis,AREIOPOLIS,SP,São Paulo,Sudeste,Bauru,Bauru
3503703,350370,Ariranha,ARIRANHA,SP,São Paulo,Sudeste,São José do Rio Preto,Catanduva
3503802,350380,Artur Nogueira,ARTUR NOGUEIRA,SP,São Paulo,Sudeste,Campinas,Mogi Mirim
3503901,350390,Arujá,ARUJA,SP,São Paulo,Sudeste,Metropolitana de São Paulo,Guarulhos
3503950,350395,Aspásia,ASPASIA,SP,São Paulo,Sudeste,São José do Rio Preto,Jales
3504008,350400,Assis,ASSIS,SP,São Paulo,Sudeste,Assis,Assis
3504107,350410,Atibaia,ATIBAIA,SP,São Paulo,Sudeste,Macro Metropolitana Paulista,Bragança Paulista
3504206,350420,Auriflama,AURIFLAMA,SP,São Paulo,Sudeste,São José do Rio Preto,Auriflama
3504305,350430,Avaí,AVAI,SP,São Paulo,Sudeste,Bauru,Bauru
3504404,350440,Avanhandava,AVANHANDAVA,SP,São Paulo,Sudeste,Araçatuba,Birigui
3504503,350450,Avaré,AVARE,SP,São Paulo,Sudeste,Bauru,Avaré
3504602,350460,Bady Bassitt,BADY BASSITT,SP,São Paulo,Sudeste,São José do Rio Preto,São José do Rio Preto
3504701,350470,Balbinos,BALBINOS,SP,São Paulo,Sudeste,Bauru,Bauru
3504800,350480,Bálsamo,BALSAMO,SP,São Paulo,Sudeste,São José do Rio Preto,São José do Rio Preto
3504909,350490,Bananal,BANANAL,SP,São Paulo,Sudeste,Vale do Paraíba Paulista,Bananal
3505005,350500,Barão de Antonina,BARAO DE ANTONINA,SP,São Paulo,Sudeste,Itapetininga,Itapeva
3505104,350510,Barbosa,BARBOSA,SP,São Paulo,Sudeste,Araçatuba,Birigui
3505203,350520,Bariri,BARIRI,SP,São Paulo,Sudeste,Bauru,Jaú
3505302,350530,Barra Bonita,BARRA BONITA,SP,São Paulo,Sudeste,Bauru,Jaú
3505351,350535,Barra do Chapéu,BARRA DO CHAPEU,SP,São Paulo,Sudeste,Itapetininga,Capão Bonito
3505401,350540,Barra do Turvo,BARRA DO TURVO,SP,São Paulo,Sudeste,Litoral Sul Paulista,Registro
3505500,350550,Barretos,BARRETOS,SP,São Paulo,Sudeste,Ribeirão Preto,Barretos
3505609,350560,Barrinha,BARRINHA,SP,São Paulo,Sudeste,Ribeirão Preto,Ribeirão Preto
3505708,350570,Barueri,BARUERI,SP,São Paulo,Sudeste,Metropolitana de São Paulo,Osasco
3505807,350580,Bastos,BASTOS,SP,São Paulo,Sudeste,Marília,Tupã
3505906,350590,Batatais,BATATAIS,SP,São Paulo,Sudeste,Ribeirão Preto,Batatais
3506003,350600,Bauru,BAURU,SP,São Paulo,Sudeste,Bauru,Bauru
3506102,350610,Bebedouro,BEBEDOURO,SP,São Paulo,Sudeste,Ribeirão Preto,Jaboticabal
3506201,350620,Bento de Abreu,BENTO DE ABREU,SP,São Paulo,Sudeste,Araçatuba,Araçatuba
3506300,350630,Bernardino de Campos,BERNARDINO DE CAMPOS,SP,São Paulo,Sudeste,Assis,Ourinhos
3506359,350635,Bertioga,BERTIOGA,SP,São Paulo,Sudeste,Metropolitana de São Paulo,Santos
3506409,350640,Bilac,BILAC,SP,São Paulo,Sudeste,Araçatuba,Birigui
3506508,350650,Birigui,BIRIGUI,SP,São Paulo,Sudeste,Araçatuba,Birigui
3506607,350660,Biritiba Mirim,BIRITIBA MIRIM,SP,São Paulo,Sudeste,Metropolitana de São Paulo,Mogi das Cruzes
3506706,350670,Boa Esperança do Sul,BOA ESPERANCA DO SUL,SP,São Paulo,Sudeste,Araraquara,Araraquara
3506805,350680,Bocaina,BOCAINA,SP,São Paulo,Sudeste,Bauru,Jaú
3506904,350690,Bofete,BOFETE,SP,São Paulo,Sudeste,Bauru,Botucatu
3507001,350700,Boituva,BOITUVA,SP,São Paulo,Sudeste,Itapetininga,Tatuí
3507100,350710,Bom Jesus dos Perdões,BOM JESUS DOS PERDOES,SP,São Paulo,Sudeste,Macro Metropolitana Paulista,Bragança Paulista
3507159,350715,Bom Sucesso de Itararé,BOM SUCESSO DE ITARARE,SP,São Paulo,Sudeste,Itapetininga,Itapeva
3507209,350720,Borá,BORA,SP,São Paulo,Sudeste,Assis,Assis
3507308,350730,Boracéia,BORACEIA,SP,São Paulo,Sudeste,Bauru,Jaú
3507407,350740,Borborema,BORBOREMA,SP,São Paulo,Sudeste,Araraquara,Araraquara
3507456,350745,Borebi,BOREBI,SP,São Paulo,Sudeste,Bauru,Bauru
3507506,350750,Botucatu,BOTUCATU,SP,São Paulo,Sudeste,Bauru,Botucatu
3507605,350760,Bragança Paulista,BRAGANCA PAULISTA,SP,São Paulo,Sudeste,Macro Metropolitana Paulista,Bragança Paulista
3507704,350770,Braúna,BRAUNA,SP,São Paulo,Sudeste,Araçatuba,Birigui
3507753,350775,Brejo Alegre,BREJO ALEGRE,SP,São Paulo,Sudeste,Araçatuba,Birigui
3507803,350780,Brodowski,BRODOWSKI,SP,São Paulo,Sudeste,Ribeirão Preto,Ribeirão Preto
3507902,350790,Brotas,BROTAS,SP,São Paulo,Sudeste,Piracicaba,Rio Claro
3508009,350800,Buri,BURI,SP,São Paulo,Sudeste,Itapetininga,Itapeva
3508108,350810,Buritama,BURITAMA,SP,São Paulo,Sudeste,Araçatuba,Birigui
3508207,350820,Buritizal,BURITIZAL,SP,São Paulo,Sudeste,Ribeirão Preto,Ituverava
3508306,350830,Cabrália Paulista,CABRALIA PAULISTA,SP,São Paulo,Sudeste,Bauru,Bauru
3508405,350840,Cabreúva,CABREUVA,SP,São Paulo,Sudeste,Macro Metropolitana Paulista,Sorocaba
3508504,350850,Caçapava,CACAPAVA,SP,São Paulo,Sudeste,Vale do Paraíba Paulista,São José dos Campos
3508603,350860,Cachoeira Paulista,CACHOEIRA PAULISTA,SP,São Paulo,Sudeste,Vale do Paraíba Paulista,Guaratinguetá
3508702,350870,Caconde,CACONDE,SP,São Paulo,Sudeste,Campinas,São João da Boa Vista
3508801,350880,Cafelândia,CAFELANDIA,SP,São Paulo,Sudeste,Bauru,Lins
3508900,350890,Caiabu,CAIABU,SP,São Paulo,Sudeste,Presidente Prudente,Presidente Prudente
3509007,350900,Caieiras,CAIEIRAS,SP,São Paulo,Sudeste,Metropolitana de São Paulo,Franco da Rocha
3509106,350910,Caiuá,CAIUA,SP,São Paulo,Sudeste,Presidente Prudente,Presidente Prudente
3509205,350920,Cajamar,CAJAMAR,SP,São Paulo,Sudeste,Metropolitana de São Paulo,Osasco
3509254,350925,Cajati,CAJATI,SP,São Paulo,Sudeste,Litoral Sul Paulista,Registro
3509304,350930,Cajobi,CAJOBI,SP,São Paulo,Sudeste,São José do Rio Preto,Catanduva
3509403,350940,Cajuru,CAJURU,SP,São Paulo,Sudeste,Ribeirão Preto,Batatais
3509452,350945,Campina do Monte Alegre,CAMPINA DO MONTE ALEGRE,SP,São Paulo,Sudeste,Itapetininga,Itapetininga
3509502,350950,Campinas,CAMPINAS,SP,São Paulo,Sudeste,Campinas,Campinas
3509601,350960,Campo Limpo Paulista,CAMPO LIMPO PAULISTA,SP,São Paulo,Sudeste,Macro Metropolitana Paulista,Jundiaí
3509700,350970,Campos do Jordão,CAMPOS DO JORDAO,SP,São Paulo,Sudeste,Vale do Paraíba Paulista,Campos do Jordão
3509809,350980,Campos Novos Paulista,CAMPOS NOVOS PAULISTA,SP,São Paulo,Sudeste,Assis,Assis
3509908,350990,Cananéia,CANANEIA,SP,São Paulo,Sudeste,Litoral Sul Paulista,Registro
3509957,350995,Canas,CANAS,SP,São Paulo,Sudeste,Vale do Paraíba Paulista,Guaratinguetá
3510005,351000,Cândido Mota,CANDIDO MOTA,SP,São Paulo,Sudeste,Assis,Assis
3510104,351010,Cândido Rodrigues,CANDIDO RODRIGUES,SP,São Paulo,Sudeste,Ribeirão Preto,Jaboticabal
3510153,351015,Canitar,CANITAR,SP,São Paulo,Sudeste,Assis,Ourinhos
3510203,351020,Capão Bonito,CAPAO BONITO,SP,São Paulo,Sudeste,Itapetininga,Capão Bonito
3510302,351030,Capela do Alto,CAPELA DO ALTO,SP,São Paulo,Sudeste,Macro Metropolitana Paulista,Sorocaba
3510401,351040,Capivari,CAPIVARI,SP,São Paulo,Sudeste,Piracicaba,Piracicaba
3510500,351050,Caraguatatuba,CARAGUATATUBA,SP,São Paulo,Sudeste,Vale do Paraíba Paulista,Caraguatatuba
3510609,351060,Carapicuíba,CARAPICUIBA,SP,São Paulo,Sudeste,Metropolitana de São Paulo,Osasco
3510708,351070,Cardoso,CARDOSO,SP,São Paulo,Sudeste,São José do Rio Preto,Votuporanga
3510807,351080,Casa Branca,CASA BRANCA,SP,São Paulo,Sudeste,Campinas,São João da Boa Vista
3510906,351090,Cássia dos Coqueiros,CASSIA DOS COQUEIROS,SP,São Paulo,Sudeste,Ribeirão Preto,Batatais
3511003,351100,Castilho,CASTILHO,SP,São Paulo,Sudeste,Araçatuba,Andradina
3511102,351110,Catanduva,CATANDUVA,SP,São Paulo,Sudeste,São José do Rio Preto,Catanduva
3511201,351120,Catiguá,CATIGUA,SP,São Paulo,Sudeste,São José do Rio Preto,Catanduva
3511300,351130,Cedral,CEDRAL,SP,São Paulo,Sudeste,São José do Rio Preto,São José do Rio Preto
3511409,351140,Cerqueira César,CERQUEIRA CESAR,SP,São Paulo,Sudeste,Bauru,Avaré
3511508,351150,Cerquilho,CERQUILHO,SP,São Paulo,Sudeste,Itapetininga,Tatuí
3511607,351160,Cesário Lange,CESARIO LANGE,SP,São Paulo,Sudeste,Itapetininga,Tatuí
3511706,351170,Charqueada,CHARQUEADA,SP,São Paulo,Sudeste,Piracicaba,Piracicaba
3511904,351190,Clementina,CLEMENTINA,SP,São Paulo,Sudeste,Araçatuba,Birigui
3512001,351200,Colina,COLINA,SP,São Paulo,Sudeste,Ribeirão Preto,Barretos
3512100,351210,Colômbia,COLOMBIA,SP,São Paulo,Sudeste,Ribeirão Preto,Barretos
3512209,351220,Conchal,CONCHAL,SP,São Paulo,Sudeste,Piracicaba,Limeira
3512308,351230,Conchas,CONCHAS,SP,São Paulo,Sudeste,Bauru,Botucatu
3512407,351240,Cordeirópolis,CORDEIROPOLIS,SP,São Paulo,Sudeste,Piracicaba,Limeira
3512506,351250,Coroados,COROADOS,SP,São Paulo,Sudeste,Araçatuba,Birigui
3512605,351260,Coronel Macedo,CORONEL MACEDO,SP,São Paulo,Sudeste,Itapetininga,Itapeva
3512704,351270,Corumbataí,CORUMBATAI,SP,São Paulo,Sudeste,Piracicaba,Rio Claro
3512803,351280,Cosmópolis,COSMOPOLIS,SP,São Paulo,Sudeste,Campinas,Campinas
3512902,351290,Cosmorama,COSMORAMA,SP,São Paulo,Sudeste,São José do Rio Preto,Votuporanga
3513009,351300,Cotia,COTIA,SP,São Paulo,Sudeste,Metropolitana de São Paulo,Itapecerica da Serra
3513108,351310,Cravinhos,CRAVINHOS,SP,São Paulo,Sudeste,Ribeirão Preto,Ribeirão Preto
3513207,351320,Cristais Paulista,CRISTAIS PAULISTA,SP,São Paulo,Sudeste,Ribeirão Preto,Franca
3513306,351330,Cruzália,CRUZALIA,SP,São Paulo,Sudeste,Assis,Assis
3513405,351340,Cruzeiro,CRUZEIRO,SP,São Paulo,Sudeste,Vale do Paraíba Paulista,Guaratinguetá
3513504,351350,Cubatão,CUBATAO,SP,São Paulo,Sudeste,Metropolitana de São Paulo,Santos
3513603,351360,Cunha,CUNHA,SP,São Paulo,Sudeste,Vale do Paraíba Paulista,Paraibuna/Paraitinga
3513702,351370,Descalvado,DESCALVADO,SP,São Paulo,Sudeste,Araraquara,São Carlos
3513801,351380,Diadema,DIADEMA,SP,São Paulo,Sudeste,Metropolitana de São Paulo,São Paulo
3513850,351385,Dirce Reis,DIRCE REIS,SP,São Paulo,Sudeste,São José do Rio Preto,Jales
3513900,351390,Divinolândia,DIVINOLANDIA,SP,São Paulo,Sudeste,Campinas,São João da Boa Vista
3514007,351400,Dobrada,DOBRADA,SP,São Paulo,Sudeste,Araraquara,Araraquara
3514106,351410,Dois Córregos,DOIS CORREGOS,SP,São Paulo,Sudeste,Bauru,Jaú
3514205,351420,Dolcinópolis,DOLCINOPOLIS,SP,São Paulo,Sudeste,São José do Rio Preto,Jales
3514304,351430,Dourado,DOURADO,SP,São Paulo,Sudeste,Araraquara,São Carlos
3514403,351440,Dracena,DRACENA,SP,São Paulo,Sudeste,Presidente Prudente,Dracena
3514502,351450,Duartina,DUARTINA,SP,São Paulo,Sudeste,Bauru,Bauru
3514601,351460,Dumont,DUMONT,SP,São Paulo,Sudeste,Ribeirão Preto,Ribeirão Preto
3514700,351470,Echaporã,ECHAPORA,SP,São Paulo,Sudeste,Marília,Marília
3514809,351480,Eldorado,ELDORADO,SP,São Paulo,Sudeste,Litoral Sul Paulista,Registro
3514908,351490,Elias Fausto,ELIAS FAUSTO,SP,São Paulo,Sudeste,Campinas,Campinas
3514924,351492,Elisiário,ELISIARIO,SP,São Paulo,Sudeste,São José do Rio Preto,Catanduva
3514957,351495,Embaúba,EMBAUBA,SP,São Paulo,Sudeste,São José do Rio Preto,Catanduva
3515004,351500,Embu das Artes,EMBU DAS ARTES,SP,São Paulo,Sudeste,Metropolitana de São Paulo,Itapecerica da Serra
3515103,351510,Embu-Guaçu,EMBU-GUACU,SP,São Paulo,Sudeste,Metropolitana de São Paulo,Itapecerica da Serra
3515129,351512,Emilianópolis,EMILIANOPOLIS,SP,São Paulo,Sudeste,Presidente Prudente,Presidente Prudente
3515152,351515,Engenheiro Coelho,ENGENHEIRO COELHO,SP,São Paulo,Sudeste,Campinas,Mogi Mirim
3515186,351518,Espírito Santo do Pinhal,ESPIRITO SANTO DO PINHAL,SP,São Paulo,Sudeste,Campinas,São João da Boa Vista
3515194,351519,Espírito Santo do Turvo,ESPIRITO SANTO DO TURVO,SP,São Paulo,Sudeste,Assis,Ourinhos
3515202,351520,Estrela d'Oeste,ESTRELA D'OESTE,SP,São Paulo,Sudeste,São José do Rio Preto,Fernandópolis
3515301,351530,Estrela do Norte,ESTRELA DO NORTE,SP,São Paulo,Sudeste,Presidente Prudente,Presidente Prudente
3515350,351535,Euclides da Cunha Paulista,EUCLIDES DA CUNHA PAULISTA,SP,São Paulo,Sudeste,Presidente Prudente,Presidente Prudente
3515400,351540,Fartura,FARTURA,SP,São Paulo,Sudeste,Assis,Ourinhos
3515509,351550,Fernandópolis,FERNANDOPOLIS,SP,São Paulo,Sudeste,São José do Rio Preto,Fernandópolis
3515608,351560,Fernando Prestes,FERNANDO PRESTES,SP,São Paulo,Sudeste,Ribeirão Preto,Jaboticabal
3515657,351565,Fernão,FERNAO,SP,São Paulo,Sudeste,Marília,Marília
3515707,351570,Ferraz de Vasconcelos,FERRAZ DE VASCONCELOS,SP,São Paulo,Sudeste,Metropolitana de São Paulo,Mogi das Cruzes
3515806,351580,Flora Rica,FLORA RICA,SP,São Paulo,Sudeste,Presidente Prudente,Adamantina
3515905,351590,Floreal,FLOREAL,SP,São Paulo,Sudeste,São José do Rio Preto,Auriflama
3516002,351600,Flórida Paulista,FLORIDA PAULISTA,SP,São Paulo,Sudeste,Presidente Prudente,Adamantina
3516101,351610,Florínea,FLORINEA,SP,São Paulo,Sudeste,Assis,Assis
3516200,351620,Franca,FRANCA,SP,São Paulo,Sudeste,Ribeirão Preto,Franca
3516309,351630,Francisco Morato,FRANCISCO MORATO,SP,São Paulo,Sudeste,Metropolitana de São Paulo,Franco da Rocha
3516408,351640,Franco da Rocha,FRANCO DA ROCHA,SP,São Paulo,Sudeste,Metropolitana de São Paulo,Franco da Rocha
3516507,351650,Gabriel Monteiro,GABRIEL MONTEIRO,SP,São Paulo,Sudeste,Araçatuba,Birigui
3516606,351660,Gália,GALIA,SP,São Paulo,Sudeste,Marília,Marília
3516705,351670,Garça,GARCA,SP,São Paulo,Sudeste,Marília,Marília
3516804,351680,Gastão Vidigal,GASTAO VIDIGAL,SP,São Paulo,Sudeste,São José do Rio Preto,Auriflama
3516853,351685,Gavião Peixoto,GAVIAO PEIXOTO,SP,São Paulo,Sudeste,Araraquara,Araraquara
3516903,351690,General Salgado,GENERAL SALGADO,SP,São Paulo,Sudeste,São José do Rio Preto,Auriflama
3517000,351700,Getulina,GETULINA,SP,São Paulo,Sudeste,Bauru,Lins
3517109,351710,Glicério,GLICERIO,SP,São Paulo,Sudeste,Araçatuba,Birigui
3517208,351720,Guaiçara,GUAICARA,SP,São Paulo,Sudeste,Bauru,Lins
3517307,351730,Guaimbê,GUAIMBE,SP,São Paulo,Sudeste,Bauru,Lins
3517406,351740,Guaíra,GUAIRA,SP,São Paulo,Sudeste,Ribeirão Preto,São Joaquim da Barra
3517505,351750,Guapiaçu,GUAPIACU,SP,São Paulo,Sudeste,São José do Rio Preto,São José do Rio Preto
3517604,351760,Guapiara,GUAPIARA,SP,São Paulo,Sudeste,Itapetininga,Capão Bonito
3517703,351770,Guará,GUARA,SP,São Paulo,Sudeste,Ribeirão Preto,Ituverava
3517802,351780,Guaraçaí,GUARACAI,SP,São Paulo,Sudeste,Araçatuba,Andradina
3517901,351790,Guaraci,GUARACI,SP,São Paulo,Sudeste,São José do Rio Preto,São José do Rio Preto
3518008,351800,Guarani d'Oeste,GUARANI D'OESTE,SP,São Paulo,Sudeste,São José do Rio Preto,Fernandópolis
3518107,351810,Guarantã,GUARANTA,SP,São Paulo,Sudeste,Bauru,Bauru
3518206,351820,Guararapes,GUARARAPES,SP,São Paulo,Sudeste,Araçatuba,Araçatuba
3518305,351830,Guararema,GUARAREMA,SP,São Paulo,Sudeste,Metropolitana de São Paulo,Mogi das Cruzes
3518404,351840,Guaratinguetá,GUARATINGUETA,SP,São Paulo,Sudeste,Vale do Paraíba Paulista,Guaratinguetá
3518503,351850,Guareí,GUAREI,SP,São Paulo,Sudeste,Itapetininga,Itapetininga
3518602,351860,Guariba,GUARIBA,SP,São Paulo,Sudeste,Ribeirão Preto,Jaboticabal
3518701,351870,Guarujá,GUARUJA,SP,São Paulo,Sudeste,Metropolitana de São Paulo,Santos
3518800,351880,Guarulhos,GUARULHOS,SP,São Paulo,Sudeste,Metropolitana de São Paulo,Guarulhos
3518859,351885,Guatapará,GUATAPARA,SP,São Paulo,Sudeste,Ribeirão Preto,Ribeirão Preto
3518909,351890,Guzolândia,GUZOLANDIA,SP,São Paulo,Sudeste,São José do Rio Preto,Auriflama
3519006,351900,Herculândia,HERCULANDIA,SP,São Paulo,Sudeste,Marília,Tupã
3519055,351905,Holambra,HOLAMBRA,SP,São Paulo,Sudeste,Campinas,Campinas
3519071,351907,Hortolândia,HORTOLANDIA,SP,São Paulo,Sudeste,Campinas,Campinas
3519105,351910,Iacanga,IACANGA,SP,São Paulo,Sudeste,Bauru,Bauru
3519204,351920,Iacri,IACRI,SP,São Paulo,Sudeste,Marília,Tupã
3519253,351925,Iaras,IARAS,SP,São Paulo,Sudeste,Bauru,Avaré
3519303,351930,Ibaté,IBATE,SP,São Paulo,Sudeste,Araraquara,São Carlos
3519402,351940,Ibirá,IBIRA,SP,São Paulo,Sudeste,São José do Rio Preto,São José do Rio Preto
3519501,351950,Ibirarema,IBIRAREMA,SP,São Paulo,Sudeste,Assis,Assis
3519600,351960,Ibitinga,IBITINGA,SP,São Paulo,Sudeste,Araraquara,Araraquara
3519709,351970,Ibiúna,IBIUNA,SP,São Paulo,Sudeste,Macro Metropolitana Paulista,Piedade
3519808,351980,Icém,ICEM,SP,São Paulo,Sudeste,São José do Rio Preto,São José do Rio Preto
3519907,351990,Iepê,IEPE,SP,São Paulo,Sudeste,Assis,Assis
3520004,352000,Igaraçu do Tietê,IGARACU DO TIETE,SP,São Paulo,Sudeste,Bauru,Jaú
3520103,352010,Igarapava,IGARAPAVA,SP,São Paulo,Sudeste,Ribeirão Preto,Ituverava
3520202,352020,Igaratá,IGARATA,SP,São Paulo,Sudeste,Vale do Paraíba Paulista,São José dos Campos
3520301,352030,Iguape,IGUAPE,SP,São Paulo,Sudeste,Litoral Sul Paulista,Registro
3520400,352040,Ilhabela,ILHABELA,SP,São Paulo,Sudeste,Vale do Paraíba Paulista,Caraguatatuba
3520426,352042,Ilha Comprida,ILHA COMPRIDA,SP,São Paulo,Sudeste,Litoral Sul Paulista,Registro
3520442,352044,Ilha Solteira,ILHA SOLTEIRA,SP,São Paulo,Sudeste,Araçatuba,Andradina
3520509,352050,Indaiatuba,INDAIATUBA,SP,São Paulo,Sudeste,Campinas,Campinas
3520608,352060,Indiana,INDIANA,SP,São Paulo,Sudeste,Presidente Prudente,Presidente Prudente
3520707,352070,Indiaporã,INDIAPORA,SP,São Paulo,Sudeste,São José do Rio Preto,Fernandópolis
3520806,352080,Inúbia Paulista,INUBIA PAULISTA,SP,São Paulo,Sudeste,Presidente Prudente,Adamantina
3520905,352090,Ipaussu,IPAUSSU,SP,São Paulo,Sudeste,Assis,Ourinhos
3521002,352100,Iperó,IPERO,SP,São Paulo,Sudeste,Macro Metropolitana Paulista,Sorocaba
3521101,352110,Ipeúna,IPEUNA,SP,São Paulo,Sudeste,Piracicaba,Rio Claro
3521150,352115,Ipiguá,IPIGUA,SP,São Paulo,Sudeste,São José do Rio Preto,São José do Rio Preto
3521200,352120,Iporanga,IPORANGA,SP,São Paulo,Sudeste,Itapetininga,Capão Bonito
3521309,352130,Ipuã,IPUA,SP,São Paulo,Sudeste,Ribeirão Preto,São Joaquim da Barra
3521408,352140,Iracemápolis,IRACEMAPOLIS,SP,São Paulo,Sudeste,Piracicaba,Limeira
3521507,352150,Irapuã,IRAPUA,SP,São Paulo,Sudeste,São José do Rio Preto,Novo Horizonte
3521606,352160,Irapuru,IRAPURU,SP,São Paulo,Sudeste,Presidente Prudente,Adamantina
3521705,352170,Itaberá,ITABERA,SP,São Paulo,Sudeste,Itapetininga,Itapeva
3521804,352180,Itaí,ITAI,SP,São Paulo,Sudeste,Bauru,Avaré
3521903,352190,Itajobi,ITAJOBI,SP,São Paulo,Sudeste,São José do Rio Preto,Novo Horizonte
3522000,352200,Itaju,ITAJU,SP,São Paulo,Sudeste,Bauru,Jaú
3522109,352210,Itanhaém,ITANHAEM,SP,São Paulo,Sudeste,Litoral Sul Paulista,Itanhaém
3522158,352215,Itaoca,ITAOCA,SP,São Paulo,Sudeste,Itapetininga,Capão Bonito
3522208,352220,Itapecerica da Serra,ITAPECERICA DA SERRA,SP,São Paulo,Sudeste,Metropolitana de São Paulo,Itapecerica da Serra
3522307,352230,Itapetininga,ITAPETININGA,SP,São Paulo,Sudeste,Itapetininga,Itapetininga
3522406,352240,Itapeva,ITAPEVA,SP,São Paulo,Sudeste,Itapetininga,Itapeva
3522505,352250,Itapevi,ITAPEVI,SP,São Paulo,Sudeste,Metropolitana de São Paulo,Osasco
3522604,352260,Itapira,ITAPIRA,SP,São Paulo,Sudeste,Campinas,Mogi Mirim
3522653,352265,Itapirapuã Paulista,ITAPIRAPUA PAULISTA,SP,São Paulo,Sudeste,Itapetininga,Capão Bonito
3522703,352270,Itápolis,ITAPOLIS,SP,São Paulo,Sudeste,Araraquara,Araraquara
3522802,352280,Itaporanga,ITAPORANGA,SP,São Paulo,Sudeste,Itapetininga,Itapeva
3522901,352290,Itapuí,ITAPUI,SP,São Paulo,Sudeste,Bauru,Jaú
3523008,352300,Itapura,ITAPURA,SP,São Paulo,Sudeste,Araçatuba,Andradina
3523107,352310,Itaquaquecetuba,ITAQUAQUECETUBA,SP,São Paulo,Sudeste,Metropolitana de São Paulo,Mogi das Cruzes
3523206,352320,Itararé,ITARARE,SP,São Paulo,Sudeste,Itapetininga,Itapeva
3523305,352330,Itariri,ITARIRI,SP,São Paulo,Sudeste,Litoral Sul Paulista,Itanhaém
3523404,352340,Itatiba,ITATIBA,SP,São Paulo,Sudeste,Macro Metropolitana Paulista,Bragança Paulista
3523503,352350,Itatinga,ITATINGA,SP,São Paulo,Sudeste,Bauru,Avaré
3523602,352360,Itirapina,ITIRAPINA,SP,São Paulo,Sudeste,Piracicaba,Rio Claro
3523701,352370,Itirapuã,ITIRAPUA,SP,São Paulo,Sudeste,Ribeirão Preto,Franca
3523800,352380,Itobi,ITOBI,SP,São Paulo,Sudeste,Campinas,São João da Boa Vista
3523909,352390,Itu,ITU,SP,São Paulo,Sudeste,Macro Metropolitana Paulista,Sorocaba
3524006,352400,Itupeva,ITUPEVA,SP,São Paulo,Sudeste,Macro Metropolitana Paulista,Jundiaí
3524105,352410,Ituverava,ITUVERAVA,SP,São Paulo,Sudeste,Ribeirão Preto,Ituverava
3524204,352420,Jaborandi,JABORANDI,SP,São Paulo,Sudeste,Ribeirão Preto,São Joaquim da Barra
3524303,352430,Jaboticabal,JABOTICABAL,SP,São Paulo,Sudeste,Ribeirão Preto,Jaboticabal
3524402,352440,Jacareí,JACAREI,SP,São Paulo,Sudeste,Vale do Paraíba Paulista,São José dos Campos
3524501,352450,Jaci,JACI,SP,São Paulo,Sudeste,São José do Rio Preto,São José do Rio Preto
3524600,352460,Jacupiranga,JACUPIRANGA,SP,São Paulo,Sudeste,Litoral Sul Paulista,Registro
3524709,352470,Jaguariúna,JAGUARIUNA,SP,São Paulo,Sudeste,Campinas,Campinas
3524808,352480,Jales,JALES,SP,São Paulo,Sudeste,São José do Rio Preto,Jales
3524907,352490,Jambeiro,JAMBEIRO,SP,São Paulo,Sudeste,Vale do Paraíba Paulista,Paraibuna/Paraitinga
3525003,352500,Jandira,JANDIRA,SP,São Paulo,Sudeste,Metropolitana de São Paulo,Osasco
3525102,352510,Jardinópolis,JARDINOPOLIS,SP,São Paulo,Sudeste,Ribeirão Preto,Ribeirão Preto
3525201,352520,Jarinu,JARINU,SP,São Paulo,Sudeste,Macro Metropolitana Paulista,Bragança Paulista
3525300,352530,Jaú,JAU,SP,São Paulo,Sudeste,Bauru,Jaú
3525409,352540,Jeriquara,JERIQUARA,SP,São Paulo,Sudeste,Ribeirão Preto,Franca
3525508,352550,Joanópolis,JOANOPOLIS,SP,São Paulo,Sudeste,Macro Metropolitana Paulista,Bragança Paulista
3525607,352560,João Ramalho,JOAO RAMALHO,SP,São Paulo,Sudeste,Presidente Prudente,Presidente Prudente
3525706,352570,José Bonifácio,JOSE BONIFACIO,SP,São Paulo,Sudeste,São José do Rio Preto,São José do Rio Preto
3525805,352580,Júlio Mesquita,JULIO MESQUITA,SP,São Paulo,Sudeste,Bauru,Lins
3525854,352585,Jumirim,JUMIRIM,SP,São Paulo,Sudeste,Piracicaba,Piracicaba
3525904,352590,Jundiaí,JUNDIAI,SP,São Paulo,Sudeste,Macro Metropolitana Paulista,Jundiaí
3526001,352600,Junqueirópolis,JUNQUEIROPOLIS,SP,São Paulo,Sudeste,Presidente Prudente,Dracena
3526100,352610,Juquiá,JUQUIA,SP,São Paulo,Sudeste,Litoral Sul Paulista,Registro
3526209,352620,Juquitiba,JUQUITIBA,SP,São Paulo,Sudeste,Metropolitana de São Paulo,Itapecerica da Serra
3526308,352630,Lagoinha,LAGOINHA,SP,São Paulo,Sudeste,Vale do Paraíba Paulista,Paraibuna/Paraitinga
3526407,352640,Laranjal Paulista,LARANJAL PAULISTA,SP,São Paulo,Sudeste,Itapetininga,Tatuí
3526506,352650,Lavínia,LAVINIA,SP,São Paulo,Sudeste,Araçatuba,Araçatuba
3526605,352660,Lavrinhas,LAVRINHAS,SP,São Paulo,Sudeste,Vale do Paraíba Paulista,Guaratinguetá
3526704,352670,Leme,LEME,SP,São Paulo,Sudeste,Piracicaba,Limeira
3526803,352680,Lençóis Paulista,LENCOIS PAULISTA,SP,São Paulo,Sudeste,Bauru,Bauru
3526902,352690,Limeira,LIMEIRA,SP,São Paulo,Sudeste,Piracicaba,Limeira
3527009,352700,Lindóia,LINDOIA,SP,São Paulo,Sudeste,Campinas,Amparo
3527108,352710,Lins,LINS,SP,São Paulo,Sudeste,Bauru,Lins
3527207,352720,Lorena,LORENA,SP,São Paulo,Sudeste,Vale do Paraíba Paulista,Guaratinguetá
3527256,352725,Lourdes,LOURDES,SP,São Paulo,Sudeste,Araçatuba,Birigui
3527306,352730,Louveira,LOUVEIRA,SP,São Paulo,Sudeste,Macro Metropolitana Paulista,Jundiaí
3527405,352740,Lucélia,LUCELIA,SP,São Paulo,Sudeste,Presidente Prudente,Adamantina
3527504,352750,Lucianópolis,LUCIANOPOLIS,SP,São Paulo,Sudeste,Bauru,Bauru
3527603,352760,Luís Antônio,LUIS ANTONIO,SP,São Paulo,Sudeste,Ribeirão Preto,Ribeirão Preto
3527702,352770,Luiziânia,LUIZIANIA,SP,São Paulo,Sudeste,Araçatuba,Birigui
3527801,352780,Lupércio,LUPERCIO,SP,São Paulo,Sudeste,Marília,Marília
3527900,352790,Lutécia,LUTECIA,SP,São Paulo,Sudeste,Assis,Assis
3528007,352800,Macatuba,MACATUBA,SP,São Paulo,Sudeste,Bauru,Jaú
3528106,352810,Macaubal,MACAUBAL,SP,São Paulo,Sudeste,São José do Rio Preto,Nhandeara
3528205,352820,Macedônia,MACEDONIA,SP,São Paulo,Sudeste,São José do Rio Preto,Fernandópolis
3528304,352830,Magda,MAGDA,SP,São Paulo,Sudeste,São José do Rio Preto,Auriflama
3528403,352840,Mairinque,MAIRINQUE,SP,São Paulo,Sudeste,Macro Metropolitana Paulista,Sorocaba
3528502,352850,Mairiporã,MAIRIPORA,SP,São Paulo,Sudeste,Metropolitana de São Paulo,Franco da Rocha
3528601,352860,Manduri,MANDURI,SP,São Paulo,Sudeste,Assis,Ourinhos
3528700,352870,Marabá Paulista,MARABA PAULISTA,SP,São Paulo,Sudeste,Presidente Prudente,Presidente Prudente
3528809,352880,Maracaí,MARACAI,SP,São Paulo,Sudeste,Assis,Assis
3528858,352885,Marapoama,MARAPOAMA,SP,São Paulo,Sudeste,São José do Rio Preto,Novo Horizonte
3528908,352890,Mariápolis,MARIAPOLIS,SP,São Paulo,Sudeste,Presidente Prudente,Adamantina
3529005,352900,Marília,MARILIA,SP,São Paulo,Sudeste,Marília,Marília
3529104,352910,Marinópolis,MARINOPOLIS,SP,São Paulo,Sudeste,São José do Rio Preto,Jales
3529203,352920,Martinópolis,MARTINOPOLIS,SP,São Paulo,Sudeste,Presidente Prudente,Presidente Prudente
3529302,352930,Matão,MATAO,SP,São Paulo,Sudeste,Araraquara,Araraquara
3529401,352940,Mauá,MAUA,SP,São Paulo,Sudeste,Metropolitana de São Paulo,São Paulo
3529500,352950,Mendonça,MENDONCA,SP,São Paulo,Sudeste,São José do Rio Preto,São José do Rio Preto
3529609,352960,Meridiano,MERIDIANO,SP,São Paulo,Sudeste,São José do Rio Preto,Fernandópolis
3529658,352965,Mesópolis,MESOPOLIS,SP,São Paulo,Sudeste,São José do Rio Preto,Jales
3529708,352970,Miguelópolis,MIGUELOPOLIS,SP,São Paulo,Sudeste,Ribeirão Preto,São Joaquim da Barra
3529807,352980,Mineiros do Tietê,MINEIROS DO TIETE,SP,São Paulo,Sudeste,Bauru,Jaú
3529906,352990,Miracatu,MIRACATU,SP,São Paulo,Sudeste,Litoral Sul Paulista,Registro
3530003,353000,Mira Estrela,MIRA ESTRELA,SP,São Paulo,Sudeste,São José do Rio Preto,Fernandópolis
3530102,353010,Mirandópolis,MIRANDOPOLIS,SP,São Paulo,Sudeste,Araçatuba,Andradina
3530201,353020,Mirante do Paranapanema,MIRANTE DO PARANAPANEMA,SP,São Paulo,Sudeste,Presidente Prudente,Presidente Prudente
3530300,353030,Mirassol,MIRASSOL,SP,São Paulo,Sudeste,São José do Rio Preto,São José do Rio Preto
3530409,353040,Mirassolândia,MIRASSOLANDIA,SP,São Paulo,Sudeste,São José do Rio Preto,São José do Rio Preto
3530508,353050,Mococa,MOCOCA,SP,São Paulo,Sudeste,Campinas,São João da Boa Vista
3530607,353060,Mogi das Cruzes,MOGI DAS CRUZES,SP,São Paulo,Sudeste,Metropolitana de São Paulo,Mogi das Cruzes
3530706,353070,Mogi Guaçu,MOGI GUACU,SP,São Paulo,Sudeste,Campinas,Mogi Mirim
3530805,353080,Mogi Mirim,MOGI MIRIM,SP,São Paulo,Sudeste,Campinas,Mogi Mirim
3530904,353090,Mombuca,MOMBUCA,SP,São Paulo,Sudeste,Piracicaba,Piracicaba
3531001,353100,Monções,MONCOES,SP,São Paulo,Sudeste,São José do Rio Preto,Nhandeara
3531100,353110,Mongaguá,MONGAGUA,SP,São Paulo,Sudeste,Litoral Sul Paulista,Itanhaém
3531209,353120,Monte Alegre do Sul,MONTE ALEGRE DO SUL,SP,São Paulo,Sudeste,Campinas,Amparo
3531308,353130,Monte Alto,MONTE ALTO,SP,São Paulo,Sudeste,Ribeirão Preto,Jaboticabal
3531407,353140,Monte Aprazível,MONTE APRAZIVEL,SP,São Paulo,Sudeste,São José do Rio Preto,Nhandeara
3531506,353150,Monte Azul Paulista,MONTE AZUL PAULISTA,SP,São Paulo,Sudeste,Ribeirão Preto,Jaboticabal
3531605,353160,Monte Castelo,MONTE CASTELO,SP,São Paulo,Sudeste,Presidente Prudente,Dracena
3531704,353170,Monteiro Lobato,MONTEIRO LOBATO,SP,São Paulo,Sudeste,Vale do Paraíba Paulista,Campos do Jordão
3531803,353180,Monte Mor,MONTE MOR,SP,São Paulo,Sudeste,Campinas,Campinas
3531902,353190,Morro Agudo,MORRO AGUDO,SP,São Paulo,Sudeste,Ribeirão Preto,São Joaquim da Barra
3532009,353200,Morungaba,MORUNGABA,SP,São Paulo,Sudeste,Macro Metropolitana Paulista,Bragança Paulista
3532058,353205,Motuca,MOTUCA,SP,São Paulo,Sudeste,Araraquara,Araraquara
3532108,353210,Murutinga do Sul,MURUTINGA DO SUL,SP,São Paulo,Sudeste,Araçatuba,Andradina
3532157,353215,Nantes,NANTES,SP,São Paulo,Sudeste,Assis,Assis
3532207,353220,Narandiba,NARANDIBA,SP,São Paulo,Sudeste,Presidente Prudente,Presidente Prudente
3532306,353230,Natividade da Serra,NATIVIDADE DA SERRA,SP,São Paulo,Sudeste,Vale do Paraíba Paulista,Paraibuna/Paraitinga
3532405,353240,Nazaré Paulista,NAZARE PAULISTA,SP,São Paulo,Sudeste,Macro Metropolitana Paulista,Bragança Paulista
3532504,353250,Neves Paulista,NEVES PAULISTA,SP,São Paulo,Sudeste,São José do Rio Preto,Nhandeara
3532603,353260,Nhandeara,NHANDEARA,SP,São Paulo,Sudeste,São José do Rio Preto,Nhandeara
3532702,353270,Nipoã,NIPOA,SP,São Paulo,Sudeste,São José do Rio Preto,Nhandeara
3532801,353280,Nova Aliança,NOVA ALIANCA,SP,São Paulo,Sudeste,São José do Rio Preto,São José do Rio Preto
3532827,353282,Nova Campina,NOVA CAMPINA,SP,São Paulo,Sudeste,Itapetininga,Itapeva
3532843,353284,Nova Canaã Paulista,NOVA CANAA PAULISTA,SP,São Paulo,Sudeste,São José do Rio Preto,Jales
3532868,353286,Nova Castilho,NOVA CASTILHO,SP,São Paulo,Sudeste,São José do Rio Preto,Auriflama
3532900,353290,Nova Europa,NOVA EUROPA,SP,São Paulo,Sudeste,Araraquara,Araraquara
3533007,353300,Nova Granada,NOVA GRANADA,SP,São Paulo,Sudeste,São José do Rio Preto,São José do Rio Preto
3533106,353310,Nova Guataporanga,NOVA GUATAPORANGA,SP,São Paulo,Sudeste,Presidente Prudente,Dracena
3533205,353320,Nova Independência,NOVA INDEPENDENCIA,SP,São Paulo,Sudeste,Araçatuba,Andradina
3533254,353325,Novais,NOVAIS,SP,São Paulo,Sudeste,São José do Rio Preto,Catanduva
3533304,353330,Nova Luzitânia,NOVA LUZITANIA,SP,São Paulo,Sudeste,São José do Rio Preto,Auriflama
3533403,353340,Nova Odessa,NOVA ODESSA,SP,São Paulo,Sudeste,Campinas,Campinas
3533502,353350,Novo Horizonte,NOVO HORIZONTE,SP,São Paulo,Sudeste,São José do Rio Preto,Novo Horizonte
3533601,353360,Nuporanga,NUPORANGA,SP,São Paulo,Sudeste,Ribeirão Preto,São Joaquim da Barra
3533700,353370,Ocauçu,OCAUCU,SP,São Paulo,Sudeste,Marília,Marília
3533809,353380,Óleo,OLEO,SP,São Paulo,Sudeste,Assis,Ourinhos
3533908,353390,Olímpia,OLIMPIA,SP,São Paulo,Sudeste,São José do Rio Preto,São José do Rio Preto
3534005,353400,Onda Verde,ONDA VERDE,SP,São Paulo,Sudeste,São José do Rio Preto,São José do Rio Preto
3534104,353410,Oriente,ORIENTE,SP,São Paulo,Sudeste,Marília,Marília
3534203,353420,Orindiúva,ORINDIUVA,SP,São Paulo,Sudeste,São José do Rio Preto,São José do Rio Preto
3534302,353430,Orlândia,ORLANDIA,SP,São Paulo,Sudeste,Ribeirão Preto,São Joaquim da Barra
3534401,353440,Osasco,OSASCO,SP,São Paulo,Sudeste,Metropolitana de São Paulo,Osasco
3534500,353450,Oscar Bressane,OSCAR BRESSANE,SP,São Paulo,Sudeste,Marília,Marília
3534609,353460,Osvaldo Cruz,OSVALDO CRUZ,SP,São Paulo,Sudeste,Presidente Prudente,Adamantina
3534708,353470,Ourinhos,OURINHOS,SP,São Paulo,Sudeste,Assis,Ourinhos
3534757,353475,Ouroeste,OUROESTE,SP,São Paulo,Sudeste,São José do Rio Preto,Fernandópolis
3534807,353480,Ouro Verde,OURO VERDE,SP,São Paulo,Sudeste,Presidente Prudente,Dracena
3534906,353490,Pacaembu,PACAEMBU,SP,São Paulo,Sudeste,Presidente Prudente,Adamantina
3535002,353500,Palestina,PALESTINA,SP,São Paulo,Sudeste,São José do Rio Preto,São José do Rio Preto
3535101,353510,Palmares Paulista,PALMARES PAULISTA,SP,São Paulo,Sudeste,São José do Rio Preto,Catanduva
3535200,353520,Palmeira d'Oeste,PALMEIRA D'OESTE,SP,São Paulo,Sudeste,São José do Rio Preto,Jales
3535309,353530,Palmital,PALMITAL,SP,São Paulo,Sudeste,Assis,Assis
3535408,353540,Panorama,PANORAMA,SP,São Paulo,Sudeste,Presidente Prudente,Dracena
3535507,353550,Paraguaçu Paulista,PARAGUACU PAULISTA,SP,São Paulo,Sudeste,Assis,Assis
3535606,353560,Paraibuna,PARAIBUNA,SP,São Paulo,Sudeste,Vale do Paraíba Paulista,Paraibuna/Paraitinga
3535705,353570,Paraíso,PARAISO,SP,São Paulo,Sudeste,São José do Rio Preto,Catanduva
3535804,353580,Paranapanema,PARANAPANEMA,SP,São Paulo,Sudeste,Bauru,Avaré
3535903,353590,Paranapuã,PARANAPUA,SP,São Paulo,Sudeste,São José do Rio Preto,Jales
3536000,353600,Parapuã,PARAPUA,SP,São Paulo,Sudeste,Presidente Prudente,Adamantina
3536109,353610,Pardinho,PARDINHO,SP,São Paulo,Sudeste,Bauru,Botucatu
3536208,353620,Pariquera-Açu,PARIQUERA-ACU,SP,São Paulo,Sudeste,Litoral Sul Paulista,Registro
3536257,353625,Parisi,PARISI,SP,São Paulo,Sudeste,São José do Rio Preto,Votuporanga
3536307,353630,Patrocínio Paulista,PATROCINIO PAULISTA,SP,São Paulo,Sudeste,Ribeirão Preto,Franca
3536406,353640,Paulicéia,PAULICEIA,SP,São Paulo,Sudeste,Presidente Prudente,Dracena
3536505,353650,Paulínia,PAULINIA,SP,São Paulo,Sudeste,Campinas,Campinas
3536570,353657,Paulistânia,PAULISTANIA,SP,São Paulo,Sudeste,Bauru,Bauru
3536604,353660,Paulo de Faria,PAULO DE FARIA,SP,São Paulo,Sudeste,São José do Rio Preto,São José do Rio Preto
3536703,353670,Pederneiras,PEDERNEIRAS,SP,São Paulo,Sudeste,Bauru,Jaú
3536802,353680,Pedra Bela,PEDRA BELA,SP,São Paulo,Sudeste,Campinas,Amparo
3536901,353690,Pedranópolis,PEDRANOPOLIS,SP,São Paulo,Sudeste,São José do Rio Preto,Fernandópolis
3537008,353700,Pedregulho,PEDREGULHO,SP,São Paulo,Sudeste,Ribeirão Preto,Franca
3537107,353710,Pedreira,PEDREIRA,SP,São Paulo,Sudeste,Campinas,Campinas
3537156,353715,Pedrinhas Paulista,PEDRINHAS PAULISTA,SP,São Paulo,Sudeste,Assis,Assis
3537206,353720,Pedro de Toledo,PEDRO DE TOLEDO,SP,São Paulo,Sudeste,Litoral Sul Paulista,Itanhaém
3537305,353730,Penápolis,PENAPOLIS,SP,São Paulo,Sudeste,Araçatuba,Birigui
3537404,353740,Pereira Barreto,PEREIRA BARRETO,SP,São Paulo,Sudeste,Araçatuba,Andradina
3537503,353750,Pereiras,PEREIRAS,SP,São Paulo,Sudeste,Itapetininga,Tatuí
3537602,353760,Peruíbe,PERUIBE,SP,São Paulo,Sudeste,Litoral Sul Paulista,Itanhaém
3537701,353770,Piacatu,PIACATU,SP,São Paulo,Sudeste,Araçatuba,Birigui
3537800,353780,Piedade,PIEDADE,SP,São Paulo,Sudeste,Macro Metropolitana Paulista,Piedade
3537909,353790,Pilar do Sul,PILAR DO SUL,SP,São Paulo,Sudeste,Macro Metropolitana Paulista,Piedade
3538006,353800,Pindamonhangaba,PINDAMONHANGABA,SP,São Paulo,Sudeste,Vale do Paraíba Paulista,São José dos Campos
3538105,353810,Pindorama,PINDORAMA,SP,São Paulo,Sudeste,São José do Rio Preto,Catanduva
3538204,353820,Pinhalzinho,PINHALZINHO,SP,São Paulo,Sudeste,Campinas,Amparo
3538303,353830,Piquerobi,PIQUEROBI,SP,São Paulo,Sudeste,Presidente Prudente,Presidente Prudente
3538501,353850,Piquete,PIQUETE,SP,São Paulo,Sudeste,Vale do Paraíba Paulista,Guaratinguetá
3538600,353860,Piracaia,PIRACAIA,SP,São Paulo,Sudeste,Macro Metropolitana Paulista,Bragança Paulista
3538709,353870,Piracicaba,PIRACICABA,SP,São Paulo,Sudeste,Piracicaba,Piracicaba
3538808,353880,Piraju,PIRAJU,SP,São Paulo,Sudeste,Assis,Ourinhos
3538907,353890,Pirajuí,PIRAJUI,SP,São Paulo,Sudeste,Bauru,Bauru
3539004,353900,Pirangi,PIRANGI,SP,São Paulo,Sudeste,Ribeirão Preto,Jaboticabal
3539103,353910,Pirapora do Bom Jesus,PIRAPORA DO BOM JESUS,SP,São Paulo,Sudeste,Metropolitana de São Paulo,Osasco
3539202,353920,Pirapozinho,PIRAPOZINHO,SP,São Paulo,Sudeste,Presidente Prudente,Presidente Prudente
3539301,353930,Pirassununga,PIRASSUNUNGA,SP,São Paulo,Sudeste,Campinas,Pirassununga
3539400,353940,Piratininga,PIRATININGA,SP,São Paulo,Sudeste,Bauru,Bauru
3539509,353950,Pitangueiras,PITANGUEIRAS,SP,São Paulo,Sudeste,Ribeirão Preto,Jaboticabal
3539608,353960,Planalto,PLANALTO,SP,São Paulo,Sudeste,São José do Rio Preto,São José do Rio Preto
3539707,353970,Platina,PLATINA,SP,São Paulo,Sudeste,Assis,Assis
3539806,353980,Poá,POA,SP,São Paulo,Sudeste,Metropolitana de São Paulo,Mogi das Cruzes
3539905,353990,Poloni,POLONI,SP,São Paulo,Sudeste,São José do Rio Preto,Nhandeara
3540002,354000,Pompéia,POMPEIA,SP,São Paulo,Sudeste,Marília,Marília
3540101,354010,Pongaí,PONGAI,SP,São Paulo,Sudeste,Bauru,Bauru
3540200,354020,Pontal,PONTAL,SP,São Paulo,Sudeste,Ribeirão Preto,Ribeirão Preto
3540259,354025,Pontalinda,PONTALINDA,SP,São Paulo,Sudeste,São José do Rio Preto,Jales
3540309,354030,Pontes Gestal,PONTES GESTAL,SP,São Paulo,Sudeste,São José do Rio Preto,Votuporanga
3540408,354040,Populina,POPULINA,SP,São Paulo,Sudeste,São José do Rio Preto,Jales
3540507,354050,Porangaba,PORANGABA,SP,São Paulo,Sudeste,Itapetininga,Tatuí
3540606,354060,Porto Feliz,PORTO FELIZ,SP,São Paulo,Sudeste,Macro Metropolitana Paulista,Sorocaba
3540705,354070,Porto Ferreira,PORTO FERREIRA,SP,São Paulo,Sudeste,Campinas,Pirassununga
3540754,354075,Potim,POTIM,SP,São Paulo,Sudeste,Vale do Paraíba Paulista,Guaratinguetá
3540804,354080,Potirendaba,POTIRENDABA,SP,São Paulo,Sudeste,São José do Rio Preto,São José do Rio Preto
3540853,354085,Pracinha,PRACINHA,SP,São Paulo,Sudeste,Presidente Prudente,Adamantina
3540903,354090,Pradópolis,PRADOPOLIS,SP,São Paulo,Sudeste,Ribeirão Preto,Ribeirão Preto
3541000,354100,Praia Grande,PRAIA GRANDE,SP,São Paulo,Sudeste,Metropolitana de São Paulo,Santos
3541059,354105,Pratânia,PRATANIA,SP,São Paulo,Sudeste,Bauru,Botucatu
3541109,354110,Presidente Alves,PRESIDENTE ALVES,SP,São Paulo,Sudeste,Bauru,Bauru
3541208,354120,Presidente Bernardes,PRESIDENTE BERNARDES,SP,São Paulo,Sudeste,Presidente Prudente,Presidente Prudente
3541307,354130,Presidente Epitácio,PRESIDENTE EPITACIO,SP,São Paulo,Sudeste,Presidente Prudente,Presidente Prudente
3541406,354140,Presidente Prudente,PRESIDENTE PRUDENTE,SP,São Paulo,Sudeste,Presidente Prudente,Presidente Prudente
3541505,354150,Presidente Venceslau,PRESIDENTE VENCESLAU,SP,São Paulo,Sudeste,Presidente Prudente,Presidente Prudente
3541604,354160,Promissão,PROMISSAO,SP,São Paulo,Sudeste,Bauru,Lins
3541653,354165,Quadra,QUADRA,SP,São Paulo,Sudeste,Itapetininga,Tatuí
3541703,354170,Quatá,QUATA,SP,São Paulo,Sudeste,Assis,Assis
3541802,354180,Queiroz,QUEIROZ,SP,São Paulo,Sudeste,Marília,Tupã
3541901,354190,Queluz,QUELUZ,SP,São Paulo,Sudeste,Vale do Paraíba Paulista,Guaratinguetá
3542008,354200,Quintana,QUINTANA,SP,São Paulo,Sudeste,Marília,Tupã
3542107,354210,Rafard,RAFARD,SP,São Paulo,Sudeste,Piracicaba,Piracicaba
3542206,354220,Rancharia,RANCHARIA,SP,São Paulo,Sudeste,Presidente Prudente,Presidente Prudente
3542305,354230,Redenção da Serra,REDENCAO DA SERRA,SP,São Paulo,Sudeste,Vale do Paraíba Paulista,Paraibuna/Paraitinga
3542404,354240,Regente Feijó,REGENTE FEIJO,SP,São Paulo,Sudeste,Presidente Prudente,Presidente Prudente
3542503,354250,Reginópolis,REGINOPOLIS,SP,São Paulo,Sudeste,Bauru,Bauru
3542602,354260,Registro,REGISTRO,SP,São Paulo,Sudeste,Litoral Sul Paulista,Registro
3542701,354270,Restinga,RESTINGA,SP,São Paulo,Sudeste,Ribeirão Preto,Franca
3542800,354280,Ribeira,RIBEIRA,SP,São Paulo,Sudeste,Itapetininga,Capão Bonito
3542909,354290,Ribeirão Bonito,RIBEIRAO BONITO,SP,São Paulo,Sudeste,Araraquara,São Carlos
3543006,354300,Ribeirão Branco,RIBEIRAO BRANCO,SP,São Paulo,Sudeste,Itapetininga,Capão Bonito
3543105,354310,Ribeirão Corrente,RIBEIRAO CORRENTE,SP,São Paulo,Sudeste,Ribeirão Preto,Franca
3543204,354320,Ribeirão do Sul,RIBEIRAO DO SUL,SP,São Paulo,Sudeste,Assis,Ourinhos
3543238,354323,Ribeirão dos Índios,RIBEIRAO DOS INDIOS,SP,São Paulo,Sudeste,Presidente Prudente,Presidente Prudente
3543253,354325,Ribeirão Grande,RIBEIRAO GRANDE,SP,São Paulo,Sudeste,Itapetininga,Capão Bonito
3543303,354330,Ribeirão Pires,RIBEIRAO PIRES,SP,São Paulo,Sudeste,Metropolitana de São Paulo,São Paulo
3543402,354340,Ribeirão Preto,RIBEIRAO PRETO,SP,São Paulo,Sudeste,Ribeirão Preto,Ribeirão Preto
3543501,354350,Riversul,RIVERSUL,SP,São Paulo,Sudeste,Itapetininga,Itapeva
3543600,354360,Rifaina,RIFAINA,SP,São Paulo,Sudeste,Ribeirão Preto,Franca
3543709,354370,Rincão,RINCAO,SP,São Paulo,Sudeste,Araraquara,Araraquara
3543808,354380,Rinópolis,RINOPOLIS,SP,São Paulo,Sudeste,Presidente Prudente,Adamantina
3543907,354390,Rio Claro,RIO CLARO,SP,São Paulo,Sudeste,Piracicaba,Rio Claro
3544004,354400,Rio das Pedras,RIO DAS PEDRAS,SP,São Paulo,Sudeste,Piracicaba,Piracicaba
3544103,354410,Rio Grande da Serra,RIO GRANDE DA SERRA,SP,São Paulo,Sudeste,Metropolitana de São Paulo,São Paulo
3544202,354420,Riolândia,RIOLANDIA,SP,São Paulo,Sudeste,São José do Rio Preto,Votuporanga
3544251,354425,Rosana,ROSANA,SP,São Paulo,Sudeste,Presidente Prudente,Presidente Prudente
3544301,354430,Roseira,ROSEIRA,SP,São Paulo,Sudeste,Vale do Paraíba Paulista,Guaratinguetá
3544400,354440,Rubiácea,RUBIACEA,SP,São Paulo,Sudeste,Araçatuba,Araçatuba
3544509,354450,Rubinéia,RUBINEIA,SP,São Paulo,Sudeste,São José do Rio Preto,Jales
3544608,354460,Sabino,SABINO,SP,São Paulo,Sudeste,Bauru,Lins
3544707,354470,Sagres,SAGRES,SP,São Paulo,Sudeste,Presidente Prudente,Adamantina
3544806,354480,Sales,SALES,SP,São Paulo,Sudeste,São José do Rio Preto,Novo Horizonte
3544905,354490,Sales Oliveira,SALES OLIVEIRA,SP,São Paulo,Sudeste,Ribeirão Preto,São Joaquim da Barra
3545001,354500,Salesópolis,SALESOPOLIS,SP,São Paulo,Sudeste,Metropolitana de São Paulo,Mogi das Cruzes
3545100,354510,Salmourão,SALMOURAO,SP,São Paulo,Sudeste,Presidente Prudente,Adamantina
3545159,354515,Saltinho,SALTINHO,SP,São Paulo,Sudeste,Piracicaba,Piracicaba
3545209,354520,Salto,SALTO,SP,São Paulo,Sudeste,Macro Metropolitana Paulista,Sorocaba
3545308,354530,Salto de Pirapora,SALTO DE PIRAPORA,SP,São Paulo,Sudeste,Macro Metropolitana Paulista,Sorocaba
3545407,354540,Salto Grande,SALTO GRANDE,SP,São Paulo,Sudeste,Assis,Ourinhos
3545506,354550,Sandovalina,SANDOVALINA,SP,São Paulo,Sudeste,Presidente Prudente,Presidente Prudente
3545605,354560,Santa Adélia,SANTA ADELIA,SP,São Paulo,Sudeste,São José do Rio Preto,Catanduva
3545704,354570,Santa Albertina,SANTA ALBERTINA,SP,São Paulo,Sudeste,São José do Rio Preto,Jales
3545803,354580,Santa Bárbara d'Oeste,SANTA BARBARA D'OESTE,SP,São Paulo,Sudeste,Campinas,Campinas
3546009,354600,Santa Branca,SANTA BRANCA,SP,São Paulo,Sudeste,Vale do Paraíba Paulista,São José dos Campos
3546108,354610,Santa Clara d'Oeste,SANTA CLARA D'OESTE,SP,São Paulo,Sudeste,São José do Rio Preto,Jales
3546207,354620,Santa Cruz da Conceição,SANTA CRUZ DA CONCEICAO,SP,São Paulo,Sudeste,Piracicaba,Limeira
3546256,354625,Santa Cruz da Esperança,SANTA CRUZ DA ESPERANCA,SP,São Paulo,Sudeste,Ribeirão Preto,Batatais
3546306,354630,Santa Cruz das Palmeiras,SANTA CRUZ DAS PALMEIRAS,SP,São Paulo,Sudeste,Campinas,Pirassununga
3546405,354640,Santa Cruz do Rio Pardo,SANTA CRUZ DO RIO PARDO,SP,São Paulo,Sudeste,Assis,Ourinhos
3546504,354650,Santa Ernestina,SANTA ERNESTINA,SP,São Paulo,Sudeste,Ribeirão Preto,Jaboticabal
3546603,354660,Santa Fé do Sul,SANTA FE DO SUL,SP,São Paulo,Sudeste,São José do Rio Preto,Jales
3546702,354670,Santa Gertrudes,SANTA GERTRUDES,SP,São Paulo,Sudeste,Piracicaba,Limeira
3546801,354680,Santa Isabel,SANTA ISABEL,SP,São Paulo,Sudeste,Metropolitana de São Paulo,Guarulhos
3546900,354690,Santa Lúcia,SANTA LUCIA,SP,São Paulo,Sudeste,Araraquara,Araraquara
3547007,354700,Santa Maria da Serra,SANTA MARIA DA SERRA,SP,São Paulo,Sudeste,Piracicaba,Piracicaba
3547106,354710,Santa Mercedes,SANTA MERCEDES,SP,São Paulo,Sudeste,Presidente Prudente,Dracena
3547205,354720,Santana da Ponte Pensa,SANTANA DA PONTE PENSA,SP,São Paulo,Sudeste,São José do Rio Preto,Jales
3547304,354730,Santana de Parnaíba,SANTANA DE PARNAIBA,SP,São Paulo,Sudeste,Metropolitana de São Paulo,Osasco
3547403,354740,Santa Rita d'Oeste,SANTA RITA D'OESTE,SP,São Paulo,Sudeste,São José do Rio Preto,Jales
3547502,354750,Santa Rita do Passa Quatro,SANTA RITA DO PASSA QUATRO,SP,São Paulo,Sudeste,Ribeirão Preto,Ribeirão Preto
3547601,354760,Santa Rosa de Viterbo,SANTA ROSA DE VITERBO,SP,São Paulo,Sudeste,Ribeirão Preto,Ribeirão Preto
3547650,354765,Santa Salete,SANTA SALETE,SP,São Paulo,Sudeste,São José do Rio Preto,Jales
3547700,354770,Santo Anastácio,SANTO ANASTACIO,SP,São Paulo,Sudeste,Presidente Prudente,Presidente Prudente
3547809,354780,Santo André,SANTO ANDRE,SP,São Paulo,Sudeste,Metropolitana de São Paulo,São Paulo
3547908,354790,Santo Antônio da Alegria,SANTO ANTONIO DA ALEGRIA,SP,São Paulo,Sudeste,Ribeirão Preto,Batatais
3548005,354800,Santo Antônio de Posse,SANTO ANTONIO DE POSSE,SP,São Paulo,Sudeste,Campinas,Mogi Mirim
3548054,354805,Santo Antônio do Aracanguá,SANTO ANTONIO DO ARACANGUA,SP,São Paulo,Sudeste,Araçatuba,Araçatuba
3548104,354810,Santo Antônio do Jardim,SANTO ANTONIO DO JARDIM,SP,São Paulo,Sudeste,Campinas,São João da Boa Vista
3548203,354820,Santo Antônio do Pinhal,SANTO ANTONIO DO PINHAL,SP,São Paulo,Sudeste,Vale do Paraíba Paulista,Campos do Jordão
3548302,354830,Santo Expedito,SANTO EXPEDITO,SP,São Paulo,Sudeste,Presidente Prudente,Presidente Prudente
3548401,354840,Santópolis do Aguapeí,SANTOPOLIS DO AGUAPEI,SP,São Paulo,Sudeste,Araçatuba,Birigui
3548500,354850,Santos,SANTOS,SP,São Paulo,Sudeste,Metropolitana de São Paulo,Santos
3548609,354860,São Bento do Sapucaí,SAO BENTO DO SAPUCAI,SP,São Paulo,Sudeste,Vale do Paraíba Paulista,Campos do Jordão
3548708,354870,São Bernardo do Campo,SAO BERNARDO DO CAMPO,SP,São Paulo,Sudeste,Metropolitana de São Paulo,São Paulo
3548807,354880,São Caetano do Sul,SAO CAETANO DO SUL,SP,São Paulo,Sudeste,Metropolitana de São Paulo,São Paulo
3548906,354890,São Carlos,SAO CARLOS,SP,São Paulo,Sudeste,Araraquara,São Carlos
3549003,354900,São Francisco,SAO FRANCISCO,SP,São Paulo,Sudeste,São José do Rio Preto,Jales
3549102,354910,São João da Boa Vista,SAO JOAO DA BOA VISTA,SP,São Paulo,Sudeste,Campinas,São João da Boa Vista
3549201,354920,São João das Duas Pontes,SAO JOAO DAS DUAS PONTES,SP,São Paulo,Sudeste,São José do Rio Preto,Fernandópolis
3549250,354925,São João de Iracema,SAO JOAO DE IRACEMA,SP,São Paulo,Sudeste,São José do Rio Preto,Auriflama
3549300,354930,São João do Pau d'Alho,SAO JOAO DO PAU D'ALHO,SP,São Paulo,Sudeste,Presidente Prudente,Dracena
3549409,354940,São Joaquim da Barra,SAO JOAQUIM DA BARRA,SP,São Paulo,Sudeste,Ribeirão Preto,São Joaquim da Barra
3549508,354950,São José da Bela Vista,SAO JOSE DA BELA VISTA,SP,São Paulo,Sudeste,Ribeirão Preto,Franca
3549607,354960,São José do Barreiro,SAO JOSE DO BARREIRO,SP,São Paulo,Sudeste,Vale do Paraíba Paulista,Bananal
3549706,354970,São José do Rio Pardo,SAO JOSE DO RIO PARDO,SP,São Paulo,Sudeste,Campinas,São João da Boa Vista
3549805,354980,São José do Rio Preto,SAO JOSE DO RIO PRETO,SP,São Paulo,Sudeste,São José do Rio Preto,São José do Rio Preto
3549904,354990,São José dos Campos,SAO JOSE DOS CAMPOS,SP,São Paulo,Sudeste,Vale do Paraíba Paulista,São José dos Campos
3549953,354995,São Lourenço da Serra,SAO LOURENCO DA SERRA,SP,São Paulo,Sudeste,Metropolitana de São Paulo,Itapecerica da Serra
3550001,355000,São Luiz do Paraitinga,SAO LUIZ DO PARAITINGA,SP,São Paulo,Sudeste,Vale do Paraíba Paulista,Paraibuna/Paraitinga
3550100,355010,São Manuel,SAO MANUEL,SP,São Paulo,Sudeste,Bauru,Botucatu
3550209,355020,São Miguel Arcanjo,SAO MIGUEL ARCANJO,SP,São Paulo,Sudeste,Macro Metropolitana Paulista,Piedade
3550308,355030,São Paulo,SAO PAULO,SP,São Paulo,Sudeste,Metropolitana de São Paulo,São Paulo
3550407,355040,São Pedro,SAO PEDRO,SP,São Paulo,Sudeste,Piracicaba,Piracicaba
3550506,355050,São Pedro do Turvo,SAO PEDRO DO TURVO,SP,São Paulo,Sudeste,Assis,Ourinhos
3550605,355060,São Roque,SAO ROQUE,SP,São Paulo,Sudeste,Macro Metropolitana Paulista,Sorocaba
3550704,355070,São Sebastião,SAO SEBASTIAO,SP,São Paulo,Sudeste,Vale do Paraíba Paulista,Caraguatatuba
3550803,355080,São Sebastião da Grama,SAO SEBASTIAO DA GRAMA,SP,São Paulo,Sudeste,Campinas,São João da Boa Vista
3550902,355090,São Simão,SAO SIMAO,SP,São Paulo,Sudeste,Ribeirão Preto,Ribeirão Preto
3551009,355100,São Vicente,SAO VICENTE,SP,São Paulo,Sudeste,Metropolitana de São Paulo,Santos
3551108,355110,Sarapuí,SARAPUI,SP,São Paulo,Sudeste,Macro Metropolitana Paulista,Sorocaba
3551207,355120,Sarutaiá,SARUTAIA,SP,São Paulo,Sudeste,Assis,Ourinhos
3551306,355130,Sebastianópolis do Sul,SEBASTIANOPOLIS DO SUL,SP,São Paulo,Sudeste,São José do Rio Preto,Nhandeara
3551405,355140,Serra Azul,SERRA AZUL,SP,São Paulo,Sudeste,Ribeirão Preto,Ribeirão Preto
3551504,355150,Serrana,SERRANA,SP,São Paulo,Sudeste,Ribeirão Preto,Ribeirão Preto
3551603,355160,Serra Negra,SERRA NEGRA,SP,São Paulo,Sudeste,Campinas,Amparo
3551702,355170,Sertãozinho,SERTAOZINHO,SP,São Paulo,Sudeste,Ribeirão Preto,Ribeirão Preto
3551801,355180,Sete Barras,SETE BARRAS,SP,São Paulo,Sudeste,Litoral Sul Paulista,Registro
3551900,355190,Severínia,SEVERINIA,SP,São Paulo,Sudeste,São José do Rio Preto,Catanduva
3552007,355200,Silveiras,SILVEIRAS,SP,São Paulo,Sudeste,Vale do Paraíba Paulista,Bananal
3552106,355210,Socorro,SOCORRO,SP,São Paulo,Sudeste,Campinas,Amparo
3552205,355220,Sorocaba,SOROCABA,SP,São Paulo,Sudeste,Macro Metropolitana Paulista,Sorocaba
3552304,355230,Sud Mennucci,SUD MENNUCCI,SP,São Paulo,Sudeste,Araçatuba,Andradina
3552403,355240,Sumaré,SUMARE,SP,São Paulo,Sudeste,Campinas,Campinas
3552502,355250,Suzano,SUZANO,SP,São Paulo,Sudeste,Metropolitana de São Paulo,Mogi das Cruzes
3552551,355255,Suzanápolis,SUZANAPOLIS,SP,São Paulo,Sudeste,Araçatuba,Andradina
3552601,355260,Tabapuã,TABAPUA,SP,São Paulo,Sudeste,São José do Rio Preto,Catanduva
3552700,355270,Tabatinga,TABATINGA,SP,São Paulo,Sudeste,Araraquara,Araraquara
3552809,355280,Taboão da Serra,TABOAO DA SERRA,SP,São Paulo,Sudeste,Metropolitana de São Paulo,Itapecerica da Serra
3552908,355290,Taciba,TACIBA,SP,São Paulo,Sudeste,Presidente Prudente,Presidente Prudente
3553005,355300,Taguaí,TAGUAI,SP,São Paulo,Sudeste,Assis,Ourinhos
3553104,355310,Taiaçu,TAIACU,SP,São Paulo,Sudeste,Ribeirão Preto,Jaboticabal
3553203,355320,Taiúva,TAIUVA,SP,São Paulo,Sudeste,Ribeirão Preto,Jaboticabal
3553302,355330,Tambaú,TAMBAU,SP,São Paulo,Sudeste,Campinas,São João da Boa Vista
3553401,355340,Tanabi,TANABI,SP,São Paulo,Sudeste,São José do Rio Preto,São José do Rio Preto
3553500,355350,Tapiraí,TAPIRAI,SP,São Paulo,Sudeste,Macro Metropolitana Paulista,Piedade
3553609,355360,Tapiratiba,TAPIRATIBA,SP,São Paulo,Sudeste,Campinas,São João da Boa Vista
3553658,355365,Taquaral,TAQUARAL,SP,São Paulo,Sudeste,Ribeirão Preto,Jaboticabal
3553708,355370,Taquaritinga,TAQUARITINGA,SP,São Paulo,Sudeste,Ribeirão Preto,Jaboticabal
3553807,355380,Taquarituba,TAQUARITUBA,SP,São Paulo,Sudeste,Itapetininga,Itapeva
3553856,355385,Taquarivaí,TAQUARIVAI,SP,São Paulo,Sudeste,Itapetininga,Itapeva
3553906,355390,Tarabai,TARABAI,SP,São Paulo,Sudeste,Presidente Prudente,Presidente Prudente
3553955,355395,Tarumã,TARUMA,SP,São Paulo,Sudeste,Assis,Assis
3554003,355400,Tatuí,TATUI,SP,São Paulo,Sudeste,Itapetininga,Tatuí
3554102,355410,Taubaté,TAUBATE,SP,São Paulo,Sudeste,Vale do Paraíba Paulista,São José dos Campos
3554201,355420,Tejupá,TEJUPA,SP,São Paulo,Sudeste,Assis,Ourinhos
3554300,355430,Teodoro Sampaio,TEODORO SAMPAIO,SP,São Paulo,Sudeste,Presidente Prudente,Presidente Prudente
3554409,355440,Terra Roxa,TERRA ROXA,SP,São Paulo,Sudeste,Ribeirão Preto,Jaboticabal
3554508,355450,Tietê,TIETE,SP,São Paulo,Sudeste,Piracicaba,Piracicaba
3554607,355460,Timburi,TIMBURI,SP,São Paulo,Sudeste,Assis,Ourinhos
3554656,355465,Torre de Pedra,TORRE DE PEDRA,SP,São Paulo,Sudeste,Itapetininga,Tatuí
3554706,355470,Torrinha,TORRINHA,SP,São Paulo,Sudeste,Piracicaba,Rio Claro
3554755,355475,Trabiju,TRABIJU,SP,São Paulo,Sudeste,Araraquara,Araraquara
3554805,355480,Tremembé,TREMEMBE,SP,São Paulo,Sudeste,Vale do Paraíba Paulista,São José dos Campos
3554904,355490,Três Fronteiras,TRES FRONTEIRAS,SP,São Paulo,Sudeste,São José do Rio Preto,Jales
3554953,355495,Tuiuti,TUIUTI,SP,São Paulo,Sudeste,Macro Metropolitana Paulista,Bragança Paulista
3555000,355500,Tupã,TUPA,SP,São Paulo,Sudeste,Marília,Tupã
3555109,355510,Tupi Paulista,TUPI PAULISTA,SP,São Paulo,Sudeste,Presidente Prudente,Dracena
3555208,355520,Turiúba,TURIUBA,SP,São Paulo,Sudeste,Araçatuba,Birigui
3555307,355530,Turmalina,TURMALINA,SP,São Paulo,Sudeste,São José do Rio Preto,Fernandópolis
3555356,355535,Ubarana,UBARANA,SP,São Paulo,Sudeste,São José do Rio Preto,São José do Rio Preto
3555406,355540,Ubatuba,UBATUBA,SP,São Paulo,Sudeste,Vale do Paraíba Paulista,Caraguatatuba
3555505,355550,Ubirajara,UBIRAJARA,SP,São Paulo,Sudeste,Bauru,Bauru
3555604,355560,Uchoa,UCHOA,SP,São Paulo,Sudeste,São José do Rio Preto,São José do Rio Preto
3555703,355570,União Paulista,UNIAO PAULISTA,SP,São Paulo,Sudeste,São José do Rio Preto,Nhandeara
3555802,355580,Urânia,URANIA,SP,São Paulo,Sudeste,São José do Rio Preto,Jales
3555901,355590,Uru,URU,SP,São Paulo,Sudeste,Bauru,Bauru
3556008,355600,Urupês,URUPES,SP,São Paulo,Sudeste,São José do Rio Preto,Novo Horizonte
3556107,355610,Valentim Gentil,VALENTIM GENTIL,SP,São Paulo,Sudeste,São José do Rio Preto,Votuporanga
3556206,355620,Valinhos,VALINHOS,SP,São Paulo,Sudeste,Campinas,Campinas
3556305,355630,Valparaíso,VALPARAISO,SP,São Paulo,Sudeste,Araçatuba,Araçatuba
3556354,355635,Vargem,VARGEM,SP,São Paulo,Sudeste,Macro Metropolitana Paulista,Bragança Paulista
3556404,355640,Vargem Grande do Sul,VARGEM GRANDE DO SUL,SP,São Paulo,Sudeste,Campinas,São João da Boa Vista
3556453,355645,Vargem Grande Paulista,VARGEM GRANDE PAULISTA,SP,São Paulo,Sudeste,Metropolitana de São Paulo,Itapecerica da Serra
3556503,355650,Várzea Paulista,VARZEA PAULISTA,SP,São Paulo,Sudeste,Macro Metropolitana Paulista,Jundiaí
3556602,355660,Vera Cruz,VERA CRUZ,SP,São Paulo,Sudeste,Marília,Marília
3556701,355670,Vinhedo,VINHEDO,SP,São Paulo,Sudeste,Campinas,Campinas
3556800,355680,Viradouro,VIRADOURO,SP,São Paulo,Sudeste,Ribeirão Preto,Jaboticabal
3556909,355690,Vista Alegre do Alto,VISTA ALEGRE DO ALTO,SP,São Paulo,Sudeste,Ribeirão Preto,Jaboticabal
3556958,355695,Vitória Brasil,VITORIA BRASIL,SP,São Paulo,Sudeste,São José do Rio Preto,Jales
3557006,355700,Votorantim,VOTORANTIM,SP,São Paulo,Sudeste,Macro Metropolitana Paulista,Sorocaba
3557105,355710,Votuporanga,VOTUPORANGA,SP,São Paulo,Sudeste,São José do Rio Preto,Votuporanga
3557154,355715,Zacarias,ZACARIAS,SP,São Paulo,Sudeste,São José do Rio Preto,São José do Rio Preto
3557204,355720,Chavantes,CHAVANTES,SP,São Paulo,Sudeste,Assis,Ourinhos
3557303,355730,Estiva Gerbi,ESTIVA GERBI,SP,São Paulo,Sudeste,Campinas,Mogi Mirim
4100103,410010,Abatiá,ABATIA,PR,Paraná,Sul,Norte Pioneiro Paranaense,Cornélio Procópio
4100202,410020,Adrianópolis,ADRIANOPOLIS,PR,Paraná,Sul,Metropolitana de Curitiba,Cerro Azul
4100301,410030,Agudos do Sul,AGUDOS DO SUL,PR,Paraná,Sul,Metropolitana de Curitiba,Rio Negro
4100400,410040,Almirante Tamandaré,ALMIRANTE TAMANDARE,PR,Paraná,Sul,Metropolitana de Curitiba,Curitiba
4100459,410045,Altamira do Paraná,ALTAMIRA DO PARANA,PR,Paraná,Sul,Centro Ocidental Paranaense,Goioerê
4100509,410050,Altônia,ALTONIA,PR,Paraná,Sul,Noroeste Paranaense,Umuarama
4100608,410060,Alto Paraná,ALTO PARANA,PR,Paraná,Sul,Noroeste Paranaense,Paranavaí
4100707,410070,Alto Piquiri,ALTO PIQUIRI,PR,Paraná,Sul,Noroeste Paranaense,Umuarama
4100806,410080,Alvorada do Sul,ALVORADA DO SUL,PR,Paraná,Sul,Norte Central Paranaense,Porecatu
4100905,410090,Amaporã,AMAPORA,PR,Paraná,Sul,Noroeste Paranaense,Paranavaí
4101002,410100,Ampére,AMPERE,PR,Paraná,Sul,Sudoeste Paranaense,Capanema
4101051,410105,Anahy,ANAHY,PR,Paraná,Sul,Oeste Paranaense,Cascavel
4101101,410110,Andirá,ANDIRA,PR,Paraná,Sul,Norte Pioneiro Paranaense,Cornélio Procópio
4101150,410115,Ângulo,ANGULO,PR,Paraná,Sul,Norte Central Paranaense,Astorga
4101200,410120,Antonina,ANTONINA,PR,Paraná,Sul,Metropolitana de Curitiba,Paranaguá
4101309,410130,Antônio Olinto,ANTONIO OLINTO,PR,Paraná,Sul,Sudeste Paranaense,São Mateus do Sul
4101408,410140,Apucarana,APUCARANA,PR,Paraná,Sul,Norte Central Paranaense,Apucarana
4101507,410150,Arapongas,ARAPONGAS,PR,Paraná,Sul,Norte Central Paranaense,Apucarana
4101606,410160,Arapoti,ARAPOTI,PR,Paraná,Sul,Centro Oriental Paranaense,Jaguariaíva
4101655,410165,Arapuã,ARAPUA,PR,Paraná,Sul,Norte Central Paranaense,Ivaiporã
4101705,410170,Araruna,ARARUNA,PR,Paraná,Sul,Centro Ocidental Paranaense,Campo Mourão
4101804,410180,Araucária,ARAUCARIA,PR,Paraná,Sul,Metropolitana de Curitiba,Curitiba
4101853,410185,Ariranha do Ivaí,ARIRANHA DO IVAI,PR,Paraná,Sul,Norte Central Paranaense,Ivaiporã
4101903,410190,Assaí,ASSAI,PR,Paraná,Sul,Norte Pioneiro Paranaense,Assaí
4102000,410200,Assis Chateaubriand,ASSIS CHATEAUBRIAND,PR,Paraná,Sul,Oeste Paranaense,Toledo
4102109,410210,Astorga,ASTORGA,PR,Paraná,Sul,Norte Central Paranaense,Astorga
4102208,410220,Atalaia,ATALAIA,PR,Paraná,Sul,Norte Central Paranaense,Astorga
4102307,410230,Balsa Nova,BALSA NOVA,PR,Paraná,Sul,Metropolitana de Curitiba,Curitiba
4102406,410240,Bandeirantes,BANDEIRANTES,PR,Paraná,Sul,Norte Pioneiro Paranaense,Cornélio Procópio
4102505,410250,Barbosa Ferraz,BARBOSA FERRAZ,PR,Paraná,Sul,Centro Ocidental Paranaense,Campo Mourão
4102604,410260,Barracão,BARRACAO,PR,Paraná,Sul,Sudoeste Paranaense,Francisco Beltrão
4102703,410270,Barra do Jacaré,BARRA DO JACARE,PR,Paraná,Sul,Norte Pioneiro Paranaense,Jacarezinho
4102752,410275,Bela Vista da Caroba,BELA VISTA DA CAROBA,PR,Paraná,Sul,Sudoeste Paranaense,Capanema
4102802,410280,Bela Vista do Paraíso,BELA VISTA DO PARAISO,PR,Paraná,Sul,Norte Central Paranaense,Porecatu
4102901,410290,Bituruna,BITURUNA,PR,Paraná,Sul,Sudeste Paranaense,União da Vitória
4103008,410300,Boa Esperança,BOA ESPERANCA,PR,Paraná,Sul,Centro Ocidental Paranaense,Goioerê
4103024,410302,Boa Esperança do Iguaçu,BOA ESPERANCA DO IGUACU,PR,Paraná,Sul,Sudoeste Paranaense,Francisco Beltrão
4103040,410304,Boa Ventura de São Roque,BOA VENTURA DE SAO ROQUE,PR,Paraná,Sul,Centro-Sul Paranaense,Pitanga
4103057,410305,Boa Vista da Aparecida,BOA VISTA DA APARECIDA,PR,Paraná,Sul,Oeste Paranaense,Cascavel
4103107,410310,Bocaiúva do Sul,BOCAIUVA DO SUL,PR,Paraná,Sul,Metropolitana de Curitiba,Curitiba
4103156,410315,Bom Jesus do Sul,BOM JESUS DO SUL,PR,Paraná,Sul,Sudoeste Paranaense,Francisco Beltrão
4103206,410320,Bom Sucesso,BOM SUCESSO,PR,Paraná,Sul,Norte Central Paranaense,Faxinal
4103222,410322,Bom Sucesso do Sul,BOM SUCESSO DO SUL,PR,Paraná,Sul,Sudoeste Paranaense,Pato Branco
4103305,410330,Borrazópolis,BORRAZOPOLIS,PR,Paraná,Sul,Norte Central Paranaense,Faxinal
4103354,410335,Braganey,BRAGANEY,PR,Paraná,Sul,Oeste Paranaense,Cascavel
4103370,410337,Brasilândia do Sul,BRASILANDIA DO SUL,PR,Paraná,Sul,Noroeste Paranaense,Umuarama
4103404,410340,Cafeara,CAFEARA,PR,Paraná,Sul,Norte Central Paranaense,Astorga
4103453,410345,Cafelândia,CAFELANDIA,PR,Paraná,Sul,Oeste Paranaense,Cascavel
4103479,410347,Cafezal do Sul,CAFEZAL DO SUL,PR,Paraná,Sul,Noroeste Paranaense,Umuarama
4103503,410350,Califórnia,CALIFORNIA,PR,Paraná,Sul,Norte Central Paranaense,Apucarana
4103602,410360,Cambará,CAMBARA,PR,Paraná,Sul,Norte Pioneiro Paranaense,Jacarezinho
4103701,410370,Cambé,CAMBE,PR,Paraná,Sul,Norte Central Paranaense,Londrina
4103800,410380,Cambira,CAMBIRA,PR,Paraná,Sul,Norte Central Paranaense,Apucarana
4103909,410390,Campina da Lagoa,CAMPINA DA LAGOA,PR,Paraná,Sul,Centro Ocidental Paranaense,Goioerê
4103958,410395,Campina do Simão,CAMPINA DO SIMAO,PR,Paraná,Sul,Centro-Sul Paranaense,Guarapuava
4104006,410400,Campina Grande do Sul,CAMPINA GRANDE DO SUL,PR,Paraná,Sul,Metropolitana de Curitiba,Curitiba
4104055,410405,Campo Bonito,CAMPO BONITO,PR,Paraná,Sul,Oeste Paranaense,Cascavel
4104105,410410,Campo do Tenente,CAMPO DO TENENTE,PR,Paraná,Sul,Metropolitana de Curitiba,Rio Negro
4104204,410420,Campo Largo,CAMPO LARGO,PR,Paraná,Sul,Metropolitana de Curitiba,Curitiba
4104253,410425,Campo Magro,CAMPO MAGRO,PR,Paraná,Sul,Metropolitana de Curitiba,Curitiba
4104303,410430,Campo Mourão,CAMPO MOURAO,PR,Paraná,Sul,Centro Ocidental Paranaense,Campo Mourão
4104402,410440,Cândido de Abreu,CANDIDO DE ABREU,PR,Paraná,Sul,Norte Central Paranaense,Ivaiporã
4104428,410442,Candói,CANDOI,PR,Paraná,Sul,Centro-Sul Paranaense,Guarapuava
4104451,410445,Cantagalo,CANTAGALO,PR,Paraná,Sul,Centro-Sul Paranaense,Guarapuava
4104501,410450,Capanema,CAPANEMA,PR,Paraná,Sul,Sudoeste Paranaense,Capanema
4104600,410460,Capitão Leônidas Marques,CAPITAO LEONIDAS MARQUES,PR,Paraná,Sul,Oeste Paranaense,Cascavel
4104659,410465,Carambeí,CARAMBEI,PR,Paraná,Sul,Centro Oriental Paranaense,Ponta Grossa
4104709,410470,Carlópolis,CARLOPOLIS,PR,Paraná,Sul,Norte Pioneiro Paranaense,Wenceslau Braz
4104808,410480,Cascavel,CASCAVEL,PR,Paraná,Sul,Oeste Paranaense,Cascavel
4104907,410490,Castro,CASTRO,PR,Paraná,Sul,Centro Oriental Paranaense,Ponta Grossa
4105003,410500,Catanduvas,CATANDUVAS,PR,Paraná,Sul,Oeste Paranaense,Cascavel
4105102,410510,Centenário do Sul,CENTENARIO DO SUL,PR,Paraná,Sul,Norte Central Paranaense,Astorga
4105201,410520,Cerro Azul,CERRO AZUL,PR,Paraná,Sul,Metropolitana de Curitiba,Cerro Azul
4105300,410530,Céu Azul,CEU AZUL,PR,Paraná,Sul,Oeste Paranaense,Foz do Iguaçu
4105409,410540,Chopinzinho,CHOPINZINHO,PR,Paraná,Sul,Sudoeste Paranaense,Pato Branco
4105508,410550,Cianorte,CIANORTE,PR,Paraná,Sul,Noroeste Paranaense,Cianorte
4105607,410560,Cidade Gaúcha,CIDADE GAUCHA,PR,Paraná,Sul,Noroeste Paranaense,Cianorte
4105706,410570,Clevelândia,CLEVELANDIA,PR,Paraná,Sul,Centro-Sul Paranaense,Palmas
4105805,410580,Colombo,COLOMBO,PR,Paraná,Sul,Metropolitana de Curitiba,Curitiba
4105904,410590,Colorado,COLORADO,PR,Paraná,Sul,Norte Central Paranaense,Astorga
4106001,410600,Congonhinhas,CONGONHINHAS,PR,Paraná,Sul,Norte Pioneiro Paranaense,Cornélio Procópio
4106100,410610,Conselheiro Mairinck,CONSELHEIRO MAIRINCK,PR,Paraná,Sul,Norte Pioneiro Paranaense,Ibaiti
4106209,410620,Contenda,CONTENDA,PR,Paraná,Sul,Metropolitana de Curitiba,Curitiba
4106308,410630,Corbélia,CORBELIA,PR,Paraná,Sul,Oeste Paranaense,Cascavel
4106407,410640,Cornélio Procópio,CORNELIO PROCOPIO,PR,Paraná,Sul,Norte Pioneiro Paranaense,Cornélio Procópio
4106456,410645,Coronel Domingos Soares,CORONEL DOMINGOS SOARES,PR,Paraná,Sul,Centro-Sul Paranaense,Palmas
4106506,410650,Coronel Vivida,CORONEL VIVIDA,PR,Paraná,Sul,Sudoeste Paranaense,Pato Branco
4106555,410655,Corumbataí do Sul,CORUMBATAI DO SUL,PR,Paraná,Sul,Centro Ocidental Paranaense,Campo Mourão
4106571,410657,Cruzeiro do Iguaçu,CRUZEIRO DO IGUACU,PR,Paraná,Sul,Sudoeste Paranaense,Francisco Beltrão
4106605,410660,Cruzeiro do Oeste,CRUZEIRO DO OESTE,PR,Paraná,Sul,Noroeste Paranaense,Umuarama
4106704,410670,Cruzeiro do Sul,CRUZEIRO DO SUL,PR,Paraná,Sul,Noroeste Paranaense,Paranavaí
4106803,410680,Cruz Machado,CRUZ MACHADO,PR,Paraná,Sul,Sudeste Paranaense,União da Vitória
4106852,410685,Cruzmaltina,CRUZMALTINA,PR,Paraná,Sul,Norte Central Paranaense,Faxinal
4106902,410690,Curitiba,CURITIBA,PR,Paraná,Sul,Metropolitana de Curitiba,Curitiba
4107009,410700,Curiúva,CURIUVA,PR,Paraná,Sul,Norte Pioneiro Paranaense,Ibaiti
4107108,410710,Diamante do Norte,DIAMANTE DO NORTE,PR,Paraná,Sul,Noroeste Paranaense,Paranavaí
4107124,410712,Diamante do Sul,DIAMANTE DO SUL,PR,Paraná,Sul,Oeste Paranaense,Cascavel
4107157,410715,Diamante D'Oeste,DIAMANTE D'OESTE,PR,Paraná,Sul,Oeste Paranaense,Toledo
4107207,410720,Dois Vizinhos,DOIS VIZINHOS,PR,Paraná,Sul,Sudoeste Paranaense,Francisco Beltrão
4107256,410725,Douradina,DOURADINA,PR,Paraná,Sul,Noroeste Paranaense,Umuarama
4107306,410730,Doutor Camargo,DOUTOR CAMARGO,PR,Paraná,Sul,Norte Central Paranaense,Floraí
4107405,410740,Enéas Marques,ENEAS MARQUES,PR,Paraná,Sul,Sudoeste Paranaense,Francisco Beltrão
4107504,410750,Engenheiro Beltrão,ENGENHEIRO BELTRAO,PR,Paraná,Sul,Centro Ocidental Paranaense,Campo Mourão
4107520,410752,Esperança Nova,ESPERANCA NOVA,PR,Paraná,Sul,Noroeste Paranaense,Umuarama
4107538,410753,Entre Rios do Oeste,ENTRE RIOS DO OESTE,PR,Paraná,Sul,Oeste Paranaense,Toledo
4107546,410754,Espigão Alto do Iguaçu,ESPIGAO ALTO DO IGUACU,PR,Paraná,Sul,Centro-Sul Paranaense,Guarapuava
4107553,410755,Farol,FAROL,PR,Paraná,Sul,Centro Ocidental Paranaense,Campo Mourão
4107603,410760,Faxinal,FAXINAL,PR,Paraná,Sul,Norte Central Paranaense,Faxinal
4107652,410765,Fazenda Rio Grande,FAZENDA RIO GRANDE,PR,Paraná,Sul,Metropolitana de Curitiba,Curitiba
4107702,410770,Fênix,FENIX,PR,Paraná,Sul,Centro Ocidental Paranaense,Campo Mourão
4107736,410773,Fernandes Pinheiro,FERNANDES PINHEIRO,PR,Paraná,Sul,Sudeste Paranaense,Prudentópolis
4107751,410775,Figueira,FIGUEIRA,PR,Paraná,Sul,Norte Pioneiro Paranaense,Ibaiti
4107801,410780,Floraí,FLORAI,PR,Paraná,Sul,Norte Central Paranaense,Floraí
4107850,410785,Flor da Serra do Sul,FLOR DA SERRA DO SUL,PR,Paraná,Sul,Sudoeste Paranaense,Francisco Beltrão
4107900,410790,Floresta,FLORESTA,PR,Paraná,Sul,Norte Central Paranaense,Floraí
4108007,410800,Florestópolis,FLORESTOPOLIS,PR,Paraná,Sul,Norte Central Paranaense,Porecatu
4108106,410810,Flórida,FLORIDA,PR,Paraná,Sul,Norte Central Paranaense,Astorga
4108205,410820,Formosa do Oeste,FORMOSA DO OESTE,PR,Paraná,Sul,Oeste Paranaense,Toledo
4108304,410830,Foz do Iguaçu,FOZ DO IGUACU,PR,Paraná,Sul,Oeste Paranaense,Foz do Iguaçu
4108320,410832,Francisco Alves,FRANCISCO ALVES,PR,Paraná,Sul,Noroeste Paranaense,Umuarama
4108403,410840,Francisco Beltrão,FRANCISCO BELTRAO,PR,Paraná,Sul,Sudoeste Paranaense,Francisco Beltrão
4108452,410845,Foz do Jordão,FOZ DO JORDAO,PR,Paraná,Sul,Centro-Sul Paranaense,Guarapuava
4108502,410850,General Carneiro,GENERAL CARNEIRO,PR,Paraná,Sul,Sudeste Paranaense,União da Vitória
4108551,410855,Godoy Moreira,GODOY MOREIRA,PR,Paraná,Sul,Norte Central Paranaense,Ivaiporã
4108601,410860,Goioerê,GOIOERE,PR,Paraná,Sul,Centro Ocidental Paranaense,Goioerê
4108650,410865,Goioxim,GOIOXIM,PR,Paraná,Sul,Centro-Sul Paranaense,Guarapuava
4108700,410870,Grandes Rios,GRANDES RIOS,PR,Paraná,Sul,Norte Central Paranaense,Ivaiporã
4108809,410880,Guaíra,GUAIRA,PR,Paraná,Sul,Oeste Paranaense,Toledo
4108908,410890,Guairaçá,GUAIRACA,PR,Paraná,Sul,Noroeste Paranaense,Paranavaí
4108957,410895,Guamiranga,GUAMIRANGA,PR,Paraná,Sul,Sudeste Paranaense,Prudentópolis
4109005,410900,Guapirama,GUAPIRAMA,PR,Paraná,Sul,Norte Pioneiro Paranaense,Wenceslau Braz
4109104,410910,Guaporema,GUAPOREMA,PR,Paraná,Sul,Noroeste Paranaense,Cianorte
4109203,410920,Guaraci,GUARACI,PR,Paraná,Sul,Norte Central Paranaense,Astorga
4109302,410930,Guaraniaçu,GUARANIACU,PR,Paraná,Sul,Oeste Paranaense,Cascavel
4109401,410940,Guarapuava,GUARAPUAVA,PR,Paraná,Sul,Centro-Sul Paranaense,Guarapuava
4109500,410950,Guaraqueçaba,GUARAQUECABA,PR,Paraná,Sul,Metropolitana de Curitiba,Paranaguá
4109609,410960,Guaratuba,GUARATUBA,PR,Paraná,Sul,Metropolitana de Curitiba,Paranaguá
4109658,410965,Honório Serpa,HONORIO SERPA,PR,Paraná,Sul,Centro-Sul Paranaense,Palmas
4109708,410970,Ibaiti,IBAITI,PR,Paraná,Sul,Norte Pioneiro Paranaense,Ibaiti
4109757,410975,Ibema,IBEMA,PR,Paraná,Sul,Oeste Paranaense,Cascavel
4109807,410980,Ibiporã,IBIPORA,PR,Paraná,Sul,Norte Central Paranaense,Londrina
4109906,410990,Icaraíma,ICARAIMA,PR,Paraná,Sul,Noroeste Paranaense,Umuarama
4110003,411000,Iguaraçu,IGUARACU,PR,Paraná,Sul,Norte Central Paranaense,Astorga
4110052,411005,Iguatu,IGUATU,PR,Paraná,Sul,Oeste Paranaense,Cascavel
4110078,411007,Imbaú,IMBAU,PR,Paraná,Sul,Centro Oriental Paranaense,Telêmaco Borba
4110102,411010,Imbituva,IMBITUVA,PR,Paraná,Sul,Sudeste Paranaense,Prudentópolis
4110201,411020,Inácio Martins,INACIO MARTINS,PR,Paraná,Sul,Centro-Sul Paranaense,Guarapuava
4110300,411030,Inajá,INAJA,PR,Paraná,Sul,Noroeste Paranaense,Paranavaí
4110409,411040,Indianópolis,INDIANOPOLIS,PR,Paraná,Sul,Noroeste Paranaense,Cianorte
4110508,411050,Ipiranga,IPIRANGA,PR,Paraná,Sul,Sudeste Paranaense,Prudentópolis
4110607,411060,Iporã,IPORA,PR,Paraná,Sul,Noroeste Paranaense,Umuarama
4110656,411065,Iracema do Oeste,IRACEMA DO OESTE,PR,Paraná,Sul,Oeste Paranaense,Toledo
4110706,411070,Irati,IRATI,PR,Paraná,Sul,Sudeste Paranaense,Irati
4110805,411080,Iretama,IRETAMA,PR,Paraná,Sul,Centro Ocidental Paranaense,Campo Mourão
4110904,411090,Itaguajé,ITAGUAJE,PR,Paraná,Sul,Norte Central Paranaense,Astorga
4110953,411095,Itaipulândia,ITAIPULANDIA,PR,Paraná,Sul,Oeste Paranaense,Foz do Iguaçu
4111001,411100,Itambaracá,ITAMBARACA,PR,Paraná,Sul,Norte Pioneiro Paranaense,Cornélio Procópio
4111100,411110,Itambé,ITAMBE,PR,Paraná,Sul,Norte Central Paranaense,Floraí
4111209,411120,Itapejara d'Oeste,ITAPEJARA D'OESTE,PR,Paraná,Sul,Sudoeste Paranaense,Pato Branco
4111258,411125,Itaperuçu,ITAPERUCU,PR,Paraná,Sul,Metropolitana de Curitiba,Curitiba
4111308,411130,Itaúna do Sul,ITAUNA DO SUL,PR,Paraná,Sul,Noroeste Paranaense,Paranavaí
4111407,411140,Ivaí,IVAI,PR,Paraná,Sul,Sudeste Paranaense,Prudentópolis
4111506,411150,Ivaiporã,IVAIPORA,PR,Paraná,Sul,Norte Central Paranaense,Ivaiporã
4111555,411155,Ivaté,IVATE,PR,Paraná,Sul,Noroeste Paranaense,Umuarama
4111605,411160,Ivatuba,IVATUBA,PR,Paraná,Sul,Norte Central Paranaense,Floraí
4111704,411170,Jaboti,JABOTI,PR,Paraná,Sul,Norte Pioneiro Paranaense,Ibaiti
4111803,411180,Jacarezinho,JACAREZINHO,PR,Paraná,Sul,Norte Pioneiro Paranaense,Jacarezinho
4111902,411190,Jaguapitã,JAGUAPITA,PR,Paraná,Sul,Norte Central Paranaense,Astorga
4112009,411200,Jaguariaíva,JAGUARIAIVA,PR,Paraná,Sul,Centro Oriental Paranaense,Jaguariaíva
4112108,411210,Jandaia do Sul,JANDAIA DO SUL,PR,Paraná,Sul,Norte Central Paranaense,Apucarana
4112207,411220,Janiópolis,JANIOPOLIS,PR,Paraná,Sul,Centro Ocidental Paranaense,Goioerê
4112306,411230,Japira,JAPIRA,PR,Paraná,Sul,Norte Pioneiro Paranaense,Ibaiti
4112405,411240,Japurá,JAPURA,PR,Paraná,Sul,Noroeste Paranaense,Cianorte
4112504,411250,Jardim Alegre,JARDIM ALEGRE,PR,Paraná,Sul,Norte Central Paranaense,Ivaiporã
4112603,411260,Jardim Olinda,JARDIM OLINDA,PR,Paraná,Sul,Noroeste Paranaense,Paranavaí
4112702,411270,Jataizinho,JATAIZINHO,PR,Paraná,Sul,Norte Pioneiro Paranaense,Assaí
4112751,411275,Jesuítas,JESUITAS,PR,Paraná,Sul,Oeste Paranaense,Toledo
4112801,411280,Joaquim Távora,JOAQUIM TAVORA,PR,Paraná,Sul,Norte Pioneiro Paranaense,Wenceslau Braz
4112900,411290,Jundiaí do Sul,JUNDIAI DO SUL,PR,Paraná,Sul,Norte Pioneiro Paranaense,Jacarezinho
4112959,411295,Juranda,JURANDA,PR,Paraná,Sul,Centro Ocidental Paranaense,Goioerê
4113007,411300,Jussara,JUSSARA,PR,Paraná,Sul,Noroeste Paranaense,Cianorte
4113106,411310,Kaloré,KALORE,PR,Paraná,Sul,Norte Central Paranaense,Faxinal
4113205,411320,Lapa,LAPA,PR,Paraná,Sul,Metropolitana de Curitiba,Lapa
4113254,411325,Laranjal,LARANJAL,PR,Paraná,Sul,Centro-Sul Paranaense,Pitanga
4113304,411330,Laranjeiras do Sul,LARANJEIRAS DO SUL,PR,Paraná,Sul,Centro-Sul Paranaense,Guarapuava
4113403,411340,Leópolis,LEOPOLIS,PR,Paraná,Sul,Norte Pioneiro Paranaense,Cornélio Procópio
4113429,411342,Lidianópolis,LIDIANOPOLIS,PR,Paraná,Sul,Norte Central Paranaense,Ivaiporã
4113452,411345,Lindoeste,LINDOESTE,PR,Paraná,Sul,Oeste Paranaense,Cascavel
4113502,411350,Loanda,LOANDA,PR,Paraná,Sul,Noroeste Paranaense,Paranavaí
4113601,411360,Lobato,LOBATO,PR,Paraná,Sul,Norte Central Paranaense,Astorga
4113700,411370,Londrina,LONDRINA,PR,Paraná,Sul,Norte Central Paranaense,Londrina
4113734,411373,Luiziana,LUIZIANA,PR,Paraná,Sul,Centro Ocidental Paranaense,Campo Mourão
4113759,411375,Lunardelli,LUNARDELLI,PR,Paraná,Sul,Norte Central Paranaense,Ivaiporã
4113809,411380,Lupionópolis,LUPIONOPOLIS,PR,Paraná,Sul,Norte Central Paranaense,Astorga
4113908,411390,Mallet,MALLET,PR,Paraná,Sul,Sudeste Paranaense,Irati
4114005,411400,Mamborê,MAMBORE,PR,Paraná,Sul,Centro Ocidental Paranaense,Campo Mourão
4114104,411410,Mandaguaçu,MANDAGUACU,PR,Paraná,Sul,Norte Central Paranaense,Astorga
4114203,411420,Mandaguari,MANDAGUARI,PR,Paraná,Sul,Norte Central Paranaense,Maringá
4114302,411430,Mandirituba,MANDIRITUBA,PR,Paraná,Sul,Metropolitana de Curitiba,Curitiba
4114351,411435,Manfrinópolis,MANFRINOPOLIS,PR,Paraná,Sul,Sudoeste Paranaense,Francisco Beltrão
4114401,411440,Mangueirinha,MANGUEIRINHA,PR,Paraná,Sul,Centro-Sul Paranaense,Palmas
4114500,411450,Manoel Ribas,MANOEL RIBAS,PR,Paraná,Sul,Norte Central Paranaense,Ivaiporã
4114609,411460,Marechal Cândido Rondon,MARECHAL CANDIDO RONDON,PR,Paraná,Sul,Oeste Paranaense,Toledo
4114708,411470,Maria Helena,MARIA HELENA,PR,Paraná,Sul,Noroeste Paranaense,Umuarama
4114807,411480,Marialva,MARIALVA,PR,Paraná,Sul,Norte Central Paranaense,Maringá
4114906,411490,Marilândia do Sul,MARILANDIA DO SUL,PR,Paraná,Sul,Norte Central Paranaense,Apucarana
4115002,411500,Marilena,MARILENA,PR,Paraná,Sul,Noroeste Paranaense,Paranavaí
4115101,411510,Mariluz,MARILUZ,PR,Paraná,Sul,Noroeste Paranaense,Umuarama
4115200,411520,Maringá,MARINGA,PR,Paraná,Sul,Norte Central Paranaense,Maringá
4115309,411530,Mariópolis,MARIOPOLIS,PR,Paraná,Sul,Sudoeste Paranaense,Pato Branco
4115358,411535,Maripá,MARIPA,PR,Paraná,Sul,Oeste Paranaense,Toledo
4115408,411540,Marmeleiro,MARMELEIRO,PR,Paraná,Sul,Sudoeste Paranaense,Francisco Beltrão
4115457,411545,Marquinho,MARQUINHO,PR,Paraná,Sul,Centro-Sul Paranaense,Guarapuava
4115507,411550,Marumbi,MARUMBI,PR,Paraná,Sul,Norte Central Paranaense,Faxinal
4115606,411560,Matelândia,MATELANDIA,PR,Paraná,Sul,Oeste Paranaense,Foz do Iguaçu
4115705,411570,Matinhos,MATINHOS,PR,Paraná,Sul,Metropolitana de Curitiba,Paranaguá
4115739,411573,Mato Rico,MATO RICO,PR,Paraná,Sul,Centro-Sul Paranaense,Pitanga
4115754,411575,Mauá da Serra,MAUA DA SERRA,PR,Paraná,Sul,Norte Central Paranaense,Apucarana
4115804,411580,Medianeira,MEDIANEIRA,PR,Paraná,Sul,Oeste Paranaense,Foz do Iguaçu
4115853,411585,Mercedes,MERCEDES,PR,Paraná,Sul,Oeste Paranaense,Toledo
4115903,411590,Mirador,MIRADOR,PR,Paraná,Sul,Noroeste Paranaense,Paranavaí
4116000,411600,Miraselva,MIRASELVA,PR,Paraná,Sul,Norte Central Paranaense,Porecatu
4116059,411605,Missal,MISSAL,PR,Paraná,Sul,Oeste Paranaense,Foz do Iguaçu
4116109,411610,Moreira Sales,MOREIRA SALES,PR,Paraná,Sul,Centro Ocidental Paranaense,Goioerê
4116208,411620,Morretes,MORRETES,PR,Paraná,Sul,Metropolitana de Curitiba,Paranaguá
4116307,411630,Munhoz de Melo,MUNHOZ DE MELO,PR,Paraná,Sul,Norte Central Paranaense,Astorga
4116406,411640,Nossa Senhora das Graças,NOSSA SENHORA DAS GRACAS,PR,Paraná,Sul,Norte Central Paranaense,Astorga
4116505,411650,Nova Aliança do Ivaí,NOVA ALIANCA DO IVAI,PR,Paraná,Sul,Noroeste Paranaense,Paranavaí
4116604,411660,Nova América da Colina,NOVA AMERICA DA COLINA,PR,Paraná,Sul,Norte Pioneiro Paranaense,Cornélio Procópio
4116703,411670,Nova Aurora,NOVA AURORA,PR,Paraná,Sul,Oeste Paranaense,Cascavel
4116802,411680,Nova Cantu,NOVA CANTU,PR,Paraná,Sul,Centro Ocidental Paranaense,Goioerê
4116901,411690,Nova Esperança,NOVA ESPERANCA,PR,Paraná,Sul,Norte Central Paranaense,Astorga
4116950,411695,Nova Esperança do Sudoeste,NOVA ESPERANCA DO SUDOESTE,PR,Paraná,Sul,Sudoeste Paranaense,Francisco Beltrão
4117008,411700,Nova Fátima,NOVA FATIMA,PR,Paraná,Sul,Norte Pioneiro Paranaense,Cornélio Procópio
4117057,411705,Nova Laranjeiras,NOVA LARANJEIRAS,PR,Paraná,Sul,Centro-Sul Paranaense,Guarapuava
4117107,411710,Nova Londrina,NOVA LONDRINA,PR,Paraná,Sul,Noroeste Paranaense,Paranavaí
4117206,411720,Nova Olímpia,NOVA OLIMPIA,PR,Paraná,Sul,Noroeste Paranaense,Umuarama
4117214,411721,Nova Santa Bárbara,NOVA SANTA BARBARA,PR,Paraná,Sul,Norte Pioneiro Paranaense,Assaí
4117222,411722,Nova Santa Rosa,NOVA SANTA ROSA,PR,Paraná,Sul,Oeste Paranaense,Toledo
4117255,411725,Nova Prata do Iguaçu,NOVA PRATA DO IGUACU,PR,Paraná,Sul,Sudoeste Paranaense,Francisco Beltrão
4117271,411727,Nova Tebas,NOVA TEBAS,PR,Paraná,Sul,Norte Central Paranaense,Ivaiporã
4117297,411729,Novo Itacolomi,NOVO ITACOLOMI,PR,Paraná,Sul,Norte Central Paranaense,Apucarana
4117305,411730,Ortigueira,ORTIGUEIRA,PR,Paraná,Sul,Centro Oriental Paranaense,Telêmaco Borba
4117404,411740,Ourizona,OURIZONA,PR,Paraná,Sul,Norte Central Paranaense,Floraí
4117453,411745,Ouro Verde do Oeste,OURO VERDE DO OESTE,PR,Paraná,Sul,Oeste Paranaense,Toledo
4117503,411750,Paiçandu,PAICANDU,PR,Paraná,Sul,Norte Central Paranaense,Maringá
4117602,411760,Palmas,PALMAS,PR,Paraná,Sul,Centro-Sul Paranaense,Palmas
4117701,411770,Palmeira,PALMEIRA,PR,Paraná,Sul,Centro Oriental Paranaense,Ponta Grossa
4117800,411780,Palmital,PALMITAL,PR,Paraná,Sul,Centro-Sul Paranaense,Pitanga
4117909,411790,Palotina,PALOTINA,PR,Paraná,Sul,Oeste Paranaense,Toledo
4118006,411800,Paraíso do Norte,PARAISO DO NORTE,PR,Paraná,Sul,Noroeste Paranaense,Paranavaí
4118105,411810,Paranacity,PARANACITY,PR,Paraná,Sul,Noroeste Paranaense,Paranavaí
4118204,411820,Paranaguá,PARANAGUA,PR,Paraná,Sul,Metropolitana de Curitiba,Paranaguá
4118303,411830,Paranapoema,PARANAPOEMA,PR,Paraná,Sul,Noroeste Paranaense,Paranavaí
4118402,411840,Paranavaí,PARANAVAI,PR,Paraná,Sul,Noroeste Paranaense,Paranavaí
4118451,411845,Pato Bragado,PATO BRAGADO,PR,Paraná,Sul,Oeste Paranaense,Toledo
4118501,411850,Pato Branco,PATO BRANCO,PR,Paraná,Sul,Sudoeste Paranaense,Pato Branco
4118600,411860,Paula Freitas,PAULA FREITAS,PR,Paraná,Sul,Sudeste Paranaense,União da Vitória
4118709,411870,Paulo Frontin,PAULO FRONTIN,PR,Paraná,Sul,Sudeste Paranaense,União da Vitória
4118808,411880,Peabiru,PEABIRU,PR,Paraná,Sul,Centro Ocidental Paranaense,Campo Mourão
4118857,411885,Perobal,PEROBAL,PR,Paraná,Sul,Noroeste Paranaense,Umuarama
4118907,411890,Pérola,PEROLA,PR,Paraná,Sul,Noroeste Paranaense,Umuarama
4119004,411900,Pérola d'Oeste,PEROLA D'OESTE,PR,Paraná,Sul,Sudoeste Paranaense,Capanema
4119103,411910,Piên,PIEN,PR,Paraná,Sul,Metropolitana de Curitiba,Rio Negro
4119152,411915,Pinhais,PINHAIS,PR,Paraná,Sul,Metropolitana de Curitiba,Curitiba
4119202,411920,Pinhalão,PINHALAO,PR,Paraná,Sul,Norte Pioneiro Paranaense,Ibaiti
4119251,411925,Pinhal de São Bento,PINHAL DE SAO BENTO,PR,Paraná,Sul,Sudoeste Paranaense,Francisco Beltrão
4119301,411930,Pinhão,PINHAO,PR,Paraná,Sul,Centro-Sul Paranaense,Guarapuava
4119400,411940,Piraí do Sul,PIRAI DO SUL,PR,Paraná,Sul,Centro Oriental Paranaense,Jaguariaíva
4119509,411950,Piraquara,PIRAQUARA,PR,Paraná,Sul,Metropolitana de Curitiba,Curitiba
4119608,411960,Pitanga,PITANGA,PR,Paraná,Sul,Centro-Sul Paranaense,Pitanga
4119657,411965,Pitangueiras,PITANGUEIRAS,PR,Paraná,Sul,Norte Central Paranaense,Londrina
4119707,411970,Planaltina do Paraná,PLANALTINA DO PARANA,PR,Paraná,Sul,Noroeste Paranaense,Paranavaí
4119806,411980,Planalto,PLANALTO,PR,Paraná,Sul,Sudoeste Paranaense,Capanema
4119905,411990,Ponta Grossa,PONTA GROSSA,PR,Paraná,Sul,Centro Oriental Paranaense,Ponta Grossa
4119954,411995,Pontal do Paraná,PONTAL DO PARANA,PR,Paraná,Sul,Metropolitana de Curitiba,Paranaguá
4120002,412000,Porecatu,PORECATU,PR,Paraná,Sul,Norte Central Paranaense,Porecatu
4120101,412010,Porto Amazonas,PORTO AMAZONAS,PR,Paraná,Sul,Metropolitana de Curitiba,Lapa
4120150,412015,Porto Barreiro,PORTO BARREIRO,PR,Paraná,Sul,Centro-Sul Paranaense,Guarapuava
4120200,412020,Porto Rico,PORTO RICO,PR,Paraná,Sul,Noroeste Paranaense,Paranavaí
4120309,412030,Porto Vitória,PORTO VITORIA,PR,Paraná,Sul,Sudeste Paranaense,União da Vitória
4120333,412033,Prado Ferreira,PRADO FERREIRA,PR,Paraná,Sul,Norte Central Paranaense,Porecatu
4120358,412035,Pranchita,PRANCHITA,PR,Paraná,Sul,Sudoeste Paranaense,Capanema
4120408,412040,Presidente Castelo Branco,PRESIDENTE CASTELO BRANCO,PR,Paraná,Sul,Norte Central Paranaense,Astorga
4120507,412050,Primeiro de Maio,PRIMEIRO DE MAIO,PR,Paraná,Sul,Norte Central Paranaense,Porecatu
4120606,412060,Prudentópolis,PRUDENTOPOLIS,PR,Paraná,Sul,Sudeste Paranaense,Prudentópolis
4120655,412065,Quarto Centenário,QUARTO CENTENARIO,PR,Paraná,Sul,Centro Ocidental Paranaense,Goioerê
4120705,412070,Quatiguá,QUATIGUA,PR,Paraná,Sul,Norte Pioneiro Paranaense,Wenceslau Braz
4120804,412080,Quatro Barras,QUATRO BARRAS,PR,Paraná,Sul,Metropolitana de Curitiba,Curitiba
4120853,412085,Quatro Pontes,QUATRO PONTES,PR,Paraná,Sul,Oeste Paranaense,Toledo
4120903,412090,Quedas do Iguaçu,QUEDAS DO IGUACU,PR,Paraná,Sul,Centro-Sul Paranaense,Guarapuava
4121000,412100,Querência do Norte,QUERENCIA DO NORTE,PR,Paraná,Sul,Noroeste Paranaense,Paranavaí
4121109,412110,Quinta do Sol,QUINTA DO SOL,PR,Paraná,Sul,Centro Ocidental Paranaense,Campo Mourão
4121208,412120,Quitandinha,QUITANDINHA,PR,Paraná,Sul,Metropolitana de Curitiba,Rio Negro
4121257,412125,Ramilândia,RAMILANDIA,PR,Paraná,Sul,Oeste Paranaense,Foz do Iguaçu
4121307,412130,Rancho Alegre,RANCHO ALEGRE,PR,Paraná,Sul,Norte Pioneiro Paranaense,Assaí
4121356,412135,Rancho Alegre D'Oeste,RANCHO ALEGRE D'OESTE,PR,Paraná,Sul,Centro Ocidental Paranaense,Goioerê
4121406,412140,Realeza,REALEZA,PR,Paraná,Sul,Sudoeste Paranaense,Capanema
4121505,412150,Rebouças,REBOUCAS,PR,Paraná,Sul,Sudeste Paranaense,Irati
4121604,412160,Renascença,RENASCENCA,PR,Paraná,Sul,Sudoeste Paranaense,Francisco Beltrão
4121703,412170,Reserva,RESERVA,PR,Paraná,Sul,Centro Oriental Paranaense,Telêmaco Borba
4121752,412175,Reserva do Iguaçu,RESERVA DO IGUACU,PR,Paraná,Sul,Centro-Sul Paranaense,Guarapuava
4121802,412180,Ribeirão Claro,RIBEIRAO CLARO,PR,Paraná,Sul,Norte Pioneiro Paranaense,Jacarezinho
4121901,412190,Ribeirão do Pinhal,RIBEIRAO DO PINHAL,PR,Paraná,Sul,Norte Pioneiro Paranaense,Cornélio Procópio
4122008,412200,Rio Azul,RIO AZUL,PR,Paraná,Sul,Sudeste Paranaense,Irati
4122107,412210,Rio Bom,RIO BOM,PR,Paraná,Sul,Norte Central Paranaense,Faxinal
4122156,412215,Rio Bonito do Iguaçu,RIO BONITO DO IGUACU,PR,Paraná,Sul,Centro-Sul Paranaense,Guarapuava
4122172,412217,Rio Branco do Ivaí,RIO BRANCO DO IVAI,PR,Paraná,Sul,Norte Central Paranaense,Ivaiporã
4122206,412220,Rio Branco do Sul,RIO BRANCO DO SUL,PR,Paraná,Sul,Metropolitana de Curitiba,Curitiba
4122305,412230,Rio Negro,RIO NEGRO,PR,Paraná,Sul,Metropolitana de Curitiba,Rio Negro
4122404,412240,Rolândia,ROLANDIA,PR,Paraná,Sul,Norte Central Paranaense,Londrina
4122503,412250,Roncador,RONCADOR,PR,Paraná,Sul,Centro Ocidental Paranaense,Campo Mourão
4122602,412260,Rondon,RONDON,PR,Paraná,Sul,Noroeste Paranaense,Cianorte
4122651,412265,Rosário do Ivaí,ROSARIO DO IVAI,PR,Paraná,Sul,Norte Central Paranaense,Ivaiporã
4122701,412270,Sabáudia,SABAUDIA,PR,Paraná,Sul,Norte Central Paranaense,Apucarana
4122800,412280,Salgado Filho,SALGADO FILHO,PR,Paraná,Sul,Sudoeste Paranaense,Francisco Beltrão
4122909,412290,Salto do Itararé,SALTO DO ITARARE,PR,Paraná,Sul,Norte Pioneiro Paranaense,Wenceslau Braz
4123006,412300,Salto do Lontra,SALTO DO LONTRA,PR,Paraná,Sul,Sudoeste Paranaense,Francisco Beltrão
4123105,412310,Santa Amélia,SANTA AMELIA,PR,Paraná,Sul,Norte Pioneiro Paranaense,Cornélio Procópio
4123204,412320,Santa Cecília do Pavão,SANTA CECILIA DO PAVAO,PR,Paraná,Sul,Norte Pioneiro Paranaense,Assaí
4123303,412330,Santa Cruz de Monte Castelo,SANTA CRUZ DE MONTE CASTELO,PR,Paraná,Sul,Noroeste Paranaense,Paranavaí
4123402,412340,Santa Fé,SANTA FE,PR,Paraná,Sul,Norte Central Paranaense,Astorga
4123501,412350,Santa Helena,SANTA HELENA,PR,Paraná,Sul,Oeste Paranaense,Toledo
4123600,412360,Santa Inês,SANTA INES,PR,Paraná,Sul,Norte Central Paranaense,Astorga
4123709,412370,Santa Isabel do Ivaí,SANTA ISABEL DO IVAI,PR,Paraná,Sul,Noroeste Paranaense,Paranavaí
4123808,412380,Santa Izabel do Oeste,SANTA IZABEL DO OESTE,PR,Paraná,Sul,Sudoeste Paranaense,Capanema
4123824,412382,Santa Lúcia,SANTA LUCIA,PR,Paraná,Sul,Oeste Paranaense,Cascavel
4123857,412385,Santa Maria do Oeste,SANTA MARIA DO OESTE,PR,Paraná,Sul,Centro-Sul Paranaense,Pitanga
4123907,412390,Santa Mariana,SANTA MARIANA,PR,Paraná,Sul,Norte Pioneiro Paranaense,Cornélio Procópio
4123956,412395,Santa Mônica,SANTA MONICA,PR,Paraná,Sul,Noroeste Paranaense,Paranavaí
4124004,412400,Santana do Itararé,SANTANA DO ITARARE,PR,Paraná,Sul,Norte Pioneiro Paranaense,Wenceslau Braz
4124020,412402,Santa Tereza do Oeste,SANTA TEREZA DO OESTE,PR,Paraná,Sul,Oeste Paranaense,Cascavel
4124053,412405,Santa Terezinha de Itaipu,SANTA TEREZINHA DE ITAIPU,PR,Paraná,Sul,Oeste Paranaense,Foz do Iguaçu
4124103,412410,Santo Antônio da Platina,SANTO ANTONIO DA PLATINA,PR,Paraná,Sul,Norte Pioneiro Paranaense,Jacarezinho
4124202,412420,Santo Antônio do Caiuá,SANTO ANTONIO DO CAIUA,PR,Paraná,Sul,Noroeste Paranaense,Paranavaí
4124301,412430,Santo Antônio do Paraíso,SANTO ANTONIO DO PARAISO,PR,Paraná,Sul,Norte Pioneiro Paranaense,Cornélio Procópio
4124400,412440,Santo Antônio do Sudoeste,SANTO ANTONIO DO SUDOESTE,PR,Paraná,Sul,Sudoeste Paranaense,Francisco Beltrão
4124509,412450,Santo Inácio,SANTO INACIO,PR,Paraná,Sul,Norte Central Paranaense,Astorga
4124608,412460,São Carlos do Ivaí,SAO CARLOS DO IVAI,PR,Paraná,Sul,Noroeste Paranaense,Paranavaí
4124707,412470,São Jerônimo da Serra,SAO JERONIMO DA SERRA,PR,Paraná,Sul,Norte Pioneiro Paranaense,Assaí
4124806,412480,São João,SAO JOAO,PR,Paraná,Sul,Sudoeste Paranaense,Pato Branco
4124905,412490,São João do Caiuá,SAO JOAO DO CAIUA,PR,Paraná,Sul,Noroeste Paranaense,Paranavaí
4125001,412500,São João do Ivaí,SAO JOAO DO IVAI,PR,Paraná,Sul,Norte Central Paranaense,Ivaiporã
4125100,412510,São João do Triunfo,SAO JOAO DO TRIUNFO,PR,Paraná,Sul,Sudeste Paranaense,São Mateus do Sul
4125209,412520,São Jorge d'Oeste,SAO JORGE D'OESTE,PR,Paraná,Sul,Sudoeste Paranaense,Francisco Beltrão
4125308,412530,São Jorge do Ivaí,SAO JORGE DO IVAI,PR,Paraná,Sul,Norte Central Paranaense,Floraí
4125357,412535,São Jorge do Patrocínio,SAO JORGE DO PATROCINIO,PR,Paraná,Sul,Noroeste Paranaense,Umuarama
4125407,412540,São José da Boa Vista,SAO JOSE DA BOA VISTA,PR,Paraná,Sul,Norte Pioneiro Paranaense,Wenceslau Braz
4125456,412545,São José das Palmeiras,SAO JOSE DAS PALMEIRAS,PR,Paraná,Sul,Oeste Paranaense,Toledo
4125506,412550,São José dos Pinhais,SAO JOSE DOS PINHAIS,PR,Paraná,Sul,Metropolitana de Curitiba,Curitiba
4125555,412555,São Manoel do Paraná,SAO MANOEL DO PARANA,PR,Paraná,Sul,Noroeste Paranaense,Cianorte
4125605,412560,São Mateus do Sul,SAO MATEUS DO SUL,PR,Paraná,Sul,Sudeste Paranaense,São Mateus do Sul
4125704,412570,São Miguel do Iguaçu,SAO MIGUEL DO IGUACU,PR,Paraná,Sul,Oeste Paranaense,Foz do Iguaçu
4125753,412575,São Pedro do Iguaçu,SAO PEDRO DO IGUACU,PR,Paraná,Sul,Oeste Paranaense,Toledo
4125803,412580,São Pedro do Ivaí,SAO PEDRO DO IVAI,PR,Paraná,Sul,Norte Central Paranaense,Ivaiporã
4125902,412590,São Pedro do Paraná,SAO PEDRO DO PARANA,PR,Paraná,Sul,Noroeste Paranaense,Paranavaí
4126009,412600,São Sebastião da Amoreira,SAO SEBASTIAO DA AMOREIRA,PR,Paraná,Sul,Norte Pioneiro Paranaense,Assaí
4126108,412610,São Tomé,SAO TOME,PR,Paraná,Sul,Noroeste Paranaense,Cianorte
4126207,412620,Sapopema,SAPOPEMA,PR,Paraná,Sul,Norte Pioneiro Paranaense,Ibaiti
4126256,412625,Sarandi,SARANDI,PR,Paraná,Sul,Norte Central Paranaense,Maringá
4126272,412627,Saudade do Iguaçu,SAUDADE DO IGUACU,PR,Paraná,Sul,Sudoeste Paranaense,Pato Branco
4126306,412630,Sengés,SENGES,PR,Paraná,Sul,Centro Oriental Paranaense,Jaguariaíva
4126355,412635,Serranópolis do Iguaçu,SERRANOPOLIS DO IGUACU,PR,Paraná,Sul,Oeste Paranaense,Foz do Iguaçu
4126405,412640,Sertaneja,SERTANEJA,PR,Paraná,Sul,Norte Pioneiro Paranaense,Cornélio Procópio
4126504,412650,Sertanópolis,SERTANOPOLIS,PR,Paraná,Sul,Norte Central Paranaense,Porecatu
4126603,412660,Siqueira Campos,SIQUEIRA CAMPOS,PR,Paraná,Sul,Norte Pioneiro Paranaense,Wenceslau Braz
4126652,412665,Sulina,SULINA,PR,Paraná,Sul,Sudoeste Paranaense,Pato Branco
4126678,412667,Tamarana,TAMARANA,PR,Paraná,Sul,Norte Central Paranaense,Londrina
4126702,412670,Tamboara,TAMBOARA,PR,Paraná,Sul,Noroeste Paranaense,Paranavaí
4126801,412680,Tapejara,TAPEJARA,PR,Paraná,Sul,Noroeste Paranaense,Cianorte
4126900,412690,Tapira,TAPIRA,PR,Paraná,Sul,Noroeste Paranaense,Umuarama
4127007,412700,Teixeira Soares,TEIXEIRA SOARES,PR,Paraná,Sul,Sudeste Paranaense,Prudentópolis
4127106,412710,Telêmaco Borba,TELEMACO BORBA,PR,Paraná,Sul,Centro Oriental Paranaense,Telêmaco Borba
4127205,412720,Terra Boa,TERRA BOA,PR,Paraná,Sul,Centro Ocidental Paranaense,Campo Mourão
4127304,412730,Terra Rica,TERRA RICA,PR,Paraná,Sul,Noroeste Paranaense,Paranavaí
4127403,412740,Terra Roxa,TERRA ROXA,PR,Paraná,Sul,Oeste Paranaense,Toledo
4127502,412750,Tibagi,TIBAGI,PR,Paraná,Sul,Centro Oriental Paranaense,Telêmaco Borba
4127601,412760,Tijucas do Sul,TIJUCAS DO SUL,PR,Paraná,Sul,Metropolitana de Curitiba,Rio Negro
4127700,412770,Toledo,TOLEDO,PR,Paraná,Sul,Oeste Paranaense,Toledo
4127809,412780,Tomazina,TOMAZINA,PR,Paraná,Sul,Norte Pioneiro Paranaense,Wenceslau Braz
4127858,412785,Três Barras do Paraná,TRES BARRAS DO PARANA,PR,Paraná,Sul,Oeste Paranaense,Cascavel
4127882,412788,Tunas do Paraná,TUNAS DO PARANA,PR,Paraná,Sul,Metropolitana de Curitiba,Curitiba
4127908,412790,Tuneiras do Oeste,TUNEIRAS DO OESTE,PR,Paraná,Sul,Noroeste Paranaense,Cianorte
4127957,412795,Tupãssi,TUPASSI,PR,Paraná,Sul,Oeste Paranaense,Toledo
4127965,412796,Turvo,TURVO,PR,Paraná,Sul,Centro-Sul Paranaense,Guarapuava
4128005,412800,Ubiratã,UBIRATA,PR,Paraná,Sul,Centro Ocidental Paranaense,Goioerê
4128104,412810,Umuarama,UMUARAMA,PR,Paraná,Sul,Noroeste Paranaense,Umuarama
4128203,412820,União da Vitória,UNIAO DA VITORIA,PR,Paraná,Sul,Sudeste Paranaense,União da Vitória
4128302,412830,Uniflor,UNIFLOR,PR,Paraná,Sul,Norte Central Paranaense,Astorga
4128401,412840,Uraí,URAI,PR,Paraná,Sul,Norte Pioneiro Paranaense,Assaí
4128500,412850,Wenceslau Braz,WENCESLAU BRAZ,PR,Paraná,Sul,Norte Pioneiro Paranaense,Wenceslau Braz
4128534,412853,Ventania,VENTANIA,PR,Paraná,Sul,Centro Oriental Paranaense,Telêmaco Borba
4128559,412855,Vera Cruz do Oeste,VERA CRUZ DO OESTE,PR,Paraná,Sul,Oeste Paranaense,Foz do Iguaçu
4128609,412860,Verê,VERE,PR,Paraná,Sul,Sudoeste Paranaense,Francisco Beltrão
4128625,412862,Alto Paraíso,ALTO PARAISO,PR,Paraná,Sul,Noroeste Paranaense,Umuarama
4128633,412863,Doutor Ulysses,DOUTOR ULYSSES,PR,Paraná,Sul,Metropolitana de Curitiba,Cerro Azul
4128658,412865,Virmond,VIRMOND,PR,Paraná,Sul,Centro-Sul Paranaense,Guarapuava
4128708,412870,Vitorino,VITORINO,PR,Paraná,Sul,Sudoeste Paranaense,Pato Branco
4128807,412880,Xambrê,XAMBRE,PR,Paraná,Sul,Noroeste Paranaense,Umuarama
4200051,420005,Abdon Batista,ABDON BATISTA,SC,Santa Catarina,Sul,Serrana,Curitibanos
4200101,420010,Abelardo Luz,ABELARDO LUZ,SC,Santa Catarina,Sul,Oeste Catarinense,Xanxerê
4200200,420020,Agrolândia,AGROLANDIA,SC,Santa Catarina,Sul,Vale do Itajaí,Ituporanga
4200309,420030,Agronômica,AGRONOMICA,SC,Santa Catarina,Sul,Vale do Itajaí,Rio do Sul
4200408,420040,Água Doce,AGUA DOCE,SC,Santa Catarina,Sul,Oeste Catarinense,Joaçaba
4200507,420050,Águas de Chapecó,AGUAS DE CHAPECO,SC,Santa Catarina,Sul,Oeste Catarinense,Chapecó
4200556,420055,Águas Frias,AGUAS FRIAS,SC,Santa Catarina,Sul,Oeste Catarinense,Chapecó
4200606,420060,Águas Mornas,AGUAS MORNAS,SC,Santa Catarina,Sul,Grande Florianópolis,Tabuleiro
4200705,420070,Alfredo Wagner,ALFREDO WAGNER,SC,Santa Catarina,Sul,Grande Florianópolis,Tabuleiro
4200754,420075,Alto Bela Vista,ALTO BELA VISTA,SC,Santa Catarina,Sul,Oeste Catarinense,Concórdia
4200804,420080,Anchieta,ANCHIETA,SC,Santa Catarina,Sul,Oeste Catarinense,São Miguel do Oeste
4200903,420090,Angelina,ANGELINA,SC,Santa Catarina,Sul,Grande Florianópolis,Tijucas
4201000,420100,Anita Garibaldi,ANITA GARIBALDI,SC,Santa Catarina,Sul,Serrana,Campos de Lages
4201109,420110,Anitápolis,ANITAPOLIS,SC,Santa Catarina,Sul,Grande Florianópolis,Tabuleiro
4201208,420120,Antônio Carlos,ANTONIO CARLOS,SC,Santa Catarina,Sul,Grande Florianópolis,Florianópolis
4201257,420125,Apiúna,APIUNA,SC,Santa Catarina,Sul,Vale do Itajaí,Blumenau
4201273,420127,Arabutã,ARABUTA,SC,Santa Catarina,Sul,Oeste Catarinense,Concórdia
4201307,420130,Araquari,ARAQUARI,SC,Santa Catarina,Sul,Norte Catarinense,Joinville
4201406,420140,Araranguá,ARARANGUA,SC,Santa Catarina,Sul,Sul Catarinense,Araranguá
4201505,420150,Armazém,ARMAZEM,SC,Santa Catarina,Sul,Sul Catarinense,Tubarão
4201604,420160,Arroio Trinta,ARROIO TRINTA,SC,Santa Catarina,Sul,Oeste Catarinense,Joaçaba
4201653,420165,Arvoredo,ARVOREDO,SC,Santa Catarina,Sul,Oeste Catarinense,Concórdia
4201703,420170,Ascurra,ASCURRA,SC,Santa Catarina,Sul,Vale do Itajaí,Blumenau
4201802,420180,Atalanta,ATALANTA,SC,Santa Catarina,Sul,Vale do Itajaí,Ituporanga
4201901,420190,Aurora,AURORA,SC,Santa Catarina,Sul,Vale do Itajaí,Rio do Sul
4201950,420195,Balneário Arroio do Silva,BALNEARIO ARROIO DO SILVA,SC,Santa Catarina,Sul,Sul Catarinense,Araranguá
4202008,420200,Balneário Camboriú,BALNEARIO CAMBORIU,SC,Santa Catarina,Sul,Vale do Itajaí,Itajaí
4202057,420205,Balneário Barra do Sul,BALNEARIO BARRA DO SUL,SC,Santa Catarina,Sul,Norte Catarinense,Joinville
4202073,420207,Balneário Gaivota,BALNEARIO GAIVOTA,SC,Santa Catarina,Sul,Sul Catarinense,Araranguá
4202081,420208,Bandeirante,BANDEIRANTE,SC,Santa Catarina,Sul,Oeste Catarinense,São Miguel do Oeste
4202099,420209,Barra Bonita,BARRA BONITA,SC,Santa Catarina,Sul,Oeste Catarinense,São Miguel do Oeste
4202107,420210,Barra Velha,BARRA VELHA,SC,Santa Catarina,Sul,Vale do Itajaí,Itajaí
4202131,420213,Bela Vista do Toldo,BELA VISTA DO TOLDO,SC,Santa Catarina,Sul,Norte Catarinense,Canoinhas
4202156,420215,Belmonte,BELMONTE,SC,Santa Catarina,Sul,Oeste Catarinense,São Miguel do Oeste
4202206,420220,Benedito Novo,BENEDITO NOVO,SC,Santa Catarina,Sul,Vale do Itajaí,Blumenau
4202305,420230,Biguaçu,BIGUACU,SC,Santa Catarina,Sul,Grande Florianópolis,Florianópolis
4202404,420240,Blumenau,BLUMENAU,SC,Santa Catarina,Sul,Vale do Itajaí,Blumenau
4202438,420243,Bocaina do Sul,BOCAINA DO SUL,SC,Santa Catarina,Sul,Serrana,Campos de Lages
4202453,420245,Bombinhas,BOMBINHAS,SC,Santa Catarina,Sul,Vale do Itajaí,Itajaí
4202503,420250,Bom Jardim da Serra,BOM JARDIM DA SERRA,SC,Santa Catarina,Sul,Serrana,Campos de Lages
4202537,420253,Bom Jesus,BOM JESUS,SC,Santa Catarina,Sul,Oeste Catarinense,Xanxerê
4202578,420257,Bom Jesus do Oeste,BOM JESUS DO OESTE,SC,Santa Catarina,Sul,Oeste Catarinense,Chapecó
4202602,420260,Bom Retiro,BOM RETIRO,SC,Santa Catarina,Sul,Serrana,Campos de Lages
4202701,420270,Botuverá,BOTUVERA,SC,Santa Catarina,Sul,Vale do Itajaí,Blumenau
4202800,420280,Braço do Norte,BRACO DO NORTE,SC,Santa Catarina,Sul,Sul Catarinense,Tubarão
4202859,420285,Braço do Trombudo,BRACO DO TROMBUDO,SC,Santa Catarina,Sul,Vale do Itajaí,Rio do Sul
4202875,420287,Brunópolis,BRUNOPOLIS,SC,Santa Catarina,Sul,Serrana,Curitibanos
4202909,420290,Brusque,BRUSQUE,SC,Santa Catarina,Sul,Vale do Itajaí,Blumenau
4203006,420300,Caçador,CACADOR,SC,Santa Catarina,Sul,Oeste Catarinense,Joaçaba
4203105,420310,Caibi,CAIBI,SC,Santa Catarina,Sul,Oeste Catarinense,Chapecó
4203154,420315,Calmon,CALMON,SC,Santa Catarina,Sul,Oeste Catarinense,Joaçaba
4203204,420320,Camboriú,CAMBORIU,SC,Santa Catarina,Sul,Vale do Itajaí,Itajaí
4203253,420325,Capão Alto,CAPAO ALTO,SC,Santa Catarina,Sul,Serrana,Campos de Lages
4203303,420330,Campo Alegre,CAMPO ALEGRE,SC,Santa Catarina,Sul,Norte Catarinense,São Bento do Sul
4203402,420340,Campo Belo do Sul,CAMPO BELO DO SUL,SC,Santa Catarina,Sul,Serrana,Campos de Lages
4203501,420350,Campo Erê,CAMPO ERE,SC,Santa Catarina,Sul,Oeste Catarinense,Chapecó
4203600,420360,Campos Novos,CAMPOS NOVOS,SC,Santa Catarina,Sul,Serrana,Curitibanos
4203709,420370,Canelinha,CANELINHA,SC,Santa Catarina,Sul,Grande Florianópolis,Tijucas
4203808,420380,Canoinhas,CANOINHAS,SC,Santa Catarina,Sul,Norte Catarinense,Canoinhas
4203907,420390,Capinzal,CAPINZAL,SC,Santa Catarina,Sul,Oeste Catarinense,Joaçaba
4203956,420395,Capivari de Baixo,CAPIVARI DE BAIXO,SC,Santa Catarina,Sul,Sul Catarinense,Tubarão
4204004,420400,Catanduvas,CATANDUVAS,SC,Santa Catarina,Sul,Oeste Catarinense,Joaçaba
4204103,420410,Caxambu do Sul,CAXAMBU DO SUL,SC,Santa Catarina,Sul,Oeste Catarinense,Chapecó
4204152,420415,Celso Ramos,CELSO RAMOS,SC,Santa Catarina,Sul,Serrana,Campos de Lages
4204178,420417,Cerro Negro,CERRO NEGRO,SC,Santa Catarina,Sul,Serrana,Campos de Lages
4204194,420419,Chapadão do Lageado,CHAPADAO DO LAGEADO,SC,Santa Catarina,Sul,Vale do Itajaí,Ituporanga
4204202,420420,Chapecó,CHAPECO,SC,Santa Catarina,Sul,Oeste Catarinense,Chapecó
4204251,420425,Cocal do Sul,COCAL DO SUL,SC,Santa Catarina,Sul,Sul Catarinense,Criciúma
4204301,420430,Concórdia,CONCORDIA,SC,Santa Catarina,Sul,Oeste Catarinense,Concórdia
4204350,420435,Cordilheira Alta,CORDILHEIRA ALTA,SC,Santa Catarina,Sul,Oeste Catarinense,Chapecó
4204400,420440,Coronel Freitas,CORONEL FREITAS,SC,Santa Catarina,Sul,Oeste Catarinense,Chapecó
4204459,420445,Coronel Martins,CORONEL MARTINS,SC,Santa Catarina,Sul,Oeste Catarinense,Xanxerê
4204509,420450,Corupá,CORUPA,SC,Santa Catarina,Sul,Norte Catarinense,Joinville
4204558,420455,Correia Pinto,CORREIA PINTO,SC,Santa Catarina,Sul,Serrana,Campos de Lages
4204608,420460,Criciúma,CRICIUMA,SC,Santa Catarina,Sul,Sul Catarinense,Criciúma
4204707,420470,Cunha Porã,CUNHA PORA,SC,Santa Catarina,Sul,Oeste Catarinense,Chapecó
4204756,420475,Cunhataí,CUNHATAI,SC,Santa Catarina,Sul,Oeste Catarinense,Chapecó
4204806,420480,Curitibanos,CURITIBANOS,SC,Santa Catarina,Sul,Serrana,Curitibanos
4204905,420490,Descanso,DESCANSO,SC,Santa Catarina,Sul,Oeste Catarinense,São Miguel do Oeste
4205001,420500,Dionísio Cerqueira,DIONISIO CERQUEIRA,SC,Santa Catarina,Sul,Oeste Catarinense,São Miguel do Oeste
4205100,420510,Dona Emma,DONA EMMA,SC,Santa Catarina,Sul,Vale do Itajaí,Rio do Sul
4205159,420515,Doutor Pedrinho,DOUTOR PEDRINHO,SC,Santa Catarina,Sul,Vale do Itajaí,Blumenau
4205175,420517,Entre Rios,ENTRE RIOS,SC,Santa Catarina,Sul,Oeste Catarinense,Xanxerê
4205191,420519,Ermo,ERMO,SC,Santa Catarina,Sul,Sul Catarinense,Araranguá
4205209,420520,Erval Velho,ERVAL VELHO,SC,Santa Catarina,Sul,Oeste Catarinense,Joaçaba
4205308,420530,Faxinal dos Guedes,FAXINAL DOS GUEDES,SC,Santa Catarina,Sul,Oeste Catarinense,Xanxerê
4205357,420535,Flor do Sertão,FLOR DO SERTAO,SC,Santa Catarina,Sul,Oeste Catarinense,Chapecó
4205407,420540,Florianópolis,FLORIANOPOLIS,SC,Santa Catarina,Sul,Grande Florianópolis,Florianópolis
4205431,420543,Formosa do Sul,FORMOSA DO SUL,SC,Santa Catarina,Sul,Oeste Catarinense,Chapecó
4205456,420545,Forquilhinha,FORQUILHINHA,SC,Santa Catarina,Sul,Sul Catarinense,Criciúma
4205506,420550,Fraiburgo,FRAIBURGO,SC,Santa Catarina,Sul,Oeste Catarinense,Joaçaba
4205555,420555,Frei Rogério,FREI ROGERIO,SC,Santa Catarina,Sul,Serrana,Curitibanos
4205605,420560,Galvão,GALVAO,SC,Santa Catarina,Sul,Oeste Catarinense,Xanxerê
4205704,420570,Garopaba,GAROPABA,SC,Santa Catarina,Sul,Sul Catarinense,Tubarão
4205803,420580,Garuva,GARUVA,SC,Santa Catarina,Sul,Norte Catarinense,Joinville
4205902,420590,Gaspar,GASPAR,SC,Santa Catarina,Sul,Vale do Itajaí,Blumenau
4206009,420600,Governador Celso Ramos,GOVERNADOR CELSO RAMOS,SC,Santa Catarina,Sul,Grande Florianópolis,Florianópolis
4206108,420610,Grão-Pará,GRAO-PARA,SC,Santa Catarina,Sul,Sul Catarinense,Tubarão
4206207,420620,Gravatal,GRAVATAL,SC,Santa Catarina,Sul,Sul Catarinense,Tubarão
4206306,420630,Guabiruba,GUABIRUBA,SC,Santa Catarina,Sul,Vale do Itajaí,Blumenau
4206405,420640,Guaraciaba,GUARACIABA,SC,Santa Catarina,Sul,Oeste Catarinense,São Miguel do Oeste
4206504,420650,Guaramirim,GUARAMIRIM,SC,Santa Catarina,Sul,Norte Catarinense,Joinville
4206603,420660,Guarujá do Sul,GUARUJA DO SUL,SC,Santa Catarina,Sul,Oeste Catarinense,São Miguel do Oeste
4206652,420665,Guatambú,GUATAMBU,SC,Santa Catarina,Sul,Oeste Catarinense,Chapecó
4206702,420670,Herval d'Oeste,HERVAL D'OESTE,SC,Santa Catarina,Sul,Oeste Catarinense,Joaçaba
4206751,420675,Ibiam,IBIAM,SC,Santa Catarina,Sul,Oeste Catarinense,Joaçaba
4206801,420680,Ibicaré,IBICARE,SC,Santa Catarina,Sul,Oeste Catarinense,Joaçaba
4206900,420690,Ibirama,IBIRAMA,SC,Santa Catarina,Sul,Vale do Itajaí,Rio do Sul
4207007,420700,Içara,ICARA,SC,Santa Catarina,Sul,Sul Catarinense,Criciúma
4207106,420710,Ilhota,ILHOTA,SC,Santa Catarina,Sul,Vale do Itajaí,Itajaí
4207205,420720,Imaruí,IMARUI,SC,Santa Catarina,Sul,Sul Catarinense,Tubarão
4207304,420730,Imbituba,IMBITUBA,SC,Santa Catarina,Sul,Sul Catarinense,Tubarão
4207403,420740,Imbuia,IMBUIA,SC,Santa Catarina,Sul,Vale do Itajaí,Ituporanga
4207502,420750,Indaial,INDAIAL,SC,Santa Catarina,Sul,Vale do Itajaí,Blumenau
4207577,420757,Iomerê,IOMERE,SC,Santa Catarina,Sul,Oeste Catarinense,Joaçaba
4207601,420760,Ipira,IPIRA,SC,Santa Catarina,Sul,Oeste Catarinense,Concórdia
4207650,420765,Iporã do Oeste,IPORA DO OESTE,SC,Santa Catarina,Sul,Oeste Catarinense,São Miguel do Oeste
4207684,420768,Ipuaçu,IPUACU,SC,Santa Catarina,Sul,Oeste Catarinense,Xanxerê
4207700,420770,Ipumirim,IPUMIRIM,SC,Santa Catarina,Sul,Oeste Catarinense,Concórdia
4207759,420775,Iraceminha,IRACEMINHA,SC,Santa Catarina,Sul,Oeste Catarinense,Chapecó
4207809,420780,Irani,IRANI,SC,Santa Catarina,Sul,Oeste Catarinense,Concórdia
4207858,420785,Irati,IRATI,SC,Santa Catarina,Sul,Oeste Catarinense,Chapecó
4207908,420790,Irineópolis,IRINEOPOLIS,SC,Santa Catarina,Sul,Norte Catarinense,Canoinhas
4208005,420800,Itá,ITA,SC,Santa Catarina,Sul,Oeste Catarinense,Concórdia
4208104,420810,Itaiópolis,ITAIOPOLIS,SC,Santa Catarina,Sul,Norte Catarinense,Canoinhas
4208203,420820,Itajaí,ITAJAI,SC,Santa Catarina,Sul,Vale do Itajaí,Itajaí
4208302,420830,Itapema,ITAPEMA,SC,Santa Catarina,Sul,Vale do Itajaí,Itajaí
4208401,420840,Itapiranga,ITAPIRANGA,SC,Santa Catarina,Sul,Oeste Catarinense,São Miguel do Oeste
4208450,420845,Itapoá,ITAPOA,SC,Santa Catarina,Sul,Norte Catarinense,Joinville
4208500,420850,Ituporanga,ITUPORANGA,SC,Santa Catarina,Sul,Vale do Itajaí,Ituporanga
4208609,420860,Jaborá,JABORA,SC,Santa Catarina,Sul,Oeste Catarinense,Joaçaba
4208708,420870,Jacinto Machado,JACINTO MACHADO,SC,Santa Catarina,Sul,Sul Catarinense,Araranguá
4208807,420880,Jaguaruna,JAGUARUNA,SC,Santa Catarina,Sul,Sul Catarinense,Tubarão
4208906,420890,Jaraguá do Sul,JARAGUA DO SUL,SC,Santa Catarina,Sul,Norte Catarinense,Joinville
4208955,420895,Jardinópolis,JARDINOPOLIS,SC,Santa Catarina,Sul,Oeste Catarinense,Chapecó
4209003,420900,Joaçaba,JOACABA,SC,Santa Catarina,Sul,Oeste Catarinense,Joaçaba
4209102,420910,Joinville,JOINVILLE,SC,Santa Catarina,Sul,Norte Catarinense,Joinville
4209151,420915,José Boiteux,JOSE BOITEUX,SC,Santa Catarina,Sul,Vale do Itajaí,Rio do Sul
4209177,420917,Jupiá,JUPIA,SC,Santa Catarina,Sul,Oeste Catarinense,Xanxerê
4209201,420920,Lacerdópolis,LACERDOPOLIS,SC,Santa Catarina,Sul,Oeste Catarinense,Joaçaba
4209300,420930,Lages,LAGES,SC,Santa Catarina,Sul,Serrana,Campos de Lages
4209409,420940,Laguna,LAGUNA,SC,Santa Catarina,Sul,Sul Catarinense,Tubarão
4209458,420945,Lajeado Grande,LAJEADO GRANDE,SC,Santa Catarina,Sul,Oeste Catarinense,Xanxerê
4209508,420950,Laurentino,LAURENTINO,SC,Santa Catarina,Sul,Vale do Itajaí,Rio do Sul
4209607,420960,Lauro Müller,LAURO MULLER,SC,Santa Catarina,Sul,Sul Catarinense,Criciúma
4209706,420970,Lebon Régis,LEBON REGIS,SC,Santa Catarina,Sul,Oeste Catarinense,Joaçaba
4209805,420980,Leoberto Leal,LEOBERTO LEAL,SC,Santa Catarina,Sul,Grande Florianópolis,Tijucas
4209854,420985,Lindóia do Sul,LINDOIA DO SUL,SC,Santa Catarina,Sul,Oeste Catarinense,Concórdia
4209904,420990,Lontras,LONTRAS,SC,Santa Catarina,Sul,Vale do Itajaí,Rio do Sul
4210001,421000,Luiz Alves,LUIZ ALVES,SC,Santa Catarina,Sul,Vale do Itajaí,Blumenau
4210035,421003,Luzerna,LUZERNA,SC,Santa Catarina,Sul,Oeste Catarinense,Joaçaba
4210050,421005,Macieira,MACIEIRA,SC,Santa Catarina,Sul,Oeste Catarinense,Joaçaba
4210100,421010,Mafra,MAFRA,SC,Santa Catarina,Sul,Norte Catarinense,Canoinhas
4210209,421020,Major Gercino,MAJOR GERCINO,SC,Santa Catarina,Sul,Grande Florianópolis,Tijucas
4210308,421030,Major Vieira,MAJOR VIEIRA,SC,Santa Catarina,Sul,Norte Catarinense,Canoinhas
4210407,421040,Maracajá,MARACAJA,SC,Santa Catarina,Sul,Sul Catarinense,Araranguá
4210506,421050,Maravilha,MARAVILHA,SC,Santa Catarina,Sul,Oeste Catarinense,Chapecó
4210555,421055,Marema,MAREMA,SC,Santa Catarina,Sul,Oeste Catarinense,Xanxerê
4210605,421060,Massaranduba,MASSARANDUBA,SC,Santa Catarina,Sul,Norte Catarinense,Joinville
4210704,421070,Matos Costa,MATOS COSTA,SC,Santa Catarina,Sul,Oeste Catarinense,Joaçaba
4210803,421080,Meleiro,MELEIRO,SC,Santa Catarina,Sul,Sul Catarinense,Araranguá
4210852,421085,Mirim Doce,MIRIM DOCE,SC,Santa Catarina,Sul,Vale do Itajaí,Rio do Sul
4210902,421090,Modelo,MODELO,SC,Santa Catarina,Sul,Oeste Catarinense,Chapecó
4211009,421100,Mondaí,MONDAI,SC,Santa Catarina,Sul,Oeste Catarinense,São Miguel do Oeste
4211058,421105,Monte Carlo,MONTE CARLO,SC,Santa Catarina,Sul,Serrana,Curitibanos
4211108,421110,Monte Castelo,MONTE CASTELO,SC,Santa Catarina,Sul,Norte Catarinense,Canoinhas
4211207,421120,Morro da Fumaça,MORRO DA FUMACA,SC,Santa Catarina,Sul,Sul Catarinense,Criciúma
4211256,421125,Morro Grande,MORRO GRANDE,SC,Santa Catarina,Sul,Sul Catarinense,Araranguá
4211306,421130,Navegantes,NAVEGANTES,SC,Santa Catarina,Sul,Vale do Itajaí,Itajaí
4211405,421140,Nova Erechim,NOVA ERECHIM,SC,Santa Catarina,Sul,Oeste Catarinense,Chapecó
4211454,421145,Nova Itaberaba,NOVA ITABERABA,SC,Santa Catarina,Sul,Oeste Catarinense,Chapecó
4211504,421150,Nova Trento,NOVA TRENTO,SC,Santa Catarina,Sul,Grande Florianópolis,Tijucas
4211603,421160,Nova Veneza,NOVA VENEZA,SC,Santa Catarina,Sul,Sul Catarinense,Criciúma
4211652,421165,Novo Horizonte,NOVO HORIZONTE,SC,Santa Catarina,Sul,Oeste Catarinense,Chapecó
4211702,421170,Orleans,ORLEANS,SC,Santa Catarina,Sul,Sul Catarinense,Tubarão
4211751,421175,Otacílio Costa,OTACILIO COSTA,SC,Santa Catarina,Sul,Serrana,Campos de Lages
4211801,421180,Ouro,OURO,SC,Santa Catarina,Sul,Oeste Catarinense,Joaçaba
4211850,421185,Ouro Verde,OURO VERDE,SC,Santa Catarina,Sul,Oeste Catarinense,Xanxerê
4211876,421187,Paial,PAIAL,SC,Santa Catarina,Sul,Oeste Catarinense,Concórdia
4211892,421189,Painel,PAINEL,SC,Santa Catarina,Sul,Serrana,Campos de Lages
4211900,421190,Palhoça,PALHOCA,SC,Santa Catarina,Sul,Grande Florianópolis,Florianópolis
4212007,421200,Palma Sola,PALMA SOLA,SC,Santa Catarina,Sul,Oeste Catarinense,São Miguel do Oeste
4212056,421205,Palmeira,PALMEIRA,SC,Santa Catarina,Sul,Serrana,Campos de Lages
4212106,421210,Palmitos,PALMITOS,SC,Santa Catarina,Sul,Oeste Catarinense,Chapecó
4212205,421220,Papanduva,PAPANDUVA,SC,Santa Catarina,Sul,Norte Catarinense,Canoinhas
4212239,421223,Paraíso,PARAISO,SC,Santa Catarina,Sul,Oeste Catarinense,São Miguel do Oeste
4212254,421225,Passo de Torres,PASSO DE TORRES,SC,Santa Catarina,Sul,Sul Catarinense,Araranguá
4212270,421227,Passos Maia,PASSOS MAIA,SC,Santa Catarina,Sul,Oeste Catarinense,Xanxerê
4212304,421230,Paulo Lopes,PAULO LOPES,SC,Santa Catarina,Sul,Grande Florianópolis,Florianópolis
4212403,421240,Pedras Grandes,PEDRAS GRANDES,SC,Santa Catarina,Sul,Sul Catarinense,Tubarão
4212502,421250,Penha,PENHA,SC,Santa Catarina,Sul,Vale do Itajaí,Itajaí
4212601,421260,Peritiba,PERITIBA,SC,Santa Catarina,Sul,Oeste Catarinense,Concórdia
4212650,421265,Pescaria Brava,PESCARIA BRAVA,SC,Santa Catarina,Sul,Sul Catarinense,Tubarão
4212700,421270,Petrolândia,PETROLANDIA,SC,Santa Catarina,Sul,Vale do Itajaí,Ituporanga
4212809,421280,Balneário Piçarras,BALNEARIO PICARRAS,SC,Santa Catarina,Sul,Vale do Itajaí,Itajaí
4212908,421290,Pinhalzinho,PINHALZINHO,SC,Santa Catarina,Sul,Oeste Catarinense,Chapecó
4213005,421300,Pinheiro Preto,PINHEIRO PRETO,SC,Santa Catarina,Sul,Oeste Catarinense,Joaçaba
4213104,421310,Piratuba,PIRATUBA,SC,Santa Catarina,Sul,Oeste Catarinense,Concórdia
4213153,421315,Planalto Alegre,PLANALTO ALEGRE,SC,Santa Catarina,Sul,Oeste Catarinense,Chapecó
4213203,421320,Pomerode,POMERODE,SC,Santa Catarina,Sul,Vale do Itajaí,Blumenau
4213302,421330,Ponte Alta,PONTE ALTA,SC,Santa Catarina,Sul,Serrana,Curitibanos
4213351,421335,Ponte Alta do Norte,PONTE ALTA DO NORTE,SC,Santa Catarina,Sul,Serrana,Curitibanos
4213401,421340,Ponte Serrada,PONTE SERRADA,SC,Santa Catarina,Sul,Oeste Catarinense,Xanxerê
4213500,421350,Porto Belo,PORTO BELO,SC,Santa Catarina,Sul,Vale do Itajaí,Itajaí
4213609,421360,Porto União,PORTO UNIAO,SC,Santa Catarina,Sul,Norte Catarinense,Canoinhas
4213708,421370,Pouso Redondo,POUSO REDONDO,SC,Santa Catarina,Sul,Vale do Itajaí,Rio do Sul
4213807,421380,Praia Grande,PRAIA GRANDE,SC,Santa Catarina,Sul,Sul Catarinense,Araranguá
4213906,421390,Presidente Castello Branco,PRESIDENTE CASTELLO BRANCO,SC,Santa Catarina,Sul,Oeste Catarinense,Concórdia
4214003,421400,Presidente Getúlio,PRESIDENTE GETULIO,SC,Santa Catarina,Sul,Vale do Itajaí,Rio do Sul
4214102,421410,Presidente Nereu,PRESIDENTE NEREU,SC,Santa Catarina,Sul,Vale do Itajaí,Rio do Sul
4214151,421415,Princesa,PRINCESA,SC,Santa Catarina,Sul,Oeste Catarinense,São Miguel do Oeste
4214201,421420,Quilombo,QUILOMBO,SC,Santa Catarina,Sul,Oeste Catarinense,Chapecó
4214300,421430,Rancho Queimado,RANCHO QUEIMADO,SC,Santa Catarina,Sul,Grande Florianópolis,Tabuleiro
4214409,421440,Rio das Antas,RIO DAS ANTAS,SC,Santa Catarina,Sul,Oeste Catarinense,Joaçaba
4214508,421450,Rio do Campo,RIO DO CAMPO,SC,Santa Catarina,Sul,Vale do Itajaí,Rio do Sul
4214607,421460,Rio do Oeste,RIO DO OESTE,SC,Santa Catarina,Sul,Vale do Itajaí,Rio do Sul
4214706,421470,Rio dos Cedros,RIO DOS CEDROS,SC,Santa Catarina,Sul,Vale do Itajaí,Blumenau
4214805,421480,Rio do Sul,RIO DO SUL,SC,Santa Catarina,Sul,Vale do Itajaí,Rio do Sul
4214904,421490,Rio Fortuna,RIO FORTUNA,SC,Santa Catarina,Sul,Sul Catarinense,Tubarão
4215000,421500,Rio Negrinho,RIO NEGRINHO,SC,Santa Catarina,Sul,Norte Catarinense,São Bento do Sul
4215059,421505,Rio Rufino,RIO RUFINO,SC,Santa Catarina,Sul,Serrana,Campos de Lages
4215075,421507,Riqueza,RIQUEZA,SC,Santa Catarina,Sul,Oeste Catarinense,São Miguel do Oeste
4215109,421510,Rodeio,RODEIO,SC,Santa Catarina,Sul,Vale do Itajaí,Blumenau
4215208,421520,Romelândia,ROMELANDIA,SC,Santa Catarina,Sul,Oeste Catarinense,São Miguel do Oeste
4215307,421530,Salete,SALETE,SC,Santa Catarina,Sul,Vale do Itajaí,Rio do Sul
4215356,421535,Saltinho,SALTINHO,SC,Santa Catarina,Sul,Oeste Catarinense,Chapecó
4215406,421540,Salto Veloso,SALTO VELOSO,SC,Santa Catarina,Sul,Oeste Catarinense,Joaçaba
4215455,421545,Sangão,SANGAO,SC,Santa Catarina,Sul,Sul Catarinense,Tubarão
4215505,421550,Santa Cecília,SANTA CECILIA,SC,Santa Catarina,Sul,Serrana,Curitibanos
4215554,421555,Santa Helena,SANTA HELENA,SC,Santa Catarina,Sul,Oeste Catarinense,São Miguel do Oeste
4215604,421560,Santa Rosa de Lima,SANTA ROSA DE LIMA,SC,Santa Catarina,Sul,Sul Catarinense,Tubarão
4215653,421565,Santa Rosa do Sul,SANTA ROSA DO SUL,SC,Santa Catarina,Sul,Sul Catarinense,Araranguá
4215679,421567,Santa Terezinha,SANTA TEREZINHA,SC,Santa Catarina,Sul,Norte Catarinense,Canoinhas
4215687,421568,Santa Terezinha do Progresso,SANTA TEREZINHA DO PROGRESSO,SC,Santa Catarina,Sul,Oeste Catarinense,Chapecó
4215695,421569,Santiago do Sul,SANTIAGO DO SUL,SC,Santa Catarina,Sul,Oeste Catarinense,Chapecó
4215703,421570,Santo Amaro da Imperatriz,SANTO AMARO DA IMPERATRIZ,SC,Santa Catarina,Sul,Grande Florianópolis,Florianópolis
4215752,421575,São Bernardino,SAO BERNARDINO,SC,Santa Catarina,Sul,Oeste Catarinense,Chapecó
4215802,421580,São Bento do Sul,SAO BENTO DO SUL,SC,Santa Catarina,Sul,Norte Catarinense,São Bento do Sul
4215901,421590,São Bonifácio,SAO BONIFACIO,SC,Santa Catarina,Sul,Grande Florianópolis,Tabuleiro
4216008,421600,São Carlos,SAO CARLOS,SC,Santa Catarina,Sul,Oeste Catarinense,Chapecó
4216057,421605,São Cristóvão do Sul,SAO CRISTOVAO DO SUL,SC,Santa Catarina,Sul,Serrana,Curitibanos
4216107,421610,São Domingos,SAO DOMINGOS,SC,Santa Catarina,Sul,Oeste Catarinense,Xanxerê
4216206,421620,São Francisco do Sul,SAO FRANCISCO DO SUL,SC,Santa Catarina,Sul,Norte Catarinense,Joinville
4216255,421625,São João do Oeste,SAO JOAO DO OESTE,SC,Santa Catarina,Sul,Oeste Catarinense,São Miguel do Oeste
4216305,421630,São João Batista,SAO JOAO BATISTA,SC,Santa Catarina,Sul,Grande Florianópolis,Tijucas
4216354,421635,São João do Itaperiú,SAO JOAO DO ITAPERIU,SC,Santa Catarina,Sul,Vale do Itajaí,Itajaí
4216404,421640,São João do Sul,SAO JOAO DO SUL,SC,Santa Catarina,Sul,Sul Catarinense,Araranguá
4216503,421650,São Joaquim,SAO JOAQUIM,SC,Santa Catarina,Sul,Serrana,Campos de Lages
4216602,421660,São José,SAO JOSE,SC,Santa Catarina,Sul,Grande Florianópolis,Florianópolis
4216701,421670,São José do Cedro,SAO JOSE DO CEDRO,SC,Santa Catarina,Sul,Oeste Catarinense,São Miguel do Oeste
4216800,421680,São José do Cerrito,SAO JOSE DO CERRITO,SC,Santa Catarina,Sul,Serrana,Campos de Lages
4216909,421690,São Lourenço do Oeste,SAO LOURENCO DO OESTE,SC,Santa Catarina,Sul,Oeste Catarinense,Chapecó
4217006,421700,São Ludgero,SAO LUDGERO,SC,Santa Catarina,Sul,Sul Catarinense,Tubarão
4217105,421710,São Martinho,SAO MARTINHO,SC,Santa Catarina,Sul,Sul Catarinense,Tubarão
4217154,421715,São Miguel da Boa Vista,SAO MIGUEL DA BOA VISTA,SC,Santa Catarina,Sul,Oeste Catarinense,Chapecó
4217204,421720,São Miguel do Oeste,SAO MIGUEL DO OESTE,SC,Santa Catarina,Sul,Oeste Catarinense,São Miguel do Oeste
4217253,421725,São Pedro de Alcântara,SAO PEDRO DE ALCANTARA,SC,Santa Catarina,Sul,Grande Florianópolis,Florianópolis
4217303,421730,Saudades,SAUDADES,SC,Santa Catarina,Sul,Oeste Catarinense,Chapecó
4217402,421740,Schroeder,SCHROEDER,SC,Santa Catarina,Sul,Norte Catarinense,Joinville
4217501,421750,Seara,SEARA,SC,Santa Catarina,Sul,Oeste Catarinense,Concórdia
4217550,421755,Serra Alta,SERRA ALTA,SC,Santa Catarina,Sul,Oeste Catarinense,Chapecó
4217600,421760,Siderópolis,SIDEROPOLIS,SC,Santa Catarina,Sul,Sul Catarinense,Criciúma
4217709,421770,Sombrio,SOMBRIO,SC,Santa Catarina,Sul,Sul Catarinense,Araranguá
4217758,421775,Sul Brasil,SUL BRASIL,SC,Santa Catarina,Sul,Oeste Catarinense,Chapecó
4217808,421780,Taió,TAIO,SC,Santa Catarina,Sul,Vale do Itajaí,Rio do Sul
4217907,421790,Tangará,TANGARA,SC,Santa Catarina,Sul,Oeste Catarinense,Joaçaba
4217956,421795,Tigrinhos,TIGRINHOS,SC,Santa Catarina,Sul,Oeste Catarinense,Chapecó
4218004,421800,Tijucas,TIJUCAS,SC,Santa Catarina,Sul,Grande Florianópolis,Tijucas
4218103,421810,Timbé do Sul,TIMBE DO SUL,SC,Santa Catarina,Sul,Sul Catarinense,Araranguá
4218202,421820,Timbó,TIMBO,SC,Santa Catarina,Sul,Vale do Itajaí,Blumenau
4218251,421825,Timbó Grande,TIMBO GRANDE,SC,Santa Catarina,Sul,Norte Catarinense,Canoinhas
4218301,421830,Três Barras,TRES BARRAS,SC,Santa Catarina,Sul,Norte Catarinense,Canoinhas
4218350,421835,Treviso,TREVISO,SC,Santa Catarina,Sul,Sul Catarinense,Criciúma
4218400,421840,Treze de Maio,TREZE DE MAIO,SC,Santa Catarina,Sul,Sul Catarinense,Tubarão
4218509,421850,Treze Tílias,TREZE TILIAS,SC,Santa Catarina,Sul,Oeste Catarinense,Joaçaba
4218608,421860,Trombudo Central,TROMBUDO CENTRAL,SC,Santa Catarina,Sul,Vale do Itajaí,Rio do Sul
4218707,421870,Tubarão,TUBARAO,SC,Santa Catarina,Sul,Sul Catarinense,Tubarão
4218756,421875,Tunápolis,TUNAPOLIS,SC,Santa Catarina,Sul,Oeste Catarinense,São Miguel do Oeste
4218806,421880,Turvo,TURVO,SC,Santa Catarina,Sul,Sul Catarinense,Araranguá
4218855,421885,União do Oeste,UNIAO DO OESTE,SC,Santa Catarina,Sul,Oeste Catarinense,Chapecó
4218905,421890,Urubici,URUBICI,SC,Santa Catarina,Sul,Serrana,Campos de Lages
4218954,421895,Urupema,URUPEMA,SC,Santa Catarina,Sul,Serrana,Campos de Lages
4219002,421900,Urussanga,URUSSANGA,SC,Santa Catarina,Sul,Sul Catarinense,Criciúma
4219101,421910,Vargeão,VARGEAO,SC,Santa Catarina,Sul,Oeste Catarinense,Xanxerê
4219150,421915,Vargem,VARGEM,SC,Santa Catarina,Sul,Serrana,Curitibanos
4219176,421917,Vargem Bonita,VARGEM BONITA,SC,Santa Catarina,Sul,Oeste Catarinense,Joaçaba
4219200,421920,Vidal Ramos,VIDAL RAMOS,SC,Santa Catarina,Sul,Vale do Itajaí,Ituporanga
4219309,421930,Videira,VIDEIRA,SC,Santa Catarina,Sul,Oeste Catarinense,Joaçaba
4219358,421935,Vitor Meireles,VITOR MEIRELES,SC,Santa Catarina,Sul,Vale do Itajaí,Rio do Sul
4219408,421940,Witmarsum,WITMARSUM,SC,Santa Catarina,Sul,Vale do Itajaí,Rio do Sul
4219507,421950,Xanxerê,XANXERE,SC,Santa Catarina,Sul,Oeste Catarinense,Xanxerê
4219606,421960,Xavantina,XAVANTINA,SC,Santa Catarina,Sul,Oeste Catarinense,Concórdia
4219705,421970,Xaxim,XAXIM,SC,Santa Catarina,Sul,Oeste Catarinense,Xanxerê
4219853,421985,Zortéa,ZORTEA,SC,Santa Catarina,Sul,Serrana,Curitibanos
4220000,422000,Balneário Rincão,BALNEARIO RINCAO,SC,Santa Catarina,Sul,Sul Catarinense,Criciúma
4300034,430003,Aceguá,ACEGUA,RS,Rio Grande do Sul,Sul,Sudoeste Rio-grandense,Campanha Meridional
4300059,430005,Água Santa,AGUA SANTA,RS,Rio Grande do Sul,Sul,Noroeste Rio-grandense,Passo Fundo
4300109,430010,Agudo,AGUDO,RS,Rio Grande do Sul,Sul,Centro Ocidental Rio-grandense,Restinga Seca
4300208,430020,Ajuricaba,AJURICABA,RS,Rio Grande do Sul,Sul,Noroeste Rio-grandense,Ijuí
4300307,430030,Alecrim,ALECRIM,RS,Rio Grande do Sul,Sul,Noroeste Rio-grandense,Santa Rosa
4300406,430040,Alegrete,ALEGRETE,RS,Rio Grande do Sul,Sul,Sudoeste Rio-grandense,Campanha Ocidental
4300455,430045,Alegria,ALEGRIA,RS,Rio Grande do Sul,Sul,Noroeste Rio-grandense,Ijuí
4300471,430047,Almirante Tamandaré do Sul,ALMIRANTE TAMANDARE DO SUL,RS,Rio Grande do Sul,Sul,Noroeste Rio-grandense,Carazinho
4300505,430050,Alpestre,ALPESTRE,RS,Rio Grande do Sul,Sul,Noroeste Rio-grandense,Frederico Westphalen
4300554,430055,Alto Alegre,ALTO ALEGRE,RS,Rio Grande do Sul,Sul,Noroeste Rio-grandense,Cruz Alta
4300570,430057,Alto Feliz,ALTO FELIZ,RS,Rio Grande do Sul,Sul,Metropolitana de Porto Alegre,Montenegro
4300604,430060,Alvorada,ALVORADA,RS,Rio Grande do Sul,Sul,Metropolitana de Porto Alegre,Porto Alegre
4300638,430063,Amaral Ferrador,AMARAL FERRADOR,RS,Rio Grande do Sul,Sul,Sudeste Rio-grandense,Serras de Sudeste
4300646,430064,Ametista do Sul,AMETISTA DO SUL,RS,Rio Grande do Sul,Sul,Noroeste Rio-grandense,Frederico Westphalen
4300661,430066,André da Rocha,ANDRE DA ROCHA,RS,Rio Grande do Sul,Sul,Nordeste Rio-grandense,Guaporé
4300703,430070,Anta Gorda,ANTA GORDA,RS,Rio Grande do Sul,Sul,Nordeste Rio-grandense,Guaporé
4300802,430080,Antônio Prado,ANTONIO PRADO,RS,Rio Grande do Sul,Sul,Nordeste Rio-grandense,Caxias do Sul
4300851,430085,Arambaré,ARAMBARE,RS,Rio Grande do Sul,Sul,Metropolitana de Porto Alegre,Camaquã
4300877,430087,Araricá,ARARICA,RS,Rio Grande do Sul,Sul,Metropolitana de Porto Alegre,Porto Alegre
4300901,430090,Aratiba,ARATIBA,RS,Rio Grande do Sul,Sul,Noroeste Rio-grandense,Erechim
4301008,430100,Arroio do Meio,ARROIO DO MEIO,RS,Rio Grande do Sul,Sul,Centro Oriental Rio-grandense,Lajeado-Estrela
4301057,430105,Arroio do Sal,ARROIO DO SAL,RS,Rio Grande do Sul,Sul,Metropolitana de Porto Alegre,Osório
4301073,430107,Arroio do Padre,ARROIO DO PADRE,RS,Rio Grande do Sul,Sul,Sudeste Rio-grandense,Pelotas
4301107,430110,Arroio dos Ratos,ARROIO DOS RATOS,RS,Rio Grande do Sul,Sul,Metropolitana de Porto Alegre,São Jerônimo
4301206,430120,Arroio do Tigre,ARROIO DO TIGRE,RS,Rio Grande do Sul,Sul,Centro Oriental Rio-grandense,Santa Cruz do Sul
4301305,430130,Arroio Grande,ARROIO GRANDE,RS,Rio Grande do Sul,Sul,Sudeste Rio-grandense,Jaguarão
4301404,430140,Arvorezinha,ARVOREZINHA,RS,Rio Grande do Sul,Sul,Nordeste Rio-grandense,Guaporé
4301503,430150,Augusto Pestana,AUGUSTO PESTANA,RS,Rio Grande do Sul,Sul,Noroeste Rio-grandense,Ijuí
4301552,430155,Áurea,AUREA,RS,Rio Grande do Sul,Sul,Noroeste Rio-grandense,Erechim
4301602,430160,Bagé,BAGE,RS,Rio Grande do Sul,Sul,Sudoeste Rio-grandense,Campanha Meridional
4301636,430163,Balneário Pinhal,BALNEARIO PINHAL,RS,Rio Grande do Sul,Sul,Metropolitana de Porto Alegre,Osório
4301651,430165,Barão,BARAO,RS,Rio Grande do Sul,Sul,Metropolitana de Porto Alegre,Montenegro
4301701,430170,Barão de Cotegipe,BARAO DE COTEGIPE,RS,Rio Grande do Sul,Sul,Noroeste Rio-grandense,Erechim
4301750,430175,Barão do Triunfo,BARAO DO TRIUNFO,RS,Rio Grande do Sul,Sul,Metropolitana de Porto Alegre,São Jerônimo
4301800,430180,Barracão,BARRACAO,RS,Rio Grande do Sul,Sul,Noroeste Rio-grandense,Sananduva
4301859,430185,Barra do Guarita,BARRA DO GUARITA,RS,Rio Grande do Sul,Sul,Noroeste Rio-grandense,Três Passos
4301875,430187,Barra do Quaraí,BARRA DO QUARAI,RS,Rio Grande do Sul,Sul,Sudoeste Rio-grandense,Campanha Ocidental
4301909,430190,Barra do Ribeiro,BARRA DO RIBEIRO,RS,Rio Grande do Sul,Sul,Metropolitana de Porto Alegre,Camaquã
4301925,430192,Barra do Rio Azul,BARRA DO RIO AZUL,RS,Rio Grande do Sul,Sul,Noroeste Rio-grandense,Erechim
4301958,430195,Barra Funda,BARRA FUNDA,RS,Rio Grande do Sul,Sul,Noroeste Rio-grandense,Carazinho
4302006,430200,Barros Cassal,BARROS CASSAL,RS,Rio Grande do Sul,Sul,Noroeste Rio-grandense,Soledade
4302055,430205,Benjamin Constant do Sul,BENJAMIN CONSTANT DO SUL,RS,Rio Grande do Sul,Sul,Noroeste Rio-grandense,Erechim
4302105,430210,Bento Gonçalves,BENTO GONCALVES,RS,Rio Grande do Sul,Sul,Nordeste Rio-grandense,Caxias do Sul
4302154,430215,Boa Vista das Missões,BOA VISTA DAS MISSOES,RS,Rio Grande do Sul,Sul,Noroeste Rio-grandense,Carazinho
4302204,430220,Boa Vista do Buricá,BOA VISTA DO BURICA,RS,Rio Grande do Sul,Sul,Noroeste Rio-grandense,Três Passos
4302220,430222,Boa Vista do Cadeado,BOA VISTA DO CADEADO,RS,Rio Grande do Sul,Sul,Noroeste Rio-grandense,Cruz Alta
4302238,430223,Boa Vista do Incra,BOA VISTA DO INCRA,RS,Rio Grande do Sul,Sul,Noroeste Rio-grandense,Cruz Alta
4302253,430225,Boa Vista do Sul,BOA VISTA DO SUL,RS,Rio Grande do Sul,Sul,Nordeste Rio-grandense,Caxias do Sul
4302303,430230,Bom Jesus,BOM JESUS,RS,Rio Grande do Sul,Sul,Nordeste Rio-grandense,Vacaria
4302352,430235,Bom Princípio,BOM PRINCIPIO,RS,Rio Grande do Sul,Sul,Metropolitana de Porto Alegre,Montenegro
4302378,430237,Bom Progresso,BOM PROGRESSO,RS,Rio Grande do Sul,Sul,Noroeste Rio-grandense,Três Passos
4302402,430240,Bom Retiro do Sul,BOM RETIRO DO SUL,RS,Rio Grande do Sul,Sul,Centro Oriental Rio-grandense,Lajeado-Estrela
4302451,430245,Boqueirão do Leão,BOQUEIRAO DO LEAO,RS,Rio Grande do Sul,Sul,Centro Oriental Rio-grandense,Lajeado-Estrela
4302501,430250,Bossoroca,BOSSOROCA,RS,Rio Grande do Sul,Sul,Noroeste Rio-grandense,Santo Ângelo
4302584,430258,Bozano,BOZANO,RS,Rio Grande do Sul,Sul,Noroeste Rio-grandense,Ijuí
4302600,430260,Braga,BRAGA,RS,Rio Grande do Sul,Sul,Noroeste Rio-grandense,Três Passos
4302659,430265,Brochier,BROCHIER,RS,Rio Grande do Sul,Sul,Metropolitana de Porto Alegre,Montenegro
4302709,430270,Butiá,BUTIA,RS,Rio Grande do Sul,Sul,Metropolitana de Porto Alegre,São Jerônimo
4302808,430280,Caçapava do Sul,CACAPAVA DO SUL,RS,Rio Grande do Sul,Sul,Sudeste Rio-grandense,Serras de Sudeste
4302907,430290,Cacequi,CACEQUI,RS,Rio Grande do Sul,Sul,Centro Ocidental Rio-grandense,Santa Maria
4303004,430300,Cachoeira do Sul,CACHOEIRA DO SUL,RS,Rio Grande do Sul,Sul,Centro Oriental Rio-grandense,Cachoeira do Sul
4303103,430310,Cachoeirinha,CACHOEIRINHA,RS,Rio Grande do Sul,Sul,Metropolitana de Porto Alegre,Porto Alegre
4303202,430320,Cacique Doble,CACIQUE DOBLE,RS,Rio Grande do Sul,Sul,Noroeste Rio-grandense,Sananduva
4303301,430330,Caibaté,CAIBATE,RS,Rio Grande do Sul,Sul,Noroeste Rio-grandense,Cerro Largo
4303400,430340,Caiçara,CAICARA,RS,Rio Grande do Sul,Sul,Noroeste Rio-grandense,Frederico Westphalen
4303509,430350,Camaquã,CAMAQUA,RS,Rio Grande do Sul,Sul,Metropolitana de Porto Alegre,Camaquã
4303558,430355,Camargo,CAMARGO,RS,Rio Grande do Sul,Sul,Noroeste Rio-grandense,Passo Fundo
4303608,430360,Cambará do Sul,CAMBARA DO SUL,RS,Rio Grande do Sul,Sul,Nordeste Rio-grandense,Vacaria
4303673,430367,Campestre da Serra,CAMPESTRE DA SERRA,RS,Rio Grande do Sul,Sul,Nordeste Rio-grandense,Vacaria
4303707,430370,Campina das Missões,CAMPINA DAS MISSOES,RS,Rio Grande do Sul,Sul,Noroeste Rio-grandense,Cerro Largo
4303806,430380,Campinas do Sul,CAMPINAS DO SUL,RS,Rio Grande do Sul,Sul,Noroeste Rio-grandense,Erechim
4303905,430390,Campo Bom,CAMPO BOM,RS,Rio Grande do Sul,Sul,Metropolitana de Porto Alegre,Porto Alegre
4304002,430400,Campo Novo,CAMPO NOVO,RS,Rio Grande do Sul,Sul,Noroeste Rio-grandense,Três Passos
4304101,430410,Campos Borges,CAMPOS BORGES,RS,Rio Grande do Sul,Sul,Noroeste Rio-grandense,Cruz Alta
4304200,430420,Candelária,CANDELARIA,RS,Rio Grande do Sul,Sul,Centro Oriental Rio-grandense,Santa Cruz do Sul
4304309,430430,Cândido Godói,CANDIDO GODOI,RS,Rio Grande do Sul,Sul,Noroeste Rio-grandense,Santa Rosa
4304358,430435,Candiota,CANDIOTA,RS,Rio Grande do Sul,Sul,Sudeste Rio-grandense,Serras de Sudeste
4304408,430440,Canela,CANELA,RS,Rio Grande do Sul,Sul,Metropolitana de Porto Alegre,Gramado-Canela
4304507,430450,Canguçu,CANGUCU,RS,Rio Grande do Sul,Sul,Sudeste Rio-grandense,Pelotas
4304606,430460,Canoas,CANOAS,RS,Rio Grande do Sul,Sul,Metropolitana de Porto Alegre,Porto Alegre
4304614,430461,Canudos do Vale,CANUDOS DO VALE,RS,Rio Grande do Sul,Sul,Centro Oriental Rio-grandense,Lajeado-Estrela
4304622,430462,Capão Bonito do Sul,CAPAO BONITO DO SUL,RS,Rio Grande do Sul,Sul,Nordeste Rio-grandense,Vacaria
4304630,430463,Capão da Canoa,CAPAO DA CANOA,RS,Rio Grande do Sul,Sul,Metropolitana de Porto Alegre,Osório
4304655,430465,Capão do Cipó,CAPAO DO CIPO,RS,Rio Grande do Sul,Sul,Centro Ocidental Rio-grandense,Santiago
4304663,430466,Capão do Leão,CAPAO DO LEAO,RS,Rio Grande do Sul,Sul,Sudeste Rio-grandense,Pelotas
4304671,430467,Capivari do Sul,CAPIVARI DO SUL,RS,Rio Grande do Sul,Sul,Metropolitana de Porto Alegre,Osório
4304689,430468,Capela de Santana,CAPELA DE SANTANA,RS,Rio Grande do Sul,Sul,Metropolitana de Porto Alegre,Montenegro
4304697,430469,Capitão,CAPITAO,RS,Rio Grande do Sul,Sul,Centro Oriental Rio-grandense,Lajeado-Estrela
4304705,430470,Carazinho,CARAZINHO,RS,Rio Grande do Sul,Sul,Noroeste Rio-grandense,Carazinho
4304713,430471,Caraá,CARAA,RS,Rio Grande do Sul,Sul,Metropolitana de Porto Alegre,Osório
4304804,430480,Carlos Barbosa,CARLOS BARBOSA,RS,Rio Grande do Sul,Sul,Nordeste Rio-grandense,Caxias do Sul
4304853,430485,Carlos Gomes,CARLOS GOMES,RS,Rio Grande do Sul,Sul,Noroeste Rio-grandense,Erechim
4304903,430490,Casca,CASCA,RS,Rio Grande do Sul,Sul,Noroeste Rio-grandense,Passo Fundo
4304952,430495,Caseiros,CASEIROS,RS,Rio Grande do Sul,Sul,Noroeste Rio-grandense,Passo Fundo
4305009,430500,Catuípe,CATUIPE,RS,Rio Grande do Sul,Sul,Noroeste Rio-grandense,Santo Ângelo
4305108,430510,Caxias do Sul,CAXIAS DO SUL,RS,Rio Grande do Sul,Sul,Nordeste Rio-grandense,Caxias do Sul
4305116,430511,Centenário,CENTENARIO,RS,Rio Grande do Sul,Sul,Noroeste Rio-grandense,Erechim
4305124,430512,Cerrito,CERRITO,RS,Rio Grande do Sul,Sul,Sudeste Rio-grandense,Pelotas
4305132,430513,Cerro Branco,CERRO BRANCO,RS,Rio Grande do Sul,Sul,Centro Oriental Rio-grandense,Cachoeira do Sul
4305157,430515,Cerro Grande,CERRO GRANDE,RS,Rio Grande do Sul,Sul,Noroeste Rio-grandense,Carazinho
4305173,430517,Cerro Grande do Sul,CERRO GRANDE DO SUL,RS,Rio Grande do Sul,Sul,Metropolitana de Porto Alegre,Camaquã
4305207,430520,Cerro Largo,CERRO LARGO,RS,Rio Grande do Sul,Sul,Noroeste Rio-grandense,Cerro Largo
4305306,430530,Chapada,CHAPADA,RS,Rio Grande do Sul,Sul,Noroeste Rio-grandense,Carazinho
4305355,430535,Charqueadas,CHARQUEADAS,RS,Rio Grande do Sul,Sul,Metropolitana de Porto Alegre,São Jerônimo
4305371,430537,Charrua,CHARRUA,RS,Rio Grande do Sul,Sul,Noroeste Rio-grandense,Passo Fundo
4305405,430540,Chiapetta,CHIAPETTA,RS,Rio Grande do Sul,Sul,Noroeste Rio-grandense,Ijuí
4305439,430543,Chuí,CHUI,RS,Rio Grande do Sul,Sul,Sudeste Rio-grandense,Litoral Lagunar
4305447,430544,Chuvisca,CHUVISCA,RS,Rio Grande do Sul,Sul,Metropolitana de Porto Alegre,Camaquã
4305454,430545,Cidreira,CIDREIRA,RS,Rio Grande do Sul,Sul,Metropolitana de Porto Alegre,Osório
4305504,430550,Ciríaco,CIRIACO,RS,Rio Grande do Sul,Sul,Noroeste Rio-grandense,Passo Fundo
4305587,430558,Colinas,COLINAS,RS,Rio Grande do Sul,Sul,Centro Oriental Rio-grandense,Lajeado-Estrela
4305603,430560,Colorado,COLORADO,RS,Rio Grande do Sul,Sul,Noroeste Rio-grandense,Não-Me-Toque
4305702,430570,Condor,CONDOR,RS,Rio Grande do Sul,Sul,Noroeste Rio-grandense,Ijuí
4305801,430580,Constantina,CONSTANTINA,RS,Rio Grande do Sul,Sul,Noroeste Rio-grandense,Frederico Westphalen
4305835,430583,Coqueiro Baixo,COQUEIRO BAIXO,RS,Rio Grande do Sul,Sul,Centro Oriental Rio-grandense,Lajeado-Estrela
4305850,430585,Coqueiros do Sul,COQUEIROS DO SUL,RS,Rio Grande do Sul,Sul,Noroeste Rio-grandense,Carazinho
4305871,430587,Coronel Barros,CORONEL BARROS,RS,Rio Grande do Sul,Sul,Noroeste Rio-grandense,Ijuí
4305900,430590,Coronel Bicaco,CORONEL BICACO,RS,Rio Grande do Sul,Sul,Noroeste Rio-grandense,Ijuí
4305934,430593,Coronel Pilar,CORONEL PILAR,RS,Rio Grande do Sul,Sul,Nordeste Rio-grandense,Caxias do Sul
4305959,430595,Cotiporã,COTIPORA,RS,Rio Grande do Sul,Sul,Nordeste Rio-grandense,Caxias do Sul
4305975,430597,Coxilha,COXILHA,RS,Rio Grande do Sul,Sul,Noroeste Rio-grandense,Passo Fundo
4306007,430600,Crissiumal,CRISSIUMAL,RS,Rio Grande do Sul,Sul,Noroeste Rio-grandense,Três Passos
4306056,430605,Cristal,CRISTAL,RS,Rio Grande do Sul,Sul,Sudeste Rio-grandense,Pelotas
4306072,430607,Cristal do Sul,CRISTAL DO SUL,RS,Rio Grande do Sul,Sul,Noroeste Rio-grandense,Frederico Westphalen
4306106,430610,Cruz Alta,CRUZ ALTA,RS,Rio Grande do Sul,Sul,Noroeste Rio-grandense,Cruz Alta
4306130,430613,Cruzaltense,CRUZALTENSE,RS,Rio Grande do Sul,Sul,Noroeste Rio-grandense,Erechim
4306205,430620,Cruzeiro do Sul,CRUZEIRO DO SUL,RS,Rio Grande do Sul,Sul,Centro Oriental Rio-grandense,Lajeado-Estrela
4306304,430630,David Canabarro,DAVID CANABARRO,RS,Rio Grande do Sul,Sul,Noroeste Rio-grandense,Passo Fundo
4306320,430632,Derrubadas,DERRUBADAS,RS,Rio Grande do Sul,Sul,Noroeste Rio-grandense,Três Passos
4306353,430635,Dezesseis de Novembro,DEZESSEIS DE NOVEMBRO,RS,Rio Grande do Sul,Sul,Noroeste Rio-grandense,Santo Ângelo
4306379,430637,Dilermando de Aguiar,DILERMANDO DE AGUIAR,RS,Rio Grande do Sul,Sul,Centro Ocidental Rio-grandense,Santa Maria
4306403,430640,Dois Irmãos,DOIS IRMAOS,RS,Rio Grande do Sul,Sul,Metropolitana de Porto Alegre,Gramado-Canela
4306429,430642,Dois Irmãos das Missões,DOIS IRMAOS DAS MISSOES,RS,Rio Grande do Sul,Sul,Noroeste Rio-grandense,Frederico Westphalen
4306452,430645,Dois Lajeados,DOIS LAJEADOS,RS,Rio Grande do Sul,Sul,Nordeste Rio-grandense,Guaporé
4306502,430650,Dom Feliciano,DOM FELICIANO,RS,Rio Grande do Sul,Sul,Metropolitana de Porto Alegre,Camaquã
4306551,430655,Dom Pedro de Alcântara,DOM PEDRO DE ALCANTARA,RS,Rio Grande do Sul,Sul,Metropolitana de Porto Alegre,Osório
4306601,430660,Dom Pedrito,DOM PEDRITO,RS,Rio Grande do Sul,Sul,Sudoeste Rio-grandense,Campanha Meridional
4306700,430670,Dona Francisca,DONA FRANCISCA,RS,Rio Grande do Sul,Sul,Centro Ocidental Rio-grandense,Restinga Seca
4306734,430673,Doutor Maurício Cardoso,DOUTOR MAURICIO CARDOSO,RS,Rio Grande do Sul,Sul,Noroeste Rio-grandense,Três Passos
4306759,430675,Doutor Ricardo,DOUTOR RICARDO,RS,Rio Grande do Sul,Sul,Centro Oriental Rio-grandense,Lajeado-Estrela
4306767,430676,Eldorado do Sul,ELDORADO DO SUL,RS,Rio Grande do Sul,Sul,Metropolitana de Porto Alegre,Porto Alegre
4306809,430680,Encantado,ENCANTADO,RS,Rio Grande do Sul,Sul,Centro Oriental Rio-grandense,Lajeado-Estrela
4306908,430690,Encruzilhada do Sul,ENCRUZILHADA DO SUL,RS,Rio Grande do Sul,Sul,Sudeste Rio-grandense,Serras de Sudeste
4306924,430692,Engenho Velho,ENGENHO VELHO,RS,Rio Grande do Sul,Sul,Noroeste Rio-grandense,Frederico Westphalen
4306932,430693,Entre-Ijuís,ENTRE-IJUIS,RS,Rio Grande do Sul,Sul,Noroeste Rio-grandense,Santo Ângelo
4306957,430695,Entre Rios do Sul,ENTRE RIOS DO SUL,RS,Rio Grande do Sul,Sul,Noroeste Rio-grandense,Erechim
4306973,430697,Erebango,EREBANGO,RS,Rio Grande do Sul,Sul,Noroeste Rio-grandense,Erechim
4307005,430700,Erechim,ERECHIM,RS,Rio Grande do Sul,Sul,Noroeste Rio-grandense,Erechim
4307054,430705,Ernestina,ERNESTINA,RS,Rio Grande do Sul,Sul,Noroeste Rio-grandense,Passo Fundo
4307104,430710,Herval,HERVAL,RS,Rio Grande do Sul,Sul,Sudeste Rio-grandense,Jaguarão
4307203,430720,Erval Grande,ERVAL GRANDE,RS,Rio Grande do Sul,Sul,Noroeste Rio-grandense,Erechim
4307302,430730,Erval Seco,ERVAL SECO,RS,Rio Grande do Sul,Sul,Noroeste Rio-grandense,Frederico Westphalen
4307401,430740,Esmeralda,ESMERALDA,RS,Rio Grande do Sul,Sul,Nordeste Rio-grandense,Vacaria
4307450,430745,Esperança do Sul,ESPERANCA DO SUL,RS,Rio Grande do Sul,Sul,Noroeste Rio-grandense,Três Passos
4307500,430750,Espumoso,ESPUMOSO,RS,Rio Grande do Sul,Sul,Noroeste Rio-grandense,Cruz Alta
4307559,430755,Estação,ESTACAO,RS,Rio Grande do Sul,Sul,Noroeste Rio-grandense,Erechim
4307609,430760,Estância Velha,ESTANCIA VELHA,RS,Rio Grande do Sul,Sul,Metropolitana de Porto Alegre,Porto Alegre
4307708,430770,Esteio,ESTEIO,RS,Rio Grande do Sul,Sul,Metropolitana de Porto Alegre,Porto Alegre
4307807,430780,Estrela,ESTRELA,RS,Rio Grande do Sul,Sul,Centro Oriental Rio-grandense,Lajeado-Estrela
4307815,430781,Estrela Velha,ESTRELA VELHA,RS,Rio Grande do Sul,Sul,Centro Oriental Rio-grandense,Santa Cruz do Sul
4307831,430783,Eugênio de Castro,EUGENIO DE CASTRO,RS,Rio Grande do Sul,Sul,Noroeste Rio-grandense,Santo Ângelo
4307864,430786,Fagundes Varela,FAGUNDES VARELA,RS,Rio Grande do Sul,Sul,Nordeste Rio-grandense,Caxias do Sul
4307906,430790,Farroupilha,FARROUPILHA,RS,Rio Grande do Sul,Sul,Nordeste Rio-grandense,Caxias do Sul
4308003,430800,Faxinal do Soturno,FAXINAL DO SOTURNO,RS,Rio Grande do Sul,Sul,Centro Ocidental Rio-grandense,Restinga Seca
4308052,430805,Faxinalzinho,FAXINALZINHO,RS,Rio Grande do Sul,Sul,Noroeste Rio-grandense,Erechim
4308078,430807,Fazenda Vilanova,FAZENDA VILANOVA,RS,Rio Grande do Sul,Sul,Centro Oriental Rio-grandense,Lajeado-Estrela
4308102,430810,Feliz,FELIZ,RS,Rio Grande do Sul,Sul,Metropolitana de Porto Alegre,Montenegro
4308201,430820,Flores da Cunha,FLORES DA CUNHA,RS,Rio Grande do Sul,Sul,Nordeste Rio-grandense,Caxias do Sul
4308250,430825,Floriano Peixoto,FLORIANO PEIXOTO,RS,Rio Grande do Sul,Sul,Noroeste Rio-grandense,Erechim
4308300,430830,Fontoura Xavier,FONTOURA XAVIER,RS,Rio Grande do Sul,Sul,Noroeste Rio-grandense,Soledade
4308409,430840,Formigueiro,FORMIGUEIRO,RS,Rio Grande do Sul,Sul,Centro Ocidental Rio-grandense,Restinga Seca
4308433,430843,Forquetinha,FORQUETINHA,RS,Rio Grande do Sul,Sul,Centro Oriental Rio-grandense,Lajeado-Estrela
4308458,430845,Fortaleza dos Valos,FORTALEZA DOS VALOS,RS,Rio Grande do Sul,Sul,Noroeste Rio-grandense,Cruz Alta
4308508,430850,Frederico Westphalen,FREDERICO WESTPHALEN,RS,Rio Grande do Sul,Sul,Noroeste Rio-grandense,Frederico Westphalen
4308607,430860,Garibaldi,GARIBALDI,RS,Rio Grande do Sul,Sul,Nordeste Rio-grandense,Caxias do Sul
4308656,430865,Garruchos,GARRUCHOS,RS,Rio Grande do Sul,Sul,Sudoeste Rio-grandense,Campanha Ocidental
4308706,430870,Gaurama,GAURAMA,RS,Rio Grande do Sul,Sul,Noroeste Rio-grandense,Erechim
4308805,430880,General Câmara,GENERAL CAMARA,RS,Rio Grande do Sul,Sul,Metropolitana de Porto Alegre,São Jerônimo
4308854,430885,Gentil,GENTIL,RS,Rio Grande do Sul,Sul,Noroeste Rio-grandense,Passo Fundo
4308904,430890,Getúlio Vargas,GETULIO VARGAS,RS,Rio Grande do Sul,Sul,Noroeste Rio-grandense,Erechim
4309001,430900,Giruá,GIRUA,RS,Rio Grande do Sul,Sul,Noroeste Rio-grandense,Santo Ângelo
4309050,430905,Glorinha,GLORINHA,RS,Rio Grande do Sul,Sul,Metropolitana de Porto Alegre,Porto Alegre
4309100,430910,Gramado,GRAMADO,RS,Rio Grande do Sul,Sul,Metropolitana de Porto Alegre,Gramado-Canela
4309126,430912,Gramado dos Loureiros,GRAMADO DOS LOUREIROS,RS,Rio Grande do Sul,Sul,Noroeste Rio-grandense,Frederico Westphalen
4309159,430915,Gramado Xavier,GRAMADO XAVIER,RS,Rio Grande do Sul,Sul,Centro Oriental Rio-grandense,Santa Cruz do Sul
4309209,430920,Gravataí,GRAVATAI,RS,Rio Grande do Sul,Sul,Metropolitana de Porto Alegre,Porto Alegre
4309258,430925,Guabiju,GUABIJU,RS,Rio Grande do Sul,Sul,Nordeste Rio-grandense,Guaporé
4309308,430930,Guaíba,GUAIBA,RS,Rio Grande do Sul,Sul,Metropolitana de Porto Alegre,Porto Alegre
4309407,430940,Guaporé,GUAPORE,RS,Rio Grande do Sul,Sul,Nordeste Rio-grandense,Guaporé
4309506,430950,Guarani das Missões,GUARANI DAS MISSOES,RS,Rio Grande do Sul,Sul,Noroeste Rio-grandense,Cerro Largo
4309555,430955,Harmonia,HARMONIA,RS,Rio Grande do Sul,Sul,Metropolitana de Porto Alegre,Montenegro
4309571,430957,Herveiras,HERVEIRAS,RS,Rio Grande do Sul,Sul,Centro Oriental Rio-grandense,Santa Cruz do Sul
4309605,430960,Horizontina,HORIZONTINA,RS,Rio Grande do Sul,Sul,Noroeste Rio-grandense,Três Passos
4309654,430965,Hulha Negra,HULHA NEGRA,RS,Rio Grande do Sul,Sul,Sudoeste Rio-grandense,Campanha Meridional
4309704,430970,Humaitá,HUMAITA,RS,Rio Grande do Sul,Sul,Noroeste Rio-grandense,Três Passos
4309753,430975,Ibarama,IBARAMA,RS,Rio Grande do Sul,Sul,Centro Oriental Rio-grandense,Santa Cruz do Sul
4309803,430980,Ibiaçá,IBIACA,RS,Rio Grande do Sul,Sul,Noroeste Rio-grandense,Sananduva
4309902,430990,Ibiraiaras,IBIRAIARAS,RS,Rio Grande do Sul,Sul,Noroeste Rio-grandense,Passo Fundo
4309951,430995,Ibirapuitã,IBIRAPUITA,RS,Rio Grande do Sul,Sul,Noroeste Rio-grandense,Soledade
4310009,431000,Ibirubá,IBIRUBA,RS,Rio Grande do Sul,Sul,Noroeste Rio-grandense,Cruz Alta
4310108,431010,Igrejinha,IGREJINHA,RS,Rio Grande do Sul,Sul,Metropolitana de Porto Alegre,Gramado-Canela
4310207,431020,Ijuí,IJUI,RS,Rio Grande do Sul,Sul,Noroeste Rio-grandense,Ijuí
4310306,431030,Ilópolis,ILOPOLIS,RS,Rio Grande do Sul,Sul,Nordeste Rio-grandense,Guaporé
4310330,431033,Imbé,IMBE,RS,Rio Grande do Sul,Sul,Metropolitana de Porto Alegre,Osório
4310363,431036,Imigrante,IMIGRANTE,RS,Rio Grande do Sul,Sul,Centro Oriental Rio-grandense,Lajeado-Estrela
4310405,431040,Independência,INDEPENDENCIA,RS,Rio Grande do Sul,Sul,Noroeste Rio-grandense,Santa Rosa
4310413,431041,Inhacorá,INHACORA,RS,Rio Grande do Sul,Sul,Noroeste Rio-grandense,Ijuí
4310439,431043,Ipê,IPE,RS,Rio Grande do Sul,Sul,Nordeste Rio-grandense,Vacaria
4310462,431046,Ipiranga do Sul,IPIRANGA DO SUL,RS,Rio Grande do Sul,Sul,Noroeste Rio-grandense,Erechim
4310504,431050,Iraí,IRAI,RS,Rio Grande do Sul,Sul,Noroeste Rio-grandense,Frederico Westphalen
4310538,431053,Itaara,ITAARA,RS,Rio Grande do Sul,Sul,Centro Ocidental Rio-grandense,Santa Maria
4310553,431055,Itacurubi,ITACURUBI,RS,Rio Grande do Sul,Sul,Centro Ocidental Rio-grandense,Santiago
4310579,431057,Itapuca,ITAPUCA,RS,Rio Grande do Sul,Sul,Nordeste Rio-grandense,Guaporé
4310603,431060,Itaqui,ITAQUI,RS,Rio Grande do Sul,Sul,Sudoeste Rio-grandense,Campanha Ocidental
4310652,431065,Itati,ITATI,RS,Rio Grande do Sul,Sul,Metropolitana de Porto Alegre,Osório
4310702,431070,Itatiba do Sul,ITATIBA DO SUL,RS,Rio Grande do Sul,Sul,Noroeste Rio-grandense,Erechim
4310751,431075,Ivorá,IVORA,RS,Rio Grande do Sul,Sul,Centro Ocidental Rio-grandense,Restinga Seca
4310801,431080,Ivoti,IVOTI,RS,Rio Grande do Sul,Sul,Metropolitana de Porto Alegre,Gramado-Canela
4310850,431085,Jaboticaba,JABOTICABA,RS,Rio Grande do Sul,Sul,Noroeste Rio-grandense,Carazinho
4310876,431087,Jacuizinho,JACUIZINHO,RS,Rio Grande do Sul,Sul,Noroeste Rio-grandense,Cruz Alta
4310900,431090,Jacutinga,JACUTINGA,RS,Rio Grande do Sul,Sul,Noroeste Rio-grandense,Erechim
4311007,431100,Jaguarão,JAGUARAO,RS,Rio Grande do Sul,Sul,Sudeste Rio-grandense,Jaguarão
4311106,431110,Jaguari,JAGUARI,RS,Rio Grande do Sul,Sul,Centro Ocidental Rio-grandense,Santa Maria
4311122,431112,Jaquirana,JAQUIRANA,RS,Rio Grande do Sul,Sul,Nordeste Rio-grandense,Vacaria
4311130,431113,Jari,JARI,RS,Rio Grande do Sul,Sul,Centro Ocidental Rio-grandense,Santiago
4311155,431115,Jóia,JOIA,RS,Rio Grande do Sul,Sul,Noroeste Rio-grandense,Cruz Alta
4311205,431120,Júlio de Castilhos,JULIO DE CASTILHOS,RS,Rio Grande do Sul,Sul,Centro Ocidental Rio-grandense,Santiago
4311239,431123,Lagoa Bonita do Sul,LAGOA BONITA DO SUL,RS,Rio Grande do Sul,Sul,Centro Oriental Rio-grandense,Santa Cruz do Sul
4311254,431125,Lagoão,LAGOAO,RS,Rio Grande do Sul,Sul,Noroeste Rio-grandense,Soledade
4311270,431127,Lagoa dos Três Cantos,LAGOA DOS TRES CANTOS,RS,Rio Grande do Sul,Sul,Noroeste Rio-grandense,Não-Me-Toque
4311304,431130,Lagoa Vermelha,LAGOA VERMELHA,RS,Rio Grande do Sul,Sul,Nordeste Rio-grandense,Vacaria
4311403,431140,Lajeado,LAJEADO,RS,Rio Grande do Sul,Sul,Centro Oriental Rio-grandense,Lajeado-Estrela
4311429,431142,Lajeado do Bugre,LAJEADO DO BUGRE,RS,Rio Grande do Sul,Sul,Noroeste Rio-grandense,Carazinho
4311502,431150,Lavras do Sul,LAVRAS DO SUL,RS,Rio Grande do Sul,Sul,Sudoeste Rio-grandense,Campanha Meridional
4311601,431160,Liberato Salzano,LIBERATO SALZANO,RS,Rio Grande do Sul,Sul,Noroeste Rio-grandense,Frederico Westphalen
4311627,431162,Lindolfo Collor,LINDOLFO COLLOR,RS,Rio Grande do Sul,Sul,Metropolitana de Porto Alegre,Gramado-Canela
4311643,431164,Linha Nova,LINHA NOVA,RS,Rio Grande do Sul,Sul,Metropolitana de Porto Alegre,Montenegro
4311700,431170,Machadinho,MACHADINHO,RS,Rio Grande do Sul,Sul,Noroeste Rio-grandense,Sananduva
4311718,431171,Maçambará,MACAMBARA,RS,Rio Grande do Sul,Sul,Sudoeste Rio-grandense,Campanha Ocidental
4311734,431173,Mampituba,MAMPITUBA,RS,Rio Grande do Sul,Sul,Metropolitana de Porto Alegre,Osório
4311759,431175,Manoel Viana,MANOEL VIANA,RS,Rio Grande do Sul,Sul,Sudoeste Rio-grandense,Campanha Ocidental
4311775,431177,Maquiné,MAQUINE,RS,Rio Grande do Sul,Sul,Metropolitana de Porto Alegre,Osório
4311791,431179,Maratá,MARATA,RS,Rio Grande do Sul,Sul,Metropolitana de Porto Alegre,Montenegro
4311809,431180,Marau,MARAU,RS,Rio Grande do Sul,Sul,Noroeste Rio-grandense,Passo Fundo
4311908,431190,Marcelino Ramos,MARCELINO RAMOS,RS,Rio Grande do Sul,Sul,Noroeste Rio-grandense,Erechim
4311981,431198,Mariana Pimentel,MARIANA PIMENTEL,RS,Rio Grande do Sul,Sul,Metropolitana de Porto Alegre,Porto Alegre
4312005,431200,Mariano Moro,MARIANO MORO,RS,Rio Grande do Sul,Sul,Noroeste Rio-grandense,Erechim
4312054,431205,Marques de Souza,MARQUES DE SOUZA,RS,Rio Grande do Sul,Sul,Centro Oriental Rio-grandense,Lajeado-Estrela
4312104,431210,Mata,MATA,RS,Rio Grande do Sul,Sul,Centro Ocidental Rio-grandense,Santa Maria
4312138,431213,Mato Castelhano,MATO CASTELHANO,RS,Rio Grande do Sul,Sul,Noroeste Rio-grandense,Passo Fundo
4312153,431215,Mato Leitão,MATO LEITAO,RS,Rio Grande do Sul,Sul,Centro Oriental Rio-grandense,Santa Cruz do Sul
4312179,431217,Mato Queimado,MATO QUEIMADO,RS,Rio Grande do Sul,Sul,Noroeste Rio-grandense,Cerro Largo
4312203,431220,Maximiliano de Almeida,MAXIMILIANO DE ALMEIDA,RS,Rio Grande do Sul,Sul,Noroeste Rio-grandense,Sananduva
4312252,431225,Minas do Leão,MINAS DO LEAO,RS,Rio Grande do Sul,Sul,Metropolitana de Porto Alegre,São Jerônimo
4312302,431230,Miraguaí,MIRAGUAI,RS,Rio Grande do Sul,Sul,Noroeste Rio-grandense,Três Passos
4312351,431235,Montauri,MONTAURI,RS,Rio Grande do Sul,Sul,Nordeste Rio-grandense,Guaporé
4312377,431237,Monte Alegre dos Campos,MONTE ALEGRE DOS CAMPOS,RS,Rio Grande do Sul,Sul,Nordeste Rio-grandense,Vacaria
4312385,431238,Monte Belo do Sul,MONTE BELO DO SUL,RS,Rio Grande do Sul,Sul,Nordeste Rio-grandense,Caxias do Sul
4312401,431240,Montenegro,MONTENEGRO,RS,Rio Grande do Sul,Sul,Metropolitana de Porto Alegre,Montenegro
4312427,431242,Mormaço,MORMACO,RS,Rio Grande do Sul,Sul,Noroeste Rio-grandense,Soledade
4312443,431244,Morrinhos do Sul,MORRINHOS DO SUL,RS,Rio Grande do Sul,Sul,Metropolitana de Porto Alegre,Osório
4312450,431245,Morro Redondo,MORRO REDONDO,RS,Rio Grande do Sul,Sul,Sudeste Rio-grandense,Pelotas
4312476,431247,Morro Reuter,MORRO REUTER,RS,Rio Grande do Sul,Sul,Metropolitana de Porto Alegre,Gramado-Canela
4312500,431250,Mostardas,MOSTARDAS,RS,Rio Grande do Sul,Sul,Metropolitana de Porto Alegre,Osório
4312609,431260,Muçum,MUCUM,RS,Rio Grande do Sul,Sul,Centro Oriental Rio-grandense,Lajeado-Estrela
4312617,431261,Muitos Capões,MUITOS CAPOES,RS,Rio Grande do Sul,Sul,Nordeste Rio-grandense,Vacaria
4312625,431262,Muliterno,MULITERNO,RS,Rio Grande do Sul,Sul,Noroeste Rio-grandense,Passo Fundo
4312658,431265,Não-Me-Toque,NAO-ME-TOQUE,RS,Rio Grande do Sul,Sul,Noroeste Rio-grandense,Não-Me-Toque
4312674,431267,Nicolau Vergueiro,NICOLAU VERGUEIRO,RS,Rio Grande do Sul,Sul,Noroeste Rio-grandense,Passo Fundo
4312708,431270,Nonoai,NONOAI,RS,Rio Grande do Sul,Sul,Noroeste Rio-grandense,Frederico Westphalen
4312757,431275,Nova Alvorada,NOVA ALVORADA,RS,Rio Grande do Sul,Sul,Nordeste Rio-grandense,Guaporé
4312807,431280,Nova Araçá,NOVA ARACA,RS,Rio Grande do Sul,Sul,Nordeste Rio-grandense,Guaporé
4312906,431290,Nova Bassano,NOVA BASSANO,RS,Rio Grande do Sul,Sul,Nordeste Rio-grandense,Guaporé
4312955,431295,Nova Boa Vista,NOVA BOA VISTA,RS,Rio Grande do Sul,Sul,Noroeste Rio-grandense,Carazinho
4313003,431300,Nova Bréscia,NOVA BRESCIA,RS,Rio Grande do Sul,Sul,Centro Oriental Rio-grandense,Lajeado-Estrela
4313011,431301,Nova Candelária,NOVA CANDELARIA,RS,Rio Grande do Sul,Sul,Noroeste Rio-grandense,Três Passos
4313037,431303,Nova Esperança do Sul,NOVA ESPERANCA DO SUL,RS,Rio Grande do Sul,Sul,Centro Ocidental Rio-grandense,Santa Maria
4313060,431306,Nova Hartz,NOVA HARTZ,RS,Rio Grande do Sul,Sul,Metropolitana de Porto Alegre,Porto Alegre
4313086,431308,Nova Pádua,NOVA PADUA,RS,Rio Grande do Sul,Sul,Nordeste Rio-grandense,Caxias do Sul
4313102,431310,Nova Palma,NOVA PALMA,RS,Rio Grande do Sul,Sul,Centro Ocidental Rio-grandense,Restinga Seca
4313201,431320,Nova Petrópolis,NOVA PETROPOLIS,RS,Rio Grande do Sul,Sul,Metropolitana de Porto Alegre,Gramado-Canela
4313300,431330,Nova Prata,NOVA PRATA,RS,Rio Grande do Sul,Sul,Nordeste Rio-grandense,Guaporé
4313334,431333,Nova Ramada,NOVA RAMADA,RS,Rio Grande do Sul,Sul,Noroeste Rio-grandense,Ijuí
4313359,431335,Nova Roma do Sul,NOVA ROMA DO SUL,RS,Rio Grande do Sul,Sul,Nordeste Rio-grandense,Caxias do Sul
4313375,431337,Nova Santa Rita,NOVA SANTA RITA,RS,Rio Grande do Sul,Sul,Metropolitana de Porto Alegre,Porto Alegre
4313391,431339,Novo Cabrais,NOVO CABRAIS,RS,Rio Grande do Sul,Sul,Centro Oriental Rio-grandense,Cachoeira do Sul
4313409,431340,Novo Hamburgo,NOVO HAMBURGO,RS,Rio Grande do Sul,Sul,Metropolitana de Porto Alegre,Porto Alegre
4313425,431342,Novo Machado,NOVO MACHADO,RS,Rio Grande do Sul,Sul,Noroeste Rio-grandense,Santa Rosa
4313441,431344,Novo Tiradentes,NOVO TIRADENTES,RS,Rio Grande do Sul,Sul,Noroeste Rio-grandense,Frederico Westphalen
4313466,431346,Novo Xingu,NOVO XINGU,RS,Rio Grande do Sul,Sul,Noroeste Rio-grandense,Frederico Westphalen
4313490,431349,Novo Barreiro,NOVO BARREIRO,RS,Rio Grande do Sul,Sul,Noroeste Rio-grandense,Carazinho
4313508,431350,Osório,OSORIO,RS,Rio Grande do Sul,Sul,Metropolitana de Porto Alegre,Osório
4313607,431360,Paim Filho,PAIM FILHO,RS,Rio Grande do Sul,Sul,Noroeste Rio-grandense,Sananduva
4313656,431365,Palmares do Sul,PALMARES DO SUL,RS,Rio Grande do Sul,Sul,Metropolitana de Porto Alegre,Osório
4313706,431370,Palmeira das Missões,PALMEIRA DAS MISSOES,RS,Rio Grande do Sul,Sul,Noroeste Rio-grandense,Carazinho
4313805,431380,Palmitinho,PALMITINHO,RS,Rio Grande do Sul,Sul,Noroeste Rio-grandense,Frederico Westphalen
4313904,431390,Panambi,PANAMBI,RS,Rio Grande do Sul,Sul,Noroeste Rio-grandense,Ijuí
4313953,431395,Pantano Grande,PANTANO GRANDE,RS,Rio Grande do Sul,Sul,Centro Oriental Rio-grandense,Cachoeira do Sul
4314001,431400,Paraí,PARAI,RS,Rio Grande do Sul,Sul,Nordeste Rio-grandense,Guaporé
4314027,431402,Paraíso do Sul,PARAISO DO SUL,RS,Rio Grande do Sul,Sul,Centro Oriental Rio-grandense,Cachoeira do Sul
4314035,431403,Pareci Novo,PARECI NOVO,RS,Rio Grande do Sul,Sul,Metropolitana de Porto Alegre,Montenegro
4314050,431405,Parobé,PAROBE,RS,Rio Grande do Sul,Sul,Metropolitana de Porto Alegre,Porto Alegre
4314068,431406,Passa Sete,PASSA SETE,RS,Rio Grande do Sul,Sul,Centro Oriental Rio-grandense,Santa Cruz do Sul
4314076,431407,Passo do Sobrado,PASSO DO SOBRADO,RS,Rio Grande do Sul,Sul,Centro Oriental Rio-grandense,Cachoeira do Sul
4314100,431410,Passo Fundo,PASSO FUNDO,RS,Rio Grande do Sul,Sul,Noroeste Rio-grandense,Passo Fundo
4314134,431413,Paulo Bento,PAULO BENTO,RS,Rio Grande do Sul,Sul,Noroeste Rio-grandense,Erechim
4314159,431415,Paverama,PAVERAMA,RS,Rio Grande do Sul,Sul,Centro Oriental Rio-grandense,Lajeado-Estrela
4314175,431417,Pedras Altas,PEDRAS ALTAS,RS,Rio Grande do Sul,Sul,Sudeste Rio-grandense,Serras de Sudeste
4314209,431420,Pedro Osório,PEDRO OSORIO,RS,Rio Grande do Sul,Sul,Sudeste Rio-grandense,Pelotas
4314308,431430,Pejuçara,PEJUCARA,RS,Rio Grande do Sul,Sul,Noroeste Rio-grandense,Ijuí
4314407,431440,Pelotas,PELOTAS,RS,Rio Grande do Sul,Sul,Sudeste Rio-grandense,Pelotas
4314423,431442,Picada Café,PICADA CAFE,RS,Rio Grande do Sul,Sul,Metropolitana de Porto Alegre,Gramado-Canela
4314456,431445,Pinhal,PINHAL,RS,Rio Grande do Sul,Sul,Noroeste Rio-grandense,Carazinho
4314464,431446,Pinhal da Serra,PINHAL DA SERRA,RS,Rio Grande do Sul,Sul,Nordeste Rio-grandense,Vacaria
4314472,431447,Pinhal Grande,PINHAL GRANDE,RS,Rio Grande do Sul,Sul,Centro Ocidental Rio-grandense,Santiago
4314498,431449,Pinheirinho do Vale,PINHEIRINHO DO VALE,RS,Rio Grande do Sul,Sul,Noroeste Rio-grandense,Frederico Westphalen
4314506,431450,Pinheiro Machado,PINHEIRO MACHADO,RS,Rio Grande do Sul,Sul,Sudeste Rio-grandense,Serras de Sudeste
4314548,431454,Pinto Bandeira,PINTO BANDEIRA,RS,Rio Grande do Sul,Sul,Nordeste Rio-grandense,Caxias do Sul
4314555,431455,Pirapó,PIRAPO,RS,Rio Grande do Sul,Sul,Noroeste Rio-grandense,Santo Ângelo
4314605,431460,Piratini,PIRATINI,RS,Rio Grande do Sul,Sul,Sudeste Rio-grandense,Serras de Sudeste
4314704,431470,Planalto,PLANALTO,RS,Rio Grande do Sul,Sul,Noroeste Rio-grandense,Frederico Westphalen
4314753,431475,Poço das Antas,POCO DAS ANTAS,RS,Rio Grande do Sul,Sul,Metropolitana de Porto Alegre,Montenegro
4314779,431477,Pontão,PONTAO,RS,Rio Grande do Sul,Sul,Noroeste Rio-grandense,Passo Fundo
4314787,431478,Ponte Preta,PONTE PRETA,RS,Rio Grande do Sul,Sul,Noroeste Rio-grandense,Erechim
4314803,431480,Portão,PORTAO,RS,Rio Grande do Sul,Sul,Metropolitana de Porto Alegre,Montenegro
4314902,431490,Porto Alegre,PORTO ALEGRE,RS,Rio Grande do Sul,Sul,Metropolitana de Porto Alegre,Porto Alegre
4315008,431500,Porto Lucena,PORTO LUCENA,RS,Rio Grande do Sul,Sul,Noroeste Rio-grandense,Santa Rosa
4315057,431505,Porto Mauá,PORTO MAUA,RS,Rio Grande do Sul,Sul,Noroeste Rio-grandense,Santa Rosa
4315073,431507,Porto Vera Cruz,PORTO VERA CRUZ,RS,Rio Grande do Sul,Sul,Noroeste Rio-grandense,Santa Rosa
4315107,431510,Porto Xavier,PORTO XAVIER,RS,Rio Grande do Sul,Sul,Noroeste Rio-grandense,Cerro Largo
4315131,431513,Pouso Novo,POUSO NOVO,RS,Rio Grande do Sul,Sul,Centro Oriental Rio-grandense,Lajeado-Estrela
4315149,431514,Presidente Lucena,PRESIDENTE LUCENA,RS,Rio Grande do Sul,Sul,Metropolitana de Porto Alegre,Gramado-Canela
4315156,431515,Progresso,PROGRESSO,RS,Rio Grande do Sul,Sul,Centro Oriental Rio-grandense,Lajeado-Estrela
4315172,431517,Protásio Alves,PROTASIO ALVES,RS,Rio Grande do Sul,Sul,Nordeste Rio-grandense,Guaporé
4315206,431520,Putinga,PUTINGA,RS,Rio Grande do Sul,Sul,Nordeste Rio-grandense,Guaporé
4315305,431530,Quaraí,QUARAI,RS,Rio Grande do Sul,Sul,Sudoeste Rio-grandense,Campanha Ocidental
4315313,431531,Quatro Irmãos,QUATRO IRMAOS,RS,Rio Grande do Sul,Sul,Noroeste Rio-grandense,Erechim
4315321,431532,Quevedos,QUEVEDOS,RS,Rio Grande do Sul,Sul,Centro Ocidental Rio-grandense,Santiago
4315354,431535,Quinze de Novembro,QUINZE DE NOVEMBRO,RS,Rio Grande do Sul,Sul,Noroeste Rio-grandense,Cruz Alta
4315404,431540,Redentora,REDENTORA,RS,Rio Grande do Sul,Sul,Noroeste Rio-grandense,Três Passos
4315453,431545,Relvado,RELVADO,RS,Rio Grande do Sul,Sul,Centro Oriental Rio-grandense,Lajeado-Estrela
4315503,431550,Restinga Sêca,RESTINGA SECA,RS,Rio Grande do Sul,Sul,Centro Ocidental Rio-grandense,Restinga Seca
4315552,431555,Rio dos Índios,RIO DOS INDIOS,RS,Rio Grande do Sul,Sul,Noroeste Rio-grandense,Frederico Westphalen
4315602,431560,Rio Grande,RIO GRANDE,RS,Rio Grande do Sul,Sul,Sudeste Rio-grandense,Litoral Lagunar
4315701,431570,Rio Pardo,RIO PARDO,RS,Rio Grande do Sul,Sul,Centro Oriental Rio-grandense,Cachoeira do Sul
4315750,431575,Riozinho,RIOZINHO,RS,Rio Grande do Sul,Sul,Metropolitana de Porto Alegre,Gramado-Canela
4315800,431580,Roca Sales,ROCA SALES,RS,Rio Grande do Sul,Sul,Centro Oriental Rio-grandense,Lajeado-Estrela
4315909,431590,Rodeio Bonito,RODEIO BONITO,RS,Rio Grande do Sul,Sul,Noroeste Rio-grandense,Frederico Westphalen
4315958,431595,Rolador,ROLADOR,RS,Rio Grande do Sul,Sul,Noroeste Rio-grandense,Santo Ângelo
4316006,431600,Rolante,ROLANTE,RS,Rio Grande do Sul,Sul,Metropolitana de Porto Alegre,Gramado-Canela
4316105,431610,Ronda Alta,RONDA ALTA,RS,Rio Grande do Sul,Sul,Noroeste Rio-grandense,Passo Fundo
4316204,431620,Rondinha,RONDINHA,RS,Rio Grande do Sul,Sul,Noroeste Rio-grandense,Frederico Westphalen
4316303,431630,Roque Gonzales,ROQUE GONZALES,RS,Rio Grande do Sul,Sul,Noroeste Rio-grandense,Cerro Largo
4316402,431640,Rosário do Sul,ROSARIO DO SUL,RS,Rio Grande do Sul,Sul,Sudoeste Rio-grandense,Campanha Central
4316428,431642,Sagrada Família,SAGRADA FAMILIA,RS,Rio Grande do Sul,Sul,Noroeste Rio-grandense,Carazinho
4316436,431643,Saldanha Marinho,SALDANHA MARINHO,RS,Rio Grande do Sul,Sul,Noroeste Rio-grandense,Cruz Alta
4316451,431645,Salto do Jacuí,SALTO DO JACUI,RS,Rio Grande do Sul,Sul,Noroeste Rio-grandense,Cruz Alta
4316477,431647,Salvador das Missões,SALVADOR DAS MISSOES,RS,Rio Grande do Sul,Sul,Noroeste Rio-grandense,Cerro Largo
4316501,431650,Salvador do Sul,SALVADOR DO SUL,RS,Rio Grande do Sul,Sul,Metropolitana de Porto Alegre,Montenegro
4316600,431660,Sananduva,SANANDUVA,RS,Rio Grande do Sul,Sul,Noroeste Rio-grandense,Sananduva
4316709,431670,Santa Bárbara do Sul,SANTA BARBARA DO SUL,RS,Rio Grande do Sul,Sul,Noroeste Rio-grandense,Cruz Alta
4316733,431673,Santa Cecília do Sul,SANTA CECILIA DO SUL,RS,Rio Grande do Sul,Sul,Noroeste Rio-grandense,Passo Fundo
4316758,431675,Santa Clara do Sul,SANTA CLARA DO SUL,RS,Rio Grande do Sul,Sul,Centro Oriental Rio-grandense,Lajeado-Estrela
4316808,431680,Santa Cruz do Sul,SANTA CRUZ DO SUL,RS,Rio Grande do Sul,Sul,Centro Oriental Rio-grandense,Santa Cruz do Sul
4316907,431690,Santa Maria,SANTA MARIA,RS,Rio Grande do Sul,Sul,Centro Ocidental Rio-grandense,Santa Maria
4316956,431695,Santa Maria do Herval,SANTA MARIA DO HERVAL,RS,Rio Grande do Sul,Sul,Metropolitana de Porto Alegre,Gramado-Canela
4316972,431697,Santa Margarida do Sul,SANTA MARGARIDA DO SUL,RS,Rio Grande do Sul,Sul,Sudoeste Rio-grandense,Campanha Central
4317004,431700,Santana da Boa Vista,SANTANA DA BOA VISTA,RS,Rio Grande do Sul,Sul,Sudeste Rio-grandense,Serras de Sudeste
4317103,431710,Sant'Ana do Livramento,SANT'ANA DO LIVRAMENTO,RS,Rio Grande do Sul,Sul,Sudoeste Rio-grandense,Campanha Central
4317202,431720,Santa Rosa,SANTA ROSA,RS,Rio Grande do Sul,Sul,Noroeste Rio-grandense,Santa Rosa
4317251,431725,Santa Tereza,SANTA TEREZA,RS,Rio Grande do Sul,Sul,Nordeste Rio-grandense,Caxias do Sul
4317301,431730,Santa Vitória do Palmar,SANTA VITORIA DO PALMAR,RS,Rio Grande do Sul,Sul,Sudeste Rio-grandense,Litoral Lagunar
4317400,431740,Santiago,SANTIAGO,RS,Rio Grande do Sul,Sul,Centro Ocidental Rio-grandense,Santiago
4317509,431750,Santo Ângelo,SANTO ANGELO,RS,Rio Grande do Sul,Sul,Noroeste Rio-grandense,Santo Ângelo
4317558,431755,Santo Antônio do Palma,SANTO ANTONIO DO PALMA,RS,Rio Grande do Sul,Sul,Noroeste Rio-grandense,Passo Fundo
4317608,431760,Santo Antônio da Patrulha,SANTO ANTONIO DA PATRULHA,RS,Rio Grande do Sul,Sul,Metropolitana de Porto Alegre,Osório
4317707,431770,Santo Antônio das Missões,SANTO ANTONIO DAS MISSOES,RS,Rio Grande do Sul,Sul,Noroeste Rio-grandense,Santo Ângelo
4317756,431775,Santo Antônio do Planalto,SANTO ANTONIO DO PLANALTO,RS,Rio Grande do Sul,Sul,Noroeste Rio-grandense,Carazinho
4317806,431780,Santo Augusto,SANTO AUGUSTO,RS,Rio Grande do Sul,Sul,Noroeste Rio-grandense,Ijuí
4317905,431790,Santo Cristo,SANTO CRISTO,RS,Rio Grande do Sul,Sul,Noroeste Rio-grandense,Santa Rosa
4317954,431795,Santo Expedito do Sul,SANTO EXPEDITO DO SUL,RS,Rio Grande do Sul,Sul,Noroeste Rio-grandense,Sananduva
4318002,431800,São Borja,SAO BORJA,RS,Rio Grande do Sul,Sul,Sudoeste Rio-grandense,Campanha Ocidental
4318051,431805,São Domingos do Sul,SAO DOMINGOS DO SUL,RS,Rio Grande do Sul,Sul,Noroeste Rio-grandense,Passo Fundo
4318101,431810,São Francisco de Assis,SAO FRANCISCO DE ASSIS,RS,Rio Grande do Sul,Sul,Sudoeste Rio-grandense,Campanha Ocidental
4318200,431820,São Francisco de Paula,SAO FRANCISCO DE PAULA,RS,Rio Grande do Sul,Sul,Nordeste Rio-grandense,Vacaria
4318309,431830,São Gabriel,SAO GABRIEL,RS,Rio Grande do Sul,Sul,Sudoeste Rio-grandense,Campanha Central
4318408,431840,São Jerônimo,SAO JERONIMO,RS,Rio Grande do Sul,Sul,Metropolitana de Porto Alegre,São Jerônimo
4318424,431842,São João da Urtiga,SAO JOAO DA URTIGA,RS,Rio Grande do Sul,Sul,Noroeste Rio-grandense,Sananduva
4318432,431843,São João do Polêsine,SAO JOAO DO POLESINE,RS,Rio Grande do Sul,Sul,Centro Ocidental Rio-grandense,Restinga Seca
4318440,431844,São Jorge,SAO JORGE,RS,Rio Grande do Sul,Sul,Nordeste Rio-grandense,Guaporé
4318457,431845,São José das Missões,SAO JOSE DAS MISSOES,RS,Rio Grande do Sul,Sul,Noroeste Rio-grandense,Carazinho
4318465,431846,São José do Herval,SAO JOSE DO HERVAL,RS,Rio Grande do Sul,Sul,Noroeste Rio-grandense,Soledade
4318481,431848,São José do Hortêncio,SAO JOSE DO HORTENCIO,RS,Rio Grande do Sul,Sul,Metropolitana de Porto Alegre,Montenegro
4318499,431849,São José do Inhacorá,SAO JOSE DO INHACORA,RS,Rio Grande do Sul,Sul,Noroeste Rio-grandense,Santa Rosa
4318507,431850,São José do Norte,SAO JOSE DO NORTE,RS,Rio Grande do Sul,Sul,Sudeste Rio-grandense,Litoral Lagunar
4318606,431860,São José do Ouro,SAO JOSE DO OURO,RS,Rio Grande do Sul,Sul,Noroeste Rio-grandense,Sananduva
4318614,431861,São José do Sul,SAO JOSE DO SUL,RS,Rio Grande do Sul,Sul,Metropolitana de Porto Alegre,Montenegro
4318622,431862,São José dos Ausentes,SAO JOSE DOS AUSENTES,RS,Rio Grande do Sul,Sul,Nordeste Rio-grandense,Vacaria
4318705,431870,São Leopoldo,SAO LEOPOLDO,RS,Rio Grande do Sul,Sul,Metropolitana de Porto Alegre,Porto Alegre
4318804,431880,São Lourenço do Sul,SAO LOURENCO DO SUL,RS,Rio Grande do Sul,Sul,Sudeste Rio-grandense,Pelotas
4318903,431890,São Luiz Gonzaga,SAO LUIZ GONZAGA,RS,Rio Grande do Sul,Sul,Noroeste Rio-grandense,Santo Ângelo
4319000,431900,São Marcos,SAO MARCOS,RS,Rio Grande do Sul,Sul,Nordeste Rio-grandense,Caxias do Sul
4319109,431910,São Martinho,SAO MARTINHO,RS,Rio Grande do Sul,Sul,Noroeste Rio-grandense,Três Passos
4319125,431912,São Martinho da Serra,SAO MARTINHO DA SERRA,RS,Rio Grande do Sul,Sul,Centro Ocidental Rio-grandense,Santa Maria
4319158,431915,São Miguel das Missões,SAO MIGUEL DAS MISSOES,RS,Rio Grande do Sul,Sul,Noroeste Rio-grandense,Santo Ângelo
4319208,431920,São Nicolau,SAO NICOLAU,RS,Rio Grande do Sul,Sul,Noroeste Rio-grandense,Santo Ângelo
4319307,431930,São Paulo das Missões,SAO PAULO DAS MISSOES,RS,Rio Grande do Sul,Sul,Noroeste Rio-grandense,Cerro Largo
4319356,431935,São Pedro da Serra,SAO PEDRO DA SERRA,RS,Rio Grande do Sul,Sul,Metropolitana de Porto Alegre,Montenegro
4319364,431936,São Pedro das Missões,SAO PEDRO DAS MISSOES,RS,Rio Grande do Sul,Sul,Noroeste Rio-grandense,Carazinho
4319372,431937,São Pedro do Butiá,SAO PEDRO DO BUTIA,RS,Rio Grande do Sul,Sul,Noroeste Rio-grandense,Cerro Largo
4319406,431940,São Pedro do Sul,SAO PEDRO DO SUL,RS,Rio Grande do Sul,Sul,Centro Ocidental Rio-grandense,Santa Maria
4319505,431950,São Sebastião do Caí,SAO SEBASTIAO DO CAI,RS,Rio Grande do Sul,Sul,Metropolitana de Porto Alegre,Montenegro
4319604,431960,São Sepé,SAO SEPE,RS,Rio Grande do Sul,Sul,Centro Ocidental Rio-grandense,Santa Maria
4319703,431970,São Valentim,SAO VALENTIM,RS,Rio Grande do Sul,Sul,Noroeste Rio-grandense,Erechim
4319711,431971,São Valentim do Sul,SAO VALENTIM DO SUL,RS,Rio Grande do Sul,Sul,Nordeste Rio-grandense,Guaporé
4319737,431973,São Valério do Sul,SAO VALERIO DO SUL,RS,Rio Grande do Sul,Sul,Noroeste Rio-grandense,Ijuí
4319752,431975,São Vendelino,SAO VENDELINO,RS,Rio Grande do Sul,Sul,Metropolitana de Porto Alegre,Montenegro
4319802,431980,São Vicente do Sul,SAO VICENTE DO SUL,RS,Rio Grande do Sul,Sul,Centro Ocidental Rio-grandense,Santa Maria
4319901,431990,Sapiranga,SAPIRANGA,RS,Rio Grande do Sul,Sul,Metropolitana de Porto Alegre,Porto Alegre
4320008,432000,Sapucaia do Sul,SAPUCAIA DO SUL,RS,Rio Grande do Sul,Sul,Metropolitana de Porto Alegre,Porto Alegre
4320107,432010,Sarandi,SARANDI,RS,Rio Grande do Sul,Sul,Noroeste Rio-grandense,Carazinho
4320206,432020,Seberi,SEBERI,RS,Rio Grande do Sul,Sul,Noroeste Rio-grandense,Frederico Westphalen
4320230,432023,Sede Nova,SEDE NOVA,RS,Rio Grande do Sul,Sul,Noroeste Rio-grandense,Três Passos
4320263,432026,Segredo,SEGREDO,RS,Rio Grande do Sul,Sul,Centro Oriental Rio-grandense,Santa Cruz do Sul
4320305,432030,Selbach,SELBACH,RS,Rio Grande do Sul,Sul,Noroeste Rio-grandense,Não-Me-Toque
4320321,432032,Senador Salgado Filho,SENADOR SALGADO FILHO,RS,Rio Grande do Sul,Sul,Noroeste Rio-grandense,Santo Ângelo
4320354,432035,Sentinela do Sul,SENTINELA DO SUL,RS,Rio Grande do Sul,Sul,Metropolitana de Porto Alegre,Camaquã
4320404,432040,Serafina Corrêa,SERAFINA CORREA,RS,Rio Grande do Sul,Sul,Nordeste Rio-grandense,Guaporé
4320453,432045,Sério,SERIO,RS,Rio Grande do Sul,Sul,Centro Oriental Rio-grandense,Lajeado-Estrela
4320503,432050,Sertão,SERTAO,RS,Rio Grande do Sul,Sul,Noroeste Rio-grandense,Passo Fundo
4320552,432055,Sertão Santana,SERTAO SANTANA,RS,Rio Grande do Sul,Sul,Metropolitana de Porto Alegre,Porto Alegre
4320578,432057,Sete de Setembro,SETE DE SETEMBRO,RS,Rio Grande do Sul,Sul,Noroeste Rio-grandense,Cerro Largo
4320602,432060,Severiano de Almeida,SEVERIANO DE ALMEIDA,RS,Rio Grande do Sul,Sul,Noroeste Rio-grandense,Erechim
4320651,432065,Silveira Martins,SILVEIRA MARTINS,RS,Rio Grande do Sul,Sul,Centro Ocidental Rio-grandense,Restinga Seca
4320677,432067,Sinimbu,SINIMBU,RS,Rio Grande do Sul,Sul,Centro Oriental Rio-grandense,Santa Cruz do Sul
4320701,432070,Sobradinho,SOBRADINHO,RS,Rio Grande do Sul,Sul,Centro Oriental Rio-grandense,Santa Cruz do Sul
4320800,432080,Soledade,SOLEDADE,RS,Rio Grande do Sul,Sul,Noroeste Rio-grandense,Soledade
4320859,432085,Tabaí,TABAI,RS,Rio Grande do Sul,Sul,Centro Oriental Rio-grandense,Lajeado-Estrela
4320909,432090,Tapejara,TAPEJARA,RS,Rio Grande do Sul,Sul,Noroeste Rio-grandense,Passo Fundo
4321006,432100,Tapera,TAPERA,RS,Rio Grande do Sul,Sul,Noroeste Rio-grandense,Não-Me-Toque
4321105,432110,Tapes,TAPES,RS,Rio Grande do Sul,Sul,Metropolitana de Porto Alegre,Camaquã
4321204,432120,Taquara,TAQUARA,RS,Rio Grande do Sul,Sul,Metropolitana de Porto Alegre,Gramado-Canela
4321303,432130,Taquari,TAQUARI,RS,Rio Grande do Sul,Sul,Centro Oriental Rio-grandense,Lajeado-Estrela
4321329,432132,Taquaruçu do Sul,TAQUARUCU DO SUL,RS,Rio Grande do Sul,Sul,Noroeste Rio-grandense,Frederico Westphalen
4321352,432135,Tavares,TAVARES,RS,Rio Grande do Sul,Sul,Metropolitana de Porto Alegre,Osório
4321402,432140,Tenente Portela,TENENTE PORTELA,RS,Rio Grande do Sul,Sul,Noroeste Rio-grandense,Três Passos
4321436,432143,Terra de Areia,TERRA DE AREIA,RS,Rio Grande do Sul,Sul,Metropolitana de Porto Alegre,Osório
4321451,432145,Teutônia,TEUTONIA,RS,Rio Grande do Sul,Sul,Centro Oriental Rio-grandense,Lajeado-Estrela
4321469,432146,Tio Hugo,TIO HUGO,RS,Rio Grande do Sul,Sul,Noroeste Rio-grandense,Não-Me-Toque
4321477,432147,Tiradentes do Sul,TIRADENTES DO SUL,RS,Rio Grande do Sul,Sul,Noroeste Rio-grandense,Três Passos
4321493,432149,Toropi,TOROPI,RS,Rio Grande do Sul,Sul,Centro Ocidental Rio-grandense,Santa Maria
4321501,432150,Torres,TORRES,RS,Rio Grande do Sul,Sul,Metropolitana de Porto Alegre,Osório
4321600,432160,Tramandaí,TRAMANDAI,RS,Rio Grande do Sul,Sul,Metropolitana de Porto Alegre,Osório
4321626,432162,Travesseiro,TRAVESSEIRO,RS,Rio Grande do Sul,Sul,Centro Oriental Rio-grandense,Lajeado-Estrela
4321634,432163,Três Arroios,TRES ARROIOS,RS,Rio Grande do Sul,Sul,Noroeste Rio-grandense,Erechim
4321667,432166,Três Cachoeiras,TRES CACHOEIRAS,RS,Rio Grande do Sul,Sul,Metropolitana de Porto Alegre,Osório
4321709,432170,Três Coroas,TRES COROAS,RS,Rio Grande do Sul,Sul,Metropolitana de Porto Alegre,Gramado-Canela
4321808,432180,Três de Maio,TRES DE MAIO,RS,Rio Grande do Sul,Sul,Noroeste Rio-grandense,Santa Rosa
4321832,432183,Três Forquilhas,TRES FORQUILHAS,RS,Rio Grande do Sul,Sul,Metropolitana de Porto Alegre,Osório
4321857,432185,Três Palmeiras,TRES PALMEIRAS,RS,Rio Grande do Sul,Sul,Noroeste Rio-grandense,Frederico Westphalen
4321907,432190,Três Passos,TRES PASSOS,RS,Rio Grande do Sul,Sul,Noroeste Rio-grandense,Três Passos
4321956,432195,Trindade do Sul,TRINDADE DO SUL,RS,Rio Grande do Sul,Sul,Noroeste Rio-grandense,Frederico Westphalen
4322004,432200,Triunfo,TRIUNFO,RS,Rio Grande do Sul,Sul,Metropolitana de Porto Alegre,São Jerônimo
4322103,432210,Tucunduva,TUCUNDUVA,RS,Rio Grande do Sul,Sul,Noroeste Rio-grandense,Santa Rosa
4322152,432215,Tunas,TUNAS,RS,Rio Grande do Sul,Sul,Noroeste Rio-grandense,Soledade
4322186,432218,Tupanci do Sul,TUPANCI DO SUL,RS,Rio Grande do Sul,Sul,Noroeste Rio-grandense,Sananduva
4322202,432220,Tupanciretã,TUPANCIRETA,RS,Rio Grande do Sul,Sul,Centro Ocidental Rio-grandense,Santiago
4322251,432225,Tupandi,TUPANDI,RS,Rio Grande do Sul,Sul,Metropolitana de Porto Alegre,Montenegro
4322301,432230,Tuparendi,TUPARENDI,RS,Rio Grande do Sul,Sul,Noroeste Rio-grandense,Santa Rosa
4322327,432232,Turuçu,TURUCU,RS,Rio Grande do Sul,Sul,Sudeste Rio-grandense,Pelotas
4322343,432234,Ubiretama,UBIRETAMA,RS,Rio Grande do Sul,Sul,Noroeste Rio-grandense,Santo Ângelo
4322350,432235,União da Serra,UNIAO DA SERRA,RS,Rio Grande do Sul,Sul,Nordeste Rio-grandense,Guaporé
4322376,432237,Unistalda,UNISTALDA,RS,Rio Grande do Sul,Sul,Centro Ocidental Rio-grandense,Santiago
4322400,432240,Uruguaiana,URUGUAIANA,RS,Rio Grande do Sul,Sul,Sudoeste Rio-grandense,Campanha Ocidental
4322509,432250,Vacaria,VACARIA,RS,Rio Grande do Sul,Sul,Nordeste Rio-grandense,Vacaria
4322525,432252,Vale Verde,VALE VERDE,RS,Rio Grande do Sul,Sul,Metropolitana de Porto Alegre,São Jerônimo
4322533,432253,Vale do Sol,VALE DO SOL,RS,Rio Grande do Sul,Sul,Centro Oriental Rio-grandense,Santa Cruz do Sul
4322541,432254,Vale Real,VALE REAL,RS,Rio Grande do Sul,Sul,Metropolitana de Porto Alegre,Montenegro
4322558,432255,Vanini,VANINI,RS,Rio Grande do Sul,Sul,Noroeste Rio-grandense,Passo Fundo
4322608,432260,Venâncio Aires,VENANCIO AIRES,RS,Rio Grande do Sul,Sul,Centro Oriental Rio-grandense,Santa Cruz do Sul
4322707,432270,Vera Cruz,VERA CRUZ,RS,Rio Grande do Sul,Sul,Centro Oriental Rio-grandense,Santa Cruz do Sul
4322806,432280,Veranópolis,VERANOPOLIS,RS,Rio Grande do Sul,Sul,Nordeste Rio-grandense,Caxias do Sul
4322855,432285,Vespasiano Corrêa,VESPASIANO CORREA,RS,Rio Grande do Sul,Sul,Centro Oriental Rio-grandense,Lajeado-Estrela
4322905,432290,Viadutos,VIADUTOS,RS,Rio Grande do Sul,Sul,Noroeste Rio-grandense,Erechim
4323002,432300,Viamão,VIAMAO,RS,Rio Grande do Sul,Sul,Metropolitana de Porto Alegre,Porto Alegre
4323101,432310,Vicente Dutra,VICENTE DUTRA,RS,Rio Grande do Sul,Sul,Noroeste Rio-grandense,Frederico Westphalen
4323200,432320,Victor Graeff,VICTOR GRAEFF,RS,Rio Grande do Sul,Sul,Noroeste Rio-grandense,Não-Me-Toque
4323309,432330,Vila Flores,VILA FLORES,RS,Rio Grande do Sul,Sul,Nordeste Rio-grandense,Caxias do Sul
4323358,432335,Vila Lângaro,VILA LANGARO,RS,Rio Grande do Sul,Sul,Noroeste Rio-grandense,Passo Fundo
4323408,432340,Vila Maria,VILA MARIA,RS,Rio Grande do Sul,Sul,Noroeste Rio-grandense,Passo Fundo
4323457,432345,Vila Nova do Sul,VILA NOVA DO SUL,RS,Rio Grande do Sul,Sul,Centro Ocidental Rio-grandense,Santa Maria
4323507,432350,Vista Alegre,VISTA ALEGRE,RS,Rio Grande do Sul,Sul,Noroeste Rio-grandense,Frederico Westphalen
4323606,432360,Vista Alegre do Prata,VISTA ALEGRE DO PRATA,RS,Rio Grande do Sul,Sul,Nordeste Rio-grandense,Guaporé
4323705,432370,Vista Gaúcha,VISTA GAUCHA,RS,Rio Grande do Sul,Sul,Noroeste Rio-grandense,Três Passos
4323754,432375,Vitória das Missões,VITORIA DAS MISSOES,RS,Rio Grande do Sul,Sul,Noroeste Rio-grandense,Santo Ângelo
4323770,432377,Westfália,WESTFALIA,RS,Rio Grande do Sul,Sul,Centro Oriental Rio-grandense,Lajeado-Estrela
4323804,432380,Xangri-lá,XANGRI-LA,RS,Rio Grande do Sul,Sul,Metropolitana de Porto Alegre,Osório
5000203,500020,Água Clara,AGUA CLARA,MS,Mato Grosso do Sul,Centro-Oeste,Leste de Mato Grosso do Sul,Três Lagoas
5000252,500025,Alcinópolis,ALCINOPOLIS,MS,Mato Grosso do Sul,Centro-Oeste,Centro Norte de Mato Grosso do Sul,Alto Taquari
5000609,500060,Amambai,AMAMBAI,MS,Mato Grosso do Sul,Centro-Oeste,Sudoeste de Mato Grosso do Sul,Dourados
5000708,500070,Anastácio,ANASTACIO,MS,Mato Grosso do Sul,Centro-Oeste,Pantanais Sul Mato-grossense,Aquidauana
5000807,500080,Anaurilândia,ANAURILANDIA,MS,Mato Grosso do Sul,Centro-Oeste,Leste de Mato Grosso do Sul,Nova Andradina
5000856,500085,Angélica,ANGELICA,MS,Mato Grosso do Sul,Centro-Oeste,Sudoeste de Mato Grosso do Sul,Iguatemi
5000906,500090,Antônio João,ANTONIO JOAO,MS,Mato Grosso do Sul,Centro-Oeste,Sudoeste de Mato Grosso do Sul,Dourados
5001003,500100,Aparecida do Taboado,APARECIDA DO TABOADO,MS,Mato Grosso do Sul,Centro-Oeste,Leste de Mato Grosso do Sul,Paranaíba
5001102,500110,Aquidauana,AQUIDAUANA,MS,Mato Grosso do Sul,Centro-Oeste,Pantanais Sul Mato-grossense,Aquidauana
5001243,500124,Aral Moreira,ARAL MOREIRA,MS,Mato Grosso do Sul,Centro-Oeste,Sudoeste de Mato Grosso do Sul,Dourados
5001508,500150,Bandeirantes,BANDEIRANTES,MS,Mato Grosso do Sul,Centro-Oeste,Centro Norte de Mato Grosso do Sul,Campo Grande
5001904,500190,Bataguassu,BATAGUASSU,MS,Mato Grosso do Sul,Centro-Oeste,Leste de Mato Grosso do Sul,Nova Andradina
5002001,500200,Batayporã,BATAYPORA,MS,Mato Grosso do Sul,Centro-Oeste,Leste de Mato Grosso do Sul,Nova Andradina
5002100,500210,Bela Vista,BELA VISTA,MS,Mato Grosso do Sul,Centro-Oeste,Sudoeste de Mato Grosso do Sul,Bodoquena
5002159,500215,Bodoquena,BODOQUENA,MS,Mato Grosso do Sul,Centro-Oeste,Sudoeste de Mato Grosso do Sul,Bodoquena
5002209,500220,Bonito,BONITO,MS,Mato Grosso do Sul,Centro-Oeste,Sudoeste de Mato Grosso do Sul,Bodoquena
5002308,500230,Brasilândia,BRASILANDIA,MS,Mato Grosso do Sul,Centro-Oeste,Leste de Mato Grosso do Sul,Três Lagoas
5002407,500240,Caarapó,CAARAPO,MS,Mato Grosso do Sul,Centro-Oeste,Sudoeste de Mato Grosso do Sul,Dourados
5002605,500260,Camapuã,CAMAPUA,MS,Mato Grosso do Sul,Centro-Oeste,Centro Norte de Mato Grosso do Sul,Alto Taquari
5002704,500270,Campo Grande,CAMPO GRANDE,MS,Mato Grosso do Sul,Centro-Oeste,Centro Norte de Mato Grosso do Sul,Campo Grande
5002803,500280,Caracol,CARACOL,MS,Mato Grosso do Sul,Centro-Oeste,Sudoeste de Mato Grosso do Sul,Bodoquena
5002902,500290,Cassilândia,CASSILANDIA,MS,Mato Grosso do Sul,Centro-Oeste,Leste de Mato Grosso do Sul,Cassilândia
5002951,500295,Chapadão do Sul,CHAPADAO DO SUL,MS,Mato Grosso do Sul,Centro-Oeste,Leste de Mato Grosso do Sul,Cassilândia
5003108,500310,Corguinho,CORGUINHO,MS,Mato Grosso do Sul,Centro-Oeste,Centro Norte de Mato Grosso do Sul,Campo Grande
5003157,500315,Coronel Sapucaia,CORONEL SAPUCAIA,MS,Mato Grosso do Sul,Centro-Oeste,Sudoeste de Mato Grosso do Sul,Iguatemi
5003207,500320,Corumbá,CORUMBA,MS,Mato Grosso do Sul,Centro-Oeste,Pantanais Sul Mato-grossense,Baixo Pantanal
5003256,500325,Costa Rica,COSTA RICA,MS,Mato Grosso do Sul,Centro-Oeste,Leste de Mato Grosso do Sul,Cassilândia
5003306,500330,Coxim,COXIM,MS,Mato Grosso do Sul,Centro-Oeste,Centro Norte de Mato Grosso do Sul,Alto Taquari
5003454,500345,Deodápolis,DEODAPOLIS,MS,Mato Grosso do Sul,Centro-Oeste,Sudoeste de Mato Grosso do Sul,Iguatemi
5003488,500348,Dois Irmãos do Buriti,DOIS IRMAOS DO BURITI,MS,Mato Grosso do Sul,Centro-Oeste,Pantanais Sul Mato-grossense,Aquidauana
5003504,500350,Douradina,DOURADINA,MS,Mato Grosso do Sul,Centro-Oeste,Sudoeste de Mato Grosso do Sul,Dourados
5003702,500370,Dourados,DOURADOS,MS,Mato Grosso do Sul,Centro-Oeste,Sudoeste de Mato Grosso do Sul,Dourados
5003751,500375,Eldorado,ELDORADO,MS,Mato Grosso do Sul,Centro-Oeste,Sudoeste de Mato Grosso do Sul,Iguatemi
5003801,500380,Fátima do Sul,FATIMA DO SUL,MS,Mato Grosso do Sul,Centro-Oeste,Sudoeste de Mato Grosso do Sul,Dourados
5003900,500390,Figueirão,FIGUEIRAO,MS,Mato Grosso do Sul,Centro-Oeste,Centro Norte de Mato Grosso do Sul,Alto Taquari
5004007,500400,Glória de Dourados,GLORIA DE DOURADOS,MS,Mato Grosso do Sul,Centro-Oeste,Sudoeste de Mato Grosso do Sul,Iguatemi
5004106,500410,Guia Lopes da Laguna,GUIA LOPES DA LAGUNA,MS,Mato Grosso do Sul,Centro-Oeste,Sudoeste de Mato Grosso do Sul,Bodoquena
5004304,500430,Iguatemi,IGUATEMI,MS,Mato Grosso do Sul,Centro-Oeste,Sudoeste de Mato Grosso do Sul,Iguatemi
5004403,500440,Inocência,INOCENCIA,MS,Mato Grosso do Sul,Centro-Oeste,Leste de Mato Grosso do Sul,Paranaíba
5004502,500450,Itaporã,ITAPORA,MS,Mato Grosso do Sul,Centro-Oeste,Sudoeste de Mato Grosso do Sul,Dourados
5004601,500460,Itaquiraí,ITAQUIRAI,MS,Mato Grosso do Sul,Centro-Oeste,Sudoeste de Mato Grosso do Sul,Iguatemi
5004700,500470,Ivinhema,IVINHEMA,MS,Mato Grosso do Sul,Centro-Oeste,Sudoeste de Mato Grosso do Sul,Iguatemi
5004809,500480,Japorã,JAPORA,MS,Mato Grosso do Sul,Centro-Oeste,Sudoeste de Mato Grosso do Sul,Iguatemi
5004908,500490,Jaraguari,JARAGUARI,MS,Mato Grosso do Sul,Centro-Oeste,Centro Norte de Mato Grosso do Sul,Campo Grande
5005004,500500,Jardim,JARDIM,MS,Mato Grosso do Sul,Centro-Oeste,Sudoeste de Mato Grosso do Sul,Bodoquena
5005103,500510,Jateí,JATEI,MS,Mato Grosso do Sul,Centro-Oeste,Sudoeste de Mato Grosso do Sul,Iguatemi
5005152,500515,Juti,JUTI,MS,Mato Grosso do Sul,Centro-Oeste,Sudoeste de Mato Grosso do Sul,Dourados
5005202,500520,Ladário,LADARIO,MS,Mato Grosso do Sul,Centro-Oeste,Pantanais Sul Mato-grossense,Baixo Pantanal
5005251,500525,Laguna Carapã,LAGUNA CARAPA,MS,Mato Grosso do Sul,Centro-Oeste,Sudoeste de Mato Grosso do Sul,Dourados
5005400,500540,Maracaju,MARACAJU,MS,Mato Grosso do Sul,Centro-Oeste,Sudoeste de Mato Grosso do Sul,Dourados
5005608,500560,Miranda,MIRANDA,MS,Mato Grosso do Sul,Centro-Oeste,Pantanais Sul Mato-grossense,Aquidauana
5005681,500568,Mundo Novo,MUNDO NOVO,MS,Mato Grosso do Sul,Centro-Oeste,Sudoeste de Mato Grosso do Sul,Iguatemi
5005707,500570,Naviraí,NAVIRAI,MS,Mato Grosso do Sul,Centro-Oeste,Sudoeste de Mato Grosso do Sul,Iguatemi
5005806,500580,Nioaque,NIOAQUE,MS,Mato Grosso do Sul,Centro-Oeste,Sudoeste de Mato Grosso do Sul,Bodoquena
5006002,500600,Nova Alvorada do Sul,NOVA ALVORADA DO SUL,MS,Mato Grosso do Sul,Centro-Oeste,Sudoeste de Mato Grosso do Sul,Dourados
5006200,500620,Nova Andradina,NOVA ANDRADINA,MS,Mato Grosso do Sul,Centro-Oeste,Leste de Mato Grosso do Sul,Nova Andradina
5006259,500625,Novo Horizonte do Sul,NOVO HORIZONTE DO SUL,MS,Mato Grosso do Sul,Centro-Oeste,Sudoeste de Mato Grosso do Sul,Iguatemi
5006275,500627,Paraíso das Águas,PARAISO DAS AGUAS,MS,Mato Grosso do Sul,Centro-Oeste,Leste de Mato Grosso do Sul,Cassilândia
5006309,500630,Paranaíba,PARANAIBA,MS,Mato Grosso do Sul,Centro-Oeste,Leste de Mato Grosso do Sul,Paranaíba
5006358,500635,Paranhos,PARANHOS,MS,Mato Grosso do Sul,Centro-Oeste,Sudoeste de Mato Grosso do Sul,Iguatemi
5006408,500640,Pedro Gomes,PEDRO GOMES,MS,Mato Grosso do Sul,Centro-Oeste,Centro Norte de Mato Grosso do Sul,Alto Taquari
5006606,500660,Ponta Porã,PONTA PORA,MS,Mato Grosso do Sul,Centro-Oeste,Sudoeste de Mato Grosso do Sul,Dourados
5006903,500690,Porto Murtinho,PORTO MURTINHO,MS,Mato Grosso do Sul,Centro-Oeste,Pantanais Sul Mato-grossense,Baixo Pantanal
5007109,500710,Ribas do Rio Pardo,RIBAS DO RIO PARDO,MS,Mato Grosso do Sul,Centro-Oeste,Leste de Mato Grosso do Sul,Três Lagoas
5007208,500720,Rio Brilhante,RIO BRILHANTE,MS,Mato Grosso do Sul,Centro-Oeste,Sudoeste de Mato Grosso do Sul,Dourados
5007307,500730,Rio Negro,RIO NEGRO,MS,Mato Grosso do Sul,Centro-Oeste,Centro Norte de Mato Grosso do Sul,Campo Grande
5007406,500740,Rio Verde de Mato Grosso,RIO VERDE DE MATO GROSSO,MS,Mato Grosso do Sul,Centro-Oeste,Centro Norte de Mato Grosso do Sul,Alto Taquari
5007505,500750,Rochedo,ROCHEDO,MS,Mato Grosso do Sul,Centro-Oeste,Centro Norte de Mato Grosso do Sul,Campo Grande
5007554,500755,Santa Rita do Pardo,SANTA RITA DO PARDO,MS,Mato Grosso do Sul,Centro-Oeste,Leste de Mato Grosso do Sul,Três Lagoas
5007695,500769,São Gabriel do Oeste,SAO GABRIEL DO OESTE,MS,Mato Grosso do Sul,Centro-Oeste,Centro Norte de Mato Grosso do Sul,Alto Taquari
5007703,500770,Sete Quedas,SETE QUEDAS,MS,Mato Grosso do Sul,Centro-Oeste,Sudoeste de Mato Grosso do Sul,Iguatemi
5007802,500780,Selvíria,SELVIRIA,MS,Mato Grosso do Sul,Centro-Oeste,Leste de Mato Grosso do Sul,Paranaíba
5007901,500790,Sidrolândia,SIDROLANDIA,MS,Mato Grosso do Sul,Centro-Oeste,Centro Norte de Mato Grosso do Sul,Campo Grande
5007935,500793,Sonora,SONORA,MS,Mato Grosso do Sul,Centro-Oeste,Centro Norte de Mato Grosso do Sul,Alto Taquari
5007950,500795,Tacuru,TACURU,MS,Mato Grosso do Sul,Centro-Oeste,Sudoeste de Mato Grosso do Sul,Iguatemi
5007976,500797,Taquarussu,TAQUARUSSU,MS,Mato Grosso do Sul,Centro-Oeste,Leste de Mato Grosso do Sul,Nova Andradina
5008008,500800,Terenos,TERENOS,MS,Mato Grosso do Sul,Centro-Oeste,Centro Norte de Mato Grosso do Sul,Campo Grande
5008305,500830,Três Lagoas,TRES LAGOAS,MS,Mato Grosso do Sul,Centro-Oeste,Leste de Mato Grosso do Sul,Três Lagoas
5008404,500840,Vicentina,VICENTINA,MS,Mato Grosso do Sul,Centro-Oeste,Sudoeste de Mato Grosso do Sul,Dourados
5100102,510010,Acorizal,ACORIZAL,MT,Mato Grosso,Centro-Oeste,Centro-Sul Mato-grossense,Rosário Oeste
5100201,510020,Água Boa,AGUA BOA,MT,Mato Grosso,Centro-Oeste,Nordeste Mato-grossense,Canarana
5100250,510025,Alta Floresta,ALTA FLORESTA,MT,Mato Grosso,Centro-Oeste,Norte Mato-grossense,Alta Floresta
5100300,510030,Alto Araguaia,ALTO ARAGUAIA,MT,Mato Grosso,Centro-Oeste,Sudeste Mato-grossense,Alto Araguaia
5100359,510035,Alto Boa Vista,ALTO BOA VISTA,MT,Mato Grosso,Centro-Oeste,Nordeste Mato-grossense,Norte Araguaia
5100409,510040,Alto Garças,ALTO GARCAS,MT,Mato Grosso,Centro-Oeste,Sudeste Mato-grossense,Alto Araguaia
5100508,510050,Alto Paraguai,ALTO PARAGUAI,MT,Mato Grosso,Centro-Oeste,Centro-Sul Mato-grossense,Alto Paraguai
5100607,510060,Alto Taquari,ALTO TAQUARI,MT,Mato Grosso,Centro-Oeste,Sudeste Mato-grossense,Alto Araguaia
5100805,510080,Apiacás,APIACAS,MT,Mato Grosso,Centro-Oeste,Norte Mato-grossense,Alta Floresta
5101001,510100,Araguaiana,ARAGUAIANA,MT,Mato Grosso,Centro-Oeste,Nordeste Mato-grossense,Médio Araguaia
5101209,510120,Araguainha,ARAGUAINHA,MT,Mato Grosso,Centro-Oeste,Sudeste Mato-grossense,Tesouro
5101258,510125,Araputanga,ARAPUTANGA,MT,Mato Grosso,Centro-Oeste,Sudoeste Mato-grossense,Jauru
5101308,510130,Arenápolis,ARENAPOLIS,MT,Mato Grosso,Centro-Oeste,Centro-Sul Mato-grossense,Alto Paraguai
5101407,510140,Aripuanã,ARIPUANA,MT,Mato Grosso,Centro-Oeste,Norte Mato-grossense,Aripuanã
5101605,510160,Barão de Melgaço,BARAO DE MELGACO,MT,Mato Grosso,Centro-Oeste,Centro-Sul Mato-grossense,Alto Pantanal
5101704,510170,Barra do Bugres,BARRA DO BUGRES,MT,Mato Grosso,Centro-Oeste,Sudoeste Mato-grossense,Tangará da Serra
5101803,510180,Barra do Garças,BARRA DO GARCAS,MT,Mato Grosso,Centro-Oeste,Nordeste Mato-grossense,Médio Araguaia
5101837,510183,Boa Esperança do Norte,BOA ESPERANCA DO NORTE,MT,Mato Grosso,Centro-Oeste,,
5101852,510185,Bom Jesus do Araguaia,BOM JESUS DO ARAGUAIA,MT,Mato Grosso,Centro-Oeste,Nordeste Mato-grossense,Norte Araguaia
5101902,510190,Brasnorte,BRASNORTE,MT,Mato Grosso,Centro-Oeste,Norte Mato-grossense,Aripuanã
5102504,510250,Cáceres,CACERES,MT,Mato Grosso,Centro-Oeste,Centro-Sul Mato-grossense,Alto Pantanal
5102603,510260,Campinápolis,CAMPINAPOLIS,MT,Mato Grosso,Centro-Oeste,Nordeste Mato-grossense,Canarana
5102637,510263,Campo Novo do Parecis,CAMPO NOVO DO PARECIS,MT,Mato Grosso,Centro-Oeste,Norte Mato-grossense,Parecis
5102678,510267,Campo Verde,CAMPO VERDE,MT,Mato Grosso,Centro-Oeste,Sudeste Mato-grossense,Primavera do Leste
5102686,510268,Campos de Júlio,CAMPOS DE JULIO,MT,Mato Grosso,Centro-Oeste,Norte Mato-grossense,Parecis
5102694,510269,Canabrava do Norte,CANABRAVA DO NORTE,MT,Mato Grosso,Centro-Oeste,Nordeste Mato-grossense,Norte Araguaia
5102702,510270,Canarana,CANARANA,MT,Mato Grosso,Centro-Oeste,Nordeste Mato-grossense,Canarana
5102793,510279,Carlinda,CARLINDA,MT,Mato Grosso,Centro-Oeste,Norte Mato-grossense,Alta Floresta
5102850,510285,Castanheira,CASTANHEIRA,MT,Mato Grosso,Centro-Oeste,Norte Mato-grossense,Aripuanã
5103007,510300,Chapada dos Guimarães,CHAPADA DOS GUIMARAES,MT,Mato Grosso,Centro-Oeste,Centro-Sul Mato-grossense,Cuiabá
5103056,510305,Cláudia,CLAUDIA,MT,Mato Grosso,Centro-Oeste,Norte Mato-grossense,Sinop
5103106,510310,Cocalinho,COCALINHO,MT,Mato Grosso,Centro-Oeste,Nordeste Mato-grossense,Médio Araguaia
5103205,510320,Colíder,COLIDER,MT,Mato Grosso,Centro-Oeste,Norte Mato-grossense,Colíder
5103254,510325,Colniza,COLNIZA,MT,Mato Grosso,Centro-Oeste,Norte Mato-grossense,Aripuanã
5103304,510330,Comodoro,COMODORO,MT,Mato Grosso,Centro-Oeste,Norte Mato-grossense,Parecis
5103353,510335,Confresa,CONFRESA,MT,Mato Grosso,Centro-Oeste,Nordeste Mato-grossense,Norte Araguaia
5103361,510336,Conquista D'Oeste,CONQUISTA D'OESTE,MT,Mato Grosso,Centro-Oeste,Sudoeste Mato-grossense,Alto Guaporé
5103379,510337,Cotriguaçu,COTRIGUACU,MT,Mato Grosso,Centro-Oeste,Norte Mato-grossense,Aripuanã
5103403,510340,Cuiabá,CUIABA,MT,Mato Grosso,Centro-Oeste,Centro-Sul Mato-grossense,Cuiabá
5103437,510343,Curvelândia,CURVELANDIA,MT,Mato Grosso,Centro-Oeste,Centro-Sul Mato-grossense,Alto Pantanal
5103452,510345,Denise,DENISE,MT,Mato Grosso,Centro-Oeste,Sudoeste Mato-grossense,Tangará da Serra
5103502,510350,Diamantino,DIAMANTINO,MT,Mato Grosso,Centro-Oeste,Norte Mato-grossense,Parecis
5103601,510360,Dom Aquino,DOM AQUINO,MT,Mato Grosso,Centro-Oeste,Sudeste Mato-grossense,Rondonópolis
5103700,510370,Feliz Natal,FELIZ NATAL,MT,Mato Grosso,Centro-Oeste,Norte Mato-grossense,Sinop
5103809,510380,Figueirópolis D'Oeste,FIGUEIROPOLIS D'OESTE,MT,Mato Grosso,Centro-Oeste,Sudoeste Mato-grossense,Jauru
5103858,510385,Gaúcha do Norte,GAUCHA DO NORTE,MT,Mato Grosso,Centro-Oeste,Norte Mato-grossense,Paranatinga
5103908,510390,General Carneiro,GENERAL CARNEIRO,MT,Mato Grosso,Centro-Oeste,Sudeste Mato-grossense,Tesouro
5103957,510395,Glória D'Oeste,GLORIA D'OESTE,MT,Mato Grosso,Centro-Oeste,Sudoeste Mato-grossense,Jauru
5104104,510410,Guarantã do Norte,GUARANTA DO NORTE,MT,Mato Grosso,Centro-Oeste,Norte Mato-grossense,Colíder
5104203,510420,Guiratinga,GUIRATINGA,MT,Mato Grosso,Centro-Oeste,Sudeste Mato-grossense,Tesouro
5104500,510450,Indiavaí,INDIAVAI,MT,Mato Grosso,Centro-Oeste,Sudoeste Mato-grossense,Jauru
5104526,510452,Ipiranga do Norte,IPIRANGA DO NORTE,MT,Mato Grosso,Centro-Oeste,Norte Mato-grossense,Alto Teles Pires
5104542,510454,Itanhangá,ITANHANGA,MT,Mato Grosso,Centro-Oeste,Norte Mato-grossense,Alto Teles Pires
5104559,510455,Itaúba,ITAUBA,MT,Mato Grosso,Centro-Oeste,Norte Mato-grossense,Sinop
5104609,510460,Itiquira,ITIQUIRA,MT,Mato Grosso,Centro-Oeste,Sudeste Mato-grossense,Rondonópolis
5104807,510480,Jaciara,JACIARA,MT,Mato Grosso,Centro-Oeste,Sudeste Mato-grossense,Rondonópolis
5104906,510490,Jangada,JANGADA,MT,Mato Grosso,Centro-Oeste,Centro-Sul Mato-grossense,Rosário Oeste
5105002,510500,Jauru,JAURU,MT,Mato Grosso,Centro-Oeste,Sudoeste Mato-grossense,Jauru
5105101,510510,Juara,JUARA,MT,Mato Grosso,Centro-Oeste,Norte Mato-grossense,Arinos
5105150,510515,Juína,JUINA,MT,Mato Grosso,Centro-Oeste,Norte Mato-grossense,Aripuanã
5105176,510517,Juruena,JURUENA,MT,Mato Grosso,Centro-Oeste,Norte Mato-grossense,Aripuanã
5105200,510520,Juscimeira,JUSCIMEIRA,MT,Mato Grosso,Centro-Oeste,Sudeste Mato-grossense,Rondonópolis
5105234,510523,Lambari D'Oeste,LAMBARI D'OESTE,MT,Mato Grosso,Centro-Oeste,Sudoeste Mato-grossense,Jauru
5105259,510525,Lucas do Rio Verde,LUCAS DO RIO VERDE,MT,Mato Grosso,Centro-Oeste,Norte Mato-grossense,Alto Teles Pires
5105309,510530,Luciara,LUCIARA,MT,Mato Grosso,Centro-Oeste,Nordeste Mato-grossense,Norte Araguaia
5105507,510550,Vila Bela da Santíssima Trindade,VILA BELA DA SANTISSIMA TRINDADE,MT,Mato Grosso,Centro-Oeste,Sudoeste Mato-grossense,Alto Guaporé
5105580,510558,Marcelândia,MARCELANDIA,MT,Mato Grosso,Centro-Oeste,Norte Mato-grossense,Sinop
5105606,510560,Matupá,MATUPA,MT,Mato Grosso,Centro-Oeste,Norte Mato-grossense,Colíder
5105622,510562,Mirassol d'Oeste,MIRASSOL D'OESTE,MT,Mato Grosso,Centro-Oeste,Sudoeste Mato-grossense,Jauru
5105903,510590,Nobres,NOBRES,MT,Mato Grosso,Centro-Oeste,Norte Mato-grossense,Alto Teles Pires
5106000,510600,Nortelândia,NORTELANDIA,MT,Mato Grosso,Centro-Oeste,Centro-Sul Mato-grossense,Alto Paraguai
5106109,510610,Nossa Senhora do Livramento,NOSSA SENHORA DO LIVRAMENTO,MT,Mato Grosso,Centro-Oeste,Centro-Sul Mato-grossense,Cuiabá
5106158,510615,Nova Bandeirantes,NOVA BANDEIRANTES,MT,Mato Grosso,Centro-Oeste,Norte Mato-grossense,Alta Floresta
5106174,510617,Nova Nazaré,NOVA NAZARE,MT,Mato Grosso,Centro-Oeste,Nordeste Mato-grossense,Canarana
5106182,510618,Nova Lacerda,NOVA LACERDA,MT,Mato Grosso,Centro-Oeste,Sudoeste Mato-grossense,Alto Guaporé
5106190,510619,Nova Santa Helena,NOVA SANTA HELENA,MT,Mato Grosso,Centro-Oeste,Norte Mato-grossense,Sinop
5106208,510620,Nova Brasilândia,NOVA BRASILANDIA,MT,Mato Grosso,Centro-Oeste,Norte Mato-grossense,Paranatinga
5106216,510621,Nova Canaã do Norte,NOVA CANAA DO NORTE,MT,Mato Grosso,Centro-Oeste,Norte Mato-grossense,Colíder
5106224,510622,Nova Mutum,NOVA MUTUM,MT,Mato Grosso,Centro-Oeste,Norte Mato-grossense,Alto Teles Pires
5106232,510623,Nova Olímpia,NOVA OLIMPIA,MT,Mato Grosso,Centro-Oeste,Sudoeste Mato-grossense,Tangará da Serra
5106240,510624,Nova Ubiratã,NOVA UBIRATA,MT,Mato Grosso,Centro-Oeste,Norte Mato-grossense,Alto Teles Pires
5106257,510625,Nova Xavantina,NOVA XAVANTINA,MT,Mato Grosso,Centro-Oeste,Nordeste Mato-grossense,Canarana
5106265,510626,Novo Mundo,NOVO MUNDO,MT,Mato Grosso,Centro-Oeste,Norte Mato-grossense,Colíder
5106273,510627,Novo Horizonte do Norte,NOVO HORIZONTE DO NORTE,MT,Mato Grosso,Centro-Oeste,Norte Mato-grossense,Arinos
5106281,510628,Novo São Joaquim,NOVO SAO JOAQUIM,MT,Mato Grosso,Centro-Oeste,Nordeste Mato-grossense,Canarana
5106299,510629,Paranaíta,PARANAITA,MT,Mato Grosso,Centro-Oeste,Norte Mato-grossense,Alta Floresta
5106307,510630,Paranatinga,PARANATINGA,MT,Mato Grosso,Centro-Oeste,Norte Mato-grossense,Paranatinga
5106315,510631,Novo Santo Antônio,NOVO SANTO ANTONIO,MT,Mato Grosso,Centro-Oeste,Nordeste Mato-grossense,Norte Araguaia
5106372,510637,Pedra Preta,PEDRA PRETA,MT,Mato Grosso,Centro-Oeste,Sudeste Mato-grossense,Rondonópolis
5106422,510642,Peixoto de Azevedo,PEIXOTO DE AZEVEDO,MT,Mato Grosso,Centro-Oeste,Norte Mato-grossense,Colíder
5106455,510645,Planalto da Serra,PLANALTO DA SERRA,MT,Mato Grosso,Centro-Oeste,Norte Mato-grossense,Paranatinga
5106505,510650,Poconé,POCONE,MT,Mato Grosso,Centro-Oeste,Centro-Sul Mato-grossense,Alto Pantanal
5106653,510665,Pontal do Araguaia,PONTAL DO ARAGUAIA,MT,Mato Grosso,Centro-Oeste,Sudeste Mato-grossense,Tesouro
5106703,510670,Ponte Branca,PONTE BRANCA,MT,Mato Grosso,Centro-Oeste,Sudeste Mato-grossense,Tesouro
5106752,510675,Pontes e Lacerda,PONTES E LACERDA,MT,Mato Grosso,Centro-Oeste,Sudoeste Mato-grossense,Alto Guaporé
5106778,510677,Porto Alegre do Norte,PORTO ALEGRE DO NORTE,MT,Mato Grosso,Centro-Oeste,Nordeste Mato-grossense,Norte Araguaia
5106802,510680,Porto dos Gaúchos,PORTO DOS GAUCHOS,MT,Mato Grosso,Centro-Oeste,Norte Mato-grossense,Arinos
5106828,510682,Porto Esperidião,PORTO ESPERIDIAO,MT,Mato Grosso,Centro-Oeste,Sudoeste Mato-grossense,Jauru
5106851,510685,Porto Estrela,PORTO ESTRELA,MT,Mato Grosso,Centro-Oeste,Sudoeste Mato-grossense,Tangará da Serra
5107008,510700,Poxoréu,POXOREU,MT,Mato Grosso,Centro-Oeste,Sudeste Mato-grossense,Tesouro
5107040,510704,Primavera do Leste,PRIMAVERA DO LESTE,MT,Mato Grosso,Centro-Oeste,Sudeste Mato-grossense,Primavera do Leste
5107065,510706,Querência,QUERENCIA,MT,Mato Grosso,Centro-Oeste,Nordeste Mato-grossense,Canarana
5107107,510710,São José dos Quatro Marcos,SAO JOSE DOS QUATRO MARCOS,MT,Mato Grosso,Centro-Oeste,Sudoeste Mato-grossense,Jauru
5107156,510715,Reserva do Cabaçal,RESERVA DO CABACAL,MT,Mato Grosso,Centro-Oeste,Sudoeste Mato-grossense,Jauru
5107180,510718,Ribeirão Cascalheira,RIBEIRAO CASCALHEIRA,MT,Mato Grosso,Centro-Oeste,Nordeste Mato-grossense,Norte Araguaia
5107198,510719,Ribeirãozinho,RIBEIRAOZINHO,MT,Mato Grosso,Centro-Oeste,Sudeste Mato-grossense,Tesouro
5107206,510720,Rio Branco,RIO BRANCO,MT,Mato Grosso,Centro-Oeste,Sudoeste Mato-grossense,Jauru
5107248,510724,Santa Carmem,SANTA CARMEM,MT,Mato Grosso,Centro-Oeste,Norte Mato-grossense,Sinop
5107263,510726,Santo Afonso,SANTO AFONSO,MT,Mato Grosso,Centro-Oeste,Centro-Sul Mato-grossense,Alto Paraguai
5107297,510729,São José do Povo,SAO JOSE DO POVO,MT,Mato Grosso,Centro-Oeste,Sudeste Mato-grossense,Rondonópolis
5107305,510730,São José do Rio Claro,SAO JOSE DO RIO CLARO,MT,Mato Grosso,Centro-Oeste,Norte Mato-grossense,Arinos
5107354,510735,São José do Xingu,SAO JOSE DO XINGU,MT,Mato Grosso,Centro-Oeste,Nordeste Mato-grossense,Norte Araguaia
5107404,510740,São Pedro da Cipa,SAO PEDRO DA CIPA,MT,Mato Grosso,Centro-Oeste,Sudeste Mato-grossense,Rondonópolis
5107578,510757,Rondolândia,RONDOLANDIA,MT,Mato Grosso,Centro-Oeste,Norte Mato-grossense,Aripuanã
5107602,510760,Rondonópolis,RONDONOPOLIS,MT,Mato Grosso,Centro-Oeste,Sudeste Mato-grossense,Rondonópolis
5107701,510770,Rosário Oeste,ROSARIO OESTE,MT,Mato Grosso,Centro-Oeste,Centro-Sul Mato-grossense,Rosário Oeste
5107743,510774,Santa Cruz do Xingu,SANTA CRUZ DO XINGU,MT,Mato Grosso,Centro-Oeste,Nordeste Mato-grossense,Norte Araguaia
5107750,510775,Salto do Céu,SALTO DO CEU,MT,Mato Grosso,Centro-Oeste,Sudoeste Mato-grossense,Jauru
5107768,510776,Santa Rita do Trivelato,SANTA RITA DO TRIVELATO,MT,Mato Grosso,Centro-Oeste,Norte Mato-grossense,Alto Teles Pires
5107776,510777,Santa Terezinha,SANTA TEREZINHA,MT,Mato Grosso,Centro-Oeste,Nordeste Mato-grossense,Norte Araguaia
5107792,510779,Santo Antônio do Leste,SANTO ANTONIO DO LESTE,MT,Mato Grosso,Centro-Oeste,Nordeste Mato-grossense,Canarana
5107800,510780,Santo Antônio de Leverger,SANTO ANTONIO DE LEVERGER,MT,Mato Grosso,Centro-Oeste,Centro-Sul Mato-grossense,Cuiabá
5107859,510785,São Félix do Araguaia,SAO FELIX DO ARAGUAIA,MT,Mato Grosso,Centro-Oeste,Nordeste Mato-grossense,Norte Araguaia
5107875,510787,Sapezal,SAPEZAL,MT,Mato Grosso,Centro-Oeste,Norte Mato-grossense,Parecis
5107883,510788,Serra Nova Dourada,SERRA NOVA DOURADA,MT,Mato Grosso,Centro-Oeste,Nordeste Mato-grossense,Norte Araguaia
5107909,510790,Sinop,SINOP,MT,Mato Grosso,Centro-Oeste,Norte Mato-grossense,Sinop
5107925,510792,Sorriso,SORRISO,MT,Mato Grosso,Centro-Oeste,Norte Mato-grossense,Alto Teles Pires
5107941,510794,Tabaporã,TABAPORA,MT,Mato Grosso,Centro-Oeste,Norte Mato-grossense,Arinos
5107958,510795,Tangará da Serra,TANGARA DA SERRA,MT,Mato Grosso,Centro-Oeste,Sudoeste Mato-grossense,Tangará da Serra
5108006,510800,Tapurah,TAPURAH,MT,Mato Grosso,Centro-Oeste,Norte Mato-grossense,Alto Teles Pires
5108055,510805,Terra Nova do Norte,TERRA NOVA DO NORTE,MT,Mato Grosso,Centro-Oeste,Norte Mato-grossense,Colíder
5108105,510810,Tesouro,TESOURO,MT,Mato Grosso,Centro-Oeste,Sudeste Mato-grossense,Tesouro
5108204,510820,Torixoréu,TORIXOREU,MT,Mato Grosso,Centro-Oeste,Sudeste Mato-grossense,Tesouro
5108303,510830,União do Sul,UNIAO DO SUL,MT,Mato Grosso,Centro-Oeste,Norte Mato-grossense,Sinop
5108352,510835,Vale de São Domingos,VALE DE SAO DOMINGOS,MT,Mato Grosso,Centro-Oeste,Sudoeste Mato-grossense,Alto Guaporé
5108402,510840,Várzea Grande,VARZEA GRANDE,MT,Mato Grosso,Centro-Oeste,Centro-Sul Mato-grossense,Cuiabá
5108501,510850,Vera,VERA,MT,Mato Grosso,Centro-Oeste,Norte Mato-grossense,Sinop
5108600,510860,Vila Rica,VILA RICA,MT,Mato Grosso,Centro-Oeste,Nordeste Mato-grossense,Norte Araguaia
5108808,510880,Nova Guarita,NOVA GUARITA,MT,Mato Grosso,Centro-Oeste,Norte Mato-grossense,Colíder
5108857,510885,Nova Marilândia,NOVA MARILANDIA,MT,Mato Grosso,Centro-Oeste,Centro-Sul Mato-grossense,Alto Paraguai
5108907,510890,Nova Maringá,NOVA MARINGA,MT,Mato Grosso,Centro-Oeste,Norte Mato-grossense,Arinos
5108956,510895,Nova Monte Verde,NOVA MONTE VERDE,MT,Mato Grosso,Centro-Oeste,Norte Mato-grossense,Alta Floresta
5200050,520005,Abadia de Goiás,ABADIA DE GOIAS,GO,Goiás,Centro-Oeste,Centro Goiano,Goiânia
5200100,520010,Abadiânia,ABADIANIA,GO,Goiás,Centro-Oeste,Leste Goiano,Entorno de Brasília
5200134,520013,Acreúna,ACREUNA,GO,Goiás,Centro-Oeste,Sul Goiano,Vale do Rio dos Bois
5200159,520015,Adelândia,ADELANDIA,GO,Goiás,Centro-Oeste,Centro Goiano,Anicuns
5200175,520017,Água Fria de Goiás,AGUA FRIA DE GOIAS,GO,Goiás,Centro-Oeste,Leste Goiano,Entorno de Brasília
5200209,520020,Água Limpa,AGUA LIMPA,GO,Goiás,Centro-Oeste,Sul Goiano,Meia Ponte
5200258,520025,Águas Lindas de Goiás,AGUAS LINDAS DE GOIAS,GO,Goiás,Centro-Oeste,Leste Goiano,Entorno de Brasília
5200308,520030,Alexânia,ALEXANIA,GO,Goiás,Centro-Oeste,Leste Goiano,Entorno de Brasília
5200506,520050,Aloândia,ALOANDIA,GO,Goiás,Centro-Oeste,Sul Goiano,Meia Ponte
5200555,520055,Alto Horizonte,ALTO HORIZONTE,GO,Goiás,Centro-Oeste,Norte Goiano,Porangatu
5200605,520060,Alto Paraíso de Goiás,ALTO PARAISO DE GOIAS,GO,Goiás,Centro-Oeste,Norte Goiano,Chapada dos Veadeiros
5200803,520080,Alvorada do Norte,ALVORADA DO NORTE,GO,Goiás,Centro-Oeste,Leste Goiano,Vão do Paranã
5200829,520082,Amaralina,AMARALINA,GO,Goiás,Centro-Oeste,Norte Goiano,Porangatu
5200852,520085,Americano do Brasil,AMERICANO DO BRASIL,GO,Goiás,Centro-Oeste,Centro Goiano,Anicuns
5200902,520090,Amorinópolis,AMORINOPOLIS,GO,Goiás,Centro-Oeste,Centro Goiano,Iporá
5201108,520110,Anápolis,ANAPOLIS,GO,Goiás,Centro-Oeste,Centro Goiano,Anápolis
5201207,520120,Anhanguera,ANHANGUERA,GO,Goiás,Centro-Oeste,Sul Goiano,Catalão
5201306,520130,Anicuns,ANICUNS,GO,Goiás,Centro-Oeste,Centro Goiano,Anicuns
5201405,520140,Aparecida de Goiânia,APARECIDA DE GOIANIA,GO,Goiás,Centro-Oeste,Centro Goiano,Goiânia
5201454,520145,Aparecida do Rio Doce,APARECIDA DO RIO DOCE,GO,Goiás,Centro-Oeste,Sul Goiano,Sudoeste de Goiás
5201504,520150,Aporé,APORE,GO,Goiás,Centro-Oeste,Sul Goiano,Sudoeste de Goiás
5201603,520160,Araçu,ARACU,GO,Goiás,Centro-Oeste,Centro Goiano,Anápolis
5201702,520170,Aragarças,ARAGARCAS,GO,Goiás,Centro-Oeste,Noroeste Goiano,Aragarças
5201801,520180,Aragoiânia,ARAGOIANIA,GO,Goiás,Centro-Oeste,Centro Goiano,Goiânia
5202155,520215,Araguapaz,ARAGUAPAZ,GO,Goiás,Centro-Oeste,Noroeste Goiano,Rio Vermelho
5202353,520235,Arenópolis,ARENOPOLIS,GO,Goiás,Centro-Oeste,Noroeste Goiano,Aragarças
5202502,520250,Aruanã,ARUANA,GO,Goiás,Centro-Oeste,Noroeste Goiano,Rio Vermelho
5202601,520260,Aurilândia,AURILANDIA,GO,Goiás,Centro-Oeste,Centro Goiano,Anicuns
5202809,520280,Avelinópolis,AVELINOPOLIS,GO,Goiás,Centro-Oeste,Centro Goiano,Anicuns
5203104,520310,Baliza,BALIZA,GO,Goiás,Centro-Oeste,Noroeste Goiano,Aragarças
5203203,520320,Barro Alto,BARRO ALTO,GO,Goiás,Centro-Oeste,Centro Goiano,Ceres
5203302,520330,Bela Vista de Goiás,BELA VISTA DE GOIAS,GO,Goiás,Centro-Oeste,Centro Goiano,Goiânia
5203401,520340,Bom Jardim de Goiás,BOM JARDIM DE GOIAS,GO,Goiás,Centro-Oeste,Noroeste Goiano,Aragarças
5203500,520350,Bom Jesus de Goiás,BOM JESUS DE GOIAS,GO,Goiás,Centro-Oeste,Sul Goiano,Meia Ponte
5203559,520355,Bonfinópolis,BONFINOPOLIS,GO,Goiás,Centro-Oeste,Centro Goiano,Goiânia
5203575,520357,Bonópolis,BONOPOLIS,GO,Goiás,Centro-Oeste,Norte Goiano,Porangatu
5203609,520360,Brazabrantes,BRAZABRANTES,GO,Goiás,Centro-Oeste,Centro Goiano,Anápolis
5203807,520380,Britânia,BRITANIA,GO,Goiás,Centro-Oeste,Noroeste Goiano,Rio Vermelho
5203906,520390,Buriti Alegre,BURITI ALEGRE,GO,Goiás,Centro-Oeste,Sul Goiano,Meia Ponte
5203939,520393,Buriti de Goiás,BURITI DE GOIAS,GO,Goiás,Centro-Oeste,Centro Goiano,Anicuns
5203962,520396,Buritinópolis,BURITINOPOLIS,GO,Goiás,Centro-Oeste,Leste Goiano,Vão do Paranã
5204003,520400,Cabeceiras,CABECEIRAS,GO,Goiás,Centro-Oeste,Leste Goiano,Entorno de Brasília
5204102,520410,Cachoeira Alta,CACHOEIRA ALTA,GO,Goiás,Centro-Oeste,Sul Goiano,Quirinópolis
5204201,520420,Cachoeira de Goiás,CACHOEIRA DE GOIAS,GO,Goiás,Centro-Oeste,Centro Goiano,Iporá
5204250,520425,Cachoeira Dourada,CACHOEIRA DOURADA,GO,Goiás,Centro-Oeste,Sul Goiano,Meia Ponte
5204300,520430,Caçu,CACU,GO,Goiás,Centro-Oeste,Sul Goiano,Quirinópolis
5204409,520440,Caiapônia,CAIAPONIA,GO,Goiás,Centro-Oeste,Sul Goiano,Sudoeste de Goiás
5204508,520450,Caldas Novas,CALDAS NOVAS,GO,Goiás,Centro-Oeste,Sul Goiano,Meia Ponte
5204557,520455,Caldazinha,CALDAZINHA,GO,Goiás,Centro-Oeste,Centro Goiano,Goiânia
5204607,520460,Campestre de Goiás,CAMPESTRE DE GOIAS,GO,Goiás,Centro-Oeste,Sul Goiano,Vale do Rio dos Bois
5204656,520465,Campinaçu,CAMPINACU,GO,Goiás,Centro-Oeste,Norte Goiano,Porangatu
5204706,520470,Campinorte,CAMPINORTE,GO,Goiás,Centro-Oeste,Norte Goiano,Porangatu
5204805,520480,Campo Alegre de Goiás,CAMPO ALEGRE DE GOIAS,GO,Goiás,Centro-Oeste,Sul Goiano,Catalão
5204854,520485,Campo Limpo de Goiás,CAMPO LIMPO DE GOIAS,GO,Goiás,Centro-Oeste,Centro Goiano,Anápolis
5204904,520490,Campos Belos,CAMPOS BELOS,GO,Goiás,Centro-Oeste,Norte Goiano,Chapada dos Veadeiros
5204953,520495,Campos Verdes,CAMPOS VERDES,GO,Goiás,Centro-Oeste,Norte Goiano,Porangatu
5205000,520500,Carmo do Rio Verde,CARMO DO RIO VERDE,GO,Goiás,Centro-Oeste,Centro Goiano,Ceres
5205059,520505,Castelândia,CASTELANDIA,GO,Goiás,Centro-Oeste,Sul Goiano,Sudoeste de Goiás
5205109,520510,Catalão,CATALAO,GO,Goiás,Centro-Oeste,Sul Goiano,Catalão
5205208,520520,Caturaí,CATURAI,GO,Goiás,Centro-Oeste,Centro Goiano,Anápolis
5205307,520530,Cavalcante,CAVALCANTE,GO,Goiás,Centro-Oeste,Norte Goiano,Chapada dos Veadeiros
5205406,520540,Ceres,CERES,GO,Goiás,Centro-Oeste,Centro Goiano,Ceres
5205455,520545,Cezarina,CEZARINA,GO,Goiás,Centro-Oeste,Sul Goiano,Vale do Rio dos Bois
5205471,520547,Chapadão do Céu,CHAPADAO DO CEU,GO,Goiás,Centro-Oeste,Sul Goiano,Sudoeste de Goiás
5205497,520549,Cidade Ocidental,CIDADE OCIDENTAL,GO,Goiás,Centro-Oeste,Leste Goiano,Entorno de Brasília
5205513,520551,Cocalzinho de Goiás,COCALZINHO DE GOIAS,GO,Goiás,Centro-Oeste,Leste Goiano,Entorno de Brasília
5205521,520552,Colinas do Sul,COLINAS DO SUL,GO,Goiás,Centro-Oeste,Norte Goiano,Chapada dos Veadeiros
5205703,520570,Córrego do Ouro,CORREGO DO OURO,GO,Goiás,Centro-Oeste,Centro Goiano,Iporá
5205802,520580,Corumbá de Goiás,CORUMBA DE GOIAS,GO,Goiás,Centro-Oeste,Leste Goiano,Entorno de Brasília
5205901,520590,Corumbaíba,CORUMBAIBA,GO,Goiás,Centro-Oeste,Sul Goiano,Catalão
5206206,520620,Cristalina,CRISTALINA,GO,Goiás,Centro-Oeste,Leste Goiano,Entorno de Brasília
5206305,520630,Cristianópolis,CRISTIANOPOLIS,GO,Goiás,Centro-Oeste,Sul Goiano,Pires do Rio
5206404,520640,Crixás,CRIXAS,GO,Goiás,Centro-Oeste,Noroeste Goiano,São Miguel do Araguaia
5206503,520650,Cromínia,CROMINIA,GO,Goiás,Centro-Oeste,Sul Goiano,Meia Ponte
5206602,520660,Cumari,CUMARI,GO,Goiás,Centro-Oeste,Sul Goiano,Catalão
5206701,520670,Damianópolis,DAMIANOPOLIS,GO,Goiás,Centro-Oeste,Leste Goiano,Vão do Paranã
5206800,520680,Damolândia,DAMOLANDIA,GO,Goiás,Centro-Oeste,Centro Goiano,Anápolis
5206909,520690,Davinópolis,DAVINOPOLIS,GO,Goiás,Centro-Oeste,Sul Goiano,Catalão
5207105,520710,Diorama,DIORAMA,GO,Goiás,Centro-Oeste,Noroeste Goiano,Aragarças
5207253,520725,Doverlândia,DOVERLANDIA,GO,Goiás,Centro-Oeste,Sul Goiano,Sudoeste de Goiás
5207352,520735,Edealina,EDEALINA,GO,Goiás,Centro-Oeste,Sul Goiano,Vale do Rio dos Bois
5207402,520740,Edéia,EDEIA,GO,Goiás,Centro-Oeste,Sul Goiano,Vale do Rio dos Bois
5207501,520750,Estrela do Norte,ESTRELA DO NORTE,GO,Goiás,Centro-Oeste,Norte Goiano,Porangatu
5207535,520753,Faina,FAINA,GO,Goiás,Centro-Oeste,Noroeste Goiano,Rio Vermelho
5207600,520760,Fazenda Nova,FAZENDA NOVA,GO,Goiás,Centro-Oeste,Centro Goiano,Iporá
5207808,520780,Firminópolis,FIRMINOPOLIS,GO,Goiás,Centro-Oeste,Centro Goiano,Anicuns
5207907,520790,Flores de Goiás,FLORES DE GOIAS,GO,Goiás,Centro-Oeste,Leste Goiano,Vão do Paranã
5208004,520800,Formosa,FORMOSA,GO,Goiás,Centro-Oeste,Leste Goiano,Entorno de Brasília
5208103,520810,Formoso,FORMOSO,GO,Goiás,Centro-Oeste,Norte Goiano,Porangatu
5208152,520815,Gameleira de Goiás,GAMELEIRA DE GOIAS,GO,Goiás,Centro-Oeste,Sul Goiano,Pires do Rio
5208301,520830,Divinópolis de Goiás,DIVINOPOLIS DE GOIAS,GO,Goiás,Centro-Oeste,Leste Goiano,Vão do Paranã
5208400,520840,Goianápolis,GOIANAPOLIS,GO,Goiás,Centro-Oeste,Centro Goiano,Goiânia
5208509,520850,Goiandira,GOIANDIRA,GO,Goiás,Centro-Oeste,Sul Goiano,Catalão
5208608,520860,Goianésia,GOIANESIA,GO,Goiás,Centro-Oeste,Centro Goiano,Ceres
5208707,520870,Goiânia,GOIANIA,GO,Goiás,Centro-Oeste,Centro Goiano,Goiânia
5208806,520880,Goianira,GOIANIRA,GO,Goiás,Centro-Oeste,Centro Goiano,Goiânia
5208905,520890,Goiás,GOIAS,GO,Goiás,Centro-Oeste,Noroeste Goiano,Rio Vermelho
5209101,520910,Goiatuba,GOIATUBA,GO,Goiás,Centro-Oeste,Sul Goiano,Meia Ponte
5209150,520915,Gouvelândia,GOUVELANDIA,GO,Goiás,Centro-Oeste,Sul Goiano,Quirinópolis
5209200,520920,Guapó,GUAPO,GO,Goiás,Centro-Oeste,Centro Goiano,Goiânia
5209291,520929,Guaraíta,GUARAITA,GO,Goiás,Centro-Oeste,Centro Goiano,Ceres
5209408,520940,Guarani de Goiás,GUARANI DE GOIAS,GO,Goiás,Centro-Oeste,Leste Goiano,Vão do Paranã
5209457,520945,Guarinos,GUARINOS,GO,Goiás,Centro-Oeste,Centro Goiano,Ceres
5209606,520960,Heitoraí,HEITORAI,GO,Goiás,Centro-Oeste,Centro Goiano,Anápolis
5209705,520970,Hidrolândia,HIDROLANDIA,GO,Goiás,Centro-Oeste,Centro Goiano,Goiânia
5209804,520980,Hidrolina,HIDROLINA,GO,Goiás,Centro-Oeste,Centro Goiano,Ceres
5209903,520990,Iaciara,IACIARA,GO,Goiás,Centro-Oeste,Leste Goiano,Vão do Paranã
5209937,520993,Inaciolândia,INACIOLANDIA,GO,Goiás,Centro-Oeste,Sul Goiano,Meia Ponte
5209952,520995,Indiara,INDIARA,GO,Goiás,Centro-Oeste,Sul Goiano,Vale do Rio dos Bois
5210000,521000,Inhumas,INHUMAS,GO,Goiás,Centro-Oeste,Centro Goiano,Anápolis
5210109,521010,Ipameri,IPAMERI,GO,Goiás,Centro-Oeste,Sul Goiano,Catalão
5210158,521015,Ipiranga de Goiás,IPIRANGA DE GOIAS,GO,Goiás,Centro-Oeste,Centro Goiano,Ceres
5210208,521020,Iporá,IPORA,GO,Goiás,Centro-Oeste,Centro Goiano,Iporá
5210307,521030,Israelândia,ISRAELANDIA,GO,Goiás,Centro-Oeste,Centro Goiano,Iporá
5210406,521040,Itaberaí,ITABERAI,GO,Goiás,Centro-Oeste,Centro Goiano,Anápolis
5210562,521056,Itaguari,ITAGUARI,GO,Goiás,Centro-Oeste,Centro Goiano,Anápolis
5210604,521060,Itaguaru,ITAGUARU,GO,Goiás,Centro-Oeste,Centro Goiano,Anápolis
5210802,521080,Itajá,ITAJA,GO,Goiás,Centro-Oeste,Sul Goiano,Quirinópolis
5210901,521090,Itapaci,ITAPACI,GO,Goiás,Centro-Oeste,Centro Goiano,Ceres
5211008,521100,Itapirapuã,ITAPIRAPUA,GO,Goiás,Centro-Oeste,Noroeste Goiano,Rio Vermelho
5211206,521120,Itapuranga,ITAPURANGA,GO,Goiás,Centro-Oeste,Centro Goiano,Ceres
5211305,521130,Itarumã,ITARUMA,GO,Goiás,Centro-Oeste,Sul Goiano,Quirinópolis
5211404,521140,Itauçu,ITAUCU,GO,Goiás,Centro-Oeste,Centro Goiano,Anápolis
5211503,521150,Itumbiara,ITUMBIARA,GO,Goiás,Centro-Oeste,Sul Goiano,Meia Ponte
5211602,521160,Ivolândia,IVOLANDIA,GO,Goiás,Centro-Oeste,Centro Goiano,Iporá
5211701,521170,Jandaia,JANDAIA,GO,Goiás,Centro-Oeste,Sul Goiano,Vale do Rio dos Bois
5211800,521180,Jaraguá,JARAGUA,GO,Goiás,Centro-Oeste,Centro Goiano,Anápolis
5211909,521190,Jataí,JATAI,GO,Goiás,Centro-Oeste,Sul Goiano,Sudoeste de Goiás
5212006,521200,Jaupaci,JAUPACI,GO,Goiás,Centro-Oeste,Centro Goiano,Iporá
5212055,521205,Jesúpolis,JESUPOLIS,GO,Goiás,Centro-Oeste,Centro Goiano,Anápolis
5212105,521210,Joviânia,JOVIANIA,GO,Goiás,Centro-Oeste,Sul Goiano,Meia Ponte
5212204,521220,Jussara,JUSSARA,GO,Goiás,Centro-Oeste,Noroeste Goiano,Rio Vermelho
5212253,521225,Lagoa Santa,LAGOA SANTA,GO,Goiás,Centro-Oeste,Sul Goiano,Quirinópolis
5212303,521230,Leopoldo de Bulhões,LEOPOLDO DE BULHOES,GO,Goiás,Centro-Oeste,Centro Goiano,Goiânia
5212501,521250,Luziânia,LUZIANIA,GO,Goiás,Centro-Oeste,Leste Goiano,Entorno de Brasília
5212600,521260,Mairipotaba,MAIRIPOTABA,GO,Goiás,Centro-Oeste,Sul Goiano,Meia Ponte
5212709,521270,Mambaí,MAMBAI,GO,Goiás,Centro-Oeste,Leste Goiano,Vão do Paranã
5212808,521280,Mara Rosa,MARA ROSA,GO,Goiás,Centro-Oeste,Norte Goiano,Porangatu
5212907,521290,Marzagão,MARZAGAO,GO,Goiás,Centro-Oeste,Sul Goiano,Meia Ponte
5212956,521295,Matrinchã,MATRINCHA,GO,Goiás,Centro-Oeste,Noroeste Goiano,Rio Vermelho
5213004,521300,Maurilândia,MAURILANDIA,GO,Goiás,Centro-Oeste,Sul Goiano,Sudoeste de Goiás
5213053,521305,Mimoso de Goiás,MIMOSO DE GOIAS,GO,Goiás,Centro-Oeste,Leste Goiano,Entorno de Brasília
5213087,521308,Minaçu,MINACU,GO,Goiás,Centro-Oeste,Norte Goiano,Porangatu
5213103,521310,Mineiros,MINEIROS,GO,Goiás,Centro-Oeste,Sul Goiano,Sudoeste de Goiás
5213400,521340,Moiporá,MOIPORA,GO,Goiás,Centro-Oeste,Centro Goiano,Iporá
5213509,521350,Monte Alegre de Goiás,MONTE ALEGRE DE GOIAS,GO,Goiás,Centro-Oeste,Norte Goiano,Chapada dos Veadeiros
5213707,521370,Montes Claros de Goiás,MONTES CLAROS DE GOIAS,GO,Goiás,Centro-Oeste,Noroeste Goiano,Aragarças
5213756,521375,Montividiu,MONTIVIDIU,GO,Goiás,Centro-Oeste,Sul Goiano,Sudoeste de Goiás
5213772,521377,Montividiu do Norte,MONTIVIDIU DO NORTE,GO,Goiás,Centro-Oeste,Norte Goiano,Porangatu
5213806,521380,Morrinhos,MORRINHOS,GO,Goiás,Centro-Oeste,Sul Goiano,Meia Ponte
5213855,521385,Morro Agudo de Goiás,MORRO AGUDO DE GOIAS,GO,Goiás,Centro-Oeste,Centro Goiano,Ceres
5213905,521390,Mossâmedes,MOSSAMEDES,GO,Goiás,Centro-Oeste,Centro Goiano,Anicuns
5214002,521400,Mozarlândia,MOZARLANDIA,GO,Goiás,Centro-Oeste,Noroeste Goiano,São Miguel do Araguaia
5214051,521405,Mundo Novo,MUNDO NOVO,GO,Goiás,Centro-Oeste,Noroeste Goiano,São Miguel do Araguaia
5214101,521410,Mutunópolis,MUTUNOPOLIS,GO,Goiás,Centro-Oeste,Norte Goiano,Porangatu
5214408,521440,Nazário,NAZARIO,GO,Goiás,Centro-Oeste,Centro Goiano,Anicuns
5214507,521450,Nerópolis,NEROPOLIS,GO,Goiás,Centro-Oeste,Centro Goiano,Goiânia
5214606,521460,Niquelândia,NIQUELANDIA,GO,Goiás,Centro-Oeste,Norte Goiano,Porangatu
5214705,521470,Nova América,NOVA AMERICA,GO,Goiás,Centro-Oeste,Centro Goiano,Ceres
5214804,521480,Nova Aurora,NOVA AURORA,GO,Goiás,Centro-Oeste,Sul Goiano,Catalão
5214838,521483,Nova Crixás,NOVA CRIXAS,GO,Goiás,Centro-Oeste,Noroeste Goiano,São Miguel do Araguaia
5214861,521486,Nova Glória,NOVA GLORIA,GO,Goiás,Centro-Oeste,Centro Goiano,Ceres
5214879,521487,Nova Iguaçu de Goiás,NOVA IGUACU DE GOIAS,GO,Goiás,Centro-Oeste,Norte Goiano,Porangatu
5214903,521490,Nova Roma,NOVA ROMA,GO,Goiás,Centro-Oeste,Norte Goiano,Chapada dos Veadeiros
5215009,521500,Nova Veneza,NOVA VENEZA,GO,Goiás,Centro-Oeste,Centro Goiano,Anápolis
5215207,521520,Novo Brasil,NOVO BRASIL,GO,Goiás,Centro-Oeste,Centro Goiano,Iporá
5215231,521523,Novo Gama,NOVO GAMA,GO,Goiás,Centro-Oeste,Leste Goiano,Entorno de Brasília
5215256,521525,Novo Planalto,NOVO PLANALTO,GO,Goiás,Centro-Oeste,Noroeste Goiano,São Miguel do Araguaia
5215306,521530,Orizona,ORIZONA,GO,Goiás,Centro-Oeste,Sul Goiano,Pires do Rio
5215405,521540,Ouro Verde de Goiás,OURO VERDE DE GOIAS,GO,Goiás,Centro-Oeste,Centro Goiano,Anápolis
5215504,521550,Ouvidor,OUVIDOR,GO,Goiás,Centro-Oeste,Sul Goiano,Catalão
5215603,521560,Padre Bernardo,PADRE BERNARDO,GO,Goiás,Centro-Oeste,Leste Goiano,Entorno de Brasília
5215652,521565,Palestina de Goiás,PALESTINA DE GOIAS,GO,Goiás,Centro-Oeste,Sul Goiano,Sudoeste de Goiás
5215702,521570,Palmeiras de Goiás,PALMEIRAS DE GOIAS,GO,Goiás,Centro-Oeste,Sul Goiano,Vale do Rio dos Bois
5215801,521580,Palmelo,PALMELO,GO,Goiás,Centro-Oeste,Sul Goiano,Pires do Rio
5215900,521590,Palminópolis,PALMINOPOLIS,GO,Goiás,Centro-Oeste,Sul Goiano,Vale do Rio dos Bois
5216007,521600,Panamá,PANAMA,GO,Goiás,Centro-Oeste,Sul Goiano,Meia Ponte
5216304,521630,Paranaiguara,PARANAIGUARA,GO,Goiás,Centro-Oeste,Sul Goiano,Quirinópolis
5216403,521640,Paraúna,PARAUNA,GO,Goiás,Centro-Oeste,Sul Goiano,Vale do Rio dos Bois
5216452,521645,Perolândia,PEROLANDIA,GO,Goiás,Centro-Oeste,Sul Goiano,Sudoeste de Goiás
5216809,521680,Petrolina de Goiás,PETROLINA DE GOIAS,GO,Goiás,Centro-Oeste,Centro Goiano,Anápolis
5216908,521690,Pilar de Goiás,PILAR DE GOIAS,GO,Goiás,Centro-Oeste,Centro Goiano,Ceres
5217104,521710,Piracanjuba,PIRACANJUBA,GO,Goiás,Centro-Oeste,Sul Goiano,Meia Ponte
5217203,521720,Piranhas,PIRANHAS,GO,Goiás,Centro-Oeste,Noroeste Goiano,Aragarças
5217302,521730,Pirenópolis,PIRENOPOLIS,GO,Goiás,Centro-Oeste,Leste Goiano,Entorno de Brasília
5217401,521740,Pires do Rio,PIRES DO RIO,GO,Goiás,Centro-Oeste,Sul Goiano,Pires do Rio
5217609,521760,Planaltina,PLANALTINA,GO,Goiás,Centro-Oeste,Leste Goiano,Entorno de Brasília
5217708,521770,Pontalina,PONTALINA,GO,Goiás,Centro-Oeste,Sul Goiano,Meia Ponte
5218003,521800,Porangatu,PORANGATU,GO,Goiás,Centro-Oeste,Norte Goiano,Porangatu
5218052,521805,Porteirão,PORTEIRAO,GO,Goiás,Centro-Oeste,Sul Goiano,Meia Ponte
5218102,521810,Portelândia,PORTELANDIA,GO,Goiás,Centro-Oeste,Sul Goiano,Sudoeste de Goiás
5218300,521830,Posse,POSSE,GO,Goiás,Centro-Oeste,Leste Goiano,Vão do Paranã
5218391,521839,Professor Jamil,PROFESSOR JAMIL,GO,Goiás,Centro-Oeste,Sul Goiano,Meia Ponte
5218508,521850,Quirinópolis,QUIRINOPOLIS,GO,Goiás,Centro-Oeste,Sul Goiano,Quirinópolis
5218607,521860,Rialma,RIALMA,GO,Goiás,Centro-Oeste,Centro Goiano,Ceres
5218706,521870,Rianápolis,RIANAPOLIS,GO,Goiás,Centro-Oeste,Centro Goiano,Ceres
5218789,521878,Rio Quente,RIO QUENTE,GO,Goiás,Centro-Oeste,Sul Goiano,Meia Ponte
5218805,521880,Rio Verde,RIO VERDE,GO,Goiás,Centro-Oeste,Sul Goiano,Sudoeste de Goiás
5218904,521890,Rubiataba,RUBIATABA,GO,Goiás,Centro-Oeste,Centro Goiano,Ceres
5219001,521900,Sanclerlândia,SANCLERLANDIA,GO,Goiás,Centro-Oeste,Centro Goiano,Anicuns
5219100,521910,Santa Bárbara de Goiás,SANTA BARBARA DE GOIAS,GO,Goiás,Centro-Oeste,Centro Goiano,Anicuns
5219209,521920,Santa Cruz de Goiás,SANTA CRUZ DE GOIAS,GO,Goiás,Centro-Oeste,Sul Goiano,Pires do Rio
5219258,521925,Santa Fé de Goiás,SANTA FE DE GOIAS,GO,Goiás,Centro-Oeste,Noroeste Goiano,Rio Vermelho
5219308,521930,Santa Helena de Goiás,SANTA HELENA DE GOIAS,GO,Goiás,Centro-Oeste,Sul Goiano,Sudoeste de Goiás
5219357,521935,Santa Isabel,SANTA ISABEL,GO,Goiás,Centro-Oeste,Centro Goiano,Ceres
5219407,521940,Santa Rita do Araguaia,SANTA RITA DO ARAGUAIA,GO,Goiás,Centro-Oeste,Sul Goiano,Sudoeste de Goiás
5219456,521945,Santa Rita do Novo Destino,SANTA RITA DO NOVO DESTINO,GO,Goiás,Centro-Oeste,Centro Goiano,Ceres
5219506,521950,Santa Rosa de Goiás,SANTA ROSA DE GOIAS,GO,Goiás,Centro-Oeste,Centro Goiano,Anápolis
5219605,521960,Santa Tereza de Goiás,SANTA TEREZA DE GOIAS,GO,Goiás,Centro-Oeste,Norte Goiano,Porangatu
5219704,521970,Santa Terezinha de Goiás,SANTA TEREZINHA DE GOIAS,GO,Goiás,Centro-Oeste,Norte Goiano,Porangatu
5219712,521971,Santo Antônio da Barra,SANTO ANTONIO DA BARRA,GO,Goiás,Centro-Oeste,Sul Goiano,Sudoeste de Goiás
5219738,521973,Santo Antônio de Goiás,SANTO ANTONIO DE GOIAS,GO,Goiás,Centro-Oeste,Centro Goiano,Goiânia
5219753,521975,Santo Antônio do Descoberto,SANTO ANTONIO DO DESCOBERTO,GO,Goiás,Centro-Oeste,Leste Goiano,Entorno de Brasília
5219803,521980,São Domingos,SAO DOMINGOS,GO,Goiás,Centro-Oeste,Leste Goiano,Vão do Paranã
5219902,521990,São Francisco de Goiás,SAO FRANCISCO DE GOIAS,GO,Goiás,Centro-Oeste,Centro Goiano,Anápolis
5220009,522000,São João d'Aliança,SAO JOAO D'ALIANCA,GO,Goiás,Centro-Oeste,Norte Goiano,Chapada dos Veadeiros
5220058,522005,São João da Paraúna,SAO JOAO DA PARAUNA,GO,Goiás,Centro-Oeste,Sul Goiano,Vale do Rio dos Bois
5220108,522010,São Luís de Montes Belos,SAO LUIS DE MONTES BELOS,GO,Goiás,Centro-Oeste,Centro Goiano,Anicuns
5220157,522015,São Luiz do Norte,SAO LUIZ DO NORTE,GO,Goiás,Centro-Oeste,Centro Goiano,Ceres
5220207,522020,São Miguel do Araguaia,SAO MIGUEL DO ARAGUAIA,GO,Goiás,Centro-Oeste,Noroeste Goiano,São Miguel do Araguaia
5220264,522026,São Miguel do Passa Quatro,SAO MIGUEL DO PASSA QUATRO,GO,Goiás,Centro-Oeste,Sul Goiano,Pires do Rio
5220280,522028,São Patrício,SAO PATRICIO,GO,Goiás,Centro-Oeste,Centro Goiano,Ceres
5220405,522040,São Simão,SAO SIMAO,GO,Goiás,Centro-Oeste,Sul Goiano,Quirinópolis
5220454,522045,Senador Canedo,SENADOR CANEDO,GO,Goiás,Centro-Oeste,Centro Goiano,Goiânia
5220504,522050,Serranópolis,SERRANOPOLIS,GO,Goiás,Centro-Oeste,Sul Goiano,Sudoeste de Goiás
5220603,522060,Silvânia,SILVANIA,GO,Goiás,Centro-Oeste,Sul Goiano,Pires do Rio
5220686,522068,Simolândia,SIMOLANDIA,GO,Goiás,Centro-Oeste,Leste Goiano,Vão do Paranã
5220702,522070,Sítio d'Abadia,SITIO D'ABADIA,GO,Goiás,Centro-Oeste,Leste Goiano,Vão do Paranã
5221007,522100,Taquaral de Goiás,TAQUARAL DE GOIAS,GO,Goiás,Centro-Oeste,Centro Goiano,Anápolis
5221080,522108,Teresina de Goiás,TERESINA DE GOIAS,GO,Goiás,Centro-Oeste,Norte Goiano,Chapada dos Veadeiros
5221197,522119,Terezópolis de Goiás,TEREZOPOLIS DE GOIAS,GO,Goiás,Centro-Oeste,Centro Goiano,Goiânia
5221304,522130,Três Ranchos,TRES RANCHOS,GO,Goiás,Centro-Oeste,Sul Goiano,Catalão
5221403,522140,Trindade,TRINDADE,GO,Goiás,Centro-Oeste,Centro Goiano,Goiânia
5221452,522145,Trombas,TROMBAS,GO,Goiás,Centro-Oeste,Norte Goiano,Porangatu
5221502,522150,Turvânia,TURVANIA,GO,Goiás,Centro-Oeste,Centro Goiano,Anicuns
5221551,522155,Turvelândia,TURVELANDIA,GO,Goiás,Centro-Oeste,Sul Goiano,Vale do Rio dos Bois
5221577,522157,Uirapuru,UIRAPURU,GO,Goiás,Centro-Oeste,Noroeste Goiano,São Miguel do Araguaia
5221601,522160,Uruaçu,URUACU,GO,Goiás,Centro-Oeste,Norte Goiano,Porangatu
5221700,522170,Uruana,URUANA,GO,Goiás,Centro-Oeste,Centro Goiano,Ceres
5221809,522180,Urutaí,URUTAI,GO,Goiás,Centro-Oeste,Sul Goiano,Pires do Rio
5221858,522185,Valparaíso de Goiás,VALPARAISO DE GOIAS,GO,Goiás,Centro-Oeste,Leste Goiano,Entorno de Brasília
5221908,522190,Varjão,VARJAO,GO,Goiás,Centro-Oeste,Sul Goiano,Vale do Rio dos Bois
5222005,522200,Vianópolis,VIANOPOLIS,GO,Goiás,Centro-Oeste,Sul Goiano,Pires do Rio
5222054,522205,Vicentinópolis,VICENTINOPOLIS,GO,Goiás,Centro-Oeste,Sul Goiano,Meia Ponte
5222203,522220,Vila Boa,VILA BOA,GO,Goiás,Centro-Oeste,Leste Goiano,Entorno de Brasília
5222302,522230,Vila Propício,VILA PROPICIO,GO,Goiás,Centro-Oeste,Leste Goiano,Entorno de Brasília
5300108,530010,Brasília,BRASILIA,DF,Distrito Federal,Centro-Oeste,Distrito Federal,Brasília
