cod_ibge7,pct_esgoto_rede,pct_agua_rede,pct_lixo_coletado
1100015,0.47,26.48,61.48
1100023,1.99,54.34,90.42
1100031,1.58,39.3,61.06
1100049,67.19,80.07,85.66
1100056,57.99,49.48,87.04
1100064,2.62,70.81,77.25
1100072,0.7,20.99,47.89
1100080,0.05,19.35,63.57
1100098,6.6,44.87,74.29
1100106,9.01,40.46,78.14
1100114,1.78,46.12,80.5
1100122,7.57,59.95,93.17
1100130,3.13,40.39,56.7
1100148,7.0,36.12,49.5
1100155,2.23,56.66,80.2
1100189,9.44,76.36,85.77
1100205,22.99,36.72,91.9
1100254,5.21,50.1,67.15
1100262,1.28,9.92,43.6
1100288,3.62,66.36,87.06
1100296,2.86,33.61,50.73
1100304,4.91,92.88,94.78
1100320,1.81,15.69,55.72
1100338,0.82,9.27,49.22
1100346,42.52,52.87,60.39
1100379,0.62,19.8,44.82
1100403,0.14,8.8,54.23
1100452,0.45,15.76,69.58
1100502,0.32,27.2,46.07
1100601,32.97,13.96,47.07
1100700,0.26,19.02,32.0
1100809,1.2,53.47,69.29
1100908,,30.3,37.9
1100924,0.87,61.7,66.72
1100940,0.12,10.72,63.42
1101005,0.03,2.01,33.91
1101104,0.55,7.77,69.9
1101203,5.58,28.24,48.76
1101302,7.78,26.34,57.41
1101401,0.17,33.91,47.83
1101435,0.9,17.76,31.08
1101450,4.12,30.36,39.27
1101468,5.27,47.57,62.57
1101476,0.26,58.69,65.93
1101484,,32.42,42.46
1101492,0.26,4.83,60.98
1101500,14.53,21.39,49.0
1101559,0.32,10.3,50.82
1101609,0.23,11.91,36.08
1101708,3.59,30.86,52.25
1101757,0.07,11.57,46.0
1101807,0.04,,44.93
1200013,0.85,27.15,55.46
1200054,6.6,56.55,62.98
1200104,33.49,61.3,66.99
1200138,3.74,40.21,47.7
1200179,1.12,39.13,44.15
1200203,8.59,66.58,82.98
1200252,4.66,61.94,70.96
1200302,3.4,17.29,54.91
1200328,3.44,46.28,47.73
1200336,1.29,59.65,65.34
1200344,15.45,49.85,52.75
1200351,1.71,37.1,41.89
1200385,5.85,40.78,63.54
1200393,5.17,51.97,50.36
1200401,68.19,58.99,94.66
1200427,1.93,58.14,55.09
1200435,4.24,47.54,47.92
1200450,0.59,29.74,68.04
1200500,17.24,41.21,63.4
1200609,2.53,39.14,59.51
1200708,21.38,47.22,58.87
1200807,1.4,17.55,54.97
1300029,3.88,63.57,58.59
1300060,1.86,66.23,49.49
1300086,3.32,43.74,61.44
1300102,3.95,66.8,68.27
1300144,1.04,30.68,53.07
1300201,1.95,43.63,46.43
1300300,7.26,25.46,49.65
1300409,9.76,54.97,63.98
1300508,3.13,60.93,35.3
1300607,2.7,62.44,61.11
1300631,2.9,53.56,44.05
1300680,4.01,56.6,50.7
1300706,7.49,46.41,40.45
1300805,1.48,61.34,63.01
1300839,0.47,30.47,60.16
1300904,4.33,50.44,48.73
1301001,15.3,73.91,70.74
1301100,6.13,42.85,52.49
1301159,0.71,19.26,21.99
1301209,33.28,18.44,75.52
1301308,36.51,57.82,73.47
1301407,0.54,40.84,58.2
1301506,0.91,16.77,75.17
1301605,1.48,70.89,58.52
1301654,2.99,37.64,65.11
1301704,11.54,73.64,71.37
1301803,2.58,63.3,51.91
1301852,4.23,50.63,81.6
1301902,8.17,70.41,73.88
1301951,0.99,36.18,55.47
1302009,8.73,65.56,79.99
1302108,1.96,58.85,46.51
1302207,22.62,61.72,50.45
1302306,1.28,72.09,57.03
1302405,28.71,14.63,61.27
1302504,13.17,52.41,71.06
1302553,1.53,38.88,40.98
1302603,50.6,76.24,97.34
1302702,1.22,45.67,55.67
1302801,7.41,50.35,47.1
1302900,17.73,54.52,49.27
1303007,4.6,63.5,39.02
1303106,6.27,52.95,62.9
1303205,10.18,69.27,75.49
1303304,14.9,39.52,64.62
1303403,10.0,82.57,72.15
1303502,5.68,1.01,45.3
1303536,31.26,56.92,73.31
1303569,8.48,47.0,55.83
1303601,3.91,43.36,53.14
1303700,1.68,18.47,45.27
1303809,3.32,23.78,53.73
1303908,5.44,42.9,36.34
1303957,0.75,80.83,79.96
1304005,4.11,54.73,45.81
1304062,10.67,45.93,74.13
1304104,5.59,53.59,66.19
1304203,13.97,72.26,81.01
1304237,5.03,20.5,50.59
1304260,1.77,68.79,60.22
1304302,0.82,75.44,72.87
1304401,3.13,65.47,67.63
1400027,6.24,47.93,38.02
1400050,9.78,38.68,31.32
1400100,61.29,93.72,96.24
1400159,6.15,60.23,43.91
1400175,1.47,50.16,31.72
1400209,34.68,62.13,52.97
1400233,11.31,60.51,57.7
1400282,31.76,53.47,44.75
1400308,29.05,64.97,66.49
1400407,0.44,59.36,26.85
1400456,6.39,71.37,52.65
1400472,4.39,48.25,57.65
1400506,4.92,64.46,67.23
1400605,4.42,69.2,69.07
1400704,0.21,54.3,13.6
1500107,4.49,17.36,71.6
1500131,2.5,81.25,85.85
1500206,2.2,24.56,26.74
1500305,2.43,17.82,32.19
1500347,0.2,19.15,56.96
1500404,5.94,19.68,49.25
1500503,17.56,60.16,68.98
1500602,49.09,43.98,82.74
1500701,0.28,6.72,40.9
1500800,31.48,37.33,98.17
1500859,1.97,7.03,50.38
1500909,3.94,50.83,58.68
1500958,0.87,65.33,60.64
1501006,5.68,27.89,24.66
1501105,0.19,43.68,42.94
1501204,2.79,58.5,54.27
1501253,0.23,45.05,48.0
1501303,15.15,31.07,85.55
1501402,59.91,67.13,97.28
1501451,1.12,69.79,62.75
1501501,7.17,70.65,91.95
1501576,1.96,48.39,67.93
1501600,0.55,73.61,62.93
1501709,4.6,31.18,73.29
1501725,5.75,63.81,54.12
1501758,1.55,69.48,60.42
1501782,11.48,28.13,73.26
1501808,0.75,20.07,54.16
1501907,3.44,42.4,33.65
1501956,0.27,32.51,41.89
1502004,5.53,40.99,40.46
1502103,3.97,45.55,55.43
1502152,59.78,66.83,92.87
1502202,5.19,32.3,86.21
1502301,1.98,67.5,71.62
1502400,17.19,43.22,94.72
1502509,0.99,20.37,22.01
1502608,3.03,84.16,65.43
1502707,2.29,32.86,76.65
1502756,2.41,23.03,70.23
1502764,3.03,45.37,55.43
1502772,2.23,64.26,79.8
1502806,0.44,12.43,33.72
1502855,4.84,70.23,44.84
1502905,6.17,87.78,77.65
1502939,3.36,79.74,87.18
1502954,2.43,42.47,59.39
1503002,2.29,78.67,77.91
1503044,0.37,12.51,53.06
1503077,0.92,40.06,62.7
1503093,2.1,14.88,68.62
1503101,0.37,35.57,40.95
1503200,0.99,72.04,80.04
1503309,4.8,17.61,45.93
1503408,0.62,65.23,60.82
1503457,12.9,77.11,69.99
1503507,9.42,61.79,43.17
1503606,4.44,25.52,85.38
1503705,5.44,17.64,61.16
1503754,1.06,39.83,51.42
1503804,10.41,30.98,87.89
1503903,4.05,79.43,64.6
1504000,0.64,26.79,23.83
1504059,5.33,25.04,92.87
1504109,0.52,92.91,82.24
1504208,22.2,39.95,89.54
1504307,4.22,60.01,43.07
1504406,5.52,68.35,65.53
1504422,22.2,51.07,97.66
1504455,5.65,27.08,43.48
1504505,4.06,8.64,30.53
1504604,6.71,40.5,72.29
1504703,1.81,36.24,43.35
1504752,1.02,45.63,43.54
1504802,0.75,30.6,46.6
1504901,1.39,44.47,45.52
1504950,0.43,13.91,62.24
1504976,8.23,17.33,52.61
1505007,7.04,79.71,78.31
1505031,18.29,51.8,85.63
1505064,8.26,10.47,56.32
1505106,1.02,36.29,48.75
1505205,0.28,43.3,44.45
1505304,13.96,49.82,67.03
1505403,1.15,57.9,86.25
1505437,5.88,69.25,82.26
1505486,0.42,3.08,46.27
1505494,0.18,67.14,73.18
1505502,21.34,80.77,91.44
1505536,28.34,70.83,95.37
1505551,1.26,62.47,60.58
1505601,0.71,69.49,78.32
1505635,0.42,6.8,50.96
1505650,0.19,16.03,45.43
1505700,9.33,52.77,59.22
1505809,0.41,7.47,50.62
1505908,4.85,54.22,48.66
1506005,0.66,39.2,39.61
1506104,1.47,79.0,82.11
1506112,3.4,45.71,85.01
1506138,10.11,38.3,94.02
1506161,1.52,24.62,77.69
1506187,3.43,75.62,75.68
1506195,0.46,35.91,64.51
1506203,10.4,75.17,88.88
1506302,5.52,84.4,59.41
1506351,2.93,80.28,79.09
1506401,15.64,84.19,75.49
1506500,8.09,73.97,88.25
1506559,0.81,12.12,66.29
1506583,1.84,16.13,54.58
1506609,7.83,80.18,77.73
1506708,7.57,21.99,81.87
1506807,11.12,49.97,82.23
1506906,1.02,86.69,90.77
1507003,1.95,84.08,79.89
1507102,6.97,61.97,72.24
1507151,1.37,77.69,75.25
1507201,1.03,43.65,40.1
1507300,2.81,13.78,57.83
1507409,13.15,59.47,61.45
1507458,23.29,60.72,74.49
1507466,11.47,85.51,89.08
1507474,2.79,78.7,74.64
1507508,14.12,27.95,39.73
1507607,5.08,49.02,67.6
1507706,2.13,26.3,38.0
1507755,1.58,80.07,91.72
1507805,0.35,41.8,35.66
1507904,1.26,78.34,87.07
1507953,5.18,37.71,85.77
1507961,0.36,78.0,85.07
1507979,12.91,85.31,83.63
1508001,3.73,68.68,69.86
1508035,0.62,31.34,41.95
1508050,0.06,8.83,65.98
1508084,2.26,71.75,83.95
1508100,14.64,84.7,91.57
1508126,10.99,73.04,76.59
1508159,7.62,3.69,56.09
1508209,6.28,45.37,87.85
1508308,4.2,31.87,46.75
1508357,7.54,48.21,72.12
1508407,4.91,36.18,89.63
1600055,38.12,74.19,94.5
1600105,8.27,31.82,84.62
1600154,2.86,40.4,83.53
1600204,0.25,20.73,84.27
1600212,1.04,84.95,88.75
1600238,1.06,61.75,75.17
1600253,0.88,64.44,67.82
1600279,3.75,65.69,90.85
1600303,16.91,44.06,94.76
1600402,4.53,23.81,72.54
1600501,2.14,7.4,80.66
1600535,1.6,8.68,68.72
1600550,0.11,15.22,84.78
1600600,5.04,48.5,91.73
1600709,1.45,32.46,60.83
1600808,5.62,68.96,85.06
1700251,1.08,58.81,60.32
1700301,31.81,86.25,86.25
1700350,1.67,67.39,85.58
1700400,0.43,77.01,77.15
1700707,1.76,79.57,93.98
1701002,43.21,80.83,81.9
1701051,1.23,79.87,72.48
1701101,1.21,72.45,78.54
1701309,0.71,54.85,53.76
1701903,32.8,61.57,68.61
1702000,0.49,63.04,74.38
1702109,28.36,94.99,95.3
1702158,13.76,70.23,86.17
1702208,0.9,75.44,72.03
1702307,4.94,80.22,87.0
1702406,1.02,66.0,67.35
1702554,11.77,90.77,89.92
1702703,1.81,69.91,68.74
1702901,43.81,93.69,77.8
1703008,2.65,53.69,56.26
1703057,0.69,68.3,70.28
1703073,1.54,69.41,72.63
1703107,0.68,80.6,85.23
1703206,0.2,65.39,68.82
1703305,1.12,77.71,79.06
1703602,6.68,74.89,80.99
1703701,15.8,61.85,79.99
1703800,2.91,94.67,90.71
1703826,10.82,86.68,77.43
1703842,0.41,72.55,68.91
1703867,3.52,60.16,74.14
1703883,0.67,62.65,87.42
1703891,2.27,82.11,78.16
1703909,0.49,60.65,65.68
1704105,0.65,65.93,66.06
1704600,0.71,51.51,63.94
1705102,0.58,53.99,55.74
1705508,76.6,91.83,96.29
1705557,0.29,90.47,87.31
1705607,10.04,70.66,70.66
1706001,1.08,56.69,66.78
1706100,0.94,76.04,80.99
1706258,0.59,48.82,68.31
1706506,29.1,75.98,69.65
1707009,4.09,85.85,86.3
1707108,1.46,59.93,74.1
1707207,0.92,46.77,54.19
1707306,0.92,63.04,69.43
1707405,34.79,62.49,69.79
1707553,23.03,70.18,85.68
1707652,2.26,63.45,80.24
1707702,2.15,63.65,62.48
1708205,2.87,64.21,73.73
1708254,0.17,79.13,82.36
1708304,0.53,38.32,70.08
1709005,3.84,73.32,52.22
1709302,51.4,88.27,91.01
1709500,41.44,89.87,97.93
1709807,0.18,57.02,64.48
1710508,34.94,75.15,72.05
1710706,35.82,57.75,58.15
1710904,0.31,24.49,66.41
1711100,0.24,62.29,67.76
1711506,0.57,52.71,56.43
1711803,,48.71,59.84
1711902,1.63,67.33,83.54
1711951,7.12,70.6,71.16
1712009,4.3,69.16,89.95
1712157,0.85,64.68,66.04
1712405,0.81,71.23,57.45
1712454,0.69,76.55,80.11
1712504,0.94,64.99,62.61
1712702,2.1,57.21,66.71
1712801,0.7,68.34,70.54
1713205,3.41,81.71,83.41
1713304,1.14,89.31,89.84
1713601,0.47,50.23,52.31
1713700,1.25,50.68,56.35
1713809,0.64,73.99,65.04
1713957,0.42,57.56,62.73
1714203,0.95,81.31,81.71
1714302,0.52,83.74,79.36
1714880,0.88,74.21,73.19
1715002,0.77,60.67,83.38
1715101,0.68,82.33,77.97
1715150,22.01,76.46,76.04
1715259,0.14,81.39,82.53
1715507,1.76,82.91,84.67
1715705,0.12,48.11,48.47
1715754,0.55,81.09,83.9
1716109,19.74,91.43,96.25
1716208,0.79,55.4,55.31
1716307,1.6,73.54,70.99
1716505,1.86,91.47,90.23
1716604,23.55,58.54,63.63
1716653,,51.41,55.04
1716703,1.56,69.06,80.34
1717008,1.81,63.76,66.24
1717206,0.38,44.89,47.92
1717503,0.25,60.66,62.76
1717800,2.03,58.35,62.66
1717909,0.48,66.49,66.33
1718006,,73.97,74.08
1718204,48.77,85.85,91.15
1718303,25.92,84.56,57.25
1718402,1.03,70.17,86.12
1718451,1.02,69.04,82.55
1718501,0.29,54.94,52.54
1718550,0.64,63.46,64.18
1718659,0.53,81.69,91.9
1718709,0.42,56.09,58.58
1718758,1.08,60.28,57.87
1718808,20.97,82.7,79.19
1718840,8.47,46.22,68.57
1718865,0.38,76.12,81.63
1718881,0.65,66.05,69.2
1718899,0.77,35.13,47.82
1718907,0.96,46.36,66.09
1719004,1.41,73.86,78.66
1720002,,79.14,64.35
1720101,2.05,68.27,66.69
1720150,,67.88,77.13
1720200,0.69,69.74,77.75
1720259,3.15,61.77,64.34
1720309,0.57,91.82,76.92
1720499,0.47,56.11,66.37
1720655,1.74,56.19,82.99
1720804,17.79,78.34,60.46
1720853,0.68,59.73,70.56
1720903,24.39,73.36,72.84
1720937,0.44,80.74,76.47
1720978,33.95,62.12,65.07
1721000,73.26,94.32,98.76
1721109,4.8,66.65,50.3
1721208,31.64,87.23,95.06
1721257,2.58,65.5,69.91
1721307,0.15,58.26,59.59
1722081,0.42,80.77,83.46
1722107,1.91,81.23,83.59
2100055,10.31,91.99,90.49
2100105,5.94,61.15,41.79
2100154,7.11,76.43,45.41
2100204,5.44,45.85,29.12
2100303,7.44,40.32,59.99
2100402,17.69,68.46,73.95
2100436,4.31,78.97,73.26
2100477,1.1,78.32,69.64
2100501,27.64,73.13,71.04
2100550,1.48,75.41,68.35
2100600,1.41,70.85,49.48
2100709,0.49,53.17,37.96
2100808,0.18,58.68,38.96
2100832,0.1,90.82,47.7
2100873,0.56,47.29,49.56
2100907,0.18,42.83,34.75
2100956,0.63,56.29,43.11
2101004,4.46,62.39,58.84
2101103,0.63,53.08,32.0
2101202,22.73,81.41,79.93
2101251,2.51,85.95,80.49
2101301,0.82,83.38,29.03
2101350,0.4,76.12,12.4
2101400,11.91,79.3,88.06
2101509,1.43,53.87,64.26
2101608,3.41,57.64,67.63
2101707,8.03,26.15,50.93
2101731,0.1,55.7,29.18
2101772,0.83,90.92,63.49
2101806,2.05,84.28,72.78
2101905,0.18,41.15,21.13
2101939,2.27,53.85,66.5
2101970,0.47,38.82,77.96
2102002,6.4,71.48,59.9
2102036,1.73,75.53,67.95
2102077,8.12,50.76,39.86
2102101,1.22,30.98,23.76
2102150,0.79,73.24,37.72
2102200,0.07,19.45,27.5
2102309,0.48,78.95,65.98
2102325,8.94,67.7,75.08
2102358,0.22,81.46,71.14
2102374,0.11,15.29,33.27
2102408,0.32,74.34,19.4
2102507,0.33,31.55,23.93
2102556,17.39,90.88,91.32
2102606,0.14,38.01,46.73
2102705,1.71,54.45,56.98
2102754,0.61,82.84,76.0
2102804,23.81,72.51,73.56
2102903,3.72,34.08,76.56
2103000,19.34,77.84,72.05
2103109,0.84,98.35,40.39
2103125,0.18,70.95,50.18
2103158,0.64,73.71,58.21
2103174,0.11,27.42,61.93
2103208,0.87,45.94,67.88
2103257,4.32,79.51,69.47
2103307,13.48,79.12,73.16
2103406,3.71,86.24,73.85
2103505,1.47,74.17,60.96
2103554,2.36,78.68,42.48
2103604,7.64,73.15,61.07
2103703,3.27,75.81,65.8
2103752,9.39,93.67,84.81
2103802,9.23,77.75,74.74
2103901,0.62,38.76,42.87
2104008,5.06,82.74,66.43
2104057,7.93,74.43,77.09
2104073,0.28,41.99,45.97
2104081,6.63,72.11,33.58
2104099,0.59,44.34,34.59
2104107,0.28,55.87,64.02
2104206,3.15,88.16,56.64
2104305,0.57,83.66,77.42
2104404,1.97,70.24,46.19
2104503,3.17,91.78,72.43
2104552,4.37,84.55,80.83
2104602,0.25,89.05,47.37
2104628,0.41,94.19,63.11
2104651,2.14,57.7,59.62
2104677,6.16,64.58,70.69
2104701,1.11,95.85,45.9
2104800,2.34,72.99,69.2
2104909,0.4,70.31,50.09
2105005,2.58,34.77,41.21
2105104,3.28,29.46,28.96
2105153,6.15,85.07,61.02
2105203,12.35,59.78,82.62
2105302,46.6,85.98,96.48
2105351,3.7,79.14,52.24
2105401,12.01,59.23,61.42
2105427,1.11,85.65,82.07
2105450,0.88,62.02,21.71
2105476,10.32,44.31,18.75
2105500,3.23,82.91,72.65
2105609,1.37,47.83,61.67
2105658,1.4,42.7,71.31
2105708,3.26,27.59,78.65
2105807,6.0,51.31,48.17
2105906,1.63,57.06,38.9
2105922,0.47,72.62,43.92
2105948,1.14,42.32,69.5
2105963,0.92,79.98,61.76
2105989,1.79,64.65,63.71
2106003,19.27,76.17,67.26
2106102,1.0,60.57,78.4
2106201,0.8,40.76,78.16
2106300,0.95,87.26,61.77
2106326,0.2,33.7,87.18
2106359,0.21,12.36,23.31
2106375,2.53,50.51,71.41
2106409,5.04,42.04,33.06
2106508,0.37,40.53,38.85
2106607,1.99,81.13,43.51
2106631,7.4,48.86,45.73
2106672,,34.74,15.96
2106706,1.38,54.34,50.02
2106755,11.48,63.88,84.61
2106805,13.68,64.22,60.23
2106904,1.26,64.61,36.78
2107001,1.39,68.63,56.65
2107100,0.39,32.54,39.01
2107209,1.11,44.55,47.05
2107258,0.14,57.64,52.21
2107308,29.09,51.12,62.97
2107357,1.28,35.05,71.17
2107407,2.56,62.49,72.34
2107456,3.39,54.7,51.41
2107506,42.38,77.8,85.2
2107605,2.29,58.14,27.82
2107704,4.33,70.0,77.19
2107803,23.25,74.82,40.1
2107902,1.06,83.91,62.42
2108009,0.25,70.92,67.84
2108058,0.09,25.15,43.41
2108108,1.59,27.7,65.55
2108207,28.33,84.51,92.04
2108256,0.29,20.29,32.39
2108306,0.69,40.56,47.75
2108405,0.48,38.92,29.4
2108454,1.05,57.31,62.21
2108504,20.32,66.58,65.27
2108603,2.81,34.68,63.19
2108702,8.5,58.52,56.65
2108801,0.67,49.52,57.12
2108900,13.29,43.7,56.48
2109007,7.35,85.35,82.04
2109056,0.48,89.75,37.8
2109106,8.84,79.14,84.87
2109205,0.28,35.08,33.31
2109239,0.87,86.08,76.48
2109270,4.26,32.21,46.53
2109304,2.76,25.97,45.1
2109403,0.33,45.31,24.67
2109452,7.48,86.15,83.99
2109502,0.27,58.12,61.6
2109551,12.24,68.56,66.67
2109601,5.01,54.35,69.32
2109700,0.48,37.28,59.38
2109759,0.5,94.9,41.48
2109809,0.41,21.61,61.65
2109908,26.3,85.43,90.68
2110005,6.04,67.62,68.02
2110039,0.36,55.33,83.64
2110104,2.42,58.59,45.42
2110203,1.02,46.35,57.08
2110237,5.59,80.12,24.73
2110278,0.25,4.25,32.96
2110302,13.0,77.8,66.17
2110401,0.5,28.45,47.16
2110500,0.82,60.18,60.63
2110609,1.16,42.64,45.43
2110658,0.36,67.99,84.84
2110708,4.09,81.85,58.92
2110807,0.14,37.95,44.95
2110856,0.32,70.85,74.8
2110906,0.16,54.65,31.25
2111003,0.1,43.47,22.02
2111029,1.03,78.56,62.36
2111052,0.75,65.14,59.56
2111078,1.75,75.5,35.05
2111102,1.85,78.25,78.28
2111201,32.27,75.63,93.76
2111250,0.62,91.65,55.46
2111300,53.64,68.08,96.25
2111409,18.9,62.37,48.27
2111508,9.37,52.23,73.77
2111532,2.54,82.65,87.07
2111573,6.96,60.27,56.11
2111607,3.59,69.04,80.38
2111631,0.18,84.33,69.02
2111672,2.86,77.88,68.57
2111706,0.27,42.66,24.91
2111722,1.35,81.92,38.82
2111748,,70.47,46.81
2111763,16.13,84.78,78.22
2111789,1.43,70.04,1.68
2111805,2.31,49.47,39.93
2111904,2.43,68.08,57.6
2111953,0.57,77.71,45.79
2112001,26.54,78.47,76.0
2112100,3.25,52.12,58.81
2112209,21.75,91.96,83.2
2112233,20.68,83.43,88.53
2112274,5.49,78.94,40.2
2112308,11.98,79.0,66.61
2112407,0.32,36.57,39.87
2112456,0.51,31.19,64.37
2112506,2.73,58.16,56.81
2112605,0.76,44.06,47.89
2112704,5.85,41.31,56.73
2112803,7.43,29.14,56.6
2112852,1.51,75.21,80.19
2112902,1.26,74.53,63.65
2113009,1.33,51.8,67.48
2114007,5.06,58.9,74.77
2200053,0.09,25.5,35.97
2200103,5.57,97.5,81.13
2200202,26.04,91.99,97.31
2200251,15.88,54.49,60.74
2200277,0.69,61.0,71.16
2200301,0.94,63.3,48.98
2200400,15.23,63.92,71.26
2200459,0.54,63.83,40.36
2200509,4.76,79.14,50.33
2200608,1.22,85.04,86.51
2200707,1.19,59.64,63.09
2200806,18.85,94.04,81.83
2200905,4.13,67.47,68.24
2200954,0.43,63.94,61.81
2201002,2.02,90.8,58.12
2201051,2.3,79.63,39.67
2201101,0.19,64.54,64.43
2201150,15.4,83.49,61.86
2201176,0.14,96.79,64.66
2201200,0.82,62.77,48.87
2201309,1.38,68.15,58.06
2201408,2.2,85.03,76.11
2201507,0.92,64.92,45.33
2201556,0.89,96.51,62.45
2201572,0.8,60.57,66.05
2201606,23.3,80.54,61.14
2201705,0.17,89.79,70.05
2201739,0.05,,36.96
2201770,0.91,88.95,38.23
2201804,13.06,94.29,74.0
2201903,23.43,86.3,82.88
2201919,0.11,84.77,54.26
2201929,,15.41,29.86
2201945,0.57,93.08,67.8
2201960,0.74,67.55,83.76
2201988,0.07,58.61,39.29
2202000,2.55,67.45,73.02
2202026,0.34,84.93,71.82
2202059,12.25,46.66,22.51
2202075,,93.41,38.97
2202083,0.16,3.08,71.76
2202091,0.05,,42.7
2202109,4.12,40.99,44.33
2202117,1.0,36.63,30.75
2202133,6.77,42.01,70.52
2202174,0.14,69.27,26.54
2202208,9.0,84.04,81.1
2202251,17.41,70.78,48.31
2202307,8.92,70.62,64.41
2202406,0.77,68.51,70.5
2202455,2.62,33.43,39.92
2202505,0.18,18.75,49.4
2202539,0.1,66.89,40.13
2202554,2.8,56.5,55.57
2202604,2.15,67.73,70.41
2202653,0.62,79.3,52.66
2202703,0.65,52.31,45.58
2202711,1.09,82.41,60.7
2202729,0.27,67.69,30.95
2202737,0.23,57.5,50.35
2202752,1.07,82.55,83.62
2202778,1.73,80.46,52.37
2202802,2.05,69.79,59.3
2202851,,30.51,45.25
2202901,12.64,75.57,64.19
2203008,1.65,16.25,46.94
2203107,4.31,75.8,70.65
2203206,0.99,68.74,66.47
2203230,2.0,84.83,38.07
2203255,,88.97,61.56
2203271,0.06,28.51,47.24
2203305,19.73,87.22,82.75
2203354,0.84,30.34,39.27
2203404,0.72,89.26,95.44
2203420,0.68,50.99,45.22
2203453,0.03,15.39,32.2
2203503,10.97,80.05,73.26
2203602,2.93,92.63,76.86
2203701,4.01,78.53,63.2
2203750,0.29,23.35,25.53
2203800,0.45,79.64,67.13
2203859,3.13,88.28,46.52
2203909,23.42,88.41,89.23
2204006,0.37,83.38,76.51
2204105,0.26,93.63,49.08
2204154,0.1,53.24,50.49
2204204,4.9,60.74,59.65
2204303,39.35,68.42,70.51
2204352,0.31,86.96,84.16
2204402,0.56,66.5,65.08
2204501,56.47,91.16,90.38
2204550,0.38,55.52,32.14
2204600,4.13,88.29,93.93
2204659,21.92,87.94,89.31
2204709,1.13,91.65,79.49
2204808,16.78,87.92,66.34
2204907,19.57,45.79,36.39
2205003,7.92,62.09,42.14
2205102,2.42,59.36,60.77
2205151,0.05,44.94,47.34
2205201,6.7,39.01,56.24
2205250,1.82,94.48,46.96
2205276,0.61,61.83,35.19
2205300,2.28,76.76,64.77
2205359,5.23,77.97,32.39
2205409,9.23,72.67,37.96
2205458,0.12,69.67,36.03
2205508,12.59,65.31,63.95
2205516,0.06,74.2,46.25
2205524,,56.07,47.86
2205532,0.26,44.55,42.85
2205540,1.58,97.63,88.13
2205557,7.07,40.62,36.2
2205565,3.02,28.42,35.39
2205573,0.4,69.44,31.61
2205581,1.82,86.61,63.73
2205599,0.76,89.75,52.31
2205607,4.57,84.89,83.28
2205706,0.82,49.22,52.33
2205805,1.83,60.38,63.09
2205854,0.44,68.39,46.95
2205904,0.69,74.26,68.77
2205953,0.14,0.25,87.88
2206001,12.43,93.79,87.9
2206050,8.04,32.61,27.67
2206100,1.22,62.87,41.66
2206209,2.9,51.92,32.86
2206308,1.23,66.01,65.27
2206357,0.05,58.98,37.65
2206407,3.56,81.05,62.45
2206506,9.26,51.74,67.6
2206605,0.49,76.41,42.53
2206654,,12.15,42.47
2206670,0.72,77.05,44.47
2206696,9.99,55.39,42.11
2206704,0.34,83.61,54.21
2206720,1.04,73.48,45.37
2206753,0.53,57.77,45.91
2206803,0.55,55.59,35.03
2206902,0.04,94.24,58.58
2206951,2.69,61.59,39.6
2207009,35.98,88.62,73.02
2207108,0.67,64.77,61.3
2207207,0.68,56.83,56.19
2207306,4.07,78.57,62.16
2207355,1.73,63.54,58.89
2207405,0.12,73.88,38.15
2207504,1.21,81.08,49.07
2207553,0.39,52.94,70.05
2207603,2.77,57.48,46.97
2207702,31.21,91.85,94.44
2207751,36.37,80.95,61.25
2207777,8.92,56.34,45.54
2207793,4.97,58.53,22.88
2207801,3.22,64.33,65.26
2207850,1.77,73.61,51.77
2207900,2.24,65.3,70.73
2207934,0.25,69.83,44.95
2207959,0.15,62.32,31.41
2208007,51.26,87.22,96.32
2208106,0.23,79.81,47.74
2208205,13.09,36.52,57.24
2208304,4.89,68.27,77.11
2208403,14.28,80.63,85.13
2208502,28.61,63.95,60.78
2208551,37.89,70.83,69.79
2208601,0.09,89.18,83.13
2208650,0.24,25.75,33.34
2208700,0.78,92.85,55.03
2208809,3.46,61.22,75.81
2208858,1.16,63.47,55.57
2208874,0.5,63.01,63.37
2208908,35.1,75.03,69.45
2209005,0.19,92.01,62.98
2209104,3.45,69.78,74.7
2209153,1.1,87.47,79.93
2209203,6.01,44.95,64.23
2209302,0.41,77.25,75.03
2209351,4.21,97.86,91.57
2209377,,92.97,76.77
2209401,1.77,86.19,81.26
2209450,1.82,59.24,61.55
2209500,3.75,76.82,65.12
2209559,0.2,1.51,53.13
2209609,0.19,72.69,83.19
2209658,0.11,43.29,36.66
2209708,2.64,78.0,52.79
2209757,1.18,86.44,47.36
2209807,0.77,94.45,88.9
2209856,0.83,94.5,59.68
2209872,17.29,47.02,60.8
2209906,3.09,56.86,67.62
2209955,0.34,94.29,35.31
2209971,0.51,92.34,50.32
2210003,6.06,85.72,77.42
2210052,2.46,70.58,86.46
2210102,,67.82,70.58
2210201,0.35,95.45,83.03
2210300,1.78,76.81,75.44
2210359,0.4,32.08,33.15
2210375,0.6,98.56,58.41
2210383,8.67,84.26,66.54
2210391,6.77,70.25,56.18
2210409,5.12,75.31,55.95
2210508,0.57,86.82,80.52
2210607,10.84,69.22,69.28
2210623,0.2,43.79,39.71
2210631,1.73,77.69,50.94
2210656,0.18,61.27,57.28
2210706,32.9,48.09,54.95
2210805,14.83,83.31,72.47
2210904,2.27,69.61,55.41
2210938,1.41,87.79,91.66
2210953,0.1,82.29,47.16
2210979,0.11,91.15,75.17
2211001,40.17,94.15,95.99
2211100,31.29,56.85,50.43
2211209,9.56,87.76,77.97
2211308,1.97,91.68,82.74
2211357,0.66,21.97,28.0
2211407,0.43,83.24,72.78
2211506,1.47,69.53,46.52
2211605,0.37,37.69,59.19
2211704,7.34,80.06,46.65
2300101,3.0,52.07,50.93
2300150,32.28,86.39,90.7
2300200,8.31,67.63,70.25
2300309,28.71,64.51,62.78
2300408,17.02,60.88,59.44
2300507,22.09,47.91,81.19
2300606,16.7,92.35,91.19
2300705,23.65,79.93,69.47
2300754,7.91,48.85,49.07
2300804,47.49,85.81,83.73
2300903,10.91,78.67,72.82
2301000,14.88,26.37,90.23
2301109,26.49,78.9,88.49
2301208,7.53,71.14,87.09
2301257,0.51,88.26,58.41
2301307,23.27,61.09,63.93
2301406,19.42,30.68,64.63
2301505,18.08,64.79,63.68
2301604,11.97,64.2,69.26
2301703,12.46,57.68,58.3
2301802,13.23,74.24,67.88
2301851,32.61,85.46,58.48
2301901,20.38,70.04,88.86
2301950,15.21,59.44,80.14
2302008,16.02,66.82,70.17
2302057,14.91,70.18,71.02
2302107,43.32,72.34,84.08
2302206,9.35,27.79,75.31
2302305,22.99,63.77,53.25
2302404,42.86,71.38,62.11
2302503,59.62,82.36,79.93
2302602,43.28,85.47,76.92
2302701,28.86,75.17,78.07
2302800,26.47,65.42,68.31
2302909,8.22,53.42,64.63
2303006,3.88,74.9,74.84
2303105,26.2,90.16,78.54
2303204,5.46,66.7,63.0
2303303,4.04,58.74,72.21
2303402,1.19,85.48,89.51
2303501,4.35,51.3,83.86
2303600,29.96,69.16,67.19
2303659,18.39,72.47,64.42
2303709,47.36,80.21,93.48
2303808,14.24,86.06,68.1
2303907,0.33,74.09,77.74
2303931,5.53,47.21,27.77
2303956,0.71,57.27,80.08
2304004,17.98,81.04,68.33
2304103,50.49,78.5,80.55
2304202,43.32,89.4,91.54
2304236,15.81,95.97,90.25
2304251,2.37,83.42,75.65
2304269,1.5,71.35,61.96
2304277,2.09,72.46,66.46
2304285,34.83,78.17,99.5
2304301,14.98,75.88,79.73
2304350,64.38,93.25,85.51
2304400,71.72,90.74,99.62
2304459,2.73,58.3,89.1
2304509,17.99,76.94,79.39
2304608,13.36,85.91,69.81
2304657,8.26,63.87,60.95
2304707,9.09,54.84,49.84
2304806,23.44,80.39,69.61
2304905,40.33,93.17,81.09
2304954,18.13,87.06,91.38
2305001,12.45,89.6,86.62
2305100,16.86,35.18,92.07
2305209,3.75,65.32,68.93
2305233,24.72,75.01,97.63
2305266,3.73,54.89,48.92
2305308,5.72,58.56,89.14
2305332,24.42,77.17,74.5
2305357,1.67,85.54,95.17
2305407,33.85,73.46,63.52
2305506,34.28,86.37,87.79
2305605,31.46,59.6,47.9
2305654,2.23,72.67,76.21
2305704,29.49,69.3,72.94
2305803,16.07,71.36,83.05
2305902,16.93,88.86,59.19
2306009,30.51,87.26,82.17
2306108,33.29,74.83,77.78
2306207,0.64,82.07,96.91
2306256,8.84,95.06,98.27
2306306,30.49,76.74,86.61
2306405,31.91,68.47,71.35
2306504,5.77,63.4,62.47
2306553,7.68,56.77,61.8
2306603,16.54,51.48,53.44
2306702,6.53,71.8,54.38
2306801,62.57,92.56,85.0
2306900,62.38,90.18,72.16
2307007,13.43,81.65,92.04
2307106,31.25,46.88,56.23
2307205,28.66,71.98,83.09
2307254,19.64,79.26,83.92
2307304,41.32,94.16,97.37
2307403,22.92,79.71,76.33
2307502,30.46,69.63,65.2
2307601,36.17,91.42,94.27
2307635,13.12,60.84,69.14
2307650,53.53,96.95,98.76
2307700,31.89,87.83,94.51
2307809,11.86,80.18,83.75
2307908,4.65,72.63,68.69
2308005,29.59,76.81,81.5
2308104,12.16,64.67,68.38
2308203,7.9,58.0,83.13
2308302,27.69,60.43,60.39
2308351,23.39,56.46,60.06
2308377,3.66,71.31,71.12
2308401,7.69,78.45,62.86
2308500,37.74,57.36,59.31
2308609,13.45,66.83,64.8
2308708,17.59,88.09,74.18
2308807,20.18,69.89,68.01
2308906,24.37,67.28,69.33
2309003,22.77,79.84,83.54
2309102,29.62,48.35,87.58
2309201,44.59,74.58,87.41
2309300,32.89,87.84,85.56
2309409,28.55,90.99,72.82
2309458,5.62,85.64,80.3
2309508,42.81,91.06,84.63
2309607,5.45,61.53,93.47
2309706,62.38,96.27,96.09
2309805,27.35,47.17,91.15
2309904,35.29,82.26,83.77
2310001,8.51,82.59,62.07
2310100,14.86,59.74,70.6
2310209,12.55,27.75,90.24
2310258,24.62,62.5,79.96
2310308,30.51,48.38,53.87
2310407,12.65,65.4,60.66
2310506,36.66,54.46,65.63
2310605,63.34,81.98,86.4
2310704,25.82,80.51,68.14
2310803,8.52,51.6,56.24
2310852,5.38,27.33,91.04
2310902,7.83,79.69,63.83
2310951,1.29,59.61,76.97
2311009,23.35,71.9,64.95
2311108,23.86,79.95,56.1
2311207,6.22,71.69,70.03
2311231,13.14,50.12,80.43
2311264,16.89,61.51,52.49
2311306,48.5,76.15,78.98
2311355,28.79,75.89,46.57
2311405,48.82,76.63,67.44
2311504,7.46,91.95,92.96
2311603,5.34,78.23,84.2
2311702,2.43,76.85,72.99
2311801,26.98,80.85,91.28
2311900,15.92,55.83,59.32
2311959,5.81,30.35,43.1
2312007,36.96,67.36,51.16
2312106,18.79,59.17,65.51
2312205,29.56,70.37,67.91
2312304,26.81,79.53,89.29
2312403,28.71,44.04,90.81
2312502,27.16,86.88,61.58
2312601,19.74,75.76,79.22
2312700,43.3,78.53,69.71
2312809,3.96,71.1,76.59
2312908,74.7,93.8,94.62
2313005,18.45,79.47,57.59
2313104,18.61,75.17,78.65
2313203,16.63,71.56,63.33
2313252,10.6,52.65,73.69
2313302,26.54,69.08,73.03
2313351,9.08,77.48,67.96
2313401,35.07,82.98,86.37
2313500,4.82,34.66,72.0
2313559,1.3,88.54,70.06
2313609,20.96,68.24,87.67
2313708,25.77,62.64,73.98
2313757,10.02,78.85,66.92
2313807,23.03,75.0,87.78
2313906,21.87,72.62,65.03
2313955,14.3,86.47,94.02
2314003,37.65,73.86,72.48
2314102,5.68,56.94,47.3
2400109,84.17,85.12,91.81
2400208,2.63,78.55,89.81
2400307,36.34,53.36,84.09
2400406,0.81,60.95,88.4
2400505,63.02,72.96,76.78
2400604,7.58,56.26,75.09
2400703,6.44,87.81,97.96
2400802,13.83,92.96,90.0
2400901,23.36,42.28,67.16
2401008,4.81,57.35,72.07
2401107,33.4,83.69,96.71
2401206,17.42,77.79,91.1
2401305,3.56,59.17,64.21
2401404,4.6,77.45,94.24
2401453,1.21,76.02,79.54
2401503,4.18,84.94,83.72
2401602,1.29,86.03,75.98
2401651,8.5,81.83,65.23
2401701,7.79,96.76,86.69
2401800,28.71,82.27,89.85
2401859,27.33,48.94,94.74
2401909,25.14,90.38,86.67
2402006,74.29,93.35,93.94
2402105,41.02,58.96,78.11
2402204,2.77,87.09,94.46
2402303,11.44,74.44,81.6
2402402,42.96,78.96,94.79
2402501,26.87,82.1,90.07
2402600,25.37,85.77,80.95
2402709,23.56,69.16,67.1
2402808,16.62,56.19,72.92
2402907,3.54,33.29,73.38
2403004,72.82,78.64,87.47
2403103,73.96,81.1,92.78
2403202,29.46,69.13,48.65
2403251,16.18,95.62,99.64
2403301,13.05,69.83,69.83
2403400,45.51,74.18,85.15
2403509,16.45,57.07,92.13
2403608,5.56,87.84,95.05
2403707,0.78,72.87,74.22
2403756,3.23,86.61,90.69
2403806,63.42,82.58,82.25
2403905,13.88,62.11,72.14
2404002,0.92,76.78,83.45
2404101,1.44,14.42,96.96
2404200,38.42,77.52,97.27
2404309,0.42,58.12,55.83
2404408,1.54,78.32,98.46
2404507,27.75,29.79,97.39
2404606,13.3,54.82,71.7
2404705,1.19,70.23,85.89
2404804,77.09,93.05,92.66
2404853,4.46,88.99,94.0
2404903,23.53,96.95,93.79
2405009,25.91,61.05,83.76
2405108,1.34,76.05,95.65
2405207,30.82,78.65,82.02
2405306,16.08,83.04,70.35
2405405,41.55,80.74,83.39
2405504,0.63,51.82,49.56
2405603,26.16,80.79,85.71
2405702,72.76,90.04,90.71
2405801,31.49,76.93,81.5
2405900,19.36,32.76,64.85
2406007,7.52,80.25,81.51
2406106,37.98,81.01,77.42
2406155,0.32,31.65,89.16
2406205,1.0,89.57,85.6
2406304,0.12,56.97,68.7
2406403,0.58,94.25,92.29
2406502,23.05,81.16,67.7
2406601,0.53,77.84,70.12
2406700,57.27,83.0,93.55
2406809,29.86,71.02,76.99
2406908,56.92,61.17,99.25
2407005,9.76,58.96,71.49
2407104,10.33,84.85,93.58
2407203,58.7,73.75,96.0
2407252,25.06,98.66,94.28
2407302,29.57,68.82,66.07
2407401,2.4,72.37,90.27
2407500,1.0,72.79,91.02
2407609,27.44,64.11,92.6
2407708,0.88,89.92,86.4
2407807,10.54,86.26,88.83
2407906,39.57,76.88,77.89
2408003,53.67,91.56,95.88
2408102,45.29,98.29,99.34
2408201,4.58,63.89,92.88
2408300,39.69,81.38,86.28
2408409,13.72,87.21,80.84
2408508,57.8,74.18,74.97
2408607,3.63,47.88,84.71
2408706,30.32,78.32,88.59
2408805,44.71,73.19,79.29
2408904,74.43,81.84,92.6
2408953,2.4,90.22,90.44
2409100,53.79,78.48,90.93
2409209,2.04,55.15,89.14
2409308,16.1,67.62,86.9
2409332,6.75,63.31,79.69
2409407,48.77,89.11,95.5
2409506,0.82,72.46,95.43
2409605,1.67,40.64,47.95
2409704,40.46,61.43,76.26
2409803,35.52,89.9,83.39
2409902,63.39,88.25,98.74
2410009,52.92,87.08,93.3
2410108,14.81,87.74,71.65
2410207,0.6,59.91,61.7
2410256,2.13,47.61,88.83
2410306,31.04,89.84,83.36
2410405,2.84,41.69,60.79
2410504,1.54,35.66,88.93
2410603,0.37,64.11,68.41
2410702,43.99,88.09,92.27
2410801,7.78,27.94,52.95
2410900,52.07,80.09,92.75
2411007,59.88,92.56,92.69
2411056,3.53,39.28,99.08
2411106,1.19,78.99,64.13
2411205,79.65,87.53,84.75
2411403,47.61,66.4,60.63
2411429,69.6,56.57,89.79
2411502,28.71,59.54,88.33
2411601,2.49,72.37,81.07
2411700,59.07,69.42,68.65
2411809,71.66,85.35,77.05
2411908,3.11,83.04,89.12
2412005,33.45,95.93,98.12
2412104,46.5,85.9,89.32
2412203,5.35,55.92,89.24
2412302,28.91,89.35,89.75
2412401,64.36,57.05,89.52
2412500,7.29,37.82,83.96
2412559,35.05,69.16,60.16
2412609,55.9,86.84,92.39
2412708,6.6,78.08,75.48
2412807,57.83,82.52,80.29
2412906,26.65,68.83,62.73
2413003,61.89,85.23,70.95
2413102,4.56,93.28,72.78
2413201,2.0,86.09,96.8
2413300,5.75,78.07,83.57
2413359,0.5,57.66,84.57
2413409,70.6,74.31,74.15
2413508,3.16,67.13,66.99
2413557,0.3,81.74,74.6
2413607,9.68,88.5,89.36
2413706,29.47,73.1,70.11
2413805,24.15,83.74,88.11
2413904,16.83,66.79,62.61
2414001,54.67,95.23,88.78
2414100,29.86,80.12,80.04
2414159,5.36,84.93,72.79
2414209,23.32,77.38,97.76
2414308,26.9,85.78,87.2
2414407,11.67,84.63,70.12
2414456,14.27,77.39,68.79
2414506,5.17,86.28,86.74
2414605,17.21,71.7,62.78
2414704,11.1,85.41,88.78
2414753,6.49,67.35,68.63
2414803,2.22,77.37,94.96
2414902,95.13,95.6,98.11
2415008,4.66,91.59,98.18
2500106,36.67,60.54,71.01
2500205,45.37,55.17,58.77
2500304,49.41,75.63,78.85
2500403,41.71,39.48,61.22
2500502,15.01,72.43,78.4
2500536,4.55,,69.73
2500577,15.39,,59.71
2500601,12.02,85.04,87.31
2500700,35.3,44.07,66.36
2500734,26.01,68.69,63.01
2500775,16.71,64.05,79.73
2500809,8.08,68.07,59.94
2500908,65.11,44.31,80.41
2501005,37.64,32.63,80.17
2501104,37.13,65.19,72.16
2501153,39.52,52.9,51.71
2501203,56.42,27.01,80.56
2501302,26.43,27.93,52.66
2501351,41.79,61.08,83.58
2501401,1.29,97.64,49.64
2501500,5.44,27.63,71.11
2501534,51.65,0.46,83.17
2501575,7.96,5.65,36.35
2501609,58.79,56.56,67.81
2501708,12.49,60.33,73.92
2501807,19.55,96.97,96.82
2501906,75.93,84.4,88.04
2502003,58.38,55.62,82.44
2502052,0.36,79.54,83.99
2502102,31.39,68.15,76.23
2502151,30.51,62.98,60.51
2502201,8.57,63.73,76.52
2502300,35.59,52.75,58.9
2502409,64.32,74.38,78.32
2502508,62.09,78.28,77.74
2502607,44.91,79.33,78.78
2502706,62.46,60.37,83.78
2502805,77.03,78.39,82.31
2502904,24.77,81.99,89.35
2503001,16.62,86.57,89.3
2503100,33.08,42.19,48.69
2503209,24.83,98.8,98.66
2503308,20.59,45.15,55.27
2503407,32.62,51.06,57.54
2503506,20.55,47.36,77.24
2503555,35.01,27.41,49.89
2503605,59.21,74.8,78.65
2503704,53.67,83.03,86.42
2503753,27.18,66.14,53.79
2503803,3.52,82.48,85.06
2503902,25.71,58.03,60.59
2504009,87.51,98.0,97.47
2504033,5.01,36.55,88.56
2504074,50.17,55.26,67.03
2504108,9.81,70.69,95.09
2504157,46.68,22.55,64.55
2504207,38.71,64.19,64.74
2504306,53.9,75.9,87.86
2504355,12.38,32.63,85.68
2504405,41.74,62.31,65.59
2504504,48.97,78.29,75.03
2504603,1.9,52.65,85.88
2504702,66.56,79.35,73.35
2504801,72.47,89.3,87.59
2504850,39.1,85.83,50.68
2504900,27.73,55.89,47.09
2505006,37.57,64.71,67.64
2505105,10.79,1.0,73.54
2505204,27.93,91.31,95.04
2505238,0.57,48.67,60.7
2505279,0.17,59.07,23.54
2505303,24.49,63.06,62.38
2505352,9.79,1.68,69.52
2505402,42.61,60.1,68.54
2505501,33.42,58.48,84.71
2505600,34.62,69.67,63.71
2505709,12.09,0.47,69.28
2505808,35.51,78.73,83.79
2505907,69.4,76.18,76.8
2506004,58.93,16.68,79.75
2506103,13.56,45.11,52.46
2506202,66.91,65.99,76.87
2506251,2.15,0.4,32.16
2506301,65.0,92.74,94.28
2506400,2.29,58.57,71.31
2506509,61.57,69.69,72.05
2506608,25.68,72.53,73.48
2506707,37.44,45.83,58.27
2506806,8.49,69.13,79.2
2506905,28.35,75.43,87.94
2507002,64.73,75.23,82.03
2507101,12.68,53.62,67.12
2507200,25.34,61.77,75.72
2507309,9.11,70.93,71.55
2507408,41.9,62.19,82.61
2507507,70.33,93.51,99.33
2507606,11.4,69.1,77.06
2507705,46.95,50.04,59.09
2507804,62.56,6.5,75.56
2507903,22.5,76.66,96.71
2508000,48.53,62.03,64.18
2508109,32.33,56.59,62.43
2508208,12.17,44.37,75.1
2508307,35.0,56.37,79.04
2508406,8.22,47.79,74.1
2508505,38.18,54.26,56.53
2508554,35.72,70.2,89.13
2508604,1.37,73.04,87.07
2508703,54.27,66.06,70.14
2508802,83.59,89.09,89.58
2508901,19.8,63.27,90.38
2509008,30.58,65.42,64.94
2509057,2.39,71.83,50.51
2509107,1.54,62.5,87.5
2509156,39.4,89.86,89.22
2509206,21.32,59.37,66.87
2509305,2.39,95.0,90.86
2509339,10.69,18.21,23.92
2509370,51.94,46.85,58.23
2509396,42.47,40.69,76.27
2509404,4.21,33.34,68.18
2509503,50.23,28.7,86.83
2509602,66.82,62.49,62.68
2509701,61.03,63.43,66.82
2509800,11.2,64.79,66.6
2509909,18.14,43.8,58.6
2510006,24.96,51.19,52.14
2510105,0.92,2.54,93.65
2510204,8.73,64.47,65.23
2510303,61.92,43.07,67.62
2510402,52.67,64.54,63.17
2510501,41.37,54.59,60.58
2510600,29.2,63.21,71.52
2510659,21.89,39.29,51.86
2510709,57.67,71.28,82.67
2510808,82.61,94.95,95.03
2510907,35.32,54.64,60.02
2511004,47.52,73.92,68.79
2511103,41.83,45.38,46.79
2511202,18.07,42.33,73.52
2511301,42.37,65.66,71.96
2511400,63.2,44.19,75.95
2511509,4.24,60.21,79.96
2511608,9.45,30.85,60.8
2511707,25.91,56.76,67.76
2511806,55.47,77.07,81.22
2511905,6.87,67.54,84.01
2512002,43.71,67.03,69.07
2512036,16.29,11.51,66.09
2512077,35.31,29.93,66.07
2512101,69.78,85.08,83.78
2512200,40.27,64.08,70.59
2512309,60.77,73.29,83.81
2512408,10.91,61.89,77.28
2512507,47.15,73.75,85.42
2512606,47.74,50.35,60.63
2512705,66.54,8.12,85.35
2512721,0.87,60.37,62.58
2512747,24.02,14.07,61.91
2512754,12.96,44.4,76.39
2512762,,9.52,51.03
2512788,47.95,0.3,78.39
2512804,42.37,43.08,58.37
2512903,17.1,75.76,74.13
2513000,24.05,18.83,55.86
2513109,2.14,45.49,60.93
2513158,3.74,,54.39
2513208,40.57,62.98,78.03
2513307,45.81,61.16,74.25
2513356,13.43,46.74,49.48
2513406,87.39,83.53,90.0
2513505,28.65,49.81,49.2
2513604,16.12,59.76,62.02
2513653,39.54,49.14,93.83
2513703,7.23,85.37,95.45
2513802,55.32,59.76,62.11
2513851,0.5,26.08,47.14
2513901,74.25,82.49,89.91
2513927,57.61,73.04,73.91
2513943,42.83,62.5,57.39
2513968,23.02,50.6,46.04
2513984,23.3,39.73,91.16
2514008,49.15,62.65,69.79
2514107,29.69,2.94,47.85
2514206,17.91,48.52,62.08
2514305,10.03,67.4,60.54
2514404,39.51,48.07,44.27
2514453,0.1,42.28,55.67
2514503,60.1,70.39,78.54
2514552,2.3,19.1,24.47
2514602,52.82,59.82,61.09
2514651,56.09,74.72,81.73
2514701,66.29,65.01,72.8
2514800,47.05,60.09,53.26
2514909,78.75,81.37,83.09
2515005,28.06,45.55,46.34
2515104,41.66,48.67,52.95
2515203,53.33,50.63,70.56
2515302,21.97,63.32,86.33
2515401,0.23,39.0,49.13
2515500,28.0,69.33,72.73
2515609,8.9,80.2,83.8
2515708,41.49,78.68,78.49
2515807,28.27,56.75,67.94
2515906,3.61,68.89,72.49
2515930,46.45,81.12,84.73
2515971,7.02,58.15,21.18
2516003,6.63,56.21,82.49
2516102,64.85,74.44,75.98
2516151,42.84,,63.36
2516201,76.42,86.64,86.95
2516300,57.43,76.21,79.87
2516409,17.41,18.22,80.76
2516508,63.88,67.1,68.65
2516607,32.57,66.56,69.45
2516706,40.02,58.66,71.99
2516755,,,78.25
2516805,30.2,43.51,61.89
2516904,64.54,68.72,86.85
2517001,28.25,25.25,56.67
2517100,73.36,77.09,79.41
2517209,2.03,28.55,67.88
2517407,53.65,67.9,72.81
2600054,37.11,84.86,94.42
2600104,69.81,81.54,82.39
2600203,21.13,43.63,42.42
2600302,71.42,85.51,89.94
2600401,48.33,61.51,70.99
2600500,45.51,33.51,62.44
2600609,50.41,41.68,81.09
2600708,54.1,80.51,85.58
2600807,58.93,71.57,70.83
2600906,63.25,77.4,78.68
2601003,57.88,69.48,69.82
2601052,5.59,41.02,85.58
2601102,42.57,49.95,63.49
2601201,86.06,85.7,94.37
2601300,62.64,85.0,89.68
2601409,67.71,79.09,88.48
2601508,62.05,64.81,76.92
2601607,49.07,72.75,60.15
2601706,74.49,88.46,90.13
2601805,30.58,45.18,36.33
2601904,71.42,77.28,89.11
2602001,28.86,40.66,46.59
2602100,57.25,60.32,71.04
2602209,17.22,48.52,58.97
2602308,67.62,77.62,81.15
2602407,27.55,61.56,60.77
2602506,46.67,51.7,73.46
2602605,63.01,35.78,83.59
2602704,16.43,74.53,80.7
2602803,29.51,34.63,46.02
2602902,49.44,80.87,93.23
2603009,69.87,89.5,69.76
2603108,78.26,79.76,85.6
2603207,29.41,21.74,37.56
2603306,38.14,30.15,56.63
2603405,36.55,66.96,46.74
2603454,35.61,66.92,92.91
2603504,78.91,74.89,94.18
2603603,9.51,73.97,83.25
2603702,54.47,69.01,72.44
2603801,36.05,34.57,45.27
2603900,47.88,64.2,57.3
2603926,16.1,20.56,18.59
2604007,4.22,76.12,88.77
2604106,81.59,87.27,95.57
2604155,11.16,24.77,43.28
2604205,62.06,79.32,78.79
2604304,58.98,73.93,84.57
2604403,30.77,45.85,70.57
2604502,51.3,56.35,85.89
2604601,3.06,29.66,96.25
2604700,60.3,66.16,68.11
2604809,74.63,82.66,88.26
2604908,21.85,33.39,65.73
2605004,87.8,93.78,95.64
2605103,57.73,53.6,65.7
2605152,20.91,30.64,47.21
2605202,31.96,78.17,84.88
2605301,14.98,42.06,52.04
2605400,31.54,71.08,81.98
2605459,79.22,94.42,99.72
2605509,53.43,76.56,89.93
2605608,34.34,49.83,48.63
2605707,62.0,73.78,74.39
2605806,15.44,27.4,69.41
2605905,56.26,64.15,78.12
2606002,59.57,85.87,91.55
2606101,52.09,53.06,65.59
2606200,28.42,47.03,89.04
2606309,39.88,53.17,55.56
2606408,60.21,83.61,87.41
2606507,35.78,22.22,58.55
2606606,51.06,57.32,70.84
2606705,44.3,56.99,64.45
2606804,15.63,66.52,92.05
2606903,45.24,51.53,55.65
2607000,27.44,46.7,40.82
2607109,42.32,46.99,62.71
2607208,48.15,52.86,90.17
2607307,31.79,31.96,61.89
2607406,74.55,78.42,80.73
2607505,32.07,49.5,44.03
2607604,2.3,66.73,64.28
2607653,12.72,74.29,89.38
2607703,61.61,60.78,68.1
2607752,9.99,81.74,97.18
2607802,22.81,67.86,84.54
2607901,42.05,74.3,95.94
2607950,52.97,43.93,67.35
2608008,45.42,15.52,64.64
2608057,53.79,74.67,74.7
2608107,40.74,51.36,63.1
2608206,56.42,65.76,79.97
2608255,42.16,30.04,48.74
2608305,56.41,5.61,72.46
2608404,66.31,77.85,82.24
2608453,19.6,51.81,86.48
2608503,24.9,34.77,88.73
2608602,50.29,85.33,64.4
2608701,48.6,66.96,72.02
2608750,58.98,73.51,74.48
2608800,59.31,69.45,85.26
2608909,40.44,63.27,89.16
2609006,71.51,79.9,81.53
2609105,8.51,76.23,83.16
2609154,2.91,38.69,36.03
2609204,25.47,51.26,79.22
2609303,46.9,62.95,64.0
2609402,50.01,73.13,88.21
2609501,72.38,79.89,83.47
2609600,53.84,79.47,94.2
2609709,27.37,16.4,69.21
2609808,36.58,90.48,59.45
2609907,50.25,64.13,47.41
2610004,63.26,79.02,80.96
2610103,40.15,67.77,70.68
2610202,56.96,63.98,72.58
2610301,3.0,23.51,43.62
2610400,40.45,69.06,40.5
2610509,17.03,50.65,74.51
2610608,27.43,63.7,84.02
2610707,51.63,72.88,95.33
2610806,40.14,47.61,56.93
2610905,60.89,59.47,79.39
2611002,59.53,85.19,87.52
2611101,70.51,93.77,91.52
2611200,54.84,1.82,75.86
2611309,51.8,67.95,71.39
2611408,27.95,51.22,72.94
2611507,63.27,70.36,74.33
2611533,41.06,47.47,56.52
2611606,67.44,84.04,98.32
2611705,48.48,49.39,72.17
2611804,58.12,70.72,82.79
2611903,34.28,58.93,75.43
2612000,27.08,62.34,74.14
2612109,11.21,29.89,44.81
2612208,64.79,86.34,87.9
2612307,49.76,44.08,66.83
2612406,50.42,71.19,84.61
2612455,34.15,42.26,44.39
2612471,49.27,2.13,63.84
2612505,88.96,39.04,97.35
2612554,9.34,21.8,40.92
2612604,39.86,81.09,51.54
2612703,19.41,33.58,61.09
2612802,77.02,67.78,73.06
2612901,40.07,62.45,70.32
2613008,50.36,48.8,67.47
2613107,59.73,68.18,81.97
2613206,24.31,60.48,60.08
2613305,71.18,74.16,81.98
2613404,1.08,64.61,95.61
2613503,40.4,51.28,64.53
2613602,60.89,69.78,75.35
2613701,40.35,69.31,86.33
2613800,52.32,55.32,77.32
2613909,76.84,77.05,78.29
2614006,27.97,51.52,46.09
2614105,50.11,51.36,64.27
2614204,33.66,53.86,82.5
2614303,16.0,46.66,61.74
2614402,32.68,30.62,47.44
2614501,48.9,76.23,88.93
2614600,71.11,77.5,82.11
2614709,44.44,56.35,64.74
2614808,27.73,53.81,48.43
2614857,53.21,63.86,82.39
2615003,53.94,11.67,89.21
2615102,43.2,37.34,50.53
2615201,64.07,78.16,71.29
2615300,64.98,80.23,89.8
2615409,77.68,47.88,97.88
2615508,27.01,75.99,91.7
2615607,40.29,65.93,71.19
2615706,20.92,38.48,63.42
2615805,34.65,54.74,47.68
2615904,61.63,80.12,83.51
2616001,56.74,45.37,69.31
2616100,37.09,71.6,64.47
2616183,11.22,12.43,57.82
2616209,52.14,42.71,84.45
2616308,47.2,73.87,77.5
2616407,69.74,73.14,87.98
2616506,75.42,85.9,87.72
2700102,29.44,71.31,48.6
2700201,31.21,47.9,85.05
2700300,20.72,77.6,96.77
2700409,22.14,67.85,90.08
2700508,8.4,94.93,95.89
2700607,39.87,87.22,97.59
2700706,40.07,70.49,88.05
2700805,7.34,26.91,71.06
2700904,1.46,46.69,60.41
2701001,65.17,73.39,93.42
2701100,58.68,65.99,67.33
2701209,0.64,25.33,62.41
2701308,28.56,92.56,94.3
2701357,69.9,44.07,93.11
2701407,29.67,85.78,99.08
2701506,16.57,89.38,55.52
2701605,4.14,32.36,49.71
2701704,72.17,60.28,86.88
2701803,4.92,64.88,61.93
2701902,21.44,68.51,76.64
2702009,0.28,19.23,46.02
2702108,78.46,68.99,86.34
2702207,59.28,88.86,98.33
2702306,26.32,93.38,94.53
2702355,7.11,71.43,66.05
2702405,66.73,93.63,94.08
2702504,0.12,41.62,59.45
2702553,1.55,35.97,37.92
2702603,1.68,35.22,58.21
2702702,4.3,98.12,95.7
2702801,59.97,54.75,72.74
2702900,6.34,48.57,59.86
2703007,64.78,81.09,85.95
2703106,7.88,39.94,52.99
2703205,16.73,78.17,89.93
2703304,2.36,41.89,53.75
2703403,2.94,86.58,88.73
2703502,47.17,59.74,77.1
2703601,7.1,32.72,84.55
2703700,32.16,45.83,83.13
2703759,9.88,87.54,94.37
2703809,8.32,61.95,66.77
2703908,21.65,60.2,77.32
2704005,5.62,67.46,91.2
2704104,5.31,53.33,80.89
2704203,0.45,58.22,80.79
2704302,48.29,67.78,97.69
2704401,1.96,45.7,63.15
2704500,33.3,63.18,81.76
2704609,0.12,52.79,70.67
2704708,28.75,95.76,95.38
2704807,68.66,42.75,86.02
2704906,23.45,46.8,77.68
2705002,9.32,45.23,37.69
2705101,4.62,55.13,90.42
2705200,42.46,84.43,91.46
2705309,0.31,39.48,53.92
2705408,0.63,76.8,76.3
2705507,86.61,85.92,90.44
2705606,54.52,53.16,62.36
2705705,3.01,84.97,75.84
2705804,25.62,70.19,61.42
2705903,0.22,49.38,65.8
2706000,4.7,50.49,51.47
2706109,0.4,18.29,67.1
2706208,2.2,78.43,90.99
2706307,18.59,80.69,72.85
2706406,8.62,81.08,72.06
2706422,5.92,71.89,90.96
2706448,7.51,54.0,94.48
2706505,3.95,35.09,86.0
2706604,34.96,79.97,86.6
2706703,17.93,93.23,95.27
2706802,24.24,73.66,95.39
2706901,33.44,88.51,98.74
2707008,0.72,38.12,63.09
2707107,48.05,79.23,81.34
2707206,2.74,28.65,52.73
2707305,10.48,64.85,89.24
2707404,17.16,51.17,77.45
2707503,33.51,75.55,69.16
2707602,39.45,72.82,72.47
2707701,47.5,51.33,94.99
2707800,46.96,88.32,96.38
2707909,23.35,67.17,96.61
2708006,23.58,73.35,70.95
2708105,44.8,55.07,65.01
2708204,11.46,95.21,97.51
2708303,71.64,73.07,78.92
2708402,7.32,65.42,58.59
2708501,4.34,40.46,68.72
2708600,63.6,97.05,98.24
2708709,9.09,86.18,92.36
2708808,1.39,28.62,88.31
2708907,77.92,39.92,99.14
2708956,16.0,26.38,44.55
2709004,0.48,37.86,70.43
2709103,4.24,25.94,72.8
2709152,41.24,87.06,95.19
2709202,4.77,29.87,43.31
2709301,80.0,85.19,86.67
2709400,21.41,76.49,85.59
2800100,33.51,90.85,98.52
2800209,41.49,80.05,90.51
2800308,87.45,97.43,99.62
2800407,0.36,58.54,80.5
2800506,1.82,65.57,93.14
2800605,73.07,92.16,98.86
2800670,3.86,58.72,91.9
2800704,33.83,66.82,88.22
2801009,18.17,81.96,91.06
2801108,8.99,85.65,85.25
2801207,48.19,77.18,78.82
2801306,11.51,89.21,83.88
2801405,10.68,77.82,82.09
2801504,80.19,96.97,96.69
2801603,48.84,94.77,98.6
2801702,1.29,68.58,82.6
2801900,20.25,89.33,88.3
2802007,17.14,88.37,96.7
2802106,34.59,82.07,88.39
2802205,40.38,91.23,86.6
2802304,46.09,86.0,94.43
2802403,15.8,71.61,59.2
2802502,36.81,89.29,98.2
2802601,28.51,92.58,69.88
2802700,16.77,87.86,95.74
2802809,5.46,69.0,72.86
2802908,77.16,89.19,94.39
2803005,53.68,69.88,82.74
2803104,29.52,95.46,84.64
2803203,20.68,69.22,79.08
2803302,12.19,78.2,86.41
2803401,13.9,84.26,77.49
2803500,26.83,75.44,90.77
2803609,49.62,91.97,99.08
2803708,35.4,61.71,90.31
2803807,16.04,94.07,97.08
2803906,32.45,84.17,94.56
2804003,60.1,75.34,96.8
2804102,51.33,59.11,93.08
2804201,49.56,76.05,70.77
2804300,4.86,92.79,93.19
2804409,18.35,76.24,90.36
2804458,55.04,94.55,71.68
2804508,58.46,92.01,82.57
2804607,17.48,76.84,94.0
2804706,19.83,91.27,93.36
2804805,60.58,97.46,97.18
2804904,5.06,55.8,50.69
2805000,26.23,90.8,90.49
2805109,4.06,30.95,96.79
2805208,26.73,64.99,72.49
2805307,26.74,78.93,85.93
2805406,29.89,69.6,55.4
2805505,55.01,76.73,82.37
2805604,43.1,81.5,75.51
2805703,73.29,96.44,97.99
2805802,16.02,62.06,77.03
2805901,73.46,84.72,96.23
2806008,67.34,87.38,92.45
2806107,55.43,93.2,96.76
2806206,7.94,56.96,73.49
2806305,16.22,63.99,82.87
2806404,3.68,85.93,96.58
2806503,35.82,94.21,98.02
2806602,15.33,64.55,84.57
2806701,47.62,88.72,92.47
2806800,13.06,74.86,92.52
2806909,18.48,90.19,95.97
2807006,49.18,81.81,89.85
2807105,45.48,64.41,84.52
2807204,19.28,76.18,90.1
2807303,30.17,92.57,98.21
2807402,76.45,82.52,91.03
2807501,23.12,52.82,64.28
2807600,3.42,35.56,95.16
2900108,24.69,85.78,65.98
2900207,53.38,87.75,70.53
2900306,0.19,87.92,83.2
2900355,40.91,76.38,77.88
2900405,4.75,62.81,63.95
2900504,0.35,57.58,59.77
2900603,68.59,60.42,80.54
2900702,63.77,94.75,92.65
2900801,27.44,58.64,61.04
2900900,80.44,85.17,85.02
2901007,29.94,81.59,81.9
2901106,7.55,82.06,95.73
2901155,1.28,82.25,88.4
2901205,11.04,27.34,31.63
2901304,16.5,60.67,78.99
2901353,37.81,60.68,56.23
2901403,0.48,65.44,56.95
2901502,26.92,87.02,72.86
2901601,60.55,79.73,83.27
2901700,11.31,67.68,52.68
2901809,7.1,81.37,78.41
2901908,0.73,90.44,83.19
2901957,42.75,66.45,77.94
2902005,1.37,43.95,33.8
2902054,6.8,78.89,78.87
2902104,33.87,64.34,67.05
2902203,10.11,80.81,65.98
2902252,30.05,61.42,73.49
2902302,28.84,59.41,60.79
2902401,55.27,85.06,83.59
2902500,0.25,78.8,34.47
2902609,34.93,63.93,68.38
2902658,3.33,74.03,85.03
2902708,31.7,67.96,61.39
2902807,48.36,75.74,63.81
2902906,20.73,78.84,87.34
2903003,0.32,64.81,62.83
2903102,53.06,63.24,70.25
2903201,75.67,93.97,94.32
2903235,1.1,64.32,62.99
2903276,30.31,85.12,93.66
2903300,81.0,85.15,80.29
2903409,52.38,66.01,81.61
2903508,1.29,38.01,56.59
2903607,20.7,77.55,44.61
2903706,31.68,69.4,61.38
2903805,4.86,68.51,65.91
2903904,48.65,78.59,73.28
2903953,0.16,40.54,39.34
2904001,0.97,97.42,53.51
2904050,1.02,88.31,87.97
2904100,4.31,48.95,47.36
2904209,31.84,67.72,53.53
2904308,29.25,70.71,73.41
2904407,0.25,48.5,36.18
2904506,19.92,67.9,62.63
2904605,61.42,79.99,77.9
2904704,71.32,80.0,87.32
2904753,6.63,47.24,43.47
2904803,69.33,69.61,74.07
2904852,6.64,82.2,54.94
2904902,52.63,69.08,81.62
2905008,17.06,90.32,70.6
2905107,14.09,74.33,68.32
2905156,14.35,30.8,32.98
2905206,36.02,71.43,64.89
2905305,4.9,77.52,76.63
2905404,35.94,84.47,95.79
2905503,15.62,90.26,69.74
2905602,70.29,82.28,89.25
2905701,68.02,95.22,96.02
2905800,35.97,63.74,73.25
2905909,0.44,26.29,26.07
2906006,14.37,67.75,71.52
2906105,28.36,58.94,50.8
2906204,2.32,85.54,74.12
2906303,52.63,65.97,80.04
2906402,0.4,66.22,64.78
2906501,73.49,95.99,93.76
2906600,0.78,67.63,60.59
2906709,7.41,77.18,76.55
2906808,31.99,71.35,58.47
2906824,25.1,69.32,67.63
2906857,39.57,81.99,82.11
2906873,11.78,93.9,88.52
2906899,6.78,36.7,33.62
2906907,29.73,79.34,80.88
2907004,4.32,76.21,78.94
2907103,32.67,72.68,65.66
2907202,36.82,63.87,64.33
2907301,60.43,89.17,65.83
2907400,2.05,65.27,39.72
2907509,73.09,90.09,89.41
2907558,21.59,61.46,44.25
2907608,0.94,92.96,82.36
2907707,31.92,62.01,51.77
2907806,52.06,82.54,81.1
2907905,1.52,82.05,77.66
2908002,85.33,86.56,92.31
2908101,1.27,65.91,56.62
2908200,8.78,86.75,87.16
2908309,11.26,58.93,70.7
2908408,33.13,83.96,87.77
2908507,6.08,51.73,96.0
2908606,16.22,67.9,76.18
2908705,5.14,74.81,49.07
2908804,0.79,67.85,67.65
2908903,2.63,42.75,49.76
2909000,4.93,70.44,46.15
2909109,0.58,81.71,66.15
2909208,35.1,57.1,60.42
2909307,8.72,67.42,61.37
2909406,0.32,66.88,55.93
2909505,61.33,80.85,83.32
2909604,1.62,76.94,68.59
2909703,0.34,76.26,49.71
2909802,55.1,86.53,92.5
2909901,36.22,77.24,59.78
2910008,52.33,66.04,69.26
2910057,57.14,92.2,91.3
2910107,3.33,64.73,66.18
2910206,7.02,76.63,64.19
2910305,0.6,73.81,77.46
2910404,44.14,65.21,68.74
2910503,9.7,73.64,84.92
2910602,1.58,79.19,86.4
2910701,20.6,74.99,83.01
2910727,30.02,85.73,94.37
2910750,42.67,90.43,89.34
2910776,0.2,70.45,62.04
2910800,64.63,89.33,96.06
2910859,23.19,82.02,76.48
2910909,83.44,95.33,93.17
2911006,69.21,78.92,76.77
2911105,7.51,71.51,76.99
2911204,67.88,80.39,85.86
2911253,4.52,74.16,68.25
2911303,16.05,72.94,56.42
2911402,23.26,74.45,82.78
2911501,70.19,73.16,86.66
2911600,1.19,67.64,64.44
2911659,0.43,58.99,31.37
2911709,60.42,85.88,83.6
2911808,52.73,65.43,67.57
2911857,10.34,68.01,73.52
2911907,35.41,83.12,81.36
2912004,0.51,62.56,63.83
2912103,69.2,94.49,93.51
2912202,18.46,56.54,92.77
2912301,68.91,81.13,81.88
2912400,1.03,84.46,77.32
2912509,1.18,58.28,52.89
2912608,4.9,77.6,68.66
2912707,50.19,60.31,63.17
2912806,50.45,62.16,73.75
2912905,68.47,76.35,82.38
2913002,8.3,67.91,45.26
2913101,2.1,95.29,87.62
2913200,64.94,85.49,80.78
2913309,4.19,89.37,90.34
2913408,44.45,80.35,56.65
2913457,23.68,50.04,55.62
2913507,60.12,65.66,70.76
2913606,65.38,82.4,89.66
2913705,35.12,83.26,68.84
2913804,2.85,67.28,39.13
2913903,78.68,90.52,94.29
2914000,53.63,72.45,70.23
2914109,43.42,83.38,75.47
2914208,0.91,66.82,80.28
2914307,4.37,57.71,55.67
2914406,2.57,84.93,61.28
2914505,1.35,71.61,56.21
2914604,28.9,98.95,98.8
2914653,4.77,80.55,88.13
2914703,70.55,90.63,86.84
2914802,84.01,93.46,94.42
2914901,48.61,61.75,75.04
2915007,21.94,73.24,76.83
2915106,61.44,76.7,77.26
2915205,66.53,77.98,83.33
2915304,77.06,81.45,85.37
2915353,6.41,61.35,58.76
2915403,79.06,81.05,82.67
2915502,66.27,89.1,90.61
2915601,75.2,82.64,85.19
2915700,37.03,74.05,78.24
2915809,80.25,83.51,83.58
2915908,7.88,75.4,81.78
2916005,68.59,72.22,79.11
2916104,52.24,94.29,90.47
2916203,73.51,85.17,84.82
2916302,1.57,72.6,84.47
2916401,94.03,96.67,95.77
2916500,23.46,80.2,61.77
2916609,82.93,82.6,81.01
2916708,52.76,77.62,75.24
2916807,79.62,82.87,85.06
2916856,1.93,94.88,78.8
2916906,39.79,85.45,88.17
2917003,25.03,61.47,56.88
2917102,86.07,92.32,91.93
2917201,6.91,60.93,49.18
2917300,47.51,67.51,82.73
2917334,44.13,77.95,71.98
2917359,32.55,77.34,59.69
2917409,16.52,91.39,44.42
2917508,58.99,90.86,93.79
2917607,45.6,83.79,87.4
2917706,59.62,78.46,78.31
2917805,6.43,57.41,56.96
2917904,2.48,76.19,82.7
2918001,83.39,92.13,93.15
2918100,34.31,72.79,70.6
2918209,31.57,49.25,56.75
2918308,48.56,63.33,75.61
2918357,1.9,91.1,91.53
2918407,78.09,94.84,89.46
2918456,35.12,39.1,56.99
2918506,0.83,86.46,73.74
2918555,66.78,86.88,84.81
2918605,17.73,75.92,45.2
2918704,51.28,60.57,84.09
2918753,0.25,67.35,31.83
2918803,21.63,45.45,50.39
2918902,25.44,73.42,75.71
2919009,29.31,69.83,54.62
2919058,0.55,65.35,84.07
2919108,16.64,88.85,38.45
2919157,16.79,94.61,84.62
2919207,72.83,97.74,99.18
2919306,47.51,87.91,84.66
2919405,1.1,76.43,58.15
2919504,33.74,71.37,64.19
2919553,65.2,92.05,99.04
2919603,39.19,70.73,66.66
2919702,83.37,85.3,83.78
2919801,27.03,82.93,55.07
2919900,35.55,69.95,31.32
2919926,91.55,99.57,99.54
2919959,38.38,61.05,50.02
2920007,73.18,79.1,82.76
2920106,48.09,66.63,77.42
2920205,0.6,59.86,66.51
2920304,12.24,48.14,42.25
2920403,0.48,57.82,57.6
2920452,0.31,61.79,43.14
2920502,2.44,54.99,79.96
2920601,42.87,64.73,66.77
2920700,9.24,22.14,70.93
2920809,0.4,74.99,74.53
2920908,57.35,84.24,86.47
2921005,47.73,89.77,94.1
2921054,0.19,45.17,43.37
2921104,48.8,84.23,86.97
2921203,44.07,87.45,74.45
2921302,3.09,90.77,81.76
2921401,18.49,68.9,82.86
2921450,14.47,28.54,33.35
2921500,4.13,41.73,50.76
2921609,30.33,67.5,61.82
2921708,40.09,69.28,79.12
2921807,4.84,65.69,56.11
2921906,34.48,63.87,70.66
2922003,36.33,50.08,89.44
2922052,0.62,70.84,68.1
2922102,23.94,73.57,79.85
2922201,27.43,61.42,82.53
2922250,9.53,73.34,54.72
2922300,43.45,89.97,90.54
2922409,46.94,54.91,56.66
2922508,53.45,80.25,82.11
2922607,21.48,62.37,64.84
2922656,1.77,57.65,44.17
2922706,48.65,56.98,67.09
2922730,69.56,91.19,88.24
2922755,46.9,44.94,53.98
2922805,2.37,78.98,79.66
2922854,2.42,91.16,67.42
2922904,1.58,76.32,69.45
2923001,19.13,58.5,91.2
2923035,0.13,90.52,45.71
2923050,65.11,85.38,71.31
2923100,46.91,89.2,78.36
2923209,5.95,80.76,61.29
2923308,12.0,74.31,71.43
2923357,15.67,54.15,83.59
2923407,0.78,46.27,53.42
2923506,31.24,64.11,74.55
2923605,27.83,89.19,69.57
2923704,1.09,46.7,40.89
2923803,21.71,64.71,68.1
2923902,64.15,71.13,69.64
2924009,82.45,87.2,93.54
2924058,13.82,67.2,70.83
2924108,5.03,80.07,55.1
2924207,7.48,39.62,45.22
2924306,3.5,57.23,61.78
2924405,19.07,43.15,41.1
2924504,0.38,38.12,38.54
2924603,35.6,73.58,86.67
2924652,47.95,66.77,73.53
2924678,30.02,44.9,51.34
2924702,4.61,65.03,62.35
2924801,36.21,83.61,83.48
2924900,0.89,68.72,72.86
2925006,0.42,68.74,79.26
2925105,67.55,82.9,81.37
2925204,80.02,85.65,94.38
2925253,3.14,87.34,79.86
2925303,59.36,65.69,91.64
2925402,76.2,87.07,90.81
2925501,5.61,60.63,71.15
2925600,1.78,96.45,91.41
2925709,18.63,41.72,42.97
2925758,27.38,54.89,59.24
2925808,33.55,66.66,69.66
2925907,8.2,78.35,77.35
2925931,0.47,82.88,77.04
2925956,20.02,62.34,57.24
2926004,54.25,63.48,65.68
2926103,28.82,83.01,88.15
2926202,0.78,68.44,54.9
2926301,59.55,86.11,83.05
2926400,0.75,63.73,49.88
2926509,3.82,82.19,45.4
2926608,23.52,90.6,77.24
2926657,23.97,54.08,47.4
2926707,29.17,80.33,67.03
2926806,24.22,66.94,49.61
2926905,5.22,65.37,62.52
2927002,3.09,78.66,83.69
2927101,71.05,96.28,95.03
2927200,63.51,80.78,84.16
2927309,23.1,98.18,98.8
2927408,94.97,99.13,98.14
2927507,9.38,71.83,68.6
2927606,31.91,49.47,49.03
2927705,36.75,68.47,82.82
2927804,75.12,90.48,86.52
2927903,77.48,89.86,95.95
2928000,53.78,73.66,80.62
2928059,51.61,62.28,63.93
2928109,19.85,83.69,70.09
2928208,5.26,74.75,57.41
2928307,1.68,65.02,66.7
2928406,12.15,62.51,65.75
2928505,9.24,86.17,65.56
2928604,58.4,82.05,87.36
2928703,73.58,91.64,90.05
2928802,19.25,87.5,69.63
2928901,1.1,73.89,65.14
2928950,73.68,92.08,88.59
2929008,60.59,64.17,66.06
2929057,4.04,80.59,76.1
2929107,16.57,50.46,77.51
2929206,55.58,95.4,96.79
2929255,1.78,81.71,83.55
2929305,13.2,82.19,85.24
2929354,75.45,83.84,83.6
2929370,35.19,83.96,81.18
2929404,19.03,52.78,41.93
2929503,56.64,75.88,85.82
2929602,10.22,81.5,74.85
2929701,24.7,86.28,60.72
2929750,33.04,96.55,95.51
2929800,29.47,76.85,73.89
2929909,3.08,78.25,74.75
2930006,2.36,78.48,58.88
2930105,63.25,95.84,91.33
2930154,3.24,89.48,38.33
2930204,37.18,82.57,74.87
2930303,0.97,58.8,49.19
2930402,20.77,58.26,69.52
2930501,57.43,93.97,80.64
2930600,4.79,94.69,86.75
2930709,71.96,94.18,94.28
2930758,31.88,87.12,55.17
2930766,32.12,72.27,75.28
2930774,83.7,92.09,90.34
2930808,0.74,73.33,58.34
2930907,0.23,62.44,39.47
2931004,19.08,47.61,49.12
2931053,4.25,65.78,55.51
2931103,49.94,82.16,83.04
2931202,31.88,59.72,60.59
2931301,1.37,80.06,81.49
2931350,76.11,78.44,96.73
2931400,25.38,85.2,84.13
2931509,26.01,82.17,78.12
2931608,25.36,41.22,44.39
2931707,68.44,84.3,90.82
2931806,10.03,38.37,34.97
2931905,49.57,73.31,79.92
2932002,13.68,54.44,59.6
2932101,41.88,54.31,63.55
2932200,76.08,88.73,92.9
2932309,68.76,85.47,89.58
2932408,1.23,96.9,97.23
2932457,22.14,74.4,70.39
2932507,35.83,67.54,76.17
2932606,10.4,71.3,59.84
2932705,58.62,71.07,78.05
2932804,1.81,82.97,85.0
2932903,60.86,74.88,75.85
2933000,56.28,90.71,93.15
2933059,16.9,75.45,77.48
2933109,32.11,81.8,84.57
2933158,59.44,79.98,79.59
2933174,29.43,57.21,60.57
2933208,30.17,96.58,90.43
2933257,40.61,59.43,74.88
2933307,80.87,90.52,93.2
2933406,0.79,85.49,77.71
2933455,3.25,64.71,58.6
2933505,28.66,46.04,53.97
2933604,20.62,81.09,74.01
3100104,70.45,70.88,75.77
3100203,85.19,87.67,91.62
3100302,53.47,62.5,68.01
3100401,42.34,74.65,89.18
3100500,46.15,43.32,58.75
3100609,36.18,53.91,55.03
3100708,74.57,73.24,89.66
3100807,73.49,72.63,94.45
3100906,76.88,77.32,78.58
3101003,39.83,88.15,81.55
3101102,78.94,82.79,82.56
3101201,40.95,47.24,87.63
3101300,53.22,66.8,85.16
3101409,70.92,70.43,95.07
3101508,69.04,95.24,97.78
3101607,94.14,94.15,98.29
3101631,69.44,75.0,96.31
3101706,81.77,85.14,83.75
3101805,76.26,74.23,83.85
3101904,82.68,82.0,94.75
3102001,75.81,76.12,88.88
3102050,67.19,81.62,92.74
3102100,46.89,59.27,67.14
3102209,44.88,50.0,79.31
3102308,71.44,72.01,83.73
3102407,37.92,47.29,67.42
3102506,56.8,65.12,78.53
3102605,79.37,78.6,96.44
3102704,48.57,66.26,68.68
3102803,81.36,83.35,85.61
3102852,58.46,65.98,62.45
3102902,64.72,77.58,87.38
3103009,42.18,51.56,76.57
3103108,73.46,66.94,84.97
3103207,69.85,86.2,90.44
3103306,83.14,81.97,87.35
3103405,54.74,78.52,75.95
3103504,91.82,92.48,96.23
3103603,88.76,91.55,95.86
3103702,37.6,44.79,72.15
3103751,94.3,94.93,97.64
3103801,78.09,79.33,82.97
3103900,83.24,86.05,95.95
3104007,97.27,96.46,98.93
3104106,88.27,90.05,98.34
3104205,93.44,95.66,98.21
3104304,87.42,86.97,97.04
3104403,78.75,73.81,87.94
3104452,52.09,59.49,52.15
3104502,46.74,69.28,70.48
3104601,86.19,89.99,91.89
3104700,50.71,59.2,60.45
3104809,8.26,62.62,79.2
3104908,79.49,79.95,86.67
3105004,55.74,80.31,84.33
3105103,87.87,87.98,93.05
3105202,63.06,64.77,64.77
3105301,86.16,90.14,99.46
3105400,85.79,90.26,97.7
3105509,79.96,80.06,90.66
3105608,88.66,88.21,96.28
3105707,37.58,55.97,79.38
3105905,93.16,97.49,98.81
3106002,77.44,90.07,96.58
3106101,42.02,60.72,90.95
3106200,97.23,99.33,99.48
3106309,82.55,72.28,93.02
3106408,40.17,51.51,85.39
3106507,39.51,53.46,53.43
3106606,62.91,74.32,65.91
3106655,17.96,83.41,82.69
3106705,91.12,98.37,99.47
3106804,25.41,53.49,78.9
3106903,87.57,93.85,96.8
3107000,3.41,73.22,76.53
3107109,89.51,87.61,94.12
3107208,30.3,42.24,86.16
3107307,79.83,83.42,85.4
3107406,92.42,93.72,95.05
3107505,81.53,88.88,95.0
3107604,72.26,73.11,93.8
3107703,52.03,54.26,87.28
3107802,62.03,67.43,72.37
3107901,59.75,57.58,94.75
3108008,85.32,89.52,95.11
3108107,45.51,67.03,83.2
3108206,68.48,71.06,76.6
3108255,0.49,51.23,37.55
3108305,81.93,77.77,95.17
3108404,74.22,77.79,95.08
3108503,26.27,62.56,57.96
3108552,41.79,88.49,90.39
3108602,54.54,59.3,68.25
3108701,50.43,56.61,77.6
3108800,38.4,42.33,49.31
3108909,59.36,64.8,97.28
3109006,52.34,78.82,98.29
3109105,51.62,52.1,94.52
3109204,71.91,83.36,81.05
3109253,57.51,47.43,83.24
3109303,39.36,73.0,79.65
3109402,5.42,89.65,89.38
3109451,0.96,80.51,87.28
3109501,64.0,64.1,96.29
3109600,85.91,93.68,97.46
3109709,68.52,69.33,94.31
3109808,91.81,87.77,91.23
3109907,70.25,78.75,78.54
3110004,81.98,90.62,92.58
3110103,47.28,50.96,89.15
3110202,50.56,62.01,92.95
3110301,48.24,58.44,86.67
3110400,58.67,63.14,74.1
3110509,67.17,70.34,97.89
3110608,83.01,84.97,98.97
3110707,70.2,87.8,92.06
3110806,87.2,84.9,85.36
3110905,86.41,82.55,93.25
3111002,60.94,60.89,86.73
3111101,79.14,77.22,84.81
3111150,0.31,45.22,58.31
3111200,95.42,95.0,98.41
3111309,85.4,84.66,89.67
3111408,83.31,82.72,89.68
3111507,90.38,90.17,94.25
3111606,75.6,73.47,82.34
3111705,36.52,45.16,91.37
3111804,91.72,88.82,94.92
3111903,76.67,82.54,96.19
3112000,76.23,78.22,82.97
3112059,49.1,55.08,67.27
3112109,39.9,44.17,86.02
3112208,36.71,66.41,81.34
3112307,76.44,82.99,84.35
3112406,86.2,87.75,95.68
3112505,34.21,93.33,97.92
3112604,96.99,93.72,96.39
3112653,76.94,76.88,81.18
3112703,53.6,73.08,82.62
3112802,78.02,77.4,96.86
3112901,48.79,48.24,81.71
3113008,41.09,49.22,55.1
3113107,43.36,70.58,62.27
3113206,71.58,86.15,94.6
3113305,75.77,84.7,89.88
3113404,77.66,79.37,88.91
3113503,81.54,87.34,86.93
3113602,76.06,77.41,96.8
3113701,70.24,72.53,73.78
3113800,47.36,74.51,80.0
3113909,77.96,78.9,87.53
3114006,85.84,92.07,94.19
3114105,77.18,79.4,89.08
3114204,85.31,90.67,97.13
3114303,88.04,84.08,89.95
3114402,77.94,74.6,95.33
3114501,76.81,79.99,91.73
3114550,76.96,74.83,88.67
3114600,67.44,72.68,89.39
3114709,75.45,75.61,96.4
3114808,47.95,64.09,80.47
3114907,53.07,70.2,81.96
3115003,45.09,69.28,78.73
3115102,90.07,86.64,96.02
3115201,54.91,73.41,86.71
3115300,81.8,95.44,97.96
3115359,86.52,89.08,95.37
3115409,46.34,49.63,53.66
3115458,39.57,40.42,56.81
3115474,28.74,49.71,66.0
3115508,96.92,97.56,98.83
3115607,21.38,90.2,93.99
3115706,77.54,85.68,86.48
3115805,59.8,83.38,96.75
3115904,67.66,78.64,94.43
3116001,40.91,62.86,76.16
3116100,24.09,54.21,46.57
3116159,0.95,68.32,67.62
3116209,83.82,83.14,87.96
3116308,39.13,59.45,66.65
3116407,52.2,53.58,83.32
3116506,33.57,75.69,73.83
3116605,84.48,82.91,93.89
3116704,59.27,64.95,95.62
3116803,47.2,66.64,62.98
3116902,63.75,58.21,75.46
3117009,39.7,47.38,52.19
3117108,69.87,68.95,83.15
3117207,75.47,84.59,97.94
3117306,92.57,93.12,95.53
3117405,43.63,52.98,76.25
3117504,63.75,66.68,83.61
3117603,43.98,68.26,94.34
3117702,86.67,90.17,93.63
3117801,78.21,87.14,96.39
3117836,0.17,82.72,58.62
3117876,3.12,98.48,99.52
3117900,76.74,74.44,92.7
3118007,80.86,91.48,99.16
3118106,50.23,79.01,79.94
3118205,85.46,87.91,94.4
3118304,93.03,96.85,98.91
3118403,79.97,82.9,81.98
3118502,69.94,72.35,95.5
3118601,94.46,99.34,99.69
3118700,81.23,79.82,83.14
3118809,29.64,65.68,47.35
3118908,46.51,69.78,69.54
3119005,83.44,83.09,94.25
3119104,74.87,89.39,90.23
3119203,51.64,59.4,57.97
3119302,78.6,82.18,88.71
3119401,90.9,90.17,99.43
3119500,48.89,77.83,77.03
3119609,65.56,74.04,95.76
3119708,56.81,62.36,96.51
3119807,64.83,71.01,76.44
3119906,51.92,60.92,97.63
3119955,71.04,89.62,96.27
3120003,58.5,65.7,78.88
3120102,86.96,90.81,90.54
3120151,48.99,64.55,66.03
3120201,85.22,82.73,86.54
3120300,37.06,61.48,59.74
3120409,70.94,82.29,93.58
3120508,56.99,67.26,91.58
3120607,77.96,76.69,97.92
3120706,85.78,83.45,91.81
3120805,88.51,91.71,92.9
3120839,86.26,85.82,88.87
3120870,52.64,74.19,85.91
3120904,81.84,89.52,93.6
3121001,72.11,72.11,84.27
3121100,22.28,43.46,94.36
3121209,70.74,71.34,94.81
3121258,90.41,95.02,98.05
3121308,75.23,79.35,87.7
3121407,54.82,62.69,68.06
3121506,51.35,51.0,62.4
3121605,78.05,85.74,88.49
3121704,29.08,54.94,66.26
3121803,72.43,80.97,91.89
3121902,68.97,70.8,94.11
3122009,59.54,61.18,81.41
3122108,78.55,80.01,84.99
3122207,69.72,82.13,89.93
3122306,88.3,96.38,98.89
3122355,21.35,97.24,97.28
3122405,82.21,85.47,95.3
3122454,46.29,78.9,81.15
3122470,33.0,72.19,74.32
3122504,82.89,85.92,91.18
3122603,52.31,71.64,74.02
3122702,45.59,79.56,88.03
3122801,64.4,76.15,90.03
3122900,78.74,86.0,89.42
3123007,88.05,91.18,96.11
3123106,29.13,65.54,65.94
3123205,93.12,94.09,95.35
3123304,43.7,44.44,80.0
3123403,83.19,83.71,87.69
3123502,72.6,79.14,80.81
3123528,35.47,44.11,81.55
3123601,87.75,84.75,94.22
3123700,73.15,69.71,81.05
3123809,60.17,69.15,79.52
3123858,56.22,74.2,82.23
3123908,72.27,82.5,93.32
3124005,43.6,62.17,82.75
3124104,21.63,83.3,93.09
3124203,64.24,64.58,92.11
3124302,14.06,83.59,64.19
3124401,48.34,50.26,89.96
3124500,49.52,58.15,92.47
3124609,87.11,92.57,93.96
3124708,71.37,84.45,89.8
3124807,67.08,80.42,87.45
3124906,74.29,77.0,88.83
3125002,39.77,70.73,97.21
3125101,74.54,81.33,99.05
3125200,68.0,69.59,96.01
3125309,57.0,74.2,89.46
3125408,0.37,92.28,57.62
3125507,38.29,67.54,77.63
3125606,81.24,79.95,81.88
3125705,34.68,73.98,84.8
3125804,69.13,63.01,89.38
3125903,20.15,41.16,49.82
3125952,46.13,51.53,73.24
3126000,80.46,81.25,91.98
3126109,89.69,93.44,96.33
3126208,2.27,69.75,68.83
3126307,82.52,73.53,94.96
3126406,62.63,83.9,91.01
3126505,13.63,53.32,51.52
3126604,37.32,72.03,76.64
3126703,52.88,69.19,66.42
3126752,48.65,48.76,49.53
3126802,56.94,58.93,61.46
3126901,72.62,78.78,79.18
3126950,27.98,37.48,51.43
3127008,86.93,86.71,96.71
3127057,48.72,64.91,71.82
3127073,0.31,62.18,60.82
3127107,92.44,88.58,95.74
3127206,42.53,76.45,92.5
3127305,78.61,73.49,78.18
3127339,0.4,75.9,56.73
3127354,43.2,49.49,59.39
3127370,79.05,84.05,82.56
3127388,75.53,74.89,93.91
3127404,30.12,39.87,97.26
3127503,56.54,68.45,68.45
3127602,72.57,83.76,85.04
3127701,94.54,94.91,97.49
3127800,26.24,44.72,56.3
3127909,0.36,84.9,92.9
3128006,76.51,84.37,88.24
3128105,65.26,72.33,82.24
3128204,34.19,46.25,64.85
3128253,0.22,72.32,64.73
3128303,91.35,91.96,98.25
3128402,74.75,81.58,87.62
3128501,52.26,90.35,93.39
3128600,59.24,64.48,78.81
3128709,93.94,95.12,99.4
3128808,66.71,73.66,85.82
3128907,83.06,82.17,89.32
3129004,47.22,55.54,82.4
3129103,52.83,51.47,62.6
3129202,78.98,78.68,98.23
3129301,63.2,64.16,86.29
3129400,69.17,78.29,88.96
3129509,82.27,83.71,89.77
3129608,52.57,75.84,85.0
3129657,0.68,83.6,67.02
3129707,78.9,78.48,98.11
3129806,89.73,99.21,99.52
3129905,69.92,69.16,95.62
3130002,88.93,90.07,94.93
3130051,21.25,72.74,54.58
3130101,58.39,94.94,98.31
3130200,79.71,78.2,95.31
3130309,85.74,89.21,91.39
3130408,79.75,84.62,95.31
3130507,74.09,76.91,88.13
3130556,33.08,32.69,77.5
3130606,59.57,58.2,98.15
3130655,19.83,57.14,51.71
3130705,67.26,69.77,86.48
3130804,65.49,67.95,78.63
3130903,37.76,51.58,74.19
3131000,25.58,84.63,95.47
3131109,45.03,81.53,81.86
3131158,82.29,84.25,98.23
3131208,82.62,85.35,88.44
3131307,98.54,90.09,99.82
3131406,93.28,91.78,93.22
3131505,64.36,72.87,90.71
3131604,89.25,81.83,94.71
3131703,92.94,92.91,96.87
3131802,75.71,78.75,84.98
3131901,85.5,92.2,98.99
3132008,7.82,37.41,40.7
3132107,47.68,85.63,80.6
3132206,77.99,78.3,91.79
3132305,43.52,56.93,54.16
3132404,90.43,93.97,99.81
3132503,72.46,76.55,76.91
3132602,81.08,81.23,93.14
3132701,60.93,75.79,73.36
3132800,61.84,55.31,67.51
3132909,79.84,79.47,96.12
3133006,58.4,78.46,97.45
3133105,94.23,95.32,99.87
3133204,77.39,79.3,84.25
3133303,46.7,88.46,82.18
3133402,79.41,79.24,90.16
3133501,76.68,81.43,88.48
3133600,58.14,66.7,97.3
3133709,65.29,72.98,95.19
3133758,97.27,97.74,98.65
3133808,93.71,96.96,99.38
3133907,31.48,33.28,64.71
3134004,51.48,67.81,65.14
3134103,58.3,58.21,64.12
3134202,96.25,96.37,98.01
3134301,46.75,86.41,90.3
3134400,91.17,91.25,97.74
3134509,62.78,78.6,87.43
3134608,34.48,60.41,81.8
3134707,58.77,78.32,75.12
3134806,62.11,63.88,96.88
3134905,85.2,87.91,98.94
3135001,68.52,66.64,95.97
3135050,27.63,86.75,74.97
3135076,47.43,59.19,55.37
3135100,32.44,94.54,90.34
3135209,24.48,77.27,60.71
3135308,74.51,84.5,88.13
3135357,1.19,71.43,62.59
3135407,34.84,71.04,89.17
3135456,45.46,65.11,57.04
3135506,62.93,67.92,70.82
3135605,2.72,79.63,78.66
3135704,30.03,52.4,79.27
3135803,59.74,79.33,78.34
3135902,66.3,71.32,93.36
3136009,58.47,73.0,71.37
3136108,40.63,22.49,60.2
3136207,93.94,96.9,99.54
3136306,80.63,84.23,89.92
3136405,38.99,65.39,66.35
3136504,70.97,78.17,79.21
3136520,45.09,36.42,60.69
3136553,60.91,55.9,66.18
3136579,51.95,69.4,68.02
3136603,71.18,73.3,88.54
3136652,44.48,96.54,96.14
3136702,94.33,96.42,99.45
3136801,54.91,72.83,79.77
3136900,53.73,53.73,95.66
3136959,15.36,85.19,76.91
3137007,30.64,44.14,41.39
3137106,69.97,75.66,80.04
3137205,97.4,97.34,99.06
3137304,66.83,76.78,78.94
3137403,69.07,83.38,90.56
3137502,79.69,80.58,82.37
3137536,58.51,79.73,90.59
3137601,69.24,96.53,99.3
3137700,52.69,62.05,84.24
3137809,75.07,82.13,96.85
3137908,39.43,58.47,64.51
3138005,82.82,84.52,86.97
3138104,4.38,71.71,78.91
3138203,95.08,95.71,98.19
3138302,69.17,71.24,88.6
3138351,68.94,71.23,83.94
3138401,89.07,91.76,94.62
3138500,72.3,76.05,79.8
3138609,59.08,80.67,95.26
3138625,82.14,76.66,90.9
3138658,38.31,93.66,77.68
3138674,30.38,30.67,46.06
3138682,0.4,44.37,50.48
3138708,76.01,81.24,86.9
3138807,90.91,91.22,92.72
3138906,94.04,80.57,79.79
3139003,82.96,83.85,92.13
3139102,66.56,84.22,91.33
3139201,67.76,70.1,69.96
3139250,8.93,61.61,56.46
3139300,27.02,79.11,72.67
3139409,79.49,82.75,94.58
3139508,67.73,82.09,89.36
3139607,81.12,85.7,85.73
3139706,66.92,76.45,86.51
3139805,88.02,93.2,95.55
3139904,69.36,65.43,95.23
3140001,78.37,89.53,96.38
3140100,81.85,83.96,83.07
3140159,52.21,92.62,99.25
3140209,72.1,77.78,97.0
3140308,60.28,49.18,96.9
3140407,36.42,56.1,91.76
3140506,65.64,84.12,91.21
3140530,41.07,51.55,81.31
3140555,77.39,78.28,83.77
3140605,51.38,55.54,51.02
3140704,59.53,87.07,94.39
3140803,76.61,86.61,98.59
3140852,8.11,72.76,61.66
3140902,74.42,80.06,85.99
3141009,24.3,76.54,76.41
3141108,79.61,97.19,98.75
3141207,72.19,84.25,92.19
3141306,58.75,60.71,69.89
3141405,71.92,75.68,75.51
3141504,55.18,59.2,64.82
3141603,69.08,76.06,83.74
3141702,61.46,46.11,66.47
3141801,30.52,63.81,56.21
3141900,85.81,92.17,93.2
3142007,49.22,85.04,79.53
3142106,66.19,67.23,79.95
3142205,80.58,88.54,91.72
3142254,0.15,70.24,49.78
3142304,30.91,55.14,93.0
3142403,84.84,93.13,95.5
3142502,1.57,66.67,65.46
3142601,77.26,77.33,83.59
3142700,17.24,73.0,69.12
3142809,81.83,81.05,94.49
3142908,17.33,72.78,68.86
3143005,72.09,75.84,88.28
3143104,86.97,90.1,94.48
3143153,40.85,46.49,44.02
3143203,85.19,83.43,93.74
3143302,93.69,92.08,96.24
3143401,84.23,83.46,97.34
3143450,33.83,67.09,54.57
3143500,67.69,76.43,88.58
3143609,64.45,68.38,73.61
3143708,67.86,80.84,82.01
3143807,35.49,57.73,97.08
3143906,92.05,93.67,96.73
3144003,49.82,46.96,64.94
3144102,76.48,76.54,94.81
3144201,70.05,71.89,69.19
3144300,82.26,94.45,93.4
3144359,82.89,92.84,93.72
3144375,69.36,81.76,77.37
3144409,51.82,71.61,97.85
3144508,78.19,85.48,97.61
3144607,83.81,83.75,88.97
3144656,7.12,73.44,58.04
3144672,46.06,40.56,52.24
3144706,85.41,88.19,97.0
3144805,81.98,91.19,99.59
3144904,69.09,68.67,67.11
3145000,94.0,92.82,98.25
3145059,32.3,95.56,80.39
3145109,55.6,56.88,67.83
3145208,93.53,94.1,98.97
3145307,41.31,45.67,44.55
3145356,55.7,62.07,62.4
3145372,10.2,83.68,80.16
3145406,44.21,80.96,95.07
3145455,2.73,68.14,72.77
3145505,94.59,92.89,97.45
3145604,91.88,92.11,95.13
3145703,63.06,68.47,67.55
3145802,36.4,51.07,84.62
3145851,76.42,70.57,79.98
3145877,41.72,48.76,73.93
3145901,89.45,91.88,98.76
3146008,75.8,79.87,98.42
3146107,77.49,89.28,96.78
3146206,58.17,60.43,65.57
3146255,48.56,81.37,78.92
3146305,64.47,68.8,72.53
3146404,2.81,78.65,86.07
3146503,88.2,90.08,95.23
3146552,0.25,35.39,38.93
3146602,61.03,83.62,92.41
3146701,81.48,81.81,86.74
3146750,56.29,80.62,79.43
3146909,74.43,92.81,92.51
3147006,83.15,85.36,92.42
3147105,93.53,94.82,98.6
3147204,85.46,81.73,97.31
3147303,82.43,85.2,97.28
3147402,76.37,87.47,87.51
3147501,12.13,65.41,73.61
3147600,78.18,87.85,98.84
3147709,81.61,81.24,88.7
3147808,63.6,63.26,88.09
3147907,95.92,95.92,98.16
3147956,2.63,89.11,55.74
3148004,93.12,92.46,95.92
3148103,89.99,88.55,95.91
3148202,78.76,79.81,89.24
3148301,61.06,58.21,89.75
3148400,42.9,64.98,60.25
3148509,62.71,66.04,65.49
3148608,47.49,60.08,57.08
3148707,83.58,85.74,89.92
3148756,30.53,29.47,57.84
3148806,69.49,65.14,72.81
3148905,65.23,69.54,82.65
3149002,75.2,76.29,82.27
3149101,54.03,55.32,95.91
3149150,20.1,59.19,62.63
3149200,90.52,87.24,95.67
3149309,76.07,93.83,97.93
3149408,66.62,77.01,90.72
3149507,94.88,94.34,97.13
3149606,36.83,78.94,87.96
3149705,83.55,87.11,95.12
3149804,81.0,74.51,92.79
3149903,84.03,89.53,97.31
3149952,72.13,76.84,83.73
3150000,72.13,77.01,81.81
3150109,46.6,58.18,92.28
3150158,66.11,59.4,92.88
3150208,70.35,82.38,90.62
3150307,67.05,79.53,88.11
3150406,3.05,52.29,65.78
3150505,81.89,91.64,93.69
3150539,87.58,88.62,94.56
3150570,2.28,50.35,43.41
3150604,52.95,57.77,82.98
3150703,96.62,93.69,97.7
3150802,31.57,42.29,61.42
3150901,49.09,54.31,93.73
3151008,61.05,71.59,98.45
3151107,85.63,88.55,93.38
3151206,49.71,97.67,96.95
3151305,86.98,79.02,90.53
3151404,87.2,82.98,93.52
3151503,94.01,94.32,97.54
3151602,94.91,95.87,98.62
3151701,60.62,60.38,80.42
3151800,97.97,97.77,99.67
3151909,50.02,66.25,70.26
3152006,84.52,87.4,89.93
3152105,83.64,92.18,96.61
3152131,39.7,70.68,70.36
3152170,33.89,54.19,58.24
3152204,28.56,79.39,62.99
3152303,61.93,63.55,71.8
3152402,57.72,66.25,67.42
3152501,90.61,90.35,97.6
3152600,52.35,64.48,92.35
3152709,76.66,83.13,92.76
3152808,81.07,78.72,86.45
3152907,87.38,87.5,95.98
3153004,63.25,58.89,77.27
3153103,16.09,49.33,78.74
3153202,45.02,64.71,63.65
3153301,78.7,79.32,84.88
3153400,71.44,77.81,82.03
3153509,32.9,56.45,86.3
3153608,72.03,95.99,98.36
3153707,38.79,82.8,85.87
3153806,53.24,71.39,72.71
3153905,89.88,97.34,98.14
3154002,58.62,70.15,78.15
3154101,85.83,88.12,93.45
3154150,58.39,61.94,87.71
3154200,47.4,84.47,89.38
3154309,76.53,76.7,84.52
3154408,42.56,67.68,90.24
3154457,0.5,59.43,63.24
3154507,41.4,73.52,58.57
3154606,87.29,97.88,98.13
3154705,90.41,92.04,98.78
3154804,80.09,87.22,98.0
3154903,66.47,77.89,90.95
3155009,82.41,79.15,97.61
3155108,63.66,72.15,73.02
3155207,22.38,51.11,75.48
3155306,3.35,67.29,93.43
3155405,84.37,85.43,96.4
3155504,80.6,81.28,86.07
3155603,20.46,48.08,46.61
3155702,74.1,82.98,93.71
3155801,87.45,86.59,94.39
3155900,74.48,82.35,95.72
3156007,35.45,45.74,48.34
3156106,16.08,78.28,89.57
3156205,47.61,92.46,96.17
3156304,90.49,91.14,94.77
3156403,76.3,77.71,89.31
3156452,55.72,55.61,86.33
3156502,20.75,66.18,54.34
3156601,76.97,79.82,79.71
3156700,85.5,95.59,96.85
3156809,58.22,68.05,70.07
3156908,86.36,82.83,92.31
3157005,73.56,91.72,83.27
3157104,76.07,82.86,82.72
3157203,87.56,90.43,97.41
3157252,36.14,45.69,85.06
3157278,65.67,68.16,86.02
3157302,41.85,56.93,67.54
3157336,99.52,99.05,100.0
3157377,34.16,51.75,53.26
3157401,40.2,46.93,86.6
3157500,67.89,65.1,73.67
3157609,0.4,69.98,54.37
3157658,49.97,77.97,67.53
3157708,93.38,89.91,97.82
3157807,86.07,97.4,98.28
3157906,50.37,51.75,86.45
3158003,56.42,60.12,75.98
3158102,66.69,75.2,75.48
3158201,65.56,72.6,73.96
3158300,86.41,82.96,88.41
3158409,79.71,86.43,90.05
3158508,36.25,41.99,43.43
3158607,56.03,65.23,96.76
3158706,70.99,69.83,82.54
3158805,96.18,97.78,98.52
3158904,40.89,48.16,71.58
3158953,90.81,85.49,99.16
3159001,4.86,71.52,84.66
3159100,58.82,70.4,74.31
3159209,61.08,66.87,87.01
3159308,62.2,81.05,88.08
3159357,57.21,75.58,91.31
3159407,50.5,60.33,80.0
3159506,24.19,46.07,77.44
3159605,87.28,87.75,96.82
3159704,57.13,90.71,94.03
3159803,85.52,85.42,92.23
3159902,85.58,87.77,96.93
3160009,43.44,74.23,91.68
3160108,81.84,81.98,88.18
3160207,18.73,35.67,35.9
3160306,51.59,60.5,63.59
3160405,87.91,88.35,92.8
3160454,27.79,58.08,56.13
3160504,23.35,54.53,64.21
3160603,1.81,73.89,73.08
3160702,72.04,86.11,96.47
3160801,91.65,93.28,96.23
3160900,6.98,91.35,98.39
3160959,50.46,32.87,96.6
3161007,63.41,65.73,88.04
3161056,57.36,68.08,75.28
3161106,41.11,78.2,67.26
3161205,78.15,84.79,90.82
3161304,83.85,78.3,85.71
3161403,37.99,62.35,80.48
3161502,78.75,81.38,90.62
3161601,53.53,71.33,72.44
3161650,71.88,74.14,73.67
3161700,69.53,82.05,89.63
3161809,77.56,84.79,96.25
3161908,56.36,76.0,96.45
3162005,88.54,84.77,95.88
3162104,90.52,91.57,96.55
3162203,85.58,86.18,99.25
3162252,0.6,59.96,58.06
3162302,75.61,65.82,88.99
3162401,15.59,88.76,38.2
3162450,0.47,59.64,24.14
3162500,87.09,91.89,97.64
3162559,51.66,47.78,82.18
3162575,84.1,70.84,93.35
3162609,84.03,83.53,88.46
3162658,1.11,48.05,56.12
3162708,41.59,72.5,63.53
3162807,62.93,74.14,76.56
3162906,91.66,95.23,98.35
3162922,49.42,95.4,94.46
3162948,74.66,74.66,96.19
3162955,87.87,97.78,99.29
3163003,73.9,77.16,81.18
3163102,56.07,66.88,93.96
3163201,74.11,81.66,94.64
3163300,74.31,73.15,75.31
3163409,71.39,70.94,85.17
3163508,38.67,40.03,43.15
3163607,62.84,67.93,77.12
3163706,96.67,98.58,99.7
3163805,50.22,56.68,87.35
3163904,66.77,68.97,90.51
3164001,81.78,85.69,89.91
3164100,37.86,56.3,60.9
3164209,48.68,73.11,70.3
3164308,65.6,70.81,77.36
3164407,62.67,58.82,97.26
3164431,61.94,62.62,72.98
3164472,67.06,46.0,89.05
3164506,33.88,46.76,39.5
3164605,66.01,72.25,91.15
3164704,93.53,93.23,97.81
3164803,4.85,57.59,65.4
3164902,94.89,95.46,76.28
3165008,73.21,82.32,91.62
3165107,76.02,80.81,93.74
3165206,57.03,58.67,82.11
3165305,87.29,89.77,91.09
3165404,62.38,65.91,99.23
3165503,45.89,65.23,56.1
3165537,93.79,97.2,99.65
3165552,27.1,42.41,37.16
3165560,48.44,52.6,64.76
3165578,62.51,63.61,94.17
3165602,78.03,70.79,92.51
3165701,55.46,73.51,87.37
3165800,39.9,44.95,94.82
3165909,41.57,48.23,49.9
3166006,68.78,74.03,95.0
3166105,46.14,58.71,59.07
3166204,52.85,79.09,74.46
3166303,50.87,54.02,71.87
3166402,84.13,86.0,91.77
3166501,66.75,65.95,53.96
3166600,66.17,66.77,76.85
3166709,62.88,89.76,91.44
3166808,78.35,76.9,90.22
3166907,90.59,92.34,94.46
3166956,0.13,68.09,53.41
3167004,73.84,81.41,93.09
3167103,48.63,66.13,70.63
3167202,94.65,97.57,98.9
3167301,67.59,72.16,81.74
3167400,59.15,61.77,76.99
3167509,67.47,74.28,91.8
3167608,46.12,49.5,77.91
3167707,66.72,69.95,78.41
3167806,63.37,70.01,94.3
3167905,73.68,72.27,88.61
3168002,60.44,78.19,93.83
3168051,70.7,72.6,85.69
3168101,61.46,59.37,82.65
3168200,57.38,59.67,76.56
3168309,30.32,59.57,69.81
3168408,63.94,65.91,78.81
3168507,56.5,66.74,81.04
3168606,78.84,84.52,88.01
3168705,94.53,91.46,99.36
3168804,72.89,84.58,98.08
3168903,75.73,77.86,84.29
3169000,83.21,82.35,88.09
3169059,23.88,55.71,96.87
3169109,54.56,55.44,95.5
3169208,75.95,86.05,94.27
3169307,90.97,92.68,96.36
3169356,83.25,92.05,93.93
3169406,92.57,91.91,93.95
3169505,54.14,75.52,81.85
3169604,93.61,91.84,96.73
3169703,70.35,86.9,85.6
3169802,67.19,67.07,86.15
3169901,86.13,87.57,98.39
3170008,3.59,62.42,59.98
3170057,51.35,44.96,72.97
3170107,97.18,96.24,98.75
3170206,96.09,97.77,99.57
3170305,66.15,82.69,82.4
3170404,79.44,83.58,86.5
3170438,64.08,61.3,72.43
3170479,58.61,72.27,75.75
3170503,81.04,78.27,90.77
3170529,16.06,56.19,56.87
3170578,84.69,86.09,88.49
3170602,74.66,76.48,87.44
3170651,0.28,76.74,67.65
3170701,96.75,96.92,99.18
3170750,86.04,83.45,90.64
3170800,51.71,92.25,91.12
3170909,15.01,71.37,57.46
3171006,84.86,87.02,93.38
3171030,23.01,66.02,64.27
3171071,62.49,82.37,79.86
3171105,56.06,60.33,77.74
3171154,37.82,40.55,55.17
3171204,94.58,98.83,99.21
3171303,89.2,91.12,96.78
3171402,49.44,57.19,85.47
3171501,85.87,88.06,88.61
3171600,57.57,76.43,63.76
3171709,57.66,58.87,67.24
3171808,62.16,59.49,82.04
3171907,67.34,73.84,74.29
3172004,85.94,86.59,96.43
3172103,89.17,90.85,93.72
3172202,3.34,45.91,97.69
3200102,46.17,55.33,70.9
3200136,33.08,36.97,53.08
3200169,35.89,59.65,71.77
3200201,60.82,80.08,88.45
3200300,48.33,48.92,96.09
3200359,51.06,57.84,70.3
3200409,42.8,83.42,98.28
3200508,63.47,71.81,78.91
3200607,81.81,90.09,95.3
3200706,59.55,73.36,94.07
3200805,80.34,84.52,88.76
3200904,60.17,68.54,79.1
3201001,66.88,74.74,78.94
3201100,92.57,93.77,95.49
3201159,30.12,33.38,79.45
3201209,91.73,94.19,97.97
3201308,81.37,97.1,98.29
3201407,66.35,74.8,84.62
3201506,86.03,89.92,93.73
3201605,26.7,81.08,87.41
3201704,58.91,57.08,89.66
3201803,41.59,46.95,74.03
3201902,30.7,34.87,79.08
3202009,50.95,56.86,94.21
3202108,51.47,68.93,69.82
3202207,56.11,83.77,91.53
3202256,47.4,42.08,65.98
3202306,73.32,79.13,90.6
3202405,65.13,89.45,97.72
3202454,55.94,50.42,87.01
3202504,77.29,87.5,93.53
3202553,36.8,45.62,75.39
3202603,49.63,65.67,97.16
3202652,41.29,37.77,66.59
3202702,55.52,61.2,85.39
3202801,21.97,81.05,97.17
3202900,42.96,53.51,83.52
3203007,56.97,61.52,82.13
3203056,60.37,69.46,87.67
3203106,74.15,80.17,89.21
3203130,85.11,90.91,92.98
3203163,36.32,39.29,68.36
3203205,80.76,87.43,94.12
3203304,57.36,63.29,80.03
3203320,55.74,87.16,95.03
3203346,43.11,53.9,96.32
3203353,62.96,59.14,88.36
3203403,43.8,64.89,76.81
3203502,78.97,76.94,84.52
3203601,76.4,69.61,78.62
3203700,36.43,46.2,74.66
3203809,55.47,71.54,83.41
3203908,59.39,72.56,79.13
3204005,45.81,49.99,56.01
3204054,75.3,90.18,93.04
3204104,78.36,78.7,83.54
3204203,63.94,96.12,98.87
3204252,74.7,80.57,85.72
3204302,30.99,67.86,95.17
3204351,45.02,43.1,63.69
3204401,46.8,57.89,96.15
3204500,10.98,24.49,66.92
3204559,33.63,28.6,72.01
3204609,59.63,55.17,91.07
3204658,35.53,44.96,66.54
3204708,72.43,67.98,82.68
3204807,74.0,82.56,91.28
3204906,54.0,68.31,88.17
3204955,45.54,49.96,84.42
3205002,91.23,94.88,99.59
3205010,59.72,73.22,87.89
3205036,24.19,46.74,93.81
3205069,65.73,61.27,98.08
3205101,79.03,89.54,96.17
3205150,23.8,38.61,56.96
3205176,37.59,32.05,49.86
3205200,90.59,98.83,99.35
3205309,99.67,99.52,99.74
3300100,70.49,87.74,99.16
3300159,85.0,86.78,96.08
3300209,32.84,95.18,96.42
3300225,41.95,71.17,98.18
3300233,31.87,94.41,99.59
3300258,69.41,78.6,99.38
3300308,78.29,80.64,98.04
3300407,82.06,93.5,99.48
3300456,88.11,74.24,87.79
3300506,44.39,57.8,98.33
3300605,81.28,86.87,95.29
3300704,61.54,87.16,96.46
3300803,66.4,75.47,93.39
3300902,55.2,73.56,86.98
3300936,59.36,23.36,92.25
3300951,74.99,94.23,97.98
3301009,64.81,81.01,97.13
3301108,76.06,81.08,94.97
3301157,50.15,72.36,89.73
3301207,85.81,91.62,98.55
3301306,66.78,87.98,99.05
3301405,61.81,44.68,94.89
3301504,86.08,94.71,99.16
3301603,34.45,70.34,96.99
3301702,89.26,59.29,97.09
3301801,45.25,49.61,99.17
3301850,56.65,63.54,97.12
3301876,52.44,96.61,98.64
3301900,65.99,25.24,96.53
3302007,82.96,80.8,97.5
3302056,82.03,86.37,93.14
3302106,73.67,81.41,91.3
3302205,90.82,91.96,96.15
3302254,69.64,88.85,99.37
3302270,71.68,61.9,95.62
3302304,65.18,76.39,91.28
3302403,84.21,81.22,98.79
3302452,86.19,90.57,97.37
3302502,68.57,30.7,97.42
3302601,36.41,51.08,98.93
3302700,34.66,35.22,99.1
3302809,64.91,71.37,99.39
3302858,97.06,91.05,99.5
3302908,69.88,70.18,99.33
3303005,91.41,87.85,96.85
3303104,69.79,81.66,94.22
3303203,98.8,92.0,99.6
3303302,92.49,97.96,99.38
3303401,74.54,78.1,99.43
3303500,88.68,67.86,97.95
3303609,73.66,60.27,97.76
3303708,81.17,90.8,97.58
3303807,17.72,63.48,98.45
3303856,49.19,60.58,96.39
3303906,75.93,72.94,99.58
3303955,91.58,91.98,98.88
3304003,73.49,86.83,97.9
3304102,75.13,78.49,88.65
3304110,94.5,98.44,99.78
3304128,86.1,86.36,98.11
3304144,88.87,77.44,97.7
3304151,76.94,72.19,97.48
3304201,93.85,96.01,99.42
3304300,76.82,49.41,96.78
3304409,55.68,74.19,94.54
3304508,73.83,85.33,96.32
3304524,62.46,64.38,99.63
3304557,94.9,98.36,99.14
3304607,49.81,51.99,93.11
3304706,84.65,87.0,93.55
3304755,3.21,22.54,93.6
3304805,70.66,80.33,90.03
3304904,83.72,84.57,97.07
3305000,26.56,76.83,98.96
3305109,97.6,91.59,98.74
3305133,59.69,60.03,94.18
3305158,54.35,52.86,98.8
3305208,67.86,95.32,97.87
3305307,46.86,53.04,87.22
3305406,70.18,73.87,93.83
3305505,27.36,50.37,97.69
3305554,73.79,96.07,97.1
3305604,57.2,40.9,95.64
3305703,25.54,27.25,96.04
3305752,70.76,42.6,97.93
3305802,54.91,69.98,98.65
3305901,33.84,40.0,84.62
3306008,78.04,95.18,98.76
3306107,76.22,81.7,97.43
3306156,58.26,39.21,88.92
3306206,70.11,82.65,98.03
3306305,95.99,99.17,99.67
3500105,97.04,97.02,98.64
3500204,92.97,88.42,98.06
3500303,93.22,93.36,94.97
3500402,88.37,89.86,98.48
3500501,92.76,94.1,99.29
3500550,60.26,87.38,96.94
3500600,99.65,100.0,100.0
3500709,94.28,95.1,97.92
3500758,52.73,81.72,97.1
3500808,84.94,88.01,94.44
3500907,87.01,83.96,91.63
3501004,91.05,91.26,95.72
3501103,82.94,81.62,93.08
3501152,74.04,90.97,99.92
3501202,68.88,68.95,82.91
3501301,89.47,90.41,95.84
3501400,93.32,91.87,96.15
3501509,93.94,93.25,99.3
3501608,98.29,95.71,99.92
3501707,99.25,99.33,99.82
3501806,89.16,89.16,93.05
3501905,85.96,89.82,98.93
3502002,83.68,85.23,94.22
3502101,93.65,95.37,96.42
3502200,70.06,83.42,92.06
3502309,81.26,78.82,97.47
3502408,86.02,85.35,92.91
3502507,96.37,98.53,98.57
3502606,83.79,83.79,93.69
3502705,58.72,80.64,92.55
3502754,60.78,79.05,95.51
3502804,97.4,97.31,99.38
3502903,37.56,84.84,99.22
3503000,94.36,93.66,98.2
3503109,78.18,77.89,97.57
3503158,72.54,80.34,96.72
3503208,98.73,98.55,99.59
3503307,97.13,96.35,99.48
3503356,99.18,75.03,82.26
3503406,72.49,77.04,93.34
3503505,71.0,78.72,95.29
3503604,94.68,94.85,98.53
3503703,96.87,96.38,98.82
3503802,88.98,88.66,99.0
3503901,81.25,94.89,99.51
3503950,82.92,79.68,88.07
3504008,96.23,96.94,98.9
3504107,60.93,76.26,99.34
3504206,91.19,91.29,96.61
3504305,69.07,78.78,93.03
3504404,97.12,96.44,96.72
3504503,93.92,94.15,98.34
3504602,95.52,95.39,98.94
3504701,92.25,91.88,95.39
3504800,94.74,92.91,97.82
3504909,81.51,82.1,96.28
3505005,74.85,75.52,99.33
3505104,91.99,91.9,93.55
3505203,96.45,96.3,98.05
3505302,98.44,98.56,99.32
3505351,37.1,51.33,85.87
3505401,40.39,46.1,89.9
3505500,97.89,97.12,98.39
3505609,98.17,98.49,99.75
3505708,97.64,99.64,99.97
3505807,86.2,85.02,92.72
3505906,97.18,97.2,98.26
3506003,97.07,95.97,99.41
3506102,97.06,96.55,98.36
3506201,93.11,93.0,95.8
3506300,91.81,91.92,97.3
3506359,72.21,93.11,99.43
3506409,94.42,93.1,96.93
3506508,97.82,96.5,99.03
3506607,63.14,67.31,95.6
3506706,94.59,94.52,97.16
3506805,94.02,94.53,97.94
3506904,64.8,70.58,98.27
3507001,84.4,91.34,99.79
3507100,81.36,86.23,99.31
3507159,68.34,71.49,98.47
3507209,84.78,82.92,91.3
3507308,94.37,92.84,97.06
3507407,92.54,92.27,94.78
3507456,88.1,88.72,95.34
3507506,95.7,97.21,99.4
3507605,84.74,88.85,99.73
3507704,91.04,91.2,94.45
3507753,80.46,86.38,97.71
3507803,97.49,97.29,98.89
3507902,92.8,92.83,97.81
3508009,79.3,83.15,91.55
3508108,85.57,92.29,97.15
3508207,87.36,85.49,94.7
3508306,82.65,82.78,88.04
3508405,84.24,88.09,99.5
3508504,87.07,95.78,99.5
3508603,88.92,93.62,98.9
3508702,69.48,70.01,92.84
3508801,92.56,92.06,94.83
3508900,80.44,85.07,90.66
3509007,87.54,96.7,99.78
3509106,55.08,59.39,65.41
3509205,79.9,92.33,99.57
3509254,71.6,80.38,97.62
3509304,96.53,94.02,97.18
3509403,89.34,88.27,95.66
3509452,80.17,87.97,98.22
3509502,94.2,98.86,99.77
3509601,79.84,92.02,99.68
3509700,84.59,89.54,99.65
3509809,82.19,82.08,92.2
3509908,80.84,85.89,96.18
3509957,86.35,93.97,97.9
3510005,93.8,94.41,97.8
3510104,89.66,89.29,92.38
3510153,96.73,93.74,98.94
3510203,79.58,87.7,95.56
3510302,69.5,83.76,99.19
3510401,92.29,96.94,99.48
3510500,84.37,95.45,99.51
3510609,88.35,99.2,99.91
3510708,90.25,90.7,96.94
3510807,90.46,89.05,95.3
3510906,64.78,70.07,91.45
3511003,77.05,75.58,87.7
3511102,98.24,97.96,99.55
3511201,95.66,95.62,98.25
3511300,88.17,88.83,95.47
3511409,90.05,90.97,95.36
3511508,93.71,94.49,99.47
3511607,73.0,82.43,98.58
3511706,83.45,97.3,99.14
3511904,96.45,96.14,97.62
3512001,97.07,95.43,96.71
3512100,86.14,83.0,90.01
3512209,93.75,93.46,98.28
3512308,76.13,79.81,93.65
3512407,93.04,95.94,99.12
3512506,92.03,86.0,95.89
3512605,80.71,84.1,91.54
3512704,63.44,68.31,85.39
3512803,93.72,94.97,99.66
3512902,82.64,82.25,89.26
3513009,64.58,93.49,99.46
3513108,98.15,98.2,99.22
3513207,76.49,75.75,91.94
3513306,85.28,85.16,96.11
3513405,94.68,98.3,99.5
3513504,77.97,96.31,99.18
3513603,57.84,59.73,79.33
3513702,92.94,91.84,94.37
3513801,98.82,99.84,99.73
3513850,86.14,86.76,97.04
3513900,61.85,68.42,89.97
3514007,97.85,97.59,98.99
3514106,97.65,95.99,98.05
3514205,91.09,90.64,95.04
3514304,95.84,94.91,98.9
3514403,93.01,96.01,98.0
3514502,88.79,88.68,95.82
3514601,97.79,97.79,98.88
3514700,84.41,85.55,94.09
3514809,56.13,57.24,85.95
3514908,84.58,84.98,98.68
3514924,93.83,93.33,99.41
3514957,89.06,87.83,92.75
3515004,79.49,98.39,99.06
3515103,45.68,78.98,98.91
3515129,87.94,88.53,96.09
3515152,73.04,73.58,97.72
3515186,91.54,91.28,97.9
3515194,86.44,86.17,94.06
3515202,84.3,85.62,92.09
3515301,81.57,80.84,81.77
3515350,62.54,69.92,73.59
3515400,80.9,81.9,94.94
3515509,96.79,96.63,97.94
3515608,91.06,90.71,92.98
3515657,60.69,60.69,96.41
3515707,89.19,98.16,99.46
3515806,85.9,85.74,86.89
3515905,86.65,86.12,93.68
3516002,92.68,91.75,94.39
3516101,87.76,88.52,95.64
3516200,97.92,98.36,99.65
3516309,68.59,97.97,98.72
3516408,78.89,98.18,99.28
3516507,88.8,88.52,95.42
3516606,83.98,80.83,93.2
3516705,96.44,95.68,97.96
3516804,90.61,90.05,97.59
3516853,94.82,95.06,98.05
3516903,89.75,90.84,95.57
3517000,88.12,88.41,93.72
3517109,78.22,81.06,95.04
3517208,91.42,91.62,98.25
3517307,89.81,89.51,94.51
3517406,97.72,97.06,97.85
3517505,87.86,92.82,96.51
3517604,38.0,60.4,89.9
3517703,96.9,89.21,97.65
3517802,83.07,83.65,86.16
3517901,88.38,86.67,95.94
3518008,87.13,86.51,95.3
3518107,81.53,82.14,87.71
3518206,95.52,95.02,96.95
3518305,61.19,72.7,98.3
3518404,89.34,95.84,99.42
3518503,59.19,84.77,94.24
3518602,98.4,95.22,99.61
3518701,85.54,94.24,99.77
3518800,92.02,98.78,99.31
3518859,93.64,90.8,92.7
3518909,90.06,89.45,95.58
3519006,92.68,87.51,93.89
3519055,77.71,78.44,99.42
3519071,96.36,98.61,99.97
3519105,89.56,91.33,93.61
3519204,84.65,85.97,89.47
3519253,64.49,66.33,71.52
3519303,98.22,98.41,99.63
3519402,95.05,93.05,97.5
3519501,94.59,93.42,96.59
3519600,97.08,96.6,99.13
3519709,29.11,48.75,93.52
3519808,94.06,90.02,97.65
3519907,88.07,89.25,95.69
3520004,97.88,98.61,98.9
3520103,97.68,95.61,98.6
3520202,39.86,65.94,95.85
3520301,64.5,74.95,90.03
3520400,62.44,84.03,99.0
3520426,47.34,93.32,99.68
3520442,87.64,94.6,95.37
3520509,96.04,96.38,99.88
3520608,87.34,86.45,96.77
3520707,80.02,82.37,95.73
3520806,93.62,92.55,98.86
3520905,95.93,92.28,98.34
3521002,67.24,86.26,99.01
3521101,84.36,92.31,97.95
3521150,68.06,65.89,95.3
3521200,56.34,56.89,80.67
3521309,98.05,97.6,98.35
3521408,99.59,99.5,99.79
3521507,91.79,91.02,97.52
3521606,89.28,90.04,91.69
3521705,66.43,69.85,88.92
3521804,80.43,81.85,93.98
3521903,88.72,88.05,91.99
3522000,78.35,76.59,92.2
3522109,63.14,93.46,97.87
3522158,31.77,69.97,97.23
3522208,63.5,90.84,98.73
3522307,90.05,94.16,98.5
3522406,80.64,88.97,96.64
3522505,82.0,96.56,99.04
3522604,93.44,93.15,99.42
3522653,60.23,71.97,87.04
3522703,93.33,93.37,95.13
3522802,75.73,82.4,88.45
3522901,96.61,96.5,98.95
3523008,78.42,84.28,96.97
3523107,76.62,97.95,99.6
3523206,88.98,94.43,97.53
3523305,67.24,77.24,93.65
3523404,86.34,92.31,99.73
3523503,87.72,89.53,97.94
3523602,77.9,91.69,98.06
3523701,90.67,86.73,92.97
3523800,88.89,88.51,92.26
3523909,90.56,92.04,98.93
3524006,78.9,83.66,99.47
3524105,97.22,96.24,98.35
3524204,95.04,82.57,96.58
3524303,97.79,95.92,98.82
3524402,93.22,97.07,99.73
3524501,90.48,90.29,96.89
3524600,65.92,69.9,94.61
3524709,94.26,96.52,99.84
3524808,94.45,94.2,96.71
3524907,48.93,68.7,97.91
3525003,87.1,99.05,99.97
3525102,96.23,94.55,98.75
3525201,38.9,68.53,99.41
3525300,97.58,97.49,99.39
3525409,88.01,88.32,91.43
3525508,72.25,73.43,98.8
3525607,88.2,90.02,96.31
3525706,93.58,92.4,96.14
3525805,99.87,97.63,98.53
3525854,56.99,79.04,96.81
3525904,95.02,95.88,99.89
3526001,92.63,92.94,94.83
3526100,61.55,69.67,88.08
3526209,33.18,59.45,93.8
3526308,57.91,60.56,96.63
3526407,87.54,88.98,98.46
3526506,85.79,84.98,94.83
3526605,80.14,94.15,97.53
3526704,98.28,97.6,98.97
3526803,96.53,97.17,99.54
3526902,96.53,96.21,99.44
3527009,82.86,89.58,99.23
3527108,98.24,98.16,99.21
3527207,96.14,96.2,98.85
3527256,86.4,86.53,98.19
3527306,87.91,90.69,99.74
3527405,95.29,95.52,97.99
3527504,78.43,81.35,96.29
3527603,97.41,97.48,98.92
3527702,92.54,92.37,95.72
3527801,91.03,90.83,97.42
3527900,80.69,81.18,89.67
3528007,98.05,96.0,99.38
3528106,89.73,89.99,93.68
3528205,74.95,73.5,88.17
3528304,84.96,85.04,93.87
3528403,69.15,83.54,98.36
3528502,35.26,63.0,97.85
3528601,88.7,87.86,94.93
3528700,51.99,59.65,54.16
3528809,88.61,88.65,94.37
3528858,89.9,89.66,94.18
3528908,86.76,88.21,97.9
3529005,97.55,97.65,99.39
3529104,81.45,81.45,93.03
3529203,88.0,89.85,94.1
3529302,99.09,98.06,99.78
3529401,93.24,98.87,99.43
3529500,93.82,87.78,96.8
3529609,81.17,81.69,94.5
3529658,83.71,83.18,87.75
3529708,94.0,87.15,96.33
3529807,95.14,95.82,98.7
3529906,58.08,62.23,86.96
3530003,76.67,74.74,91.71
3530102,82.74,85.67,94.2
3530201,58.13,63.62,65.57
3530300,96.21,96.42,99.12
3530409,68.68,87.1,90.64
3530508,93.25,93.06,97.71
3530607,81.42,90.63,98.93
3530706,96.31,97.24,99.4
3530805,92.66,94.81,97.87
3530904,85.23,86.2,98.05
3531001,91.49,91.24,95.62
3531100,86.12,95.17,98.89
3531209,56.6,70.13,97.26
3531308,96.65,96.31,97.15
3531407,93.02,92.36,96.48
3531506,94.9,93.77,97.84
3531605,84.26,83.95,93.97
3531704,40.43,47.51,96.43
3531803,86.3,91.84,98.73
3531902,95.96,90.12,97.13
3532009,84.75,85.0,98.66
3532058,74.65,82.08,94.48
3532108,77.09,74.46,79.66
3532157,95.23,91.92,97.08
3532207,88.85,89.48,94.09
3532306,42.67,49.65,91.44
3532405,21.4,53.3,94.48
3532504,85.91,88.78,95.37
3532603,85.61,84.14,93.18
3532702,91.25,89.1,95.4
3532801,90.16,89.56,95.6
3532827,58.87,72.36,95.07
3532843,66.18,66.91,86.32
3532868,74.87,74.62,92.21
3532900,96.18,96.26,98.58
3533007,92.35,91.57,96.1
3533106,91.35,90.89,97.46
3533205,90.35,88.17,93.47
3533254,93.72,93.53,95.42
3533304,94.92,91.53,97.95
3533403,97.96,98.09,99.86
3533502,95.08,93.94,97.41
3533601,93.63,93.56,98.29
3533700,96.12,85.7,89.52
3533809,70.91,80.06,90.75
3533908,96.68,95.58,97.95
3534005,85.38,84.38,96.07
3534104,93.69,93.46,98.18
3534203,93.2,91.97,98.16
3534302,98.57,97.93,98.72
3534401,93.72,99.6,99.53
3534500,83.54,83.96,96.25
3534609,96.23,96.25,96.96
3534708,97.86,97.54,99.6
3534757,91.67,91.47,96.39
3534807,93.27,94.61,96.59
3534906,88.97,91.73,94.0
3535002,90.27,88.41,92.57
3535101,98.19,97.52,98.83
3535200,84.19,83.39,89.19
3535309,95.08,94.84,96.39
3535408,91.33,96.23,98.05
3535507,93.51,92.61,95.71
3535606,40.15,62.4,95.08
3535705,88.4,86.02,95.06
3535804,71.31,81.48,94.04
3535903,93.01,91.7,94.77
3536000,88.71,87.49,90.83
3536109,76.92,75.16,97.92
3536208,70.18,75.35,96.7
3536257,87.73,88.0,93.77
3536307,83.34,84.27,92.63
3536406,49.22,89.04,93.07
3536505,96.83,99.19,99.94
3536570,68.15,69.19,96.21
3536604,91.39,91.12,95.44
3536703,91.67,92.14,95.84
3536802,19.98,24.9,98.13
3536901,61.12,63.59,87.26
3537008,83.99,83.27,97.15
3537107,96.5,96.87,99.48
3537156,88.05,86.45,93.89
3537206,60.61,72.98,91.61
3537305,95.96,95.92,97.42
3537404,92.52,92.84,95.22
3537503,70.01,79.3,96.05
3537602,73.51,93.83,98.82
3537701,92.7,92.55,97.93
3537800,39.11,57.5,96.57
3537909,68.07,82.44,96.79
3538006,95.23,97.34,99.59
3538105,95.48,94.3,97.69
3538204,47.95,55.68,98.87
3538303,84.35,84.58,86.29
3538501,74.44,91.82,98.42
3538600,71.97,82.8,98.47
3538709,97.02,98.67,99.75
3538808,91.87,92.7,98.01
3538907,96.07,93.96,96.78
3539004,92.8,91.96,94.66
3539103,70.7,92.08,97.72
3539202,92.72,95.43,98.52
3539301,95.94,96.11,97.32
3539400,76.13,76.73,94.83
3539509,96.38,96.23,98.08
3539608,89.36,87.9,93.62
3539707,84.64,82.97,93.47
3539806,96.76,99.07,99.67
3539905,92.3,91.19,92.9
3540002,97.03,95.65,97.74
3540101,88.04,87.31,96.11
3540200,99.03,98.67,99.72
3540259,83.8,84.31,92.58
3540309,91.54,91.12,95.4
3540408,88.04,87.73,94.67
3540507,49.6,81.06,96.05
3540606,85.28,86.93,98.17
3540705,96.99,98.29,99.11
3540754,98.87,97.63,99.76
3540804,91.19,91.07,97.74
3540853,92.79,93.16,97.97
3540903,92.96,97.03,94.22
3541000,97.85,99.52,99.67
3541059,91.14,85.71,98.0
3541109,87.98,87.21,95.09
3541208,75.43,78.56,87.05
3541307,86.71,93.11,96.04
3541406,98.03,97.96,99.28
3541505,94.79,95.36,96.41
3541604,87.46,84.11,89.69
3541653,34.31,55.23,94.39
3541703,95.59,95.63,97.33
3541802,90.78,90.12,97.71
3541901,84.24,88.89,98.0
3542008,93.93,94.56,95.79
3542107,93.61,91.94,99.45
3542206,90.82,90.35,94.11
3542305,37.32,42.92,92.62
3542404,91.36,91.99,97.57
3542503,93.84,90.29,96.13
3542602,84.85,88.88,96.91
3542701,83.46,82.5,97.07
3542800,36.54,69.05,92.61
3542909,94.23,93.19,97.97
3543006,60.46,74.12,91.56
3543105,81.38,80.05,96.53
3543204,73.21,68.89,94.64
3543238,87.5,88.85,94.61
3543253,41.26,81.67,93.42
3543303,88.49,96.95,99.63
3543402,98.26,99.17,99.82
3543501,73.48,78.2,89.36
3543600,87.35,86.25,98.69
3543709,89.48,91.99,97.98
3543808,92.42,90.74,91.85
3543907,97.56,98.42,99.49
3544004,94.02,94.52,98.4
3544103,82.02,96.53,98.81
3544202,93.94,93.84,97.14
3544251,77.15,79.35,85.26
3544301,87.79,88.67,97.94
3544400,90.5,90.0,97.1
3544509,76.28,85.54,97.6
3544608,88.16,89.24,94.84
3544707,80.04,82.99,92.15
3544806,90.26,89.57,96.16
3544905,94.43,94.95,97.36
3545001,56.16,61.44,89.53
3545100,92.83,92.71,97.27
3545159,83.67,84.05,99.59
3545209,94.14,96.87,99.73
3545308,77.41,96.2,99.14
3545407,73.49,91.62,96.18
3545506,72.93,72.68,80.72
3545605,96.23,94.84,97.56
3545704,86.84,87.19,95.95
3545803,99.05,99.43,99.93
3546009,65.24,71.56,98.14
3546108,79.14,80.08,93.89
3546207,79.15,82.46,94.6
3546256,82.03,71.35,91.02
3546306,97.42,96.88,98.51
3546405,91.91,92.89,97.93
3546504,96.64,95.78,98.87
3546603,95.81,95.62,98.09
3546702,98.58,98.48,99.56
3546801,53.5,71.75,98.12
3546900,98.25,92.69,97.77
3547007,91.1,89.86,97.52
3547106,78.37,91.59,95.8
3547205,77.06,77.06,86.06
3547304,75.03,94.85,99.83
3547403,76.49,79.52,88.43
3547502,92.57,93.24,96.82
3547601,97.21,96.63,98.73
3547650,74.3,75.39,91.02
3547700,92.93,93.32,95.86
3547809,96.68,99.02,99.91
3547908,79.93,80.55,96.88
3548005,82.82,91.61,99.09
3548054,72.4,72.05,92.14
3548104,65.28,64.54,94.83
3548203,40.25,53.26,97.43
3548302,88.94,92.63,97.49
3548401,98.23,96.19,97.01
3548500,96.29,99.16,99.47
3548609,53.23,67.2,98.27
3548708,93.86,98.8,99.8
3548807,99.95,99.77,99.98
3548906,96.68,96.63,99.6
3549003,82.18,81.32,86.88
3549102,95.4,95.23,98.61
3549201,89.69,85.2,94.39
3549250,83.11,84.86,96.65
3549300,88.11,89.19,94.38
3549409,97.95,96.19,99.08
3549508,90.7,80.73,96.74
3549607,63.0,73.58,92.12
3549706,88.54,91.54,95.6
3549805,95.42,89.73,99.86
3549904,95.86,97.3,99.75
3549953,42.95,58.89,97.07
3550001,53.35,56.06,96.69
3550100,94.8,95.98,98.36
3550209,59.39,73.47,94.16
3550308,95.23,99.15,99.72
3550407,85.81,91.01,98.58
3550506,76.43,76.16,89.54
3550605,63.84,81.48,98.96
3550704,64.26,69.02,98.34
3550803,90.42,85.5,97.38
3550902,91.08,90.67,94.69
3551009,92.13,98.39,99.7
3551108,58.6,85.31,97.2
3551207,88.03,91.92,98.16
3551306,85.59,83.43,93.19
3551405,87.13,87.03,97.96
3551504,98.76,98.8,99.71
3551603,74.03,82.41,99.03
3551702,99.29,98.97,99.67
3551801,57.1,66.09,93.06
3551900,98.06,95.67,98.6
3552007,52.6,56.14,90.22
3552106,58.04,60.73,97.47
3552205,97.28,98.63,99.83
3552304,87.58,86.55,95.3
3552403,94.01,96.41,99.68
3552502,89.76,94.85,99.49
3552551,82.8,79.98,86.24
3552601,93.24,92.39,96.03
3552700,94.06,91.03,94.75
3552809,96.54,99.34,99.4
3552908,90.83,85.36,92.29
3553005,89.96,89.48,97.38
3553104,93.38,93.58,95.64
3553203,94.12,93.74,96.46
3553302,90.67,93.28,95.37
3553401,90.64,89.7,94.45
3553500,62.02,65.26,94.42
3553609,91.08,91.25,97.15
3553658,96.21,96.0,98.95
3553708,96.1,95.57,97.06
3553807,88.12,89.1,93.95
3553856,43.44,78.43,96.7
3553906,91.21,91.81,94.7
3553955,96.08,96.06,97.74
3554003,89.58,94.73,99.43
3554102,95.44,97.19,99.87
3554201,61.72,70.92,84.66
3554300,85.24,87.03,86.75
3554409,96.79,86.54,98.6
3554508,89.37,92.58,99.07
3554607,76.92,77.95,97.03
3554656,73.59,89.31,99.75
3554706,88.41,87.45,95.73
3554755,91.14,92.14,95.65
3554805,90.98,95.13,98.87
3554904,91.69,90.95,93.12
3554953,30.35,51.64,96.2
3555000,94.37,93.83,97.5
3555109,88.55,90.02,93.9
3555208,87.83,83.6,91.53
3555307,81.49,79.38,91.87
3555356,91.16,90.11,98.34
3555406,37.83,72.63,99.51
3555505,69.6,76.47,92.14
3555604,93.35,92.89,94.78
3555703,86.67,85.13,90.6
3555802,88.82,88.0,90.39
3555901,82.0,76.99,95.92
3556008,93.97,92.89,95.91
3556107,94.53,93.41,97.31
3556206,91.45,92.34,99.86
3556305,96.61,96.28,98.69
3556354,51.53,55.19,98.91
3556404,95.16,94.83,97.03
3556453,55.02,93.15,99.52
3556503,95.58,97.56,99.98
3556602,90.62,88.74,93.64
3556701,92.41,96.96,99.84
3556800,97.13,97.01,98.8
3556909,94.98,94.66,96.76
3556958,86.15,85.14,93.65
3557006,95.54,96.8,99.74
3557105,97.21,97.08,98.82
3557154,81.53,80.49,85.8
3557204,93.92,97.54,99.01
3557303,89.45,90.95,98.43
4100103,45.76,79.55,84.64
4100202,32.51,52.52,79.86
4100301,19.98,56.76,88.27
4100400,69.66,94.94,99.39
4100459,11.88,63.91,73.16
4100509,50.62,81.96,84.98
4100608,59.19,87.6,91.45
4100707,56.94,86.53,93.73
4100806,0.49,83.62,94.16
4100905,37.52,79.14,87.84
4101002,65.5,80.42,81.23
4101051,0.9,82.62,86.02
4101101,62.52,95.68,97.19
4101150,2.13,85.75,92.79
4101200,60.28,87.71,94.89
4101309,2.2,31.43,59.36
4101408,80.44,96.46,98.2
4101507,74.68,95.27,99.03
4101606,70.21,87.5,93.18
4101655,0.52,50.41,75.17
4101705,52.29,84.44,89.99
4101804,79.57,85.95,99.64
4101853,1.57,56.6,60.74
4101903,74.42,88.94,91.49
4102000,38.4,89.82,93.55
4102109,71.58,93.31,94.52
4102208,4.15,91.22,95.44
4102307,21.97,86.12,97.91
4102406,91.71,91.85,93.31
4102505,35.28,82.54,87.9
4102604,5.72,87.45,81.48
4102703,6.89,72.34,79.9
4102752,1.57,62.29,56.26
4102802,45.17,96.6,97.4
4102901,41.02,63.17,74.03
4103008,1.62,77.82,89.72
4103024,1.25,47.11,77.64
4103040,2.5,44.35,59.31
4103057,26.16,74.84,86.89
4103107,39.14,68.56,93.66
4103156,0.58,83.77,63.64
4103206,1.31,88.11,94.14
4103222,0.68,53.34,60.71
4103305,0.49,87.1,86.77
4103354,0.16,78.09,87.11
4103370,0.84,79.35,92.13
4103404,0.69,82.44,88.59
4103453,80.14,90.13,95.79
4103479,0.87,85.55,88.03
4103503,15.64,85.31,89.95
4103602,94.12,93.39,95.54
4103701,94.15,96.34,98.58
4103800,14.5,86.23,89.21
4103909,1.91,88.39,90.25
4103958,0.51,41.77,61.06
4104006,77.69,86.07,98.41
4104055,0.62,67.19,74.5
4104105,30.61,89.47,96.18
4104204,70.62,88.02,96.44
4104253,50.36,78.44,92.55
4104303,87.99,95.42,97.73
4104402,24.95,54.53,43.56
4104428,35.15,60.3,77.51
4104451,45.45,78.53,85.03
4104501,44.18,82.81,81.49
4104600,2.68,83.55,96.72
4104659,72.85,79.3,98.38
4104709,65.77,71.91,93.92
4104808,91.28,87.61,98.3
4104907,68.78,78.74,86.38
4105003,0.53,67.72,81.64
4105102,21.99,86.73,95.59
4105201,31.87,53.88,57.36
4105300,67.97,83.36,89.25
4105409,56.83,74.56,77.37
4105508,60.86,91.76,97.69
4105607,86.88,92.62,97.34
4105706,78.19,88.51,91.09
4105805,85.1,96.44,99.77
4105904,88.77,95.3,96.06
4106001,0.41,58.53,71.22
4106100,70.62,79.27,94.33
4106209,51.87,70.78,93.82
4106308,61.59,86.86,95.25
4106407,90.84,96.37,97.59
4106456,11.96,50.45,51.89
4106506,44.16,75.16,83.17
4106555,56.61,67.78,73.02
4106571,0.9,72.46,88.17
4106605,62.47,87.53,91.87
4106704,0.75,79.58,85.6
4106803,15.29,35.6,52.92
4106852,1.3,68.03,74.44
4106902,97.17,97.66,99.86
4107009,4.28,73.67,88.4
4107108,57.18,87.44,93.16
4107124,0.68,59.51,53.42
4107157,2.43,71.01,76.23
4107207,57.87,82.22,91.0
4107256,1.82,90.12,91.71
4107306,41.91,89.99,93.19
4107405,1.99,62.35,58.72
4107504,18.03,90.89,94.58
4107520,0.85,75.6,82.09
4107538,1.69,96.03,89.66
4107546,0.17,50.87,63.67
4107553,0.97,67.37,80.47
4107603,38.55,89.03,91.91
4107652,91.0,97.17,99.57
4107702,1.07,85.79,92.22
4107736,5.36,69.35,81.41
4107751,42.94,91.99,97.22
4107801,21.62,94.26,97.41
4107850,1.6,52.62,63.14
4107900,2.82,96.98,98.68
4108007,53.56,93.81,96.97
4108106,92.05,95.87,96.59
4108205,0.5,74.19,79.53
4108304,79.33,96.23,99.58
4108320,50.16,86.45,90.25
4108403,70.62,87.43,97.3
4108452,1.52,86.81,96.13
4108502,54.92,79.01,88.63
4108551,0.08,65.29,78.72
4108601,58.13,93.4,94.63
4108650,0.35,42.43,50.85
4108700,0.33,70.53,84.35
4108809,55.26,92.3,93.54
4108908,0.74,85.19,92.8
4108957,0.21,52.24,74.01
4109005,69.42,83.47,94.28
4109104,0.12,80.79,94.12
4109203,0.77,84.3,89.7
4109302,34.46,60.88,72.69
4109401,81.59,93.12,95.55
4109500,29.76,31.04,67.75
4109609,70.63,85.08,97.49
4109658,3.32,49.86,54.93
4109708,30.96,85.32,91.81
4109757,0.47,87.87,92.13
4109807,95.93,98.51,99.16
4109906,0.69,81.29,88.28
4110003,9.04,94.28,96.42
4110052,2.66,80.8,81.16
4110078,44.54,80.55,93.1
4110102,58.12,86.73,89.13
4110201,39.4,70.25,78.26
4110300,2.61,94.28,95.88
4110409,1.2,87.82,89.44
4110508,32.44,46.3,74.07
4110607,39.8,90.16,89.41
4110656,2.31,82.91,94.46
4110706,74.82,83.71,86.9
4110805,3.59,70.88,78.72
4110904,6.5,83.85,86.41
4110953,34.66,84.22,98.4
4111001,71.11,88.37,90.89
4111100,66.84,93.23,96.7
4111209,2.18,75.06,82.88
4111258,58.56,81.56,89.54
4111308,0.76,83.47,95.2
4111407,36.8,69.02,62.48
4111506,13.75,90.97,92.94
4111555,43.2,83.69,88.07
4111605,32.55,77.77,96.62
4111704,13.64,77.22,88.56
4111803,86.6,92.75,96.27
4111902,91.39,92.84,94.41
4112009,81.54,91.1,91.91
4112108,56.81,92.07,95.91
4112207,1.08,79.3,84.96
4112306,6.71,61.87,95.91
4112405,63.91,92.6,96.8
4112504,18.3,67.89,76.06
4112603,2.42,74.8,92.94
4112702,90.49,94.69,97.02
4112751,1.4,81.86,85.22
4112801,80.16,89.91,98.35
4112900,2.08,73.7,79.38
4112959,1.3,87.34,89.83
4113007,92.39,95.55,97.16
4113106,0.86,88.13,88.41
4113205,56.57,73.46,81.48
4113254,0.53,48.83,52.01
4113304,44.75,84.77,88.58
4113403,0.71,78.71,91.58
4113429,0.72,72.82,79.6
4113452,2.88,63.08,73.26
4113502,73.37,93.01,95.06
4113601,93.19,93.02,93.6
4113700,92.78,95.01,98.72
4113734,0.94,79.93,84.86
4113759,29.93,73.39,83.14
4113809,0.54,94.49,97.11
4113908,27.24,66.34,87.96
4114005,64.85,83.36,88.98
4114104,37.88,92.1,97.13
4114203,68.74,95.35,96.33
4114302,20.55,65.68,91.01
4114351,0.19,54.5,72.22
4114401,46.35,70.43,79.17
4114500,13.97,62.08,77.71
4114609,29.07,95.62,89.57
4114708,0.66,79.59,80.77
4114807,71.15,89.02,96.41
4114906,24.7,80.08,83.81
4115002,24.77,80.65,93.67
4115101,61.85,88.82,87.02
4115200,95.05,86.45,99.69
4115309,6.33,76.71,86.26
4115358,1.46,78.38,83.89
4115408,41.21,71.64,89.42
4115457,0.69,43.93,60.47
4115507,0.5,87.08,92.85
4115606,62.62,88.08,97.28
4115705,82.76,93.5,98.99
4115739,1.06,45.54,59.93
4115754,6.79,90.88,97.61
4115804,38.44,91.33,97.25
4115853,3.12,88.51,85.11
4115903,0.12,83.62,86.43
4116000,1.86,86.95,90.55
4116059,1.98,80.6,87.71
4116109,28.65,90.19,91.06
4116208,36.37,68.49,94.28
4116307,11.0,86.75,96.11
4116406,0.59,84.38,93.26
4116505,2.92,76.67,81.88
4116604,18.13,86.34,89.6
4116703,50.19,81.25,84.73
4116802,16.05,68.21,72.15
4116901,62.5,87.97,93.17
4116950,0.73,47.4,60.63
4117008,0.62,89.32,92.39
4117057,20.07,44.28,35.7
4117107,87.79,91.86,95.31
4117206,37.8,91.56,93.81
4117214,0.63,87.94,88.06
4117222,2.35,85.6,82.44
4117255,7.82,75.79,79.36
4117271,0.51,62.78,75.41
4117297,1.73,70.58,73.51
4117305,41.21,56.76,72.32
4117404,1.42,93.23,96.07
4117453,8.79,78.33,81.13
4117503,81.03,98.45,98.89
4117602,74.38,93.7,94.26
4117701,61.11,77.95,77.13
4117800,33.87,63.46,67.19
4117909,59.49,91.28,94.17
4118006,73.24,95.94,96.61
4118105,60.93,94.16,96.45
4118204,80.95,82.45,98.67
4118303,2.53,87.57,97.69
4118402,79.72,95.68,97.9
4118451,1.65,91.92,93.86
4118501,79.21,94.91,97.91
4118600,1.99,60.89,74.27
4118709,4.09,60.89,64.49
4118808,3.7,87.81,89.63
4118857,27.62,81.39,86.78
4118907,1.9,89.82,93.59
4119004,2.58,81.62,77.78
4119103,3.08,77.43,89.76
4119152,97.82,98.22,99.96
4119202,4.46,70.21,85.25
4119251,0.21,73.01,76.78
4119301,32.79,62.68,69.2
4119400,61.77,72.83,85.15
4119509,89.96,95.31,99.7
4119608,46.07,67.15,71.91
4119657,2.82,80.98,90.45
4119707,0.88,69.86,79.46
4119806,0.75,76.56,67.33
4119905,91.54,97.79,99.27
4119954,65.37,94.33,99.54
4120002,93.3,93.92,97.42
4120101,82.26,91.16,98.1
4120150,0.18,37.42,44.48
4120200,67.23,78.39,86.27
4120309,16.07,54.6,73.26
4120333,92.4,94.23,94.45
4120358,51.63,76.44,79.05
4120408,75.29,96.07,98.07
4120507,56.17,88.65,94.17
4120606,49.69,66.3,75.79
4120655,9.7,77.96,87.46
4120705,78.69,93.52,97.43
4120804,76.56,93.81,99.11
4120853,9.61,88.15,73.88
4120903,41.88,70.46,73.54
4121000,4.84,69.14,75.05
4121109,0.83,77.18,85.25
4121208,8.13,69.66,87.88
4121257,0.55,71.03,79.52
4121307,1.13,90.58,93.91
4121356,4.33,87.93,87.82
4121406,60.02,80.92,86.78
4121505,50.0,77.13,73.59
4121604,53.46,61.46,75.37
4121703,53.05,75.62,77.76
4121752,43.26,61.94,82.39
4121802,75.56,80.12,97.01
4121901,62.64,89.29,95.37
4122008,43.78,57.78,80.25
4122107,0.65,73.71,85.56
4122156,0.37,39.53,43.3
4122172,0.29,55.78,69.75
4122206,48.21,75.56,88.83
4122305,54.78,86.31,95.23
4122404,51.32,95.33,98.11
4122503,1.02,73.91,77.91
4122602,51.94,86.77,94.75
4122651,38.1,58.35,80.86
4122701,1.67,89.37,92.43
4122800,0.9,74.52,82.84
4122909,45.62,75.06,85.03
4123006,47.32,67.3,72.34
4123105,47.83,79.38,95.04
4123204,66.1,89.55,90.93
4123303,24.56,83.57,84.87
4123402,56.79,89.22,94.08
4123501,37.8,94.56,92.59
4123600,7.09,67.06,87.0
4123709,78.7,90.52,90.75
4123808,2.82,68.26,77.65
4123824,12.17,68.75,92.22
4123857,0.53,43.21,55.82
4123907,70.28,92.34,95.45
4123956,1.12,81.71,91.21
4124004,34.11,71.18,85.14
4124020,6.09,90.31,96.12
4124053,81.16,91.75,96.06
4124103,85.1,87.87,94.62
4124202,3.78,88.98,92.14
4124301,1.1,86.81,90.23
4124400,55.39,78.86,83.39
4124509,49.93,86.61,94.25
4124608,1.18,94.18,97.47
4124707,0.46,73.13,69.84
4124806,43.89,70.72,80.84
4124905,83.39,90.87,93.58
4125001,58.11,87.25,89.58
4125100,10.98,65.85,82.66
4125209,7.23,72.06,83.53
4125308,82.39,89.87,95.53
4125357,1.91,77.0,83.68
4125407,28.33,63.02,78.88
4125456,1.19,82.68,78.12
4125506,79.82,89.24,99.32
4125555,1.73,79.95,88.86
4125605,40.6,62.28,77.85
4125704,52.35,76.56,89.9
4125753,15.14,73.66,79.6
4125803,52.61,90.22,94.93
4125902,0.61,68.12,78.17
4126009,1.61,91.69,93.84
4126108,53.44,91.49,96.82
4126207,42.86,73.64,80.38
4126256,43.76,97.96,99.63
4126272,1.37,76.88,84.66
4126306,61.51,80.89,91.08
4126355,3.75,78.65,93.32
4126405,31.77,90.1,96.07
4126504,83.05,92.77,95.05
4126603,66.47,82.8,96.39
4126652,0.15,59.63,78.51
4126678,33.02,68.53,75.72
4126702,0.64,89.65,91.58
4126801,88.07,90.4,94.24
4126900,2.62,72.37,82.63
4127007,28.17,64.01,83.94
4127106,87.43,97.74,99.7
4127205,64.28,92.77,94.81
4127304,51.54,86.57,90.81
4127403,47.86,85.3,91.48
4127502,52.26,71.0,89.06
4127601,2.2,60.66,93.17
4127700,75.03,93.46,94.28
4127809,38.36,46.25,79.82
4127858,40.73,62.54,85.51
4127882,22.2,67.87,94.72
4127908,48.72,72.62,86.76
4127957,2.1,88.21,88.08
4127965,19.16,57.93,70.61
4128005,35.57,90.8,94.3
4128104,86.29,92.04,96.5
4128203,69.22,89.52,97.08
4128302,0.5,81.86,94.41
4128401,77.06,88.96,93.19
4128500,53.58,82.39,91.35
4128534,27.26,81.21,86.27
4128559,65.06,79.9,84.78
4128609,1.98,63.73,70.12
4128625,5.29,79.47,85.99
4128633,16.3,35.41,32.08
4128658,10.11,64.89,77.92
4128708,3.5,78.05,88.87
4128807,39.77,74.14,83.18
4200051,32.2,71.0,79.98
4200101,2.34,64.39,70.3
4200200,53.42,72.84,99.28
4200309,40.87,51.77,84.7
4200408,21.48,57.94,82.55
4200507,11.65,63.06,60.91
4200556,1.17,55.95,65.89
4200606,0.89,33.29,97.28
4200705,14.85,32.7,78.63
4200754,0.55,41.79,93.38
4200804,0.7,64.02,80.23
4200903,0.95,15.96,93.63
4201000,21.89,58.85,82.62
4201109,1.5,38.99,90.91
4201208,15.46,52.63,98.15
4201257,34.06,67.81,97.2
4201273,14.27,44.74,98.01
4201307,74.3,75.63,99.64
4201406,38.92,70.39,99.09
4201505,39.75,43.75,92.92
4201604,66.21,75.77,95.26
4201653,1.26,44.71,85.4
4201703,84.73,85.72,99.37
4201802,40.92,40.17,91.25
4201901,18.26,34.51,85.27
4201950,1.58,93.42,99.7
4202008,98.05,97.06,99.89
4202057,5.99,90.94,99.81
4202073,0.79,51.86,99.87
4202081,0.09,55.3,68.54
4202099,,37.97,61.37
4202107,45.66,88.95,99.47
4202131,0.19,20.86,62.85
4202156,0.21,63.69,69.36
4202206,2.18,37.95,98.68
4202305,47.25,85.99,99.51
4202404,67.62,93.97,99.88
4202438,15.94,38.52,86.63
4202453,16.95,86.5,99.97
4202503,36.19,49.35,89.79
4202537,8.01,63.86,73.31
4202578,0.75,84.2,97.51
4202602,59.24,74.84,96.84
4202701,15.54,39.68,98.94
4202800,51.39,64.03,94.92
4202859,33.6,66.13,98.8
4202875,34.12,58.29,76.15
4202909,78.49,88.04,99.82
4203006,57.09,88.8,97.84
4203105,3.85,65.06,77.27
4203154,6.83,65.48,67.35
4203204,85.18,92.33,99.83
4203253,30.84,41.32,74.45
4203303,23.3,68.66,95.35
4203402,54.17,64.52,76.34
4203501,3.19,77.16,86.86
4203600,79.44,84.76,91.85
4203709,32.49,74.5,96.28
4203808,28.58,79.46,90.29
4203907,16.93,91.08,98.58
4203956,90.0,94.28,99.9
4204004,57.69,87.83,97.23
4204103,0.24,56.06,66.75
4204152,0.87,58.49,90.59
4204178,1.09,48.62,52.88
4204194,10.48,15.4,94.34
4204202,38.38,76.36,97.31
4204251,65.99,93.9,99.73
4204301,33.53,88.82,96.1
4204350,13.46,52.28,74.04
4204400,30.31,63.75,74.98
4204459,6.04,47.64,60.5
4204509,59.28,70.79,98.95
4204558,78.88,86.22,93.51
4204608,80.58,97.1,99.83
4204707,4.46,65.58,83.19
4204756,0.14,45.95,69.99
4204806,69.23,86.06,98.06
4204905,1.37,57.67,80.34
4205001,34.88,80.39,79.82
4205100,4.67,55.12,90.58
4205159,14.45,58.69,97.07
4205175,7.59,33.33,40.84
4205191,17.68,43.63,95.3
4205209,48.4,73.3,94.04
4205308,67.43,80.97,91.77
4205357,0.75,77.98,50.83
4205407,57.1,94.59,99.83
4205431,5.04,55.36,86.76
4205456,68.07,88.19,98.19
4205506,70.54,84.79,92.87
4205555,1.73,39.38,86.37
4205605,0.61,68.92,75.06
4205704,8.13,76.16,99.66
4205803,62.79,74.79,99.16
4205902,64.25,86.3,99.82
4206009,16.73,93.24,99.61
4206108,49.59,54.59,70.34
4206207,39.32,56.98,97.95
4206306,57.42,52.07,99.58
4206405,6.85,53.76,80.51
4206504,58.8,78.51,99.71
4206603,0.46,80.11,85.25
4206652,1.75,48.78,74.05
4206702,76.66,92.41,95.75
4206751,21.23,39.66,72.21
4206801,1.84,67.04,86.24
4206900,32.2,84.89,98.62
4207007,53.95,85.3,98.44
4207106,60.81,53.28,99.01
4207205,12.87,48.21,93.68
4207304,5.76,78.85,99.21
4207403,15.26,34.6,88.36
4207502,60.17,91.41,99.67
4207577,13.6,43.62,97.94
4207601,0.54,70.03,96.08
4207650,0.97,65.07,91.0
4207684,0.51,46.04,47.11
4207700,2.95,62.77,97.19
4207759,0.27,71.28,55.59
4207809,8.87,76.41,93.43
4207858,1.02,80.56,94.79
4207908,17.82,42.8,80.6
4208005,52.02,75.64,93.54
4208104,11.39,56.64,81.7
4208203,80.51,96.08,99.9
4208302,65.99,91.52,99.91
4208401,48.63,86.59,86.44
4208450,1.89,93.75,99.53
4208500,48.3,65.01,97.54
4208609,1.69,53.92,88.46
4208708,11.92,62.39,86.36
4208807,7.49,69.74,99.38
4208906,86.37,89.37,99.65
4208955,0.59,69.82,79.44
4209003,60.17,92.41,96.69
4209102,78.02,96.38,99.93
4209151,9.74,62.94,83.23
4209177,0.53,58.5,77.4
4209201,0.84,58.02,98.07
4209300,79.8,96.69,99.27
4209409,50.49,87.59,99.7
4209458,4.62,58.73,92.12
4209508,48.67,70.59,94.86
4209607,52.53,77.01,98.71
4209706,30.38,70.86,77.62
4209805,10.85,25.55,66.89
4209854,9.53,55.77,94.69
4209904,56.04,70.1,97.02
4210001,37.55,31.4,97.44
4210035,69.22,80.8,94.14
4210050,11.11,36.73,80.71
4210100,5.32,81.6,88.58
4210209,2.16,34.02,99.25
4210308,22.97,38.48,63.17
4210407,38.7,57.03,98.69
4210506,5.41,90.95,91.65
4210555,0.13,45.15,91.64
4210605,47.74,36.4,98.16
4210704,29.46,54.36,73.76
4210803,41.33,49.52,86.17
4210852,38.69,41.91,90.35
4210902,3.98,76.36,87.26
4211009,2.22,82.77,89.03
4211058,72.84,90.97,93.5
4211108,10.5,56.24,88.27
4211207,82.89,89.58,99.36
4211256,8.64,59.56,98.16
4211306,83.4,93.5,99.78
4211405,4.8,80.04,93.76
4211454,2.32,49.05,65.86
4211504,54.84,69.71,95.43
4211603,51.31,83.16,98.42
4211652,0.11,44.27,53.96
4211702,66.19,78.16,90.02
4211751,72.41,91.82,97.97
4211801,33.91,73.65,92.59
4211850,1.27,48.41,70.65
4211876,0.58,60.69,72.11
4211892,23.42,43.76,84.78
4211900,54.98,92.7,99.69
4212007,0.47,79.3,90.33
4212056,36.67,48.85,93.23
4212106,0.83,77.05,76.7
4212205,53.57,59.34,79.28
4212239,0.06,42.12,78.59
4212254,3.2,59.76,99.81
4212270,6.13,46.75,65.22
4212304,2.1,55.66,98.15
4212403,12.09,45.78,89.61
4212502,82.11,86.64,99.89
4212601,0.67,72.25,93.67
4212650,4.81,53.27,97.96
4212700,34.22,39.38,95.95
4212809,60.95,83.92,99.65
4212908,6.4,83.14,94.19
4213005,52.6,67.91,98.13
4213104,6.17,78.02,98.2
4213153,0.09,56.99,72.5
4213203,34.79,80.29,99.55
4213302,33.4,76.42,92.5
4213351,77.7,88.62,96.99
4213401,33.76,82.62,93.31
4213500,16.55,88.88,99.7
4213609,72.59,84.13,96.26
4213708,60.13,54.13,85.41
4213807,41.08,69.86,96.41
4213906,0.99,64.19,99.01
4214003,66.21,83.76,98.09
4214102,16.53,37.71,92.41
4214151,0.18,73.38,71.64
4214201,4.97,65.99,88.27
4214300,27.46,36.43,98.96
4214409,6.74,53.73,90.67
4214508,45.28,58.13,92.62
4214607,57.02,58.33,86.33
4214706,21.97,55.92,98.23
4214805,65.06,92.02,99.5
4214904,37.74,41.28,70.8
4215000,61.84,93.27,97.98
4215059,28.47,35.02,96.1
4215075,2.72,73.34,68.72
4215109,59.23,57.5,97.85
4215208,3.39,60.68,54.71
4215307,52.0,63.86,83.99
4215356,0.52,51.92,63.35
4215406,4.15,82.92,96.45
4215455,29.52,52.36,97.39
4215505,81.21,84.87,95.0
4215554,1.59,79.8,66.63
4215604,10.04,30.39,93.08
4215653,1.55,54.3,97.96
4215679,7.2,20.38,51.49
4215687,0.42,44.4,70.16
4215695,2.43,79.38,85.62
4215703,48.13,84.69,99.26
4215752,0.31,43.62,51.28
4215802,45.09,95.45,99.59
4215901,2.04,19.98,89.25
4216008,3.92,73.97,82.47
4216057,64.95,86.51,91.05
4216107,22.97,73.24,80.97
4216206,23.14,89.88,99.43
4216255,1.7,56.03,78.87
4216305,49.82,89.92,99.63
4216354,13.15,33.22,98.26
4216404,3.49,21.55,96.15
4216503,50.02,69.66,96.28
4216602,72.03,98.3,99.88
4216701,1.41,78.99,76.99
4216800,21.13,29.13,58.25
4216909,11.4,79.6,84.0
4217006,82.38,81.52,98.37
4217105,24.14,28.08,94.35
4217154,0.3,48.64,59.67
4217204,10.31,71.58,96.66
4217253,19.35,45.29,95.81
4217303,0.64,71.62,94.11
4217402,66.93,76.87,99.72
4217501,30.7,65.94,95.38
4217550,2.03,78.62,79.35
4217600,47.87,82.14,99.13
4217709,33.95,41.67,98.7
4217758,30.73,62.66,80.18
4217808,54.21,57.67,88.18
4217907,1.15,62.98,74.72
4217956,0.81,43.45,49.02
4218004,56.21,94.67,99.7
4218103,15.37,71.17,94.79
4218202,66.38,88.52,99.75
4218251,19.29,67.3,81.03
4218301,11.44,85.56,98.59
4218350,33.38,56.9,99.27
4218400,23.86,37.63,95.05
4218509,39.5,74.09,95.57
4218608,51.91,68.39,98.57
4218707,76.17,91.03,99.65
4218756,9.86,70.12,85.03
4218806,48.9,63.34,95.17
4218855,0.19,54.58,54.19
4218905,50.33,71.51,95.45
4218954,15.59,58.0,97.09
4219002,49.81,83.95,96.6
4219101,18.75,61.74,90.55
4219150,3.27,50.74,56.79
4219176,20.37,69.63,90.5
4219200,4.59,36.78,88.33
4219309,62.89,90.36,97.03
4219358,11.13,48.28,72.79
4219408,10.02,45.32,94.89
4219507,12.32,62.69,94.63
4219606,23.94,42.94,79.89
4219705,7.44,78.2,90.73
4219853,0.68,89.88,97.33
4220000,4.3,87.19,99.79
4300034,13.95,36.91,81.8
4300059,6.58,44.21,91.61
4300109,49.67,61.64,86.53
4300208,6.25,85.38,85.07
4300307,0.67,80.53,89.54
4300406,76.45,87.75,91.46
4300455,0.55,87.06,68.41
4300471,18.55,65.66,85.46
4300505,12.62,53.36,44.32
4300554,0.14,93.83,83.21
4300570,14.07,68.05,97.4
4300604,92.18,98.13,98.73
4300638,3.03,71.42,55.37
4300646,4.79,77.15,73.35
4300661,13.5,79.41,86.73
4300703,39.19,88.14,91.23
4300802,68.24,78.59,94.99
4300851,11.86,81.67,96.3
4300877,56.45,10.92,99.1
4300901,43.1,60.79,91.68
4301008,5.07,90.16,99.58
4301057,3.38,68.04,99.75
4301073,0.12,19.81,94.41
4301107,52.26,95.25,97.33
4301206,11.41,66.26,66.06
4301305,84.51,86.6,92.41
4301404,56.58,76.29,82.29
4301503,1.34,94.57,71.84
4301552,19.65,47.12,80.88
4301602,85.17,96.98,98.28
4301636,6.59,58.97,99.61
4301651,23.61,84.84,98.48
4301701,21.6,75.63,89.55
4301750,1.58,11.79,42.76
4301800,4.76,69.96,73.54
4301859,0.25,86.6,80.66
4301875,72.09,72.85,89.4
4301909,74.17,76.69,96.14
4301925,,65.81,77.1
4301958,1.45,92.86,93.3
4302006,27.47,42.9,70.85
4302055,7.86,73.79,69.93
4302105,83.5,96.28,99.4
4302154,1.83,91.75,75.52
4302204,6.65,82.78,90.9
4302220,0.12,42.34,47.49
4302238,0.24,47.56,51.73
4302253,3.23,83.94,97.91
4302303,72.63,76.8,88.16
4302352,60.11,73.02,99.48
4302378,0.61,75.03,96.59
4302402,22.06,92.11,98.95
4302451,2.38,58.44,73.93
4302501,4.41,85.71,66.26
4302584,0.37,79.06,63.07
4302600,7.92,62.12,75.53
4302659,6.14,86.38,94.8
4302709,55.08,96.61,98.88
4302808,55.15,79.6,88.21
4302907,24.02,80.54,83.56
4303004,43.78,88.35,96.86
4303103,97.25,89.43,99.8
4303202,26.81,42.41,81.08
4303301,1.06,96.57,76.78
4303400,17.39,65.21,71.62
4303509,77.08,79.9,91.53
4303558,22.78,76.42,96.37
4303608,53.29,70.4,97.35
4303673,32.32,39.17,93.69
4303707,39.33,92.61,90.7
4303806,65.68,81.17,96.36
4303905,95.72,64.66,99.98
4304002,1.15,83.49,95.63
4304101,3.49,90.14,83.22
4304200,47.86,69.56,85.73
4304309,4.26,92.82,70.64
4304358,73.51,84.6,84.45
4304408,73.57,94.05,99.6
4304507,38.79,42.92,53.34
4304606,97.7,98.16,99.85
4304614,0.93,69.29,89.97
4304622,0.58,37.34,81.48
4304630,30.76,90.64,99.37
4304655,1.8,89.46,43.02
4304663,38.03,88.89,98.98
4304671,45.12,73.46,98.8
4304689,44.74,20.37,98.98
4304697,29.41,84.25,89.66
4304705,24.79,93.87,98.98
4304713,1.89,66.94,91.84
4304804,75.06,93.32,98.1
4304853,5.85,76.41,39.18
4304903,12.47,91.68,96.88
4304952,83.87,84.95,87.84
4305009,6.2,93.23,78.58
4305108,90.08,95.87,99.35
4305116,9.12,72.55,57.23
4305124,32.0,61.09,68.82
4305132,6.95,78.95,90.01
4305157,1.09,98.03,54.86
4305173,16.06,26.28,82.07
4305207,19.35,97.59,98.49
4305306,9.28,90.3,80.81
4305355,72.26,96.6,99.13
4305371,1.67,31.91,50.78
4305405,1.64,90.94,84.37
4305439,79.29,95.47,98.49
4305447,1.2,10.19,35.17
4305454,8.96,87.4,99.68
4305504,44.35,62.26,91.85
4305587,6.96,93.99,97.78
4305603,0.86,83.75,87.81
4305702,1.84,79.24,89.68
4305801,1.45,88.87,87.31
4305835,41.83,55.38,95.42
4305850,0.45,81.25,78.79
4305871,0.27,85.9,67.86
4305900,4.94,79.99,81.15
4305934,7.79,73.1,86.9
4305959,41.8,59.18,97.42
4305975,2.26,74.56,80.16
4306007,3.3,81.13,76.76
4306056,65.51,72.7,89.12
4306072,0.47,90.35,58.37
4306106,32.27,95.0,97.35
4306130,9.9,26.46,37.82
4306205,6.28,87.2,98.6
4306304,36.67,58.69,92.1
4306320,0.37,72.81,60.15
4306353,1.28,97.35,84.07
4306379,10.72,34.26,82.48
4306403,76.59,92.16,99.76
4306429,1.5,92.73,78.07
4306452,60.9,61.07,94.14
4306502,14.76,27.69,67.98
4306551,0.76,86.29,99.81
4306601,88.15,91.1,92.43
4306700,61.08,62.14,94.69
4306734,0.44,92.2,80.11
4306759,5.21,83.8,91.27
4306767,68.05,78.52,98.56
4306809,71.21,87.31,98.07
4306908,63.68,72.99,82.49
4306924,1.36,96.83,80.95
4306932,3.46,75.99,69.85
4306957,12.14,73.05,98.44
4306973,4.77,71.56,82.32
4307005,78.53,95.98,98.7
4307054,3.04,91.44,82.48
4307104,60.16,72.26,75.71
4307203,19.27,66.46,92.79
4307302,10.62,88.42,84.98
4307401,33.97,69.55,87.66
4307450,2.43,84.01,66.07
4307500,34.97,86.54,88.03
4307559,63.86,85.82,93.69
4307609,81.81,69.35,99.8
4307708,94.75,96.92,99.92
4307807,62.66,95.88,99.57
4307815,31.44,85.87,67.96
4307831,0.18,83.18,69.42
4307864,53.79,60.93,97.06
4307906,71.48,86.69,98.83
4308003,69.28,74.97,92.99
4308052,0.6,69.72,89.14
4308078,3.1,90.04,99.09
4308102,37.63,83.46,99.67
4308201,74.56,85.53,98.67
4308250,1.15,48.13,34.44
4308300,8.94,52.55,68.54
4308409,26.42,53.15,92.47
4308433,1.47,88.9,97.17
4308458,6.01,76.18,89.13
4308508,61.93,91.88,93.71
4308607,81.91,90.51,99.72
4308656,1.52,89.39,49.24
4308706,16.7,67.64,86.85
4308805,6.13,78.88,88.6
4308854,0.77,92.41,82.97
4308904,50.28,89.84,93.2
4309001,2.19,86.66,83.97
4309050,34.54,55.43,97.99
4309100,61.08,88.7,99.78
4309126,7.33,92.25,95.71
4309159,4.42,48.95,61.09
4309209,79.93,78.55,99.55
4309258,16.9,59.25,90.93
4309308,85.34,91.78,99.39
4309407,87.14,92.87,98.43
4309506,0.75,97.18,79.62
4309555,19.73,82.39,99.41
4309571,0.31,59.98,71.87
4309605,17.27,94.67,94.46
4309654,40.36,63.31,71.43
4309704,0.42,67.62,90.25
4309753,0.64,24.77,80.88
4309803,35.65,68.19,82.09
4309902,52.91,75.05,91.88
4309951,7.46,78.11,73.67
4310009,2.39,91.66,86.1
4310108,86.5,72.75,99.58
4310207,48.11,96.82,94.45
4310306,23.19,76.41,93.24
4310330,2.53,93.98,99.91
4310363,2.62,88.75,96.79
4310405,2.98,71.66,78.26
4310413,0.64,94.63,81.2
4310439,57.6,61.91,96.3
4310462,2.52,35.85,64.89
4310504,16.83,70.69,79.01
4310538,3.12,80.52,96.74
4310553,31.79,88.97,50.0
4310579,1.93,39.45,83.45
4310603,74.42,87.34,91.3
4310652,1.44,78.1,97.21
4310702,10.51,72.37,76.26
4310751,28.24,45.27,88.11
4310801,73.62,95.28,99.95
4310850,3.27,90.86,64.64
4310876,11.48,76.15,34.82
4310900,51.19,72.25,95.54
4311007,74.3,94.14,95.71
4311106,13.85,60.01,81.23
4311122,58.59,63.62,94.1
4311130,0.3,54.05,36.79
4311155,2.95,86.12,45.65
4311205,62.91,83.88,89.66
4311239,,39.26,75.06
4311254,17.71,42.25,41.66
4311270,0.61,81.5,94.95
4311304,84.55,89.87,96.44
4311403,21.49,94.5,99.67
4311429,0.31,51.07,47.3
4311502,56.63,81.0,86.43
4311601,2.08,85.28,77.45
4311627,78.61,91.77,99.78
4311643,1.35,83.16,94.59
4311700,17.89,67.97,94.73
4311718,49.33,55.45,54.53
4311734,5.76,62.69,96.76
4311759,5.02,76.47,80.56
4311775,4.99,51.5,95.98
4311791,2.57,87.46,96.3
4311809,73.97,79.78,98.06
4311908,3.7,54.39,81.58
4311981,15.13,44.3,94.51
4312005,2.91,63.01,93.39
4312054,1.78,81.19,94.85
4312104,7.45,50.18,86.06
4312138,2.05,48.0,86.59
4312153,2.28,98.14,98.83
4312179,0.43,97.27,76.9
4312203,50.94,68.88,89.6
4312252,79.79,96.94,98.58
4312302,3.56,80.58,67.85
4312351,2.99,73.64,97.2
4312377,11.06,32.16,67.76
4312385,3.38,87.79,98.69
4312401,70.1,80.46,99.42
4312427,8.98,87.15,90.17
4312443,1.64,91.01,98.59
4312450,10.76,43.23,83.78
4312476,19.95,76.62,99.57
4312500,54.76,20.86,92.03
4312609,61.12,92.38,98.15
4312617,10.13,37.14,81.02
4312625,9.09,46.61,94.55
4312658,18.02,93.68,94.87
4312674,2.73,93.63,84.66
4312708,1.58,82.44,85.42
4312757,19.28,88.65,90.87
4312807,70.62,80.78,99.39
4312906,49.77,83.96,99.54
4312955,2.14,72.24,64.45
4313003,4.37,78.73,94.89
4313011,12.35,89.17,87.06
4313037,19.15,87.78,93.02
4313060,62.83,17.1,99.64
4313086,38.77,58.02,95.68
4313102,30.03,65.12,92.41
4313201,6.65,78.85,98.36
4313300,60.31,85.67,99.16
4313334,0.93,87.04,66.78
4313359,53.05,67.42,86.28
4313375,34.86,49.59,99.22
4313391,1.44,81.41,97.19
4313409,90.29,76.03,99.82
4313425,0.15,88.27,77.45
4313441,40.78,92.43,65.08
4313466,0.16,95.82,77.17
4313490,1.7,69.03,67.46
4313508,51.21,69.63,99.33
4313607,12.02,62.31,82.46
4313656,12.57,41.19,98.51
4313706,25.87,91.28,91.63
4313805,14.44,87.82,78.07
4313904,9.0,91.25,97.69
4313953,76.08,84.87,93.63
4314001,52.94,70.01,99.85
4314027,15.86,72.76,91.29
4314035,23.93,64.7,99.4
4314050,85.17,48.47,99.31
4314068,0.59,37.44,52.79
4314076,25.16,71.31,90.8
4314100,56.79,95.13,99.26
4314134,1.89,82.35,77.93
4314159,1.52,85.65,95.97
4314175,47.46,70.67,47.58
4314209,67.54,93.09,98.15
4314308,6.25,72.8,90.76
4314407,78.46,95.12,98.78
4314423,35.16,82.96,99.7
4314456,26.35,82.74,88.98
4314464,0.79,91.86,92.43
4314472,47.69,72.73,61.06
4314498,2.89,56.07,80.72
4314506,75.95,80.81,85.15
4314548,0.87,42.98,93.91
4314555,0.55,96.18,86.04
4314605,39.77,64.83,71.4
4314704,9.8,77.45,74.31
4314753,0.24,93.11,99.41
4314779,18.35,66.0,64.1
4314787,1.2,64.1,52.14
4314803,76.08,40.77,99.62
4314902,93.01,99.12,99.46
4315008,1.26,93.91,76.59
4315057,1.66,98.46,97.63
4315073,8.42,89.77,91.88
4315107,39.29,75.55,81.74
4315131,1.95,60.9,73.08
4315149,97.84,99.55,100.0
4315156,8.87,66.48,74.82
4315172,0.4,86.57,94.28
4315206,41.0,50.66,78.77
4315305,79.34,90.98,93.77
4315313,0.35,75.91,71.4
4315321,0.58,88.09,64.47
4315354,1.78,73.98,97.17
4315404,1.93,67.56,49.27
4315453,26.62,87.48,90.07
4315503,30.88,84.86,96.73
4315552,0.73,54.35,32.63
4315602,39.64,92.5,99.25
4315701,60.22,76.55,92.79
4315750,24.78,59.47,97.1
4315800,48.85,77.3,96.44
4315909,1.12,95.0,91.05
4315958,19.17,83.13,69.33
4316006,37.53,60.52,97.41
4316105,18.01,90.59,91.96
4316204,14.3,80.28,71.0
4316303,1.7,96.52,83.37
4316402,69.86,80.42,90.63
4316428,1.75,79.96,66.5
4316436,6.67,77.78,93.33
4316451,43.57,92.17,88.29
4316477,1.34,81.84,96.78
4316501,5.73,91.68,98.09
4316600,45.26,76.18,83.17
4316709,11.32,83.56,90.7
4316733,0.97,41.98,90.76
4316758,3.64,96.51,97.87
4316808,84.77,93.7,99.36
4316907,77.06,93.5,98.95
4316956,1.28,61.23,96.56
4316972,5.5,55.16,79.17
4317004,42.66,58.4,61.58
4317103,40.62,92.27,93.59
4317202,36.06,93.6,98.2
4317251,5.74,91.39,97.97
4317301,66.27,80.46,95.95
4317400,80.9,91.42,96.35
4317509,34.78,93.53,97.59
4317558,3.21,85.96,96.66
4317608,33.08,65.16,96.16
4317707,0.93,72.66,73.76
4317756,,92.03,94.61
4317806,3.45,95.89,93.29
4317905,4.99,90.86,87.94
4317954,3.6,65.83,56.66
4318002,37.54,86.64,91.39
4318051,6.72,93.76,99.05
4318101,10.54,74.41,80.09
4318200,46.38,72.6,95.74
4318309,68.55,90.09,91.48
4318408,33.06,78.28,85.87
4318424,31.86,66.82,87.75
4318432,59.94,75.22,98.08
4318440,42.29,87.17,98.8
4318457,0.54,90.67,58.8
4318465,5.34,47.8,83.04
4318481,24.51,89.37,99.23
4318499,0.21,82.11,89.23
4318507,38.61,50.43,95.42
4318606,48.79,61.36,85.76
4318614,4.89,78.18,98.81
4318622,58.46,61.82,91.71
4318705,93.8,96.03,99.27
4318804,54.33,66.99,74.42
4318903,40.64,86.08,94.86
4319000,86.89,85.96,97.8
4319109,0.86,77.21,80.64
4319125,1.39,55.8,70.62
4319158,12.05,77.6,63.91
4319208,2.25,87.93,82.61
4319307,1.17,94.89,87.23
4319356,18.26,92.74,99.69
4319364,0.15,84.65,66.62
4319372,0.26,95.72,97.18
4319406,57.81,73.74,85.58
4319505,62.78,58.76,99.31
4319604,73.86,80.74,89.79
4319703,13.8,59.08,82.57
4319711,21.28,48.58,95.51
4319737,2.91,87.41,52.42
4319752,37.56,91.78,98.36
4319802,50.21,75.68,88.9
4319901,91.84,59.51,99.64
4320008,90.66,90.39,99.72
4320107,70.06,91.52,94.87
4320206,4.36,81.57,84.17
4320230,0.47,80.99,73.22
4320263,0.04,74.54,38.95
4320305,2.37,75.9,94.44
4320321,0.96,87.36,69.35
4320354,10.81,35.94,87.81
4320404,2.42,91.04,97.75
4320453,0.64,67.44,90.0
4320503,8.81,57.55,73.94
4320552,13.73,22.05,94.97
4320578,1.01,95.26,55.03
4320602,17.04,46.52,88.31
4320651,38.91,62.86,96.07
4320677,16.31,44.26,80.41
4320701,12.84,85.36,93.34
4320800,81.64,90.75,90.52
4320859,2.06,36.58,94.78
4320909,47.24,90.21,98.36
4321006,37.74,90.77,95.73
4321105,78.04,86.44,96.92
4321204,65.52,60.03,98.7
4321303,17.45,88.67,98.81
4321329,2.98,86.67,95.61
4321352,27.78,16.67,87.78
4321402,1.61,78.92,76.63
4321436,2.24,39.79,99.6
4321451,3.51,97.34,99.84
4321469,0.16,65.59,94.36
4321477,0.15,71.22,74.67
4321493,0.28,88.66,85.35
4321501,48.1,81.78,99.79
4321600,17.69,86.75,99.5
4321626,1.45,90.6,99.4
4321634,0.88,68.39,82.49
4321667,12.94,44.99,99.38
4321709,71.27,67.4,98.99
4321808,3.43,85.05,91.33
4321832,1.03,74.93,97.93
4321857,11.51,93.9,84.41
4321907,3.82,87.0,98.22
4321956,1.73,79.94,87.8
4322004,23.11,52.15,99.01
4322103,5.25,97.18,93.39
4322152,12.75,64.39,45.01
4322186,10.54,44.82,75.36
4322202,42.41,83.5,85.52
4322251,28.34,89.41,99.46
4322301,1.99,84.26,79.57
4322327,42.57,59.67,85.23
4322343,,97.26,31.33
4322350,2.06,54.36,75.23
4322376,5.46,46.77,69.6
4322400,88.89,92.06,96.59
4322509,90.63,92.89,97.24
4322525,14.45,68.08,86.48
4322533,9.45,73.28,91.76
4322541,43.75,92.09,99.69
4322558,54.82,94.16,95.94
4322608,57.76,80.26,94.45
4322707,62.62,94.92,97.32
4322806,85.08,91.75,99.22
4322855,2.18,89.72,92.99
4322905,17.3,61.08,85.97
4323002,55.97,88.08,98.69
4323101,7.6,76.41,66.52
4323200,0.73,58.27,83.27
4323309,22.52,79.74,98.11
4323358,24.94,29.59,90.44
4323408,38.93,56.85,99.94
4323457,58.32,57.82,82.48
4323507,0.59,72.88,70.71
4323606,3.32,69.63,87.43
4323705,0.36,83.57,63.54
4323754,0.53,88.95,36.2
4323770,3.33,81.56,98.92
4323804,14.34,94.48,99.83
5000203,1.0,82.34,88.24
5000252,59.27,66.38,82.15
5000609,36.33,78.43,71.52
5000708,37.06,87.25,86.17
5000807,30.38,69.45,68.73
5000856,32.99,81.95,88.89
5000906,24.75,77.39,75.63
5001003,19.98,68.64,92.4
5001102,18.3,86.81,82.49
5001243,4.63,68.46,74.75
5001508,1.1,73.09,77.2
5001904,32.5,90.33,90.45
5002001,42.94,80.02,82.37
5002100,32.8,88.31,80.57
5002159,65.81,73.63,73.27
5002209,77.25,82.37,88.98
5002308,45.24,84.06,82.98
5002407,22.67,83.58,80.85
5002605,51.47,79.22,82.06
5002704,67.19,95.0,99.22
5002803,32.09,71.87,72.57
5002902,31.99,90.6,93.59
5002951,66.72,93.93,96.47
5003108,8.18,67.6,67.44
5003157,51.81,65.5,70.84
5003207,51.24,91.09,90.56
5003256,55.63,90.19,96.69
5003306,16.06,90.42,91.22
5003454,9.82,86.51,88.36
5003488,30.44,72.75,61.42
5003504,12.67,73.66,69.48
5003702,69.36,83.16,94.84
5003751,27.51,88.98,89.34
5003801,25.11,82.17,94.65
5003900,6.02,58.03,70.43
5004007,14.9,82.22,82.9
5004106,39.82,84.75,85.89
5004304,12.25,77.91,79.67
5004403,19.94,68.82,74.12
5004502,14.53,80.35,71.03
5004601,1.13,76.57,54.67
5004700,1.59,88.0,86.79
5004809,15.01,56.1,29.05
5004908,0.44,44.91,46.01
5005004,36.9,92.99,93.63
5005103,56.1,63.71,75.52
5005152,20.84,70.86,74.51
5005202,32.95,96.59,96.49
5005251,23.36,67.66,66.0
5005400,42.94,90.73,92.63
5005608,39.51,83.41,74.15
5005681,1.26,90.47,91.4
5005707,35.14,94.93,96.82
5005806,27.24,73.09,56.19
5006002,17.21,83.96,85.12
5006200,37.02,88.33,88.94
5006259,10.52,68.37,69.32
5006275,14.43,59.37,67.66
5006309,69.63,63.86,93.23
5006358,34.14,69.99,53.17
5006408,13.11,79.27,79.56
5006606,61.42,82.96,85.77
5006903,69.26,78.63,70.02
5007109,45.36,74.51,79.57
5007208,23.83,86.55,88.42
5007307,10.46,75.24,79.37
5007406,12.73,83.96,87.1
5007505,2.59,71.56,71.14
5007554,32.98,56.4,56.88
5007695,82.09,91.31,93.89
5007703,0.79,81.79,85.41
5007802,1.53,71.19,80.24
5007901,19.86,74.51,68.38
5007935,1.74,91.53,93.46
5007950,40.07,65.52,44.91
5007976,2.03,87.8,78.29
5008008,20.61,68.11,59.44
5008305,80.78,93.87,97.94
5008404,6.61,76.12,81.68
5100102,1.54,66.72,72.65
5100201,7.97,82.95,88.21
5100250,31.83,72.68,88.66
5100300,15.95,86.47,89.33
5100359,1.4,69.33,82.43
5100409,1.99,90.49,93.45
5100508,19.26,71.09,72.71
5100607,1.81,94.86,95.15
5100805,0.89,47.38,74.1
5101001,0.27,69.32,74.33
5101209,3.92,87.75,85.54
5101258,23.32,86.45,89.72
5101308,5.59,85.07,92.55
5101407,4.43,57.99,71.47
5101605,13.66,37.78,46.84
5101704,24.32,86.37,90.57
5101803,49.65,93.6,94.78
5101852,0.77,3.35,68.96
5101902,10.0,64.23,71.06
5102504,20.47,77.7,88.17
5102603,4.15,53.06,55.56
5102637,5.05,93.83,96.98
5102678,55.49,88.1,91.15
5102686,0.52,75.4,87.93
5102694,0.13,15.44,66.62
5102702,3.1,83.25,87.06
5102793,0.18,50.29,57.9
5102850,0.81,51.51,55.95
5103007,5.85,67.25,70.94
5103056,45.1,72.84,75.05
5103106,1.49,52.15,76.93
5103205,26.84,69.78,83.03
5103254,1.01,23.78,59.68
5103304,2.89,70.89,73.46
5103353,9.88,50.07,76.98
5103361,0.9,72.97,70.87
5103379,0.9,6.8,54.62
5103403,71.2,94.32,97.71
5103437,0.84,27.3,74.21
5103452,0.93,88.02,89.76
5103502,25.43,81.62,87.57
5103601,27.53,81.0,80.96
5103700,0.96,73.37,76.48
5103809,0.17,60.53,70.52
5103858,1.27,69.14,62.06
5103908,8.97,53.93,56.04
5103957,0.63,59.75,77.18
5104104,11.31,74.09,84.9
5104203,51.11,83.1,84.96
5104500,2.51,63.32,76.7
5104526,1.96,71.48,79.69
5104542,1.41,71.59,75.24
5104559,3.1,83.34,84.66
5104609,1.7,73.4,86.09
5104807,18.85,91.41,93.69
5104906,0.71,76.26,56.04
5105002,25.17,63.73,70.46
5105101,20.06,73.57,81.69
5105150,3.47,59.46,83.8
5105176,0.28,65.27,76.07
5105200,13.11,70.9,77.0
5105234,3.89,66.22,74.58
5105259,40.54,94.61,97.76
5105309,2.44,77.22,76.0
5105507,11.25,33.35,47.46
5105580,2.69,73.89,79.92
5105606,9.03,74.09,79.94
5105622,22.96,66.24,86.69
5105903,1.82,86.74,88.6
5106000,11.05,82.11,85.85
5106109,2.33,37.28,48.39
5106158,0.43,42.01,50.86
5106174,2.45,48.9,59.51
5106182,3.09,53.56,53.56
5106190,1.06,67.2,70.85
5106208,0.97,73.31,75.78
5106216,1.12,60.57,68.29
5106224,4.85,88.13,91.08
5106232,0.73,88.13,89.54
5106240,1.87,73.16,73.78
5106257,50.19,81.36,86.01
5106265,1.03,38.25,49.84
5106273,1.2,57.61,59.84
5106281,28.43,65.02,72.83
5106299,0.98,59.07,66.94
5106307,8.01,79.47,81.65
5106315,0.27,22.28,75.54
5106372,22.59,83.96,85.75
5106422,14.94,71.78,83.13
5106455,0.63,77.23,81.34
5106505,2.45,71.8,76.03
5106653,6.67,83.3,89.09
5106703,0.6,85.97,85.49
5106752,50.73,76.4,87.65
5106778,8.01,54.94,76.71
5106802,2.83,76.62,86.73
5106828,16.26,59.44,62.22
5106851,7.21,54.88,57.17
5107008,16.06,51.44,75.04
5107040,70.64,83.7,97.55
5107065,3.01,84.11,86.95
5107107,13.01,76.96,82.3
5107156,1.2,78.3,80.34
5107180,4.0,66.47,71.52
5107198,39.11,87.62,87.43
5107206,13.02,83.49,89.51
5107248,3.18,75.74,84.17
5107263,5.64,63.85,74.29
5107297,0.09,44.52,58.37
5107305,1.45,84.18,85.35
5107354,5.01,82.07,82.38
5107404,6.73,92.15,91.02
5107578,0.19,28.31,38.83
5107602,86.34,93.9,97.43
5107701,15.25,59.51,62.47
5107743,4.49,69.33,68.54
5107750,1.01,57.18,67.15
5107768,21.52,64.95,72.29
5107776,0.17,40.93,46.45
5107792,0.62,64.01,78.64
5107800,3.69,51.03,68.35
5107859,2.03,58.25,71.46
5107875,8.19,91.8,95.63
5107883,,10.61,54.45
5107909,18.43,89.17,96.54
5107925,20.03,92.27,95.73
5107941,1.03,66.76,78.21
5107958,20.92,89.41,94.14
5108006,1.98,79.47,84.86
5108055,0.86,54.51,55.29
5108105,14.46,73.25,77.75
5108204,18.16,74.32,75.91
5108303,0.23,62.05,78.11
5108352,20.22,46.81,60.75
5108402,37.28,83.24,97.84
5108501,1.24,77.26,82.54
5108600,2.53,21.73,75.98
5108808,19.4,62.63,65.63
5108857,1.21,74.94,80.9
5108907,0.47,72.83,76.21
5108956,0.3,15.57,67.83
5200050,17.5,63.3,98.15
5200100,53.96,63.32,84.34
5200134,34.24,69.9,94.2
5200159,0.55,82.71,89.06
5200175,1.84,60.1,64.0
5200209,1.48,75.84,83.89
5200258,51.09,94.18,97.88
5200308,2.3,74.98,91.53
5200506,2.22,85.47,91.26
5200555,24.76,87.04,90.88
5200605,1.19,70.99,85.82
5200803,41.88,85.65,86.76
5200829,0.7,46.56,48.83
5200852,9.82,89.56,94.07
5200902,0.88,77.13,85.02
5201108,65.43,90.01,98.98
5201207,1.68,94.41,98.88
5201306,39.84,82.24,89.54
5201405,60.76,72.3,99.61
5201454,76.71,78.62,92.36
5201504,6.06,76.96,80.92
5201603,1.7,85.54,94.31
5201702,2.65,94.35,95.51
5201801,4.37,60.61,93.59
5202155,46.76,66.28,73.74
5202353,3.31,64.32,82.37
5202502,33.09,61.73,88.99
5202601,2.86,79.24,87.75
5202809,1.79,72.43,87.38
5203104,0.62,37.87,41.06
5203203,2.88,84.79,92.65
5203302,40.66,64.7,91.17
5203401,31.55,67.93,81.09
5203500,88.2,81.93,95.82
5203559,1.5,87.15,97.0
5203575,9.38,51.5,66.94
5203609,0.97,84.88,93.73
5203807,64.08,63.28,95.18
5203906,8.89,91.85,94.12
5203939,21.39,84.12,90.25
5203962,0.9,82.37,78.03
5204003,3.36,80.88,86.4
5204102,65.34,78.7,88.85
5204201,4.23,81.73,85.62
5204250,45.38,82.54,91.69
5204300,81.12,78.78,93.93
5204409,71.17,75.76,80.77
5204508,46.55,88.54,97.99
5204557,1.29,56.14,85.26
5204607,0.57,71.37,80.03
5204656,0.14,64.1,64.46
5204706,1.08,76.09,89.04
5204805,4.85,74.85,86.66
5204854,1.11,76.59,89.32
5204904,70.35,89.55,94.4
5204953,0.8,67.87,88.87
5205000,0.57,82.11,84.68
5205059,1.18,83.68,93.94
5205109,62.54,93.82,98.0
5205208,3.57,75.23,86.09
5205307,1.95,58.91,60.72
5205406,76.38,93.17,96.79
5205455,27.61,79.6,85.25
5205471,77.97,91.55,97.41
5205497,32.8,94.39,97.83
5205513,7.41,66.49,77.64
5205521,1.14,68.17,74.01
5205703,0.39,61.8,80.51
5205802,1.45,65.23,73.33
5205901,70.42,79.35,89.08
5206206,36.49,64.54,86.88
5206305,15.19,83.74,91.33
5206404,1.5,64.78,78.89
5206503,2.93,78.45,90.43
5206602,68.43,79.71,92.8
5206701,1.98,72.79,79.96
5206800,0.83,81.01,92.48
5206909,5.86,78.65,93.49
5207105,0.24,69.23,75.6
5207253,1.01,71.92,72.35
5207352,1.33,74.7,87.68
5207402,79.95,84.67,92.39
5207501,0.39,78.01,90.94
5207535,0.25,55.01,60.84
5207600,0.62,66.9,70.4
5207808,0.84,85.67,91.42
5207907,0.35,33.23,35.13
5208004,72.23,87.56,92.23
5208103,0.61,79.02,81.06
5208152,2.02,50.08,58.72
5208301,1.34,83.95,82.8
5208400,3.78,84.16,97.07
5208509,1.63,88.78,95.73
5208608,81.14,75.55,96.61
5208707,79.19,95.41,99.78
5208806,26.37,70.82,99.0
5208905,45.53,74.72,78.53
5209101,44.86,82.7,94.64
5209150,4.53,58.1,88.38
5209200,48.69,83.22,95.33
5209291,1.1,61.99,75.36
5209408,1.46,48.89,56.48
5209457,5.1,56.96,66.48
5209606,0.66,71.44,82.44
5209705,10.16,49.69,90.82
5209804,1.53,73.47,83.75
5209903,3.15,78.55,87.66
5209937,12.23,70.23,90.39
5209952,2.13,83.15,90.37
5210000,61.96,86.6,95.76
5210109,50.96,85.51,91.68
5210158,0.68,60.46,73.5
5210208,48.21,90.87,93.31
5210307,3.2,73.88,82.91
5210406,45.08,77.45,89.3
5210562,2.1,87.24,94.83
5210604,4.85,83.73,86.96
5210802,76.56,77.82,86.34
5210901,3.23,76.84,92.11
5211008,0.77,68.43,81.54
5211206,66.83,74.99,88.28
5211305,64.81,58.05,76.63
5211404,75.23,86.39,91.53
5211503,94.34,88.85,97.41
5211602,2.38,59.8,60.16
5211701,35.5,75.03,79.98
5211800,25.33,83.55,88.59
5211909,83.17,89.49,95.88
5212006,16.97,75.81,78.63
5212055,0.36,81.51,91.84
5212105,84.36,80.88,96.15
5212204,62.7,73.99,85.89
5212253,76.72,75.42,87.71
5212303,1.63,58.49,76.98
5212501,25.62,72.98,93.31
5212600,0.75,68.42,84.49
5212709,0.77,80.74,82.05
5212808,41.73,74.83,82.49
5212907,0.6,85.7,92.7
5212956,14.36,71.73,80.32
5213004,4.61,94.06,96.42
5213053,45.51,49.59,52.35
5213087,54.83,85.39,87.96
5213103,88.51,93.18,94.78
5213400,4.52,71.75,78.95
5213509,0.94,54.12,56.7
5213707,23.54,72.08,78.94
5213756,40.66,79.32,91.93
5213772,1.26,46.36,48.15
5213806,59.29,88.88,94.51
5213855,0.72,77.97,81.76
5213905,18.81,68.24,87.0
5214002,0.8,61.17,94.15
5214051,5.02,49.82,63.47
5214101,0.87,63.57,71.12
5214408,2.18,90.25,96.06
5214507,2.63,71.34,97.98
5214606,41.83,76.47,81.32
5214705,2.2,72.03,78.85
5214804,6.01,89.3,96.88
5214838,2.22,58.83,75.3
5214861,0.58,79.81,84.26
5214879,0.99,73.33,79.1
5214903,2.94,81.42,45.03
5215009,2.45,76.33,92.81
5215207,1.77,71.9,80.17
5215231,36.91,92.63,94.85
5215256,1.47,67.93,75.42
5215306,15.49,62.71,80.9
5215405,1.19,66.87,78.24
5215504,1.8,87.34,94.44
5215603,35.92,72.09,80.02
5215652,0.83,62.18,66.67
5215702,82.08,76.96,90.11
5215801,1.57,91.04,97.76
5215900,1.58,73.6,78.67
5216007,5.93,77.19,81.31
5216304,91.2,90.45,93.81
5216403,79.34,82.03,84.99
5216452,15.33,79.09,88.55
5216809,13.5,66.26,74.21
5216908,47.03,44.12,57.89
5217104,68.93,75.01,85.05
5217203,5.62,82.89,90.33
5217302,11.36,68.38,85.24
5217401,36.97,92.66,96.78
5217609,65.84,88.51,91.12
5217708,71.01,79.4,91.92
5218003,31.05,83.89,89.39
5218052,0.67,87.92,94.8
5218102,2.25,80.18,96.23
5218300,58.1,83.03,82.45
5218391,0.84,69.33,84.45
5218508,87.6,74.41,94.65
5218607,2.68,92.82,95.15
5218706,0.88,91.45,93.9
5218789,16.83,84.6,94.53
5218805,84.84,88.27,96.11
5218904,71.72,86.01,92.73
5219001,50.88,87.28,92.14
5219100,1.29,87.43,93.61
5219209,0.89,43.19,68.57
5219258,2.47,75.47,85.53
5219308,92.79,90.18,95.95
5219357,1.15,67.22,75.73
5219407,2.13,91.35,92.22
5219456,2.25,37.21,56.05
5219506,2.24,68.78,84.62
5219605,0.38,85.27,88.0
5219704,3.61,48.14,79.13
5219712,0.51,77.26,91.85
5219738,0.72,81.25,97.23
5219753,49.82,83.98,93.73
5219803,0.86,70.63,64.72
5219902,3.68,76.41,77.55
5220009,6.67,65.09,69.65
5220058,69.58,68.01,79.63
5220108,73.02,88.55,95.17
5220157,1.73,45.63,86.81
5220207,44.02,64.41,88.35
5220264,8.47,65.01,82.2
5220280,1.44,68.03,78.85
5220405,86.7,94.84,97.96
5220454,11.33,91.35,99.32
5220504,3.26,79.25,83.83
5220603,55.41,66.34,76.14
5220686,1.0,88.76,83.67
5220702,4.55,58.79,56.72
5221007,2.79,81.51,94.85
5221080,11.75,76.06,71.27
5221197,56.24,74.89,96.42
5221304,31.58,72.97,95.8
5221403,49.54,87.04,98.77
5221452,1.47,64.84,67.38
5221502,0.22,80.03,87.56
5221551,1.48,78.98,81.88
5221577,0.84,62.86,72.31
5221601,58.42,81.34,92.2
5221700,6.19,83.45,89.68
5221809,0.37,70.12,81.94
5221858,37.33,93.61,99.44
5221908,0.39,59.37,76.63
5222005,15.4,73.4,84.89
5222054,0.99,91.06,92.49
5222203,5.13,74.26,82.82
5222302,0.83,49.4,62.98
5300108,86.22,93.37,98.91
